# Program:featureCounts v2.0.8; Command:"featureCounts" "-T" "4" "-p" "--countReadPairs" "-B" "-C" "-s" "0" "-t" "gene" "-g" "ID" "-a" "annotation/GCF_000018105.1_ASM1810v1_genomic.gff.gz" "-o" "counts/gene_counts.txt" "alignment/DRR194261.sorted.bam" "alignment/DRR194262.sorted.bam" "alignment/DRR194263.sorted.bam" "alignment/DRR194264.sorted.bam" "alignment/DRR194265.sorted.bam" "alignment/DRR194266.sorted.bam" 
Geneid	Chr	Start	End	Strand	Length	alignment/DRR194261.sorted.bam	alignment/DRR194262.sorted.bam	alignment/DRR194263.sorted.bam	alignment/DRR194264.sorted.bam	alignment/DRR194265.sorted.bam	alignment/DRR194266.sorted.bam
gene-AM1_RS00030	NC_009925.1	1627	2319	-	693	48	61	72	79	35	11
gene-AM1_RS00035	NC_009925.1	2404	3255	+	852	281	277	701	298	189	129
gene-AM1_RS00040	NC_009925.1	3233	4009	+	777	19	10	58	54	8	2
gene-AM1_RS00045	NC_009925.1	4171	6042	+	1872	21	19	99	104	18	5
gene-AM1_RS00050	NC_009925.1	6057	7085	+	1029	36	35	97	74	22	11
gene-AM1_RS00055	NC_009925.1	7272	8051	+	780	24	20	56	39	9	8
gene-AM1_RS00060	NC_009925.1	8126	8617	-	492	60	104	179	272	26	88
gene-AM1_RS00065	NC_009925.1	8664	9083	-	420	153	305	431	428	100	146
gene-AM1_RS00070	NC_009925.1	9275	10096	-	822	416	535	558	401	256	216
gene-AM1_RS00075	NC_009925.1	10468	11535	+	1068	746	391	1654	433	465	167
gene-AM1_RS00080	NC_009925.1	11542	12792	-	1251	291	343	413	254	130	124
gene-AM1_RS00085	NC_009925.1	12895	14004	-	1110	28	50	69	61	28	35
gene-AM1_RS00090	NC_009925.1	14131	16395	-	2265	62	79	122	160	37	44
gene-AM1_RS00095	NC_009925.1	16489	18813	-	2325	37	72	106	159	20	25
gene-AM1_RS00100	NC_009925.1	18826	19227	-	402	10	14	17	54	3	13
gene-AM1_RS00105	NC_009925.1	19516	20316	+	801	23	29	46	22	5	6
gene-AM1_RS00110	NC_009925.1	20343	21668	-	1326	100	130	258	179	97	53
gene-AM1_RS00115	NC_009925.1	21929	22390	-	462	322	359	1343	1560	420	417
gene-AM1_RS00120	NC_009925.1	22537	25671	-	3135	796	996	2021	1859	704	664
gene-AM1_RS00125	NC_009925.1	25697	27079	-	1383	344	443	1150	787	502	310
gene-AM1_RS00130	NC_009925.1	27421	28368	-	948	53	91	156	80	43	41
gene-AM1_RS00135	NC_009925.1	28533	29159	+	627	42	36	132	112	32	40
gene-AM1_RS00140	NC_009925.1	29248	29320	+	73	80	79	182	126	114	63
gene-AM1_RS00145	NC_009925.1	29423	30424	+	1002	373	300	559	356	289	141
gene-AM1_RS00150	NC_009925.1	30398	30859	-	462	51	51	75	32	28	13
gene-AM1_RS00155	NC_009925.1	30965	31660	+	696	24	22	84	56	16	18
gene-AM1_RS43855	NC_009925.1	31872	33323	+	1452	132	175	500	798	103	120
gene-AM1_RS00165	NC_009925.1	33359	34825	-	1467	561	185	1080	587	308	264
gene-AM1_RS00170	NC_009925.1	35374	35880	-	507	91	148	196	98	47	39
gene-AM1_RS00175	NC_009925.1	35904	37004	-	1101	416	513	664	409	284	180
gene-AM1_RS00180	NC_009925.1	37033	37587	-	555	97	134	298	168	94	107
gene-AM1_RS00185	NC_009925.1	37712	38146	-	435	141	191	294	137	74	44
gene-AM1_RS00190	NC_009925.1	38152	39366	-	1215	670	986	2191	1221	564	599
gene-AM1_RS00195	NC_009925.1	39603	40769	-	1167	664	838	1573	1088	712	538
gene-AM1_RS00200	NC_009925.1	41419	43209	-	1791	7234	2517	14323	6702	8660	2678
gene-AM1_RS00205	NC_009925.1	44143	44808	+	666	90	86	240	165	56	52
gene-AM1_RS00210	NC_009925.1	44798	45481	+	684	34	59	78	52	23	13
gene-AM1_RS00215	NC_009925.1	45530	45799	+	270	26	57	61	42	12	14
gene-AM1_RS00220	NC_009925.1	45878	46366	+	489	54	77	103	59	14	14
gene-AM1_RS00225	NC_009925.1	46416	46976	+	561	33	45	41	45	13	17
gene-AM1_RS00230	NC_009925.1	47266	49698	+	2433	201	408	611	572	212	316
gene-AM1_RS00235	NC_009925.1	49791	50555	-	765	108	104	444	326	155	167
gene-AM1_RS00240	NC_009925.1	50687	50986	-	300	2	3	9	8	5	1
gene-AM1_RS00245	NC_009925.1	51179	51790	-	612	3	3	8	18	2	1
gene-AM1_RS00250	NC_009925.1	52360	52668	-	309	35	51	168	90	17	42
gene-AM1_RS00255	NC_009925.1	52907	53416	+	510	189	224	1008	1064	241	245
gene-AM1_RS00260	NC_009925.1	53429	54646	-	1218	111	168	445	287	96	91
gene-AM1_RS00265	NC_009925.1	54650	55873	-	1224	202	253	353	297	119	143
gene-AM1_RS00270	NC_009925.1	55937	56479	-	543	31	51	134	172	40	58
gene-AM1_RS00275	NC_009925.1	56869	57216	+	348	76	114	912	585	43	52
gene-AM1_RS00280	NC_009925.1	57306	57686	+	381	76	92	163	105	28	54
gene-AM1_RS00285	NC_009925.1	57742	58671	+	930	38	32	83	41	16	11
gene-AM1_RS00295	NC_009925.1	59103	60259	+	1157	51	58	78	56	29	14
gene-AM1_RS43860	NC_009925.1	60296	60424	-	129	2	5	12	8	1	1
gene-AM1_RS37400	NC_009925.1	60627	60977	-	351	15	10	20	17	6	1
gene-AM1_RS00305	NC_009925.1	61041	62291	-	1251	34	40	62	73	22	13
gene-AM1_RS00310	NC_009925.1	62478	62795	-	318	6	7	26	25	4	1
gene-AM1_RS00315	NC_009925.1	62815	63222	-	408	40	34	60	31	13	7
gene-AM1_RS00320	NC_009925.1	63308	65101	-	1794	1361	569	3171	1303	1220	419
gene-AM1_RS00325	NC_009925.1	65314	70041	+	4728	170	239	513	510	114	118
gene-AM1_RS00330	NC_009925.1	70390	71421	+	1032	77	143	159	106	61	65
gene-AM1_RS00335	NC_009925.1	71535	71972	+	438	23	25	62	25	24	18
gene-AM1_RS00340	NC_009925.1	71990	73042	-	1053	113	88	474	239	183	108
gene-AM1_RS00345	NC_009925.1	73482	73811	+	330	21	18	74	58	13	6
gene-AM1_RS00350	NC_009925.1	73899	75623	-	1725	355	178	399	289	138	90
gene-AM1_RS00355	NC_009925.1	75663	80873	-	5211	189	307	676	613	200	176
gene-AM1_RS00360	NC_009925.1	81323	83506	+	2184	134	235	419	330	99	94
gene-AM1_RS38320	NC_009925.1	83717	84205	+	489	44	62	238	133	40	19
gene-AM1_RS00370	NC_009925.1	84449	85570	+	1122	22	26	47	50	15	10
gene-AM1_RS00375	NC_009925.1	85674	86513	+	840	99	137	235	159	108	98
gene-AM1_RS00380	NC_009925.1	86654	87454	+	801	14	21	45	33	9	13
gene-AM1_RS37405	NC_009925.1	87745	88260	+	516	63	1511	120	2600	27	1179
gene-AM1_RS00390	NC_009925.1	88341	89213	+	873	44	354	80	298	30	253
gene-AM1_RS00395	NC_009925.1	89647	91185	+	1539	470	681	774	787	300	514
gene-AM1_RS00400	NC_009925.1	91200	92090	-	891	105	141	175	123	53	61
gene-AM1_RS00405	NC_009925.1	92204	93379	+	1176	184	200	375	220	139	102
gene-AM1_RS00410	NC_009925.1	93723	95060	+	1338	198	261	496	315	160	156
gene-AM1_RS00415	NC_009925.1	95193	95660	+	468	105	109	233	236	92	101
gene-AM1_RS00420	NC_009925.1	95663	97660	-	1998	105	350	216	419	67	155
gene-AM1_RS00425	NC_009925.1	97763	98530	-	768	41	225	106	219	39	201
gene-AM1_RS00435	NC_009925.1	99022	100266	-	1245	25	27	82	71	18	17
gene-AM1_RS00445	NC_009925.1	101485	102453	-	969	51	80	121	60	29	15
gene-AM1_RS41940	NC_009925.1	102580	102744	+	165	50	79	181	190	30	42
gene-AM1_RS00450	NC_009925.1	103272	103853	-	582	5	10	42	41	4	0
gene-AM1_RS00455	NC_009925.1	104366	105616	+	1251	35	38	103	81	23	13
gene-AM1_RS00460	NC_009925.1	106076	108868	+	2793	122	258	337	783	88	148
gene-AM1_RS00465	NC_009925.1	109163	109753	+	591	86	164	152	130	46	43
gene-AM1_RS00470	NC_009925.1	110042	115273	+	5232	122	433	474	703	83	183
gene-AM1_RS00475	NC_009925.1	115301	116395	+	1095	48	89	145	96	37	29
gene-AM1_RS00480	NC_009925.1	116437	116952	-	516	82	84	294	249	122	158
gene-AM1_RS00485	NC_009925.1	117347	117559	+	213	91	400	276	771	57	251
gene-AM1_RS00490	NC_009925.1	117593	118798	+	1206	59	324	204	352	43	133
gene-AM1_RS00495	NC_009925.1	118983	119056	-	74	658	684	385	397	653	398
gene-AM1_RS00500	NC_009925.1	119142	119639	+	498	39	117	157	309	53	98
gene-AM1_RS00505	NC_009925.1	119781	119972	+	192	12	13	16	21	1	9
gene-AM1_RS00510	NC_009925.1	120126	120743	+	618	12	13	50	29	5	7
gene-AM1_RS00515	NC_009925.1	120902	121663	+	762	71	108	174	149	37	31
gene-AM1_RS00520	NC_009925.1	121694	122344	-	651	163	374	537	808	197	370
gene-AM1_RS00525	NC_009925.1	122479	122940	+	462	3	3	20	15	5	6
gene-AM1_RS00530	NC_009925.1	122949	123353	+	405	7	8	22	16	10	3
gene-AM1_RS00535	NC_009925.1	123317	124237	+	921	24	31	137	68	24	18
gene-AM1_RS00540	NC_009925.1	124424	124681	+	258	12	8	28	24	7	2
gene-AM1_RS00545	NC_009925.1	124959	125465	+	507	8	10	24	22	4	5
gene-AM1_RS00550	NC_009925.1	125606	126058	+	453	12	16	53	12	12	5
gene-AM1_RS00555	NC_009925.1	126078	126566	+	489	42	44	348	96	32	21
gene-AM1_RS39535	NC_009925.1	126563	127652	-	1090	40	63	104	81	24	20
gene-AM1_RS40720	NC_009925.1	127820	128071	-	252	17	16	22	16	10	5
gene-AM1_RS00570	NC_009925.1	128150	128425	-	276	50	108	88	285	34	58
gene-AM1_RS00575	NC_009925.1	128563	129618	-	1056	53	43	198	120	33	27
gene-AM1_RS00580	NC_009925.1	130077	131801	+	1725	2671	2901	2474	1298	1526	432
gene-AM1_RS00585	NC_009925.1	131994	132356	+	363	406	541	1148	592	355	273
gene-AM1_RS00590	NC_009925.1	132432	132980	+	549	577	642	1498	936	450	338
gene-AM1_RS00595	NC_009925.1	133061	134164	-	1104	1941	1977	3289	1683	1681	958
gene-AM1_RS40725	NC_009925.1	134595	134834	-	240	417	376	236	155	71	46
gene-AM1_RS00600	NC_009925.1	135037	135534	-	498	43	68	226	157	43	43
gene-AM1_RS00605	NC_009925.1	135628	136488	-	861	32	31	67	34	30	11
gene-AM1_RS00610	NC_009925.1	136591	136791	+	201	1236	1291	1376	938	615	273
gene-AM1_RS00615	NC_009925.1	137260	138318	+	1059	200	250	262	210	88	67
gene-AM1_RS00620	NC_009925.1	138414	139961	+	1548	225	232	504	465	204	123
gene-AM1_RS00625	NC_009925.1	140063	141742	+	1680	187	305	636	590	287	180
gene-AM1_RS00630	NC_009925.1	142330	143259	+	930	126	152	204	111	67	49
gene-AM1_RS00635	NC_009925.1	143439	144713	-	1275	278	237	439	282	152	131
gene-AM1_RS41945	NC_009925.1	144877	145053	-	177	64	152	198	281	39	127
gene-AM1_RS00640	NC_009925.1	145468	145818	+	351	76	84	143	147	39	45
gene-AM1_RS00645	NC_009925.1	145815	146804	-	990	385	622	502	1089	154	430
gene-AM1_RS00650	NC_009925.1	147160	147852	+	693	49	107	169	324	54	97
gene-AM1_RS00655	NC_009925.1	148029	149255	+	1227	1111	1328	2189	1633	1345	949
gene-AM1_RS00660	NC_009925.1	149264	150814	-	1551	295	369	570	447	257	206
gene-AM1_RS00665	NC_009925.1	151250	151999	+	750	74	75	119	81	91	53
gene-AM1_RS00670	NC_009925.1	152005	152670	+	666	75	65	259	125	104	50
gene-AM1_RS00675	NC_009925.1	152670	153842	+	1173	91	123	204	82	59	26
gene-AM1_RS43865	NC_009925.1	154149	154274	+	126	5	11	25	10	6	1
gene-AM1_RS00680	NC_009925.1	154418	155077	-	660	8	13	39	26	4	3
gene-AM1_RS41950	NC_009925.1	155160	155321	-	162	0	1	5	1	0	1
gene-AM1_RS00685	NC_009925.1	155444	156052	-	609	16	6	52	49	9	3
gene-AM1_RS00690	NC_009925.1	156118	156816	-	699	11	5	54	58	16	1
gene-AM1_RS00695	NC_009925.1	157185	158675	-	1491	110	118	386	255	97	104
gene-AM1_RS00700	NC_009925.1	159029	160084	+	1056	44	37	189	117	44	28
gene-AM1_RS00705	NC_009925.1	160124	160846	-	723	3	8	29	22	11	7
gene-AM1_RS00710	NC_009925.1	160936	162237	-	1302	21	23	70	51	12	7
gene-AM1_RS00715	NC_009925.1	162278	163030	-	753	7	6	34	47	2	6
gene-AM1_RS00720	NC_009925.1	163392	163778	-	387	22	35	124	170	32	16
gene-AM1_RS00725	NC_009925.1	164176	167778	+	3603	226	322	702	489	215	166
gene-AM1_RS00730	NC_009925.1	167846	168880	-	1035	14	22	355	133	57	12
gene-AM1_RS00735	NC_009925.1	168971	169963	-	993	54	21	4665	2414	957	135
gene-AM1_RS00740	NC_009925.1	170141	170566	-	426	2	6	128	55	27	5
gene-AM1_RS00745	NC_009925.1	170571	170981	-	411	4	3	125	54	38	4
gene-AM1_RS00750	NC_009925.1	171021	171728	-	708	8	16	330	125	92	12
gene-AM1_RS00755	NC_009925.1	171876	175451	-	3576	80	102	513	346	77	65
gene-AM1_RS00760	NC_009925.1	176196	178244	+	2049	49	75	357	178	134	49
gene-AM1_RS00765	NC_009925.1	178326	179129	-	804	387	525	2171	2181	1064	728
gene-AM1_RS00770	NC_009925.1	179281	180216	-	936	454	593	2892	2626	1230	925
gene-AM1_RS00775	NC_009925.1	180213	181154	-	942	1016	1313	5406	4848	2752	1767
gene-AM1_RS00780	NC_009925.1	181250	182263	-	1014	2567	1624	8240	6274	5244	2520
gene-AM1_RS00785	NC_009925.1	182519	182800	+	282	28	37	127	55	29	12
gene-AM1_RS00790	NC_009925.1	183257	184285	+	1029	130	171	100	183	43	56
gene-AM1_RS00795	NC_009925.1	184336	184878	-	543	577	233	155	798	16	86
gene-AM1_RS00800	NC_009925.1	185998	186726	-	729	120	184	292	215	102	111
gene-AM1_RS00805	NC_009925.1	187124	187498	+	375	17	44	54	62	12	19
gene-AM1_RS00810	NC_009925.1	187549	188475	-	927	36	56	122	80	25	23
gene-AM1_RS00815	NC_009925.1	188564	188839	-	276	10	12	171	145	3	6
gene-AM1_RS00820	NC_009925.1	189139	189624	-	486	76	56	175	95	62	29
gene-AM1_RS41955	NC_009925.1	189785	189949	-	165	125	87	485	160	150	30
gene-AM1_RS00830	NC_009925.1	190047	190907	-	861	127	144	395	231	118	106
gene-AM1_RS00835	NC_009925.1	191161	191607	-	447	59	93	149	132	40	52
gene-AM1_RS00840	NC_009925.1	191849	192307	-	459	8	13	39	19	6	9
gene-AM1_RS44350	NC_009925.1	192560	192769	+	210	17	14	27	21	14	5
gene-AM1_RS41960	NC_009925.1	192791	192928	-	138	8	12	39	29	13	5
gene-AM1_RS00850	NC_009925.1	193089	193655	+	567	5	9	32	18	4	2
gene-AM1_RS00855	NC_009925.1	193837	194214	-	378	11	8	46	46	6	11
gene-AM1_RS00860	NC_009925.1	194978	196156	+	1179	48	45	152	104	31	17
gene-AM1_RS37410	NC_009925.1	196391	199129	+	2739	64	88	207	194	34	39
gene-AM1_RS00875	NC_009925.1	199932	200834	-	903	94	106	253	158	60	43
gene-AM1_RS00880	NC_009925.1	201259	202194	-	936	53	47	168	204	37	43
gene-AM1_RS43870	NC_009925.1	202223	202357	-	135	8	6	14	14	3	2
gene-AM1_RS00885	NC_009925.1	202391	203266	-	876	21	18	98	86	13	10
gene-AM1_RS00890	NC_009925.1	203331	204176	-	846	37	25	94	116	18	16
gene-AM1_RS00895	NC_009925.1	204239	204895	-	657	15	4	37	46	7	3
gene-AM1_RS00900	NC_009925.1	205328	206050	-	723	8	8	30	23	1	3
gene-AM1_RS42965	NC_009925.1	206701	206895	+	195	5	6	25	11	3	5
gene-AM1_RS44180	NC_009925.1	207065	207346	-	282	25	20	49	46	14	18
gene-AM1_RS00905	NC_009925.1	207614	208453	-	840	16	24	38	30	5	5
gene-AM1_RS00910	NC_009925.1	208739	209440	+	702	4	5	29	24	6	4
gene-AM1_RS00915	NC_009925.1	209523	209969	+	447	34	29	48	17	4	2
gene-AM1_RS00925	NC_009925.1	211294	211680	-	387	27	15	68	53	11	9
gene-AM1_RS00930	NC_009925.1	212085	212531	+	447	8	8	31	28	4	1
gene-AM1_RS00935	NC_009925.1	213921	214634	-	714	48	38	80	44	17	16
gene-AM1_RS00945	NC_009925.1	215132	217399	+	2268	38	110	153	253	54	80
gene-AM1_RS00950	NC_009925.1	217595	218452	-	858	44	67	161	198	39	138
gene-AM1_RS00955	NC_009925.1	218881	219339	-	459	20	46	75	74	15	33
gene-AM1_RS00960	NC_009925.1	219734	221044	-	1311	30	50	80	96	32	22
gene-AM1_RS00965	NC_009925.1	221175	223541	-	2367	37	59	161	159	29	19
gene-AM1_RS00970	NC_009925.1	223929	224303	-	375	6	10	24	16	6	6
gene-AM1_RS00975	NC_009925.1	224677	225048	-	372	4	3	16	13	1	3
gene-AM1_RS00980	NC_009925.1	225836	226582	+	747	24	19	50	43	18	7
gene-AM1_RS00990	NC_009925.1	227133	227450	-	318	5	7	16	7	4	0
gene-AM1_RS00995	NC_009925.1	227643	227963	+	321	5	4	14	9	3	3
gene-AM1_RS01000	NC_009925.1	228005	228685	-	681	7	13	16	42	2	5
gene-AM1_RS01005	NC_009925.1	228914	229369	+	456	38	42	136	110	32	38
gene-AM1_RS01010	NC_009925.1	229498	230028	+	531	15	24	62	44	19	16
gene-AM1_RS01015	NC_009925.1	230133	231101	-	969	43	41	185	147	47	41
gene-AM1_RS01020	NC_009925.1	231170	231427	-	258	3	1	24	15	3	5
gene-AM1_RS01030	NC_009925.1	231763	232158	-	396	6	2	7	15	1	1
gene-AM1_RS01035	NC_009925.1	232200	232883	-	684	19	15	69	51	10	14
gene-AM1_RS01040	NC_009925.1	232902	233924	-	1023	29	31	104	105	29	31
gene-AM1_RS44655	NC_009925.1	234120	239705	-	5586	34	55	197	149	24	15
gene-AM1_RS40755	NC_009925.1	239730	239957	-	228	10362	10223	5205	2221	4374	3307
gene-AM1_RS01050	NC_009925.1	240141	240446	-	306	0	3	16	11	1	0
gene-AM1_RS01055	NC_009925.1	240967	241812	-	846	71	72	222	198	80	75
gene-AM1_RS01060	NC_009925.1	241892	243091	-	1200	53	29	97	59	28	15
gene-AM1_RS37425	NC_009925.1	243292	244011	+	720	161	184	722	691	203	237
gene-AM1_RS01070	NC_009925.1	244082	244789	+	708	67	84	256	231	88	53
gene-AM1_RS01075	NC_009925.1	244827	245969	-	1143	13	134	51	198	8	71
gene-AM1_RS01080	NC_009925.1	246552	247544	+	993	24	120	72	192	17	74
gene-AM1_RS01085	NC_009925.1	247652	248545	-	894	11	30	46	63	2	15
gene-AM1_RS01090	NC_009925.1	249164	249964	+	801	16	24	60	48	17	15
gene-AM1_RS01095	NC_009925.1	250366	251289	+	924	54	31	79	57	32	28
gene-AM1_RS01100	NC_009925.1	251320	251811	+	492	26	19	18	16	11	14
gene-AM1_RS01105	NC_009925.1	251808	252749	+	942	47	44	104	62	17	19
gene-AM1_RS01110	NC_009925.1	252893	255286	-	2394	422	630	1173	1038	192	153
gene-AM1_RS37430	NC_009925.1	255290	257341	-	2052	422	606	1597	1920	309	240
gene-AM1_RS01120	NC_009925.1	257480	259111	-	1632	11	28	52	92	5	16
gene-AM1_RS39545	NC_009925.1	259173	260017	-	845	28	29	55	30	4	3
gene-AM1_RS37435	NC_009925.1	260350	262368	-	2019	31	67	90	74	14	13
gene-AM1_RS01140	NC_009925.1	262603	264597	-	1995	145	430	763	1130	136	156
gene-AM1_RS01145	NC_009925.1	264604	264834	-	231	22	53	183	347	24	15
gene-AM1_RS01150	NC_009925.1	264847	265095	-	249	17	71	113	163	28	18
gene-AM1_RS01155	NC_009925.1	265105	266415	-	1311	274	763	1732	2081	281	321
gene-AM1_RS01160	NC_009925.1	266426	267103	-	678	111	242	885	1461	129	161
gene-AM1_RS01165	NC_009925.1	267124	268284	-	1161	347	935	2415	3026	443	615
gene-AM1_RS01170	NC_009925.1	269054	269602	+	549	392	768	1841	1521	235	211
gene-AM1_RS01175	NC_009925.1	269643	271343	+	1701	4762	5991	19858	30985	4905	3738
gene-AM1_RS01180	NC_009925.1	271463	271963	+	501	721	914	4294	5623	823	578
gene-AM1_RS01185	NC_009925.1	272031	272513	+	483	214	376	1571	1663	252	200
gene-AM1_RS01190	NC_009925.1	272549	273043	+	495	130	162	671	537	84	77
gene-AM1_RS01195	NC_009925.1	273045	273464	+	420	137	215	647	760	134	79
gene-AM1_RS01200	NC_009925.1	273485	273817	+	333	60	83	238	249	42	32
gene-AM1_RS44185	NC_009925.1	273802	273942	+	141	23	35	114	110	23	11
gene-AM1_RS01205	NC_009925.1	273972	276167	+	2196	422	731	1562	1464	287	195
gene-AM1_RS01210	NC_009925.1	276215	276424	-	210	234	193	947	1092	100	112
gene-AM1_RS01215	NC_009925.1	277211	279577	+	2367	1171	1629	3819	3631	1123	1411
gene-AM1_RS01220	NC_009925.1	279700	280194	+	495	49	82	153	62	43	21
gene-AM1_RS01225	NC_009925.1	281310	282101	+	792	408	513	4252	3003	291	351
gene-AM1_RS01230	NC_009925.1	282186	284675	-	2490	148	144	272	285	92	71
gene-AM1_RS37440	NC_009925.1	284694	285965	-	1272	98	217	291	456	126	184
gene-AM1_RS01240	NC_009925.1	286016	286444	-	429	34	116	87	123	15	42
gene-AM1_RS37445	NC_009925.1	286670	288244	-	1575	65	35	115	96	37	27
gene-AM1_RS01250	NC_009925.1	288290	288658	+	369	648	244	1152	495	187	240
gene-AM1_RS01255	NC_009925.1	288736	289254	+	519	4144	34	316	238	78	47
gene-AM1_RS01260	NC_009925.1	289313	289696	+	384	1663	16	93	58	15	20
gene-AM1_RS01265	NC_009925.1	289900	290640	+	741	1667	19	71	71	19	8
gene-AM1_RS01270	NC_009925.1	290954	291028	+	75	824	132	20	16	48	49
gene-AM1_RS01275	NC_009925.1	291114	291189	+	76	286	17	9	2	7	4
gene-AM1_RS01280	NC_009925.1	291196	291266	+	71	776	104	9	18	8	12
gene-AM1_RS01285	NC_009925.1	291300	291376	+	77	144	14	15	7	3	2
gene-AM1_RS01290	NC_009925.1	291382	291466	+	85	573	57	24	26	10	5
gene-AM1_RS01295	NC_009925.1	291520	291605	+	86	261	35	17	8	4	3
gene-AM1_RS01300	NC_009925.1	291610	291683	+	74	347	88	11	8	11	8
gene-AM1_RS01305	NC_009925.1	291711	291783	+	73	1160	309	139	148	50	52
gene-AM1_RS01310	NC_009925.1	291790	291865	+	76	115	14	8	2	4	4
gene-AM1_RS01315	NC_009925.1	291872	291943	+	72	95	16	3	6	7	0
gene-AM1_RS01320	NC_009925.1	291955	292026	+	72	326	41	33	16	7	6
gene-AM1_RS01325	NC_009925.1	292083	292156	+	74	122	4	7	3	2	2
gene-AM1_RS01330	NC_009925.1	292238	292311	+	74	197	6	20	17	4	1
gene-AM1_RS01335	NC_009925.1	292349	292422	+	74	53	6	2	1	6	3
gene-AM1_RS01340	NC_009925.1	292427	292504	+	78	60	8	3	5	2	1
gene-AM1_RS01345	NC_009925.1	292510	292583	+	74	156	8	21	5	2	4
gene-AM1_RS01355	NC_009925.1	293109	293181	+	73	271	11	28	23	7	2
gene-AM1_RS01360	NC_009925.1	293486	294106	+	621	1514	36	113	74	23	22
gene-AM1_RS01365	NC_009925.1	294350	295651	+	1302	3218	99	387	233	69	78
gene-AM1_RS01370	NC_009925.1	295762	296184	+	423	786	16	59	41	15	10
gene-AM1_RS40760	NC_009925.1	296286	296362	+	77	262	195	91	88	68	47
gene-AM1_RS01375	NC_009925.1	296371	296443	+	73	118	18	16	10	5	4
gene-AM1_RS01380	NC_009925.1	296509	297024	+	516	992	38	148	86	26	22
gene-AM1_RS01385	NC_009925.1	297249	297322	+	74	81	9	13	9	4	3
gene-AM1_RS01390	NC_009925.1	297423	297498	+	76	93	11	17	6	0	2
gene-AM1_RS01395	NC_009925.1	297604	297681	+	78	181	104	55	58	19	20
gene-AM1_RS01400	NC_009925.1	298891	299238	+	348	111	7	26	24	4	6
gene-AM1_RS01405	NC_009925.1	299304	299504	+	201	86	2	17	29	6	4
gene-AM1_RS01410	NC_009925.1	299957	300697	+	741	184	17	93	94	22	10
gene-AM1_RS01415	NC_009925.1	300736	301416	+	681	182	67	135	130	34	20
gene-AM1_RS01420	NC_009925.1	301774	303201	+	1428	207	49	159	171	46	46
gene-AM1_RS01425	NC_009925.1	303316	303885	-	570	24	18	59	46	8	13
gene-AM1_RS01430	NC_009925.1	303970	304815	+	846	15	12	36	40	8	15
gene-AM1_RS01435	NC_009925.1	304808	305443	+	636	13	7	16	18	3	9
gene-AM1_RS01440	NC_009925.1	305599	306675	+	1077	28	33	90	57	30	21
gene-AM1_RS01445	NC_009925.1	306802	307761	-	960	161	258	296	262	107	106
gene-AM1_RS01450	NC_009925.1	307903	310077	-	2175	3207	4068	2396	4426	1530	2541
gene-AM1_RS01455	NC_009925.1	310553	311482	+	930	110	133	560	430	168	122
gene-AM1_RS01460	NC_009925.1	311477	312259	-	783	20	25	75	46	26	14
gene-AM1_RS01470	NC_009925.1	313423	315324	+	1902	93	114	324	255	109	75
gene-AM1_RS01475	NC_009925.1	315396	315734	+	339	20	14	86	66	18	3
gene-AM1_RS01480	NC_009925.1	315739	315960	+	222	18	19	48	19	7	5
gene-AM1_RS01485	NC_009925.1	316020	316949	+	930	24	33	75	39	8	8
gene-AM1_RS44190	NC_009925.1	317804	318031	+	228	1018	1425	7971	8180	1239	1480
gene-AM1_RS01495	NC_009925.1	318184	318573	+	390	20	147	82	255	32	76
gene-AM1_RS01500	NC_009925.1	318828	319667	-	840	17	93	42	67	8	15
gene-AM1_RS01505	NC_009925.1	319792	320358	-	567	58	62	160	151	49	63
gene-AM1_RS01510	NC_009925.1	320491	320751	-	261	25	45	161	62	49	23
gene-AM1_RS01515	NC_009925.1	320754	321482	-	729	119	213	651	444	266	216
gene-AM1_RS01530	NC_009925.1	322161	323034	+	874	65	112	107	83	39	22
gene-AM1_RS01540	NC_009925.1	323887	325581	-	1695	2103	4806	3669	5199	1391	2627
gene-AM1_RS01545	NC_009925.1	325811	326014	-	204	196	230	183	130	79	60
gene-AM1_RS01550	NC_009925.1	326570	327679	+	1110	141	230	402	303	127	135
gene-AM1_RS01555	NC_009925.1	327689	328786	-	1098	257	299	519	266	184	172
gene-AM1_RS01560	NC_009925.1	329102	329899	-	798	25	92	111	175	17	63
gene-AM1_RS01565	NC_009925.1	330470	331819	-	1350	45	83	534	231	61	34
gene-AM1_RS01570	NC_009925.1	332200	334383	+	2184	119	272	1222	602	197	66
gene-AM1_RS01575	NC_009925.1	334454	335419	-	966	262	673	995	458	173	109
gene-AM1_RS01580	NC_009925.1	335770	336600	-	831	459	980	1644	1144	342	251
gene-AM1_RS01585	NC_009925.1	336661	337452	-	792	199	419	641	478	182	89
gene-AM1_RS01590	NC_009925.1	337469	337918	-	450	75	196	311	190	59	33
gene-AM1_RS01600	NC_009925.1	339656	340600	-	945	575	1267	1651	1495	418	349
gene-AM1_RS01605	NC_009925.1	341056	342003	-	948	498	1044	1564	1219	435	324
gene-AM1_RS01610	NC_009925.1	342942	343808	-	867	543	1179	1344	1273	373	305
gene-AM1_RS38365	NC_009925.1	343814	344377	-	564	387	768	1251	1244	236	244
gene-AM1_RS01615	NC_009925.1	344480	344893	-	414	342	699	846	637	180	159
gene-AM1_RS01620	NC_009925.1	344911	345375	-	465	397	1017	1169	1047	273	254
gene-AM1_RS01625	NC_009925.1	345579	346784	-	1206	1145	2549	2784	1961	713	589
gene-AM1_RS01630	NC_009925.1	346827	348596	-	1770	2404	5387	5080	4093	1294	1113
gene-AM1_RS01635	NC_009925.1	348602	349723	-	1122	1775	4005	4061	2922	1035	845
gene-AM1_RS01640	NC_009925.1	349790	350728	-	939	1375	2785	2813	1906	699	537
gene-AM1_RS41965	NC_009925.1	350730	350978	-	249	197	349	564	296	109	72
gene-AM1_RS01650	NC_009925.1	350975	351988	-	1014	1540	2847	3087	2008	905	658
gene-AM1_RS01655	NC_009925.1	351995	353557	-	1563	1373	2154	3028	2471	1179	722
gene-AM1_RS01660	NC_009925.1	353574	354740	-	1167	2114	2901	3755	1763	1007	618
gene-AM1_RS01665	NC_009925.1	354781	355623	-	843	1150	1330	1627	884	444	245
gene-AM1_RS01670	NC_009925.1	355745	357541	-	1797	2971	3616	6342	3001	1348	924
gene-AM1_RS01675	NC_009925.1	357699	359000	-	1302	3227	4043	7389	4259	1728	1049
gene-AM1_RS01680	NC_009925.1	359547	360719	-	1173	3078	3723	4093	2306	981	666
gene-AM1_RS01685	NC_009925.1	360770	361654	-	885	2334	2881	4693	1879	940	698
gene-AM1_RS41970	NC_009925.1	361736	361900	-	165	1198	1220	6413	4595	805	408
gene-AM1_RS01690	NC_009925.1	362101	364278	-	2178	6052	5678	9071	5289	2430	1501
gene-AM1_RS01695	NC_009925.1	366086	367057	+	972	196	232	397	276	127	110
gene-AM1_RS01700	NC_009925.1	367434	367805	+	372	9	10	23	11	4	2
gene-AM1_RS01705	NC_009925.1	367810	369990	-	2181	312	557	730	522	296	215
gene-AM1_RS01710	NC_009925.1	370132	370572	-	441	39	43	65	28	13	5
gene-AM1_RS01715	NC_009925.1	370596	370997	-	402	61	57	99	83	24	15
gene-AM1_RS01720	NC_009925.1	371196	371774	+	579	91	85	362	448	139	79
gene-AM1_RS01725	NC_009925.1	371844	373025	+	1182	55	45	160	97	49	23
gene-AM1_RS42815	NC_009925.1	373301	373444	+	144	33	26	96	59	19	12
gene-AM1_RS01730	NC_009925.1	373470	374531	-	1062	117	172	163	108	36	29
gene-AM1_RS01735	NC_009925.1	374623	377325	-	2703	425	511	740	660	372	310
gene-AM1_RS01740	NC_009925.1	377484	378047	-	564	43	50	75	64	20	22
gene-AM1_RS01745	NC_009925.1	378044	378925	-	882	23	28	60	43	8	18
gene-AM1_RS01750	NC_009925.1	379015	380082	-	1068	260	236	342	154	105	63
gene-AM1_RS01755	NC_009925.1	380125	380742	-	618	527	395	639	364	260	124
gene-AM1_RS01760	NC_009925.1	380757	382985	-	2229	2626	1633	2230	1361	1598	793
gene-AM1_RS01765	NC_009925.1	383207	384124	-	918	131	125	284	190	71	57
gene-AM1_RS01770	NC_009925.1	384251	384769	+	519	94	124	180	104	73	51
gene-AM1_RS41975	NC_009925.1	384810	384986	+	177	6	8	19	7	5	8
gene-AM1_RS01775	NC_009925.1	384928	385743	+	816	103	148	185	116	74	56
gene-AM1_RS01780	NC_009925.1	385914	387296	+	1383	1064	1280	1841	961	741	527
gene-AM1_RS01785	NC_009925.1	387409	388323	+	915	222	287	410	217	122	123
gene-AM1_RS01790	NC_009925.1	388320	389072	+	753	248	290	392	260	128	83
gene-AM1_RS01795	NC_009925.1	389243	389524	-	282	120	130	177	94	55	31
gene-AM1_RS01800	NC_009925.1	389862	390299	-	438	76	87	132	102	47	36
gene-AM1_RS01805	NC_009925.1	390490	391710	-	1221	586	968	1342	2711	469	793
gene-AM1_RS01810	NC_009925.1	391768	392889	-	1122	271	587	771	2246	338	574
gene-AM1_RS01815	NC_009925.1	392968	394974	-	2007	204	486	490	1744	214	637
gene-AM1_RS01820	NC_009925.1	395595	396383	+	789	635	672	1530	1095	589	392
gene-AM1_RS01825	NC_009925.1	396547	398535	+	1989	274	440	799	731	287	252
gene-AM1_RS01830	NC_009925.1	398585	399709	+	1125	939	1127	1375	727	717	451
gene-AM1_RS01835	NC_009925.1	399706	399966	+	261	74	102	123	70	47	22
gene-AM1_RS01840	NC_009925.1	399963	401048	+	1086	321	499	308	173	136	51
gene-AM1_RS01845	NC_009925.1	401059	401616	-	558	67	72	99	45	39	12
gene-AM1_RS01850	NC_009925.1	401762	402463	+	702	138	73	251	77	60	5
gene-AM1_RS01855	NC_009925.1	402662	403381	+	720	237	1248	1070	1747	518	772
gene-AM1_RS01860	NC_009925.1	403479	404486	-	1008	6514	107	12933	169	4850	48
gene-AM1_RS01865	NC_009925.1	405212	406273	+	1062	189	350	424	338	166	235
gene-AM1_RS01870	NC_009925.1	406325	406720	-	396	69	73	169	71	43	17
gene-AM1_RS01875	NC_009925.1	406765	407124	-	360	161	136	317	236	69	36
gene-AM1_RS38215	NC_009925.1	407237	407333	-	97	47944	51417	54604	44720	46278	27777
gene-AM1_RS01880	NC_009925.1	407567	407640	+	74	35	41	45	35	17	10
gene-AM1_RS01885	NC_009925.1	407885	408067	+	183	180	240	472	219	76	71
gene-AM1_RS01890	NC_009925.1	408064	408864	-	801	89	142	187	79	31	21
gene-AM1_RS01895	NC_009925.1	408912	409889	+	978	33	58	76	59	18	13
gene-AM1_RS01900	NC_009925.1	410158	412911	-	2754	361	377	1111	594	280	119
gene-AM1_RS01905	NC_009925.1	413701	415929	+	2229	164	254	558	317	95	56
gene-AM1_RS01910	NC_009925.1	415999	418524	+	2526	83	116	355	174	66	42
gene-AM1_RS01915	NC_009925.1	418572	419399	+	828	57	65	159	104	25	14
gene-AM1_RS01920	NC_009925.1	419442	422150	+	2709	117	123	291	192	60	47
gene-AM1_RS01925	NC_009925.1	422232	424652	+	2421	86	102	308	236	61	46
gene-AM1_RS01930	NC_009925.1	424633	426492	+	1860	75	97	245	174	68	59
gene-AM1_RS01935	NC_009925.1	426544	427740	+	1197	26	51	73	53	19	13
gene-AM1_RS01940	NC_009925.1	427897	428295	-	399	125	232	316	154	80	85
gene-AM1_RS01945	NC_009925.1	428652	429743	-	1092	107	108	240	174	86	53
gene-AM1_RS01950	NC_009925.1	429778	430209	-	432	9	17	33	23	12	10
gene-AM1_RS44200	NC_009925.1	430261	431292	-	1032	72	57	92	61	44	24
gene-AM1_RS01960	NC_009925.1	431323	431535	-	213	7	4	16	17	5	2
gene-AM1_RS01965	NC_009925.1	432067	433377	+	1311	30	31	123	83	32	22
gene-AM1_RS01970	NC_009925.1	433628	434902	+	1275	25	21	106	54	17	12
gene-AM1_RS01975	NC_009925.1	435182	435634	+	453	20	21	55	45	19	7
gene-AM1_RS01980	NC_009925.1	435682	436089	+	408	21	14	23	32	11	3
gene-AM1_RS01985	NC_009925.1	436139	436762	+	624	24	28	57	42	21	14
gene-AM1_RS01990	NC_009925.1	437130	438230	+	1101	17	19	82	50	23	11
gene-AM1_RS01995	NC_009925.1	438279	439277	+	999	33	33	58	47	16	15
gene-AM1_RS44365	NC_009925.1	439591	439728	+	138	4	0	7	3	3	1
gene-AM1_RS02000	NC_009925.1	439712	440188	+	477	47	69	124	70	33	34
gene-AM1_RS02005	NC_009925.1	440249	441049	+	801	23	48	44	38	11	5
gene-AM1_RS02010	NC_009925.1	441313	441675	+	363	30	58	112	67	43	28
gene-AM1_RS02015	NC_009925.1	441778	442494	+	717	12	45	46	50	13	27
gene-AM1_RS02020	NC_009925.1	442514	443581	-	1068	27	201	52	279	16	226
gene-AM1_RS02025	NC_009925.1	443903	444631	+	729	26	64	31	85	14	72
gene-AM1_RS02030	NC_009925.1	444729	446123	+	1395	36	53	67	126	11	80
gene-AM1_RS02035	NC_009925.1	446213	446755	+	543	25	31	78	32	16	19
gene-AM1_RS02040	NC_009925.1	447139	449445	+	2307	131	154	307	197	71	44
gene-AM1_RS02045	NC_009925.1	450176	453400	+	3225	88	110	265	206	60	80
gene-AM1_RS37450	NC_009925.1	453563	453907	-	345	9	23	22	15	9	7
gene-AM1_RS02055	NC_009925.1	453944	456304	-	2361	82	109	173	231	46	49
gene-AM1_RS02060	NC_009925.1	456307	456861	-	555	1	2	23	19	3	3
gene-AM1_RS02070	NC_009925.1	458313	458723	-	411	24	29	41	57	8	10
gene-AM1_RS02075	NC_009925.1	459007	460308	+	1302	136	213	393	627	186	191
gene-AM1_RS02080	NC_009925.1	460374	461066	-	693	24	52	45	50	11	9
gene-AM1_RS02085	NC_009925.1	461361	463655	+	2295	83	82	150	131	29	27
gene-AM1_RS02090	NC_009925.1	463725	464099	+	375	7	14	23	23	4	3
gene-AM1_RS02100	NC_009925.1	464993	465439	+	447	6	8	22	32	3	0
gene-AM1_RS02115	NC_009925.1	466385	467422	+	1038	61	80	122	59	23	20
gene-AM1_RS02120	NC_009925.1	467429	468847	-	1419	35	50	83	55	15	17
gene-AM1_RS39570	NC_009925.1	469018	469901	+	884	8	15	27	35	8	12
gene-AM1_RS39580	NC_009925.1	470653	471482	+	830	40	59	166	95	32	29
gene-AM1_RS02150	NC_009925.1	471460	471831	-	372	65	70	147	161	75	78
gene-AM1_RS02160	NC_009925.1	472631	473932	+	1302	32	45	94	81	20	15
gene-AM1_RS02165	NC_009925.1	474372	475190	-	819	13	5	21	19	2	3
gene-AM1_RS39590	NC_009925.1	477089	477972	-	884	16	24	43	41	9	10
gene-AM1_RS02185	NC_009925.1	478186	479094	-	909	109	194	216	224	104	119
gene-AM1_RS02190	NC_009925.1	479464	480159	-	696	50	59	62	49	68	42
gene-AM1_RS02195	NC_009925.1	480349	481178	-	830	63	82	147	74	43	41
gene-AM1_RS02200	NC_009925.1	482045	483628	-	1584	99	124	145	172	22	45
gene-AM1_RS02210	NC_009925.1	485023	485295	-	273	40	46	120	71	35	37
gene-AM1_RS02215	NC_009925.1	485384	485863	-	480	529	639	3701	3960	1070	1133
gene-AM1_RS02220	NC_009925.1	485925	486413	-	489	89	127	435	242	98	98
gene-AM1_RS02225	NC_009925.1	486979	487485	+	507	178	225	411	239	77	100
gene-AM1_RS02230	NC_009925.1	487521	488693	+	1173	3190	3505	5580	4926	2146	1702
gene-AM1_RS02235	NC_009925.1	488756	489385	-	630	176	216	449	252	124	62
gene-AM1_RS02240	NC_009925.1	489385	490653	-	1269	125	103	344	223	73	79
gene-AM1_RS41980	NC_009925.1	491186	491329	-	144	20	17	16	16	10	4
gene-AM1_RS02245	NC_009925.1	491328	491963	+	636	48	79	114	44	60	72
gene-AM1_RS02250	NC_009925.1	491960	492880	+	921	68	106	131	70	68	45
gene-AM1_RS02255	NC_009925.1	492887	493978	+	1092	41	50	65	42	29	15
gene-AM1_RS02260	NC_009925.1	494032	495108	+	1077	86	81	178	108	76	84
gene-AM1_RS02265	NC_009925.1	495144	497804	-	2661	468	647	2518	1585	294	360
gene-AM1_RS02270	NC_009925.1	498480	499586	+	1107	276	194	537	346	261	162
gene-AM1_RS02275	NC_009925.1	499591	500607	+	1017	93	100	177	84	62	22
gene-AM1_RS02280	NC_009925.1	500535	501533	-	999	99	131	146	103	64	49
gene-AM1_RS02285	NC_009925.1	501625	502419	-	795	73	152	171	99	72	66
gene-AM1_RS02290	NC_009925.1	502849	503652	-	804	16476	16931	46749	35113	18024	13526
gene-AM1_RS02295	NC_009925.1	504339	504821	-	483	79	105	198	137	49	52
gene-AM1_RS02300	NC_009925.1	505378	505902	-	525	130	300	216	205	61	109
gene-AM1_RS02305	NC_009925.1	505909	511095	-	5187	577	875	683	687	327	323
gene-AM1_RS02310	NC_009925.1	511424	511804	+	381	81	110	178	117	49	55
gene-AM1_RS02315	NC_009925.1	511830	513290	+	1461	351	420	547	316	177	156
gene-AM1_RS02320	NC_009925.1	513298	515346	-	2049	1471	1208	1941	1378	837	579
gene-AM1_RS02325	NC_009925.1	515940	517250	+	1311	31	35	119	92	28	29
gene-AM1_RS42990	NC_009925.1	517309	517905	-	597	9	21	33	28	5	8
gene-AM1_RS42995	NC_009925.1	517865	518368	-	504	30	25	46	27	24	8
gene-AM1_RS02340	NC_009925.1	518372	519820	-	1449	23	37	55	34	13	12
gene-AM1_RS02345	NC_009925.1	520306	520650	-	345	13	24	41	42	6	6
gene-AM1_RS02350	NC_009925.1	520878	522548	-	1671	101	128	97	153	32	45
gene-AM1_RS02355	NC_009925.1	522709	523521	-	813	4	5	16	25	1	5
gene-AM1_RS43000	NC_009925.1	523570	523761	-	192	1	1	4	0	0	0
gene-AM1_RS02360	NC_009925.1	523758	524648	-	891	6	12	25	14	6	5
gene-AM1_RS02365	NC_009925.1	524745	526214	-	1470	10	23	52	38	5	5
gene-AM1_RS02370	NC_009925.1	526856	528406	-	1551	80	109	209	147	98	92
gene-AM1_RS02375	NC_009925.1	528831	529232	+	402	570	413	841	852	540	269
gene-AM1_RS02380	NC_009925.1	529233	530564	-	1332	69	91	113	81	34	27
gene-AM1_RS02385	NC_009925.1	530576	532939	-	2364	67	128	208	123	70	60
gene-AM1_RS02390	NC_009925.1	533561	534859	-	1299	3828	5120	3408	3041	2050	1985
gene-AM1_RS02395	NC_009925.1	535123	536811	-	1689	45	78	112	160	26	67
gene-AM1_RS02400	NC_009925.1	536823	537545	-	723	542	593	1137	3804	465	1066
gene-AM1_RS02405	NC_009925.1	537808	540255	+	2448	168	167	272	223	107	71
gene-AM1_RS43005	NC_009925.1	540274	541254	-	981	422	589	996	894	474	353
gene-AM1_RS02420	NC_009925.1	541254	541904	-	651	123	217	386	191	106	81
gene-AM1_RS02425	NC_009925.1	542143	543057	+	915	171	97	259	271	68	87
gene-AM1_RS02430	NC_009925.1	543200	543880	-	681	49	48	81	152	26	78
gene-AM1_RS02435	NC_009925.1	544724	546322	+	1599	148	167	369	322	183	192
gene-AM1_RS02440	NC_009925.1	546581	548644	+	2064	1619	1068	2197	1712	842	559
gene-AM1_RS02445	NC_009925.1	548745	549410	+	666	41	31	50	21	4	6
gene-AM1_RS02450	NC_009925.1	549493	550698	+	1206	779	820	1682	1010	816	650
gene-AM1_RS02455	NC_009925.1	550667	551356	-	690	222	446	387	262	165	192
gene-AM1_RS02460	NC_009925.1	551988	553100	-	1113	428	807	1005	1190	255	456
gene-AM1_RS02465	NC_009925.1	553616	554812	-	1197	46	75	111	93	44	30
gene-AM1_RS02470	NC_009925.1	554839	556179	+	1341	42	92	117	120	19	43
gene-AM1_RS02475	NC_009925.1	556808	557095	+	288	752	1788	730	1036	270	284
gene-AM1_RS39600	NC_009925.1	557343	558172	-	830	113	403	136	58	22	25
gene-AM1_RS02490	NC_009925.1	558584	558952	-	369	211	249	391	452	120	129
gene-AM1_RS02495	NC_009925.1	559203	559691	-	489	139	165	180	150	64	49
gene-AM1_RS02500	NC_009925.1	559735	560322	+	588	11	10	34	18	4	8
gene-AM1_RS02505	NC_009925.1	560439	560993	-	555	118	34	116	16	57	9
gene-AM1_RS02510	NC_009925.1	561042	562316	-	1275	1580	342	961	352	753	103
gene-AM1_RS02515	NC_009925.1	562313	563665	-	1353	1978	446	1283	312	961	167
gene-AM1_RS02520	NC_009925.1	563666	563932	-	267	333	68	143	28	84	7
gene-AM1_RS02525	NC_009925.1	564345	564827	+	483	14	25	35	41	3	7
gene-AM1_RS02530	NC_009925.1	565138	568731	+	3594	417	691	621	721	279	295
gene-AM1_RS02535	NC_009925.1	568724	569899	-	1176	47	62	89	60	33	13
gene-AM1_RS02540	NC_009925.1	569906	570721	-	816	72	108	157	79	55	40
gene-AM1_RS02545	NC_009925.1	570817	572355	+	1539	235	306	551	535	238	265
gene-AM1_RS02550	NC_009925.1	572352	572822	-	471	197	222	405	338	117	120
gene-AM1_RS02555	NC_009925.1	572855	573724	-	870	270	186	266	141	99	50
gene-AM1_RS02560	NC_009925.1	573752	576190	-	2439	4455	2145	3352	2322	2364	1104
gene-AM1_RS02565	NC_009925.1	576278	577015	-	738	690	366	415	210	252	123
gene-AM1_RS02570	NC_009925.1	577131	577541	-	411	158	112	286	211	133	75
gene-AM1_RS02575	NC_009925.1	577567	578382	-	816	130	139	404	180	124	109
gene-AM1_RS02580	NC_009925.1	578604	579626	+	1023	181	125	287	236	135	95
gene-AM1_RS02585	NC_009925.1	579654	581450	-	1797	258	224	631	362	205	157
gene-AM1_RS02590	NC_009925.1	581687	582085	-	399	50	43	135	103	36	35
gene-AM1_RS02595	NC_009925.1	582108	583259	-	1152	39	17	88	43	7	6
gene-AM1_RS02600	NC_009925.1	583320	583736	-	417	6	3	25	15	0	3
gene-AM1_RS02605	NC_009925.1	583921	584637	-	717	29	50	100	103	19	17
gene-AM1_RS02610	NC_009925.1	584794	586932	+	2139	757	606	934	837	420	325
gene-AM1_RS02615	NC_009925.1	586965	588221	+	1257	151	209	384	312	102	104
gene-AM1_RS02620	NC_009925.1	588237	589331	-	1095	71	68	243	209	100	98
gene-AM1_RS02625	NC_009925.1	589587	591605	+	2019	286	3786	3142	53897	783	15591
gene-AM1_RS02630	NC_009925.1	592005	592907	+	903	819	530	1469	935	806	596
gene-AM1_RS02635	NC_009925.1	593106	594200	+	1095	2353	2096	4502	2058	2467	1088
gene-AM1_RS02640	NC_009925.1	594266	595276	+	1011	112	86	109	63	63	24
gene-AM1_RS02645	NC_009925.1	595305	595697	+	393	71	79	109	56	59	22
gene-AM1_RS02650	NC_009925.1	595918	597291	+	1374	210	228	556	606	164	168
gene-AM1_RS02655	NC_009925.1	597315	598058	-	744	55	77	109	74	31	40
gene-AM1_RS02660	NC_009925.1	598330	600012	-	1683	648	328	1134	352	484	92
gene-AM1_RS02665	NC_009925.1	600281	601339	+	1059	798	1555	1502	1561	598	792
gene-AM1_RS02670	NC_009925.1	601388	601822	+	435	137	199	312	154	97	86
gene-AM1_RS02675	NC_009925.1	601826	602608	-	783	138	193	254	147	99	80
gene-AM1_RS02680	NC_009925.1	602684	602992	+	309	32	37	64	39	18	10
gene-AM1_RS02685	NC_009925.1	603103	603642	+	540	634	957	1337	1367	439	577
gene-AM1_RS02690	NC_009925.1	603738	603810	+	73	28	35	77	51	27	20
gene-AM1_RS02695	NC_009925.1	603924	604949	+	1026	1280	1513	2206	1841	1062	822
gene-AM1_RS02700	NC_009925.1	605018	605503	-	486	42	67	61	42	27	9
gene-AM1_RS02705	NC_009925.1	605733	606605	+	873	269	276	368	222	257	154
gene-AM1_RS02710	NC_009925.1	606609	606878	+	270	49	102	70	54	28	21
gene-AM1_RS02715	NC_009925.1	606916	607449	-	534	992	2151	1091	1408	327	398
gene-AM1_RS02720	NC_009925.1	607844	608704	+	861	157	166	285	183	98	77
gene-AM1_RS02725	NC_009925.1	608822	609526	-	705	48	191	166	339	43	187
gene-AM1_RS02730	NC_009925.1	609676	611136	-	1461	170	327	257	250	114	117
gene-AM1_RS02735	NC_009925.1	611563	611748	+	186	209	189	293	157	71	46
gene-AM1_RS02740	NC_009925.1	612042	613310	-	1269	837	911	3233	2395	705	468
gene-AM1_RS02745	NC_009925.1	613526	614221	-	696	32	37	90	40	26	12
gene-AM1_RS02750	NC_009925.1	614306	615121	+	816	90	152	157	97	44	23
gene-AM1_RS02755	NC_009925.1	615097	615495	+	399	17	37	44	21	8	8
gene-AM1_RS02760	NC_009925.1	615632	616498	+	867	21	35	55	72	6	18
gene-AM1_RS02765	NC_009925.1	616502	616726	-	225	10	18	27	28	6	1
gene-AM1_RS02770	NC_009925.1	616734	618506	-	1773	328	379	844	683	184	204
gene-AM1_RS02780	NC_009925.1	618707	619627	-	921	13	21	77	47	16	4
gene-AM1_RS02785	NC_009925.1	619766	620473	+	708	28	35	142	80	24	27
gene-AM1_RS02790	NC_009925.1	620835	621383	+	549	83	161	2079	1609	116	121
gene-AM1_RS02795	NC_009925.1	621355	623316	+	1962	613	997	3787	3103	298	347
gene-AM1_RS02800	NC_009925.1	623376	623777	-	402	42	228	201	208	34	90
gene-AM1_RS02805	NC_009925.1	623963	625168	+	1206	3209	2305	3876	2651	2569	1116
gene-AM1_RS02810	NC_009925.1	625267	626484	-	1218	32	45	83	57	22	10
gene-AM1_RS02815	NC_009925.1	626481	626678	-	198	6	7	21	8	4	3
gene-AM1_RS02820	NC_009925.1	626794	627024	-	231	143	67	238	151	78	19
gene-AM1_RS02825	NC_009925.1	627047	628126	-	1080	818	650	2576	1200	832	497
gene-AM1_RS02830	NC_009925.1	628243	629535	-	1293	261	262	636	308	281	141
gene-AM1_RS02835	NC_009925.1	629747	630034	+	288	100	87	354	251	112	41
gene-AM1_RS02840	NC_009925.1	630056	631414	-	1359	282	280	709	410	238	161
gene-AM1_RS02845	NC_009925.1	631526	633139	+	1614	91	102	291	217	56	66
gene-AM1_RS02850	NC_009925.1	633332	634786	+	1455	408	100	911	184	315	62
gene-AM1_RS02855	NC_009925.1	634789	636006	+	1218	319	51	755	166	212	48
gene-AM1_RS02860	NC_009925.1	636022	636780	+	759	136	38	332	88	73	22
gene-AM1_RS02865	NC_009925.1	636856	637677	+	822	41	25	93	48	19	18
gene-AM1_RS02870	NC_009925.1	638044	638604	+	561	12	24	27	38	3	7
gene-AM1_RS02875	NC_009925.1	638687	638768	+	82	4905	4820	4166	4413	2226	1413
gene-AM1_RS02880	NC_009925.1	639059	640093	+	1035	1483	912	4156	1307	1425	823
gene-AM1_RS02885	NC_009925.1	640096	641094	+	999	1351	715	2551	987	853	441
gene-AM1_RS02890	NC_009925.1	641095	641970	+	876	286	475	297	136	138	61
gene-AM1_RS02895	NC_009925.1	641997	642323	-	327	151	364	225	231	124	122
gene-AM1_RS02900	NC_009925.1	642380	642691	-	312	72	177	124	139	69	104
gene-AM1_RS02905	NC_009925.1	643237	644196	+	960	41	66	103	77	18	18
gene-AM1_RS02910	NC_009925.1	644241	645080	-	840	102	114	309	253	131	100
gene-AM1_RS02915	NC_009925.1	645073	645636	-	564	108	134	290	156	79	94
gene-AM1_RS02920	NC_009925.1	645741	647207	-	1467	264	234	784	382	253	146
gene-AM1_RS02925	NC_009925.1	647794	648546	+	753	14	29	74	58	13	13
gene-AM1_RS02930	NC_009925.1	648690	651872	-	3183	130	110	365	294	112	91
gene-AM1_RS02935	NC_009925.1	652129	652407	+	279	16	18	35	36	18	9
gene-AM1_RS02940	NC_009925.1	652404	653033	+	630	17	24	69	32	16	13
gene-AM1_RS02945	NC_009925.1	653201	654508	+	1308	113	151	178	116	82	60
gene-AM1_RS02950	NC_009925.1	654532	656202	+	1671	345	496	536	394	296	172
gene-AM1_RS02960	NC_009925.1	656665	657117	+	453	138	55	130	42	88	26
gene-AM1_RS02965	NC_009925.1	657143	657952	-	810	108	81	167	92	54	44
gene-AM1_RS02970	NC_009925.1	658202	661609	-	3408	99	136	394	356	115	88
gene-AM1_RS02975	NC_009925.1	661708	662181	+	474	35	55	153	76	39	33
gene-AM1_RS41985	NC_009925.1	662181	662345	+	165	13	15	78	63	19	11
gene-AM1_RS02980	NC_009925.1	662536	663837	+	1302	47	52	103	84	22	24
gene-AM1_RS02985	NC_009925.1	664001	664228	-	228	11	8	26	15	4	5
gene-AM1_RS02990	NC_009925.1	664286	665434	-	1149	21	25	72	45	16	13
gene-AM1_RS03000	NC_009925.1	666645	667955	+	1311	66	60	119	110	46	36
gene-AM1_RS39605	NC_009925.1	668703	669408	-	706	15	23	70	61	17	9
gene-AM1_RS41990	NC_009925.1	669511	669669	+	159	6	11	24	21	4	6
gene-AM1_RS03020	NC_009925.1	669741	670112	+	372	14	10	53	31	5	5
gene-AM1_RS03025	NC_009925.1	670304	670516	+	213	17	26	69	47	16	4
gene-AM1_RS03030	NC_009925.1	670517	670921	+	405	32	58	65	42	25	19
gene-AM1_RS03035	NC_009925.1	671048	671119	-	72	589	300	438	453	606	231
gene-AM1_RS03040	NC_009925.1	671290	671754	-	465	92	79	218	125	56	59
gene-AM1_RS41995	NC_009925.1	671989	672132	+	144	6	8	13	14	3	3
gene-AM1_RS03045	NC_009925.1	672194	672853	-	660	184	240	296	240	92	95
gene-AM1_RS03050	NC_009925.1	672902	674434	+	1533	503	859	1139	958	438	374
gene-AM1_RS38410	NC_009925.1	674363	674824	-	462	93	134	168	87	55	14
gene-AM1_RS03055	NC_009925.1	674829	675788	-	960	786	668	1287	985	518	262
gene-AM1_RS03060	NC_009925.1	675785	677212	-	1428	2040	2022	3456	2543	1669	969
gene-AM1_RS03065	NC_009925.1	677247	678230	-	984	581	613	1661	886	910	560
gene-AM1_RS03070	NC_009925.1	678336	679733	-	1398	95	54	222	79	62	29
gene-AM1_RS03075	NC_009925.1	680053	680820	+	768	112	81	225	96	94	64
gene-AM1_RS03080	NC_009925.1	680817	681620	+	804	46	50	114	54	37	12
gene-AM1_RS03085	NC_009925.1	681637	682767	+	1131	85	96	174	87	51	14
gene-AM1_RS03090	NC_009925.1	682792	683502	-	711	127	117	241	144	129	71
gene-AM1_RS03095	NC_009925.1	683610	685598	-	1989	321	360	580	392	251	139
gene-AM1_RS03100	NC_009925.1	685664	686173	+	510	77	94	169	72	77	38
gene-AM1_RS03105	NC_009925.1	686533	687051	+	519	195	211	206	87	61	26
gene-AM1_RS03110	NC_009925.1	687170	688810	+	1641	1228	1158	3113	2316	969	818
gene-AM1_RS03115	NC_009925.1	688888	689388	+	501	71	54	135	113	30	16
gene-AM1_RS39610	NC_009925.1	689875	690737	+	863	28	38	57	49	15	10
gene-AM1_RS03130	NC_009925.1	690731	691981	-	1251	23	19	80	53	13	15
gene-AM1_RS37455	NC_009925.1	693158	693598	+	441	8	6	24	16	3	0
gene-AM1_RS03145	NC_009925.1	693681	694826	-	1146	17	20	79	49	27	10
gene-AM1_RS03150	NC_009925.1	695256	696575	+	1320	14	32	62	82	6	14
gene-AM1_RS03155	NC_009925.1	696753	698918	+	2166	52	77	179	150	66	48
gene-AM1_RS03160	NC_009925.1	698911	701268	+	2358	230	325	581	305	168	100
gene-AM1_RS03170	NC_009925.1	702061	703074	-	1014	594	416	1402	770	541	394
gene-AM1_RS03175	NC_009925.1	703854	705647	+	1794	1053	511	1073	570	957	342
gene-AM1_RS03180	NC_009925.1	705721	706494	+	774	100	42	93	67	74	25
gene-AM1_RS03185	NC_009925.1	706573	707304	+	732	225	93	316	149	114	46
gene-AM1_RS03190	NC_009925.1	707378	708160	+	783	378	214	423	159	250	111
gene-AM1_RS03195	NC_009925.1	708174	710054	+	1881	723	586	985	590	598	208
gene-AM1_RS03200	NC_009925.1	710419	710874	+	456	951	262	1075	458	569	208
gene-AM1_RS03205	NC_009925.1	710867	712192	+	1326	2580	893	2063	692	1305	427
gene-AM1_RS03210	NC_009925.1	712207	712878	+	672	198	103	240	92	98	23
gene-AM1_RS03215	NC_009925.1	712933	713754	+	822	74	55	89	45	45	21
gene-AM1_RS03220	NC_009925.1	713754	715034	+	1281	67	89	230	142	79	58
gene-AM1_RS03225	NC_009925.1	715053	716003	+	951	102	113	393	335	117	137
gene-AM1_RS03230	NC_009925.1	716055	716495	-	441	20	45	60	102	16	34
gene-AM1_RS03235	NC_009925.1	716590	716874	+	285	48	37	235	146	54	46
gene-AM1_RS03240	NC_009925.1	716910	717302	-	393	50	24	118	76	29	23
gene-AM1_RS03245	NC_009925.1	717313	717543	-	231	8	6	23	12	5	1
gene-AM1_RS42000	NC_009925.1	717582	717755	-	174	3	2	2	2	1	0
gene-AM1_RS03250	NC_009925.1	717878	718111	+	234	7	3	8	3	0	1
gene-AM1_RS40810	NC_009925.1	718345	718713	+	369	23	13	15	11	6	3
gene-AM1_RS40815	NC_009925.1	718824	719420	+	597	22	27	43	30	8	6
gene-AM1_RS03260	NC_009925.1	719464	719667	-	204	7	11	9	15	4	1
gene-AM1_RS03270	NC_009925.1	720392	721081	+	690	11	21	60	51	11	7
gene-AM1_RS03275	NC_009925.1	721242	722351	+	1110	21	18	86	50	23	12
gene-AM1_RS03280	NC_009925.1	722491	723831	+	1341	170	232	716	697	220	281
gene-AM1_RS03285	NC_009925.1	723998	724600	+	603	1914	1950	7944	7624	2323	2634
gene-AM1_RS03290	NC_009925.1	724701	724994	+	294	41	37	108	52	32	25
gene-AM1_RS03295	NC_009925.1	725055	726329	+	1275	682	133	1970	111	560	54
gene-AM1_RS03300	NC_009925.1	726429	727070	+	642	362	1419	519	1345	133	747
gene-AM1_RS03305	NC_009925.1	727172	728524	+	1353	275	1579	679	3303	257	1710
gene-AM1_RS03310	NC_009925.1	728527	730038	+	1512	314	1374	771	4799	304	1493
gene-AM1_RS03315	NC_009925.1	730167	732671	+	2505	47	171	146	401	36	79
gene-AM1_RS03320	NC_009925.1	732689	733696	-	1008	112	536	566	2466	128	600
gene-AM1_RS03325	NC_009925.1	734260	734559	+	300	17	173	163	955	16	211
gene-AM1_RS03330	NC_009925.1	734836	735567	+	732	57	196	163	454	36	150
gene-AM1_RS03335	NC_009925.1	735554	736327	+	774	30	54	54	114	14	25
gene-AM1_RS03340	NC_009925.1	736346	737230	-	885	56	80	926	526	35	41
gene-AM1_RS03345	NC_009925.1	737628	738116	+	489	0	5	13	17	2	2
gene-AM1_RS03350	NC_009925.1	738497	738904	-	408	5	7	26	25	4	3
gene-AM1_RS43875	NC_009925.1	739415	739855	+	441	4	5	19	19	2	3
gene-AM1_RS43880	NC_009925.1	739903	740310	+	408	3	8	16	20	1	2
gene-AM1_RS03360	NC_009925.1	740500	740931	-	432	2	5	20	14	0	1
gene-AM1_RS39625	NC_009925.1	740957	742089	-	1133	42	44	122	107	44	20
gene-AM1_RS03375	NC_009925.1	742120	742302	-	183	6	14	15	6	6	6
gene-AM1_RS03380	NC_009925.1	742398	743597	-	1200	262	292	429	292	229	141
gene-AM1_RS03385	NC_009925.1	743770	744396	+	627	572	2069	491	1307	226	840
gene-AM1_RS03390	NC_009925.1	744605	744805	+	201	91	428	80	205	43	110
gene-AM1_RS03395	NC_009925.1	745101	745403	-	303	68	364	88	195	13	66
gene-AM1_RS03400	NC_009925.1	745771	746997	-	1227	123	128	396	242	195	150
gene-AM1_RS03405	NC_009925.1	747149	748921	+	1773	123	297	462	517	183	321
gene-AM1_RS03410	NC_009925.1	749177	749977	+	801	24	45	59	26	10	7
gene-AM1_RS03415	NC_009925.1	750364	752166	-	1803	93	129	174	111	50	37
gene-AM1_RS03420	NC_009925.1	752170	752949	-	780	28	46	96	64	22	19
gene-AM1_RS03425	NC_009925.1	753121	753336	+	216	13	11	19	6	0	6
gene-AM1_RS03430	NC_009925.1	753395	753985	-	591	52	43	50	37	27	14
gene-AM1_RS03435	NC_009925.1	754000	754386	-	387	56	61	109	66	34	16
gene-AM1_RS03440	NC_009925.1	754724	755251	-	528	29	41	53	54	11	12
gene-AM1_RS03445	NC_009925.1	755522	756883	+	1362	22	24	58	41	7	5
gene-AM1_RS03450	NC_009925.1	757406	758431	+	1026	791	1385	2060	1885	560	248
gene-AM1_RS03455	NC_009925.1	758759	760135	+	1377	48	76	179	160	43	18
gene-AM1_RS03460	NC_009925.1	760233	760958	+	726	48	65	167	70	75	63
gene-AM1_RS03465	NC_009925.1	761023	761955	+	933	97	105	206	139	86	55
gene-AM1_RS03475	NC_009925.1	762165	762854	+	690	430	166	1506	85	731	19
gene-AM1_RS03480	NC_009925.1	763193	763411	+	219	171	246	408	219	136	80
gene-AM1_RS03485	NC_009925.1	763645	764019	+	375	17	8	49	32	17	8
gene-AM1_RS03495	NC_009925.1	764312	765409	+	1098	181	225	414	293	169	152
gene-AM1_RS03500	NC_009925.1	765487	766056	+	570	68	61	119	87	37	21
gene-AM1_RS03505	NC_009925.1	766519	767226	+	708	69	92	149	85	42	28
gene-AM1_RS03510	NC_009925.1	767423	770362	+	2940	432	600	962	750	245	281
gene-AM1_RS03515	NC_009925.1	770450	771073	-	624	32	36	81	56	24	12
gene-AM1_RS03520	NC_009925.1	771168	772130	-	963	101	88	260	148	135	70
gene-AM1_RS03525	NC_009925.1	772305	772850	-	546	73	85	147	154	78	64
gene-AM1_RS03530	NC_009925.1	772831	773538	-	708	29	53	74	58	39	16
gene-AM1_RS03535	NC_009925.1	773539	774153	-	615	60	83	214	109	56	54
gene-AM1_RS03540	NC_009925.1	774252	774512	-	261	9	17	38	17	9	4
gene-AM1_RS03545	NC_009925.1	774667	775188	-	522	23	25	41	36	12	6
gene-AM1_RS03550	NC_009925.1	775493	776035	+	543	53	67	240	126	41	43
gene-AM1_RS03555	NC_009925.1	776219	777136	+	918	163	159	315	183	115	99
gene-AM1_RS03560	NC_009925.1	777162	777467	+	306	32	45	62	57	18	18
gene-AM1_RS03565	NC_009925.1	777464	778669	-	1206	240	345	498	347	162	161
gene-AM1_RS03570	NC_009925.1	778905	779819	+	915	67	78	108	102	35	25
gene-AM1_RS03575	NC_009925.1	779796	780803	-	1008	81	99	157	244	51	73
gene-AM1_RS03580	NC_009925.1	781061	781987	+	927	128	189	405	271	129	119
gene-AM1_RS03590	NC_009925.1	783598	784593	+	996	787	1110	1869	1337	673	786
gene-AM1_RS03595	NC_009925.1	784620	785066	-	447	43	57	125	51	43	23
gene-AM1_RS03600	NC_009925.1	785230	785898	+	669	75	105	149	84	36	35
gene-AM1_RS03605	NC_009925.1	786008	786646	+	639	27	27	168	68	24	11
gene-AM1_RS03610	NC_009925.1	786962	790429	+	3468	560	687	1156	715	375	266
gene-AM1_RS03615	NC_009925.1	790555	791454	+	900	237	333	436	360	133	130
gene-AM1_RS03620	NC_009925.1	791717	793336	+	1620	112	110	117	150	29	60
gene-AM1_RS03625	NC_009925.1	793714	794934	-	1221	197	186	565	501	200	159
gene-AM1_RS03630	NC_009925.1	795165	797183	-	2019	126	133	343	230	78	61
gene-AM1_RS03635	NC_009925.1	797822	799327	-	1506	53	57	110	70	37	17
gene-AM1_RS03640	NC_009925.1	799327	799695	-	369	7	13	20	17	5	3
gene-AM1_RS40825	NC_009925.1	799852	800181	-	330	9	15	34	13	8	3
gene-AM1_RS03645	NC_009925.1	800434	801645	-	1212	188	247	317	218	106	28
gene-AM1_RS03650	NC_009925.1	801808	802665	+	858	6251	6193	5213	6850	3215	539
gene-AM1_RS03655	NC_009925.1	802742	803059	-	318	99	132	252	187	66	31
gene-AM1_RS03660	NC_009925.1	803099	804406	-	1308	108	123	252	155	102	40
gene-AM1_RS03665	NC_009925.1	804662	806026	+	1365	98	112	215	105	92	61
gene-AM1_RS03670	NC_009925.1	806088	806786	+	699	38	46	153	123	34	35
gene-AM1_RS03675	NC_009925.1	807218	807454	+	237	45	124	39	137	10	57
gene-AM1_RS03680	NC_009925.1	807472	807852	-	381	29	129	69	66	14	14
gene-AM1_RS03685	NC_009925.1	807889	810033	-	2145	377	831	548	454	234	216
gene-AM1_RS03690	NC_009925.1	810156	811286	-	1131	228	318	414	227	134	137
gene-AM1_RS03695	NC_009925.1	812073	815531	+	3459	515	751	457	626	196	310
gene-AM1_RS37470	NC_009925.1	815541	816425	+	885	84	102	108	103	33	28
gene-AM1_RS03705	NC_009925.1	816552	817430	+	879	108	140	311	147	95	93
gene-AM1_RS03710	NC_009925.1	817478	819475	+	1998	178	277	344	234	134	90
gene-AM1_RS03715	NC_009925.1	819516	820568	+	1053	32	67	53	55	17	12
gene-AM1_RS03720	NC_009925.1	820607	821368	+	762	47	52	174	125	50	37
gene-AM1_RS03725	NC_009925.1	821491	822012	-	522	7	20	46	29	7	10
gene-AM1_RS03730	NC_009925.1	822025	822429	-	405	18	14	38	18	6	8
gene-AM1_RS03735	NC_009925.1	822559	824049	+	1491	770	976	1756	1727	920	682
gene-AM1_RS03740	NC_009925.1	824108	824449	-	342	365	500	696	399	393	201
gene-AM1_RS03745	NC_009925.1	824597	825040	+	444	80	90	166	95	58	56
gene-AM1_RS03750	NC_009925.1	825292	825573	+	282	24	29	73	54	14	8
gene-AM1_RS39635	NC_009925.1	825722	826680	-	959	102	130	252	151	55	40
gene-AM1_RS03765	NC_009925.1	826959	828758	-	1800	795	827	1902	1239	703	463
gene-AM1_RS03770	NC_009925.1	828780	829289	-	510	349	337	1098	844	324	301
gene-AM1_RS03775	NC_009925.1	829527	830423	-	897	24	47	105	50	23	26
gene-AM1_RS43025	NC_009925.1	830712	830801	+	90	7	22	17	17	3	5
gene-AM1_RS43030	NC_009925.1	830928	831131	+	204	5	7	14	14	11	3
gene-AM1_RS03780	NC_009925.1	831088	831834	-	747	119	105	278	384	68	88
gene-AM1_RS03785	NC_009925.1	832669	832896	+	228	422	441	720	389	222	243
gene-AM1_RS03790	NC_009925.1	832939	834093	-	1155	166	290	346	229	139	83
gene-AM1_RS03795	NC_009925.1	834100	835266	-	1167	212	322	520	307	166	109
gene-AM1_RS03800	NC_009925.1	835277	835540	-	264	71	113	323	261	125	70
gene-AM1_RS03805	NC_009925.1	835745	836284	+	540	66	133	126	84	69	51
gene-AM1_RS03810	NC_009925.1	836312	837472	+	1161	186	294	299	158	95	98
gene-AM1_RS03815	NC_009925.1	837515	838132	-	618	113	118	128	80	37	23
gene-AM1_RS03820	NC_009925.1	838295	839041	-	747	111	226	248	169	142	68
gene-AM1_RS03825	NC_009925.1	839034	839789	-	756	173	454	262	180	232	88
gene-AM1_RS03830	NC_009925.1	839764	840942	-	1179	747	1425	1258	732	879	482
gene-AM1_RS03835	NC_009925.1	840952	842112	-	1161	1022	1880	1821	1250	1558	916
gene-AM1_RS03840	NC_009925.1	842159	843451	-	1293	2762	4291	8788	5409	7992	4317
gene-AM1_RS03845	NC_009925.1	844675	846507	+	1833	5295	6149	12388	7254	16495	6084
gene-AM1_RS03850	NC_009925.1	846582	847196	-	615	64	122	56	81	45	42
gene-AM1_RS03855	NC_009925.1	847286	847966	-	681	46	41	48	37	29	21
gene-AM1_RS03860	NC_009925.1	847932	848333	-	402	16	22	23	20	10	5
gene-AM1_RS03865	NC_009925.1	848453	849556	+	1104	51	46	139	58	26	19
gene-AM1_RS03880	NC_009925.1	850175	851331	+	1157	51	59	110	80	33	18
gene-AM1_RS03885	NC_009925.1	851474	851932	-	459	15	20	49	35	13	8
gene-AM1_RS03890	NC_009925.1	852186	853013	+	828	221	176	320	211	166	105
gene-AM1_RS03895	NC_009925.1	853068	853349	+	282	22	15	43	21	11	10
gene-AM1_RS03900	NC_009925.1	853418	854203	+	786	17	12	33	26	10	6
gene-AM1_RS03905	NC_009925.1	854305	854598	+	294	16	26	52	33	9	10
gene-AM1_RS03910	NC_009925.1	854579	854875	+	297	28	31	45	30	15	3
gene-AM1_RS03915	NC_009925.1	854888	855532	-	645	170	267	1012	408	196	192
gene-AM1_RS03920	NC_009925.1	855646	856122	-	477	179	574	2225	1884	352	586
gene-AM1_RS03925	NC_009925.1	856421	857086	-	666	34	45	105	78	39	30
gene-AM1_RS03930	NC_009925.1	857315	858106	+	792	205	207	540	304	146	119
gene-AM1_RS03935	NC_009925.1	858106	858621	+	516	77	85	198	148	49	35
gene-AM1_RS03940	NC_009925.1	859183	860520	-	1338	72	85	254	124	68	37
gene-AM1_RS03945	NC_009925.1	860551	861489	-	939	44	48	164	113	35	34
gene-AM1_RS03950	NC_009925.1	861641	862090	+	450	15399	4954	16266	2032	6543	1184
gene-AM1_RS03955	NC_009925.1	862149	862919	+	771	24455	6792	24483	2738	11103	1618
gene-AM1_RS03960	NC_009925.1	863050	863295	+	246	9241	2325	13966	2641	7195	714
gene-AM1_RS03965	NC_009925.1	863441	863869	+	429	4364	1385	7358	917	2943	378
gene-AM1_RS03970	NC_009925.1	863902	864462	+	561	5779	1701	8981	1214	4095	533
gene-AM1_RS03975	NC_009925.1	864459	865016	+	558	6047	1700	5751	1079	3552	433
gene-AM1_RS03980	NC_009925.1	865090	866607	+	1518	25876	7429	29698	6710	18986	2234
gene-AM1_RS03985	NC_009925.1	866617	867570	+	954	10441	3344	11874	2506	7104	893
gene-AM1_RS03990	NC_009925.1	867627	868715	-	1089	189	761	250	360	110	320
gene-AM1_RS03995	NC_009925.1	868845	869438	-	594	34	38	95	81	18	39
gene-AM1_RS04000	NC_009925.1	869601	870182	+	582	65	105	162	106	35	41
gene-AM1_RS04005	NC_009925.1	870407	871471	+	1065	48	73	102	88	29	25
gene-AM1_RS04010	NC_009925.1	871586	872551	+	966	41	52	75	52	15	13
gene-AM1_RS04015	NC_009925.1	872643	873068	+	426	121	195	336	469	83	184
gene-AM1_RS04020	NC_009925.1	873050	873640	-	591	89	152	199	135	70	72
gene-AM1_RS04025	NC_009925.1	874365	874757	+	393	88	241	129	350	78	139
gene-AM1_RS04030	NC_009925.1	875401	876630	+	1230	224	849	416	1622	163	818
gene-AM1_RS04035	NC_009925.1	876734	877093	+	360	138	459	317	1249	124	329
gene-AM1_RS04040	NC_009925.1	877097	877591	+	495	178	619	271	1055	104	347
gene-AM1_RS04045	NC_009925.1	877772	880180	+	2409	674	2440	1830	9628	879	2740
gene-AM1_RS04050	NC_009925.1	880330	883767	+	3438	317	1327	644	2501	293	882
gene-AM1_RS04055	NC_009925.1	883787	884320	+	534	69	193	154	446	53	109
gene-AM1_RS04060	NC_009925.1	884782	885066	-	285	97	164	307	483	101	111
gene-AM1_RS04065	NC_009925.1	885863	887341	+	1479	410	1070	1226	4542	507	1464
gene-AM1_RS04070	NC_009925.1	887463	887861	-	399	827	686	1791	1084	553	309
gene-AM1_RS04075	NC_009925.1	887874	888149	-	276	391	251	933	794	266	145
gene-AM1_RS04080	NC_009925.1	888193	889491	-	1299	3656	2501	8330	6881	3262	2395
gene-AM1_RS04085	NC_009925.1	889617	890183	-	567	48	194	132	495	37	181
gene-AM1_RS40830	NC_009925.1	890460	893624	+	3165	417	561	914	669	492	380
gene-AM1_RS04095	NC_009925.1	893728	895185	+	1458	225	213	479	289	174	126
gene-AM1_RS04100	NC_009925.1	895204	895668	-	465	121	151	222	143	70	46
gene-AM1_RS42005	NC_009925.1	895694	895879	-	186	1	0	1	2	1	0
gene-AM1_RS04105	NC_009925.1	895829	896140	+	312	69	141	243	133	84	69
gene-AM1_RS04110	NC_009925.1	896180	897664	+	1485	666	812	1227	882	518	443
gene-AM1_RS04115	NC_009925.1	897815	898279	+	465	236	346	378	150	162	80
gene-AM1_RS04120	NC_009925.1	898344	899702	+	1359	1670	1625	1888	1710	1145	570
gene-AM1_RS04125	NC_009925.1	900140	903112	+	2973	6775	8096	11000	7878	4119	2499
gene-AM1_RS04130	NC_009925.1	903362	903571	+	210	1379	1011	2134	2338	488	355
gene-AM1_RS04135	NC_009925.1	903606	904625	-	1020	1153	1085	1486	894	324	303
gene-AM1_RS04140	NC_009925.1	904653	905201	-	549	37	72	83	167	22	36
gene-AM1_RS04145	NC_009925.1	905183	906175	-	993	97	367	228	473	79	220
gene-AM1_RS04150	NC_009925.1	906438	906821	-	384	167	505	364	1483	201	694
gene-AM1_RS04155	NC_009925.1	907204	907551	+	348	60	114	98	123	37	64
gene-AM1_RS44210	NC_009925.1	907697	907789	+	93	199	304	765	729	246	235
gene-AM1_RS04160	NC_009925.1	907984	909468	+	1485	704	1012	1266	1018	643	545
gene-AM1_RS04165	NC_009925.1	909510	910061	+	552	140	191	190	139	53	37
gene-AM1_RS04170	NC_009925.1	910213	910665	+	453	124	167	269	114	85	55
gene-AM1_RS04175	NC_009925.1	910749	912044	-	1296	2106	979	5786	2463	2646	1092
gene-AM1_RS04180	NC_009925.1	912228	913133	+	906	93	100	215	99	101	78
gene-AM1_RS04190	NC_009925.1	913406	916021	+	2616	193	302	568	370	136	134
gene-AM1_RS04195	NC_009925.1	916096	916671	+	576	94	81	281	292	112	89
gene-AM1_RS04200	NC_009925.1	916860	917561	+	702	33	34	33	33	13	7
gene-AM1_RS04205	NC_009925.1	917594	918634	-	1041	659	1222	613	741	268	256
gene-AM1_RS04210	NC_009925.1	919069	920490	+	1422	186	274	254	207	138	118
gene-AM1_RS04215	NC_009925.1	920497	923229	-	2733	117	494	334	565	86	242
gene-AM1_RS04220	NC_009925.1	923507	926695	+	3189	412	2018	828	1398	301	991
gene-AM1_RS04225	NC_009925.1	926788	927390	+	603	58	87	147	86	24	39
gene-AM1_RS04230	NC_009925.1	927443	929707	+	2265	221	362	597	550	187	167
gene-AM1_RS04235	NC_009925.1	929693	930424	-	732	11	33	90	67	22	27
gene-AM1_RS04240	NC_009925.1	930560	931294	-	735	28	41	87	42	23	14
gene-AM1_RS04245	NC_009925.1	931381	933138	-	1758	308	450	783	378	361	317
gene-AM1_RS04250	NC_009925.1	933627	934982	+	1356	115	125	191	96	59	30
gene-AM1_RS04255	NC_009925.1	935065	936645	+	1581	387	539	831	744	369	316
gene-AM1_RS04260	NC_009925.1	936747	937310	+	564	74	245	127	242	53	189
gene-AM1_RS04265	NC_009925.1	937427	937996	+	570	83	127	99	99	38	60
gene-AM1_RS04270	NC_009925.1	938051	938818	-	768	69	59	94	57	52	26
gene-AM1_RS04275	NC_009925.1	939008	939982	-	975	21	16	42	44	9	10
gene-AM1_RS04280	NC_009925.1	940229	941539	+	1311	27	43	103	99	39	22
gene-AM1_RS04290	NC_009925.1	941620	942493	+	874	41	44	70	59	23	17
gene-AM1_RS04295	NC_009925.1	942540	943067	-	528	23	24	44	28	9	6
gene-AM1_RS04300	NC_009925.1	943129	944058	+	930	17	31	55	39	8	8
gene-AM1_RS04305	NC_009925.1	944079	944636	-	558	8	16	42	12	13	3
gene-AM1_RS04310	NC_009925.1	944849	946549	+	1701	125	145	317	308	135	144
gene-AM1_RS04315	NC_009925.1	946661	947746	+	1086	46	58	112	81	31	31
gene-AM1_RS04320	NC_009925.1	947895	948443	+	549	34	28	69	59	13	17
gene-AM1_RS04325	NC_009925.1	948684	950063	+	1380	113	94	822	322	126	115
gene-AM1_RS04330	NC_009925.1	950060	950785	-	726	342	223	3074	1578	360	160
gene-AM1_RS04335	NC_009925.1	950809	951519	-	711	548	369	3911	1926	401	223
gene-AM1_RS04340	NC_009925.1	951545	952732	-	1188	451	367	4711	1764	451	221
gene-AM1_RS04345	NC_009925.1	952776	954077	-	1302	2491	1648	17481	9131	2113	1387
gene-AM1_RS04350	NC_009925.1	954052	954639	-	588	1428	975	7992	3254	636	512
gene-AM1_RS04355	NC_009925.1	954802	955203	-	402	47	23	160	52	19	19
gene-AM1_RS04360	NC_009925.1	955286	956206	+	921	27	28	75	41	16	8
gene-AM1_RS04365	NC_009925.1	956352	956789	+	438	24	21	138	92	14	3
gene-AM1_RS04370	NC_009925.1	957108	957818	+	711	53	44	210	96	22	13
gene-AM1_RS04375	NC_009925.1	957893	958510	+	618	20	17	33	17	7	5
gene-AM1_RS04380	NC_009925.1	958549	958962	+	414	18	15	30	13	16	5
gene-AM1_RS04385	NC_009925.1	958997	959710	-	714	133	53	107	70	117	58
gene-AM1_RS04395	NC_009925.1	960894	962078	-	1185	346	83	194	200	297	96
gene-AM1_RS04400	NC_009925.1	962230	962853	+	624	50	56	184	98	47	64
gene-AM1_RS04405	NC_009925.1	963101	963493	+	393	1434	92	1741	110	947	24
gene-AM1_RS04410	NC_009925.1	963529	964734	+	1206	496	71	640	64	271	9
gene-AM1_RS04415	NC_009925.1	964742	966310	-	1569	1346	435	1985	486	986	198
gene-AM1_RS04420	NC_009925.1	966382	966696	-	315	146	29	222	35	68	5
gene-AM1_RS04425	NC_009925.1	966730	967629	-	900	948	204	1024	153	317	41
gene-AM1_RS04430	NC_009925.1	967836	968582	+	747	106	42	232	105	78	21
gene-AM1_RS04435	NC_009925.1	968642	970951	+	2310	2496	1837	3088	1811	1703	689
gene-AM1_RS04440	NC_009925.1	971029	971604	+	576	644	645	626	329	208	188
gene-AM1_RS04445	NC_009925.1	971621	972427	-	807	99	125	91	48	42	17
gene-AM1_RS04450	NC_009925.1	972612	973412	+	801	21	25	51	24	7	5
gene-AM1_RS04455	NC_009925.1	973419	973925	-	507	9	15	44	19	8	3
gene-AM1_RS04460	NC_009925.1	974229	974969	+	741	338	424	890	561	281	301
gene-AM1_RS04465	NC_009925.1	974962	975333	+	372	55	58	179	58	38	16
gene-AM1_RS04470	NC_009925.1	975361	975858	-	498	37	49	132	44	19	17
gene-AM1_RS04475	NC_009925.1	975901	976254	+	354	54	78	156	122	69	43
gene-AM1_RS04480	NC_009925.1	976277	977527	-	1251	549	685	1015	721	395	353
gene-AM1_RS04485	NC_009925.1	978146	978217	-	72	1854	2538	1004	1002	2722	2312
gene-AM1_RS04490	NC_009925.1	978272	978865	-	594	1431	1541	3433	1752	948	923
gene-AM1_RS04495	NC_009925.1	978989	979177	-	189	2062	1820	6299	4863	2055	1105
gene-AM1_RS04500	NC_009925.1	979332	982040	+	2709	189	247	392	307	152	114
gene-AM1_RS04505	NC_009925.1	982110	983279	+	1170	353	397	885	527	301	267
gene-AM1_RS04510	NC_009925.1	983293	984486	+	1194	133	160	356	236	118	83
gene-AM1_RS04515	NC_009925.1	984521	985261	+	741	91	146	177	135	59	35
gene-AM1_RS39650	NC_009925.1	985741	988752	+	3012	1722	3155	5223	7650	2616	4918
gene-AM1_RS04525	NC_009925.1	988990	990042	-	1053	845	795	1751	954	823	426
gene-AM1_RS04530	NC_009925.1	990134	990604	-	471	60	69	99	76	37	27
gene-AM1_RS04535	NC_009925.1	990810	991595	-	786	64	78	96	43	35	13
gene-AM1_RS04540	NC_009925.1	991753	992766	-	1014	171	156	307	161	81	70
gene-AM1_RS04545	NC_009925.1	992805	993923	-	1119	377	288	676	452	99	57
gene-AM1_RS04550	NC_009925.1	994097	995371	+	1275	309	422	621	294	240	188
gene-AM1_RS04555	NC_009925.1	995408	997342	+	1935	887	1058	1997	1471	873	593
gene-AM1_RS04560	NC_009925.1	997413	998363	+	951	317	397	502	300	196	157
gene-AM1_RS04565	NC_009925.1	998366	999958	+	1593	455	585	794	499	379	225
gene-AM1_RS04570	NC_009925.1	999960	1000928	+	969	381	544	663	726	311	229
gene-AM1_RS04575	NC_009925.1	1001058	1001345	-	288	26	33	48	27	12	9
gene-AM1_RS04580	NC_009925.1	1001554	1002135	-	582	15	10	19	10	4	7
gene-AM1_RS04585	NC_009925.1	1002232	1002783	-	552	36	36	41	38	16	8
gene-AM1_RS04590	NC_009925.1	1002828	1003193	-	366	7	5	13	15	3	0
gene-AM1_RS42010	NC_009925.1	1003395	1003754	-	360	11	13	31	25	5	4
gene-AM1_RS04600	NC_009925.1	1003959	1004570	+	612	44	72	104	66	28	17
gene-AM1_RS04605	NC_009925.1	1004580	1007147	-	2568	1468	1336	2028	1485	980	514
gene-AM1_RS04610	NC_009925.1	1007828	1010539	+	2712	103	174	234	197	99	40
gene-AM1_RS04615	NC_009925.1	1011234	1011518	+	285	16	10	31	23	10	6
gene-AM1_RS04620	NC_009925.1	1011522	1011815	+	294	29	20	114	75	32	19
gene-AM1_RS04625	NC_009925.1	1012072	1012635	+	564	56	58	213	105	44	31
gene-AM1_RS04630	NC_009925.1	1012726	1012944	+	219	17	11	55	43	12	8
gene-AM1_RS04635	NC_009925.1	1012947	1013351	+	405	29	17	36	27	8	2
gene-AM1_RS42015	NC_009925.1	1013494	1013658	+	165	4	0	23	4	6	3
gene-AM1_RS04640	NC_009925.1	1013667	1014251	+	585	54	57	186	83	41	30
gene-AM1_RS04645	NC_009925.1	1014320	1014754	+	435	27	42	76	37	14	15
gene-AM1_RS44375	NC_009925.1	1015549	1015695	+	147	19	20	32	26	5	0
gene-AM1_RS04655	NC_009925.1	1015972	1016484	+	513	7357	5058	28819	20994	2528	1608
gene-AM1_RS04660	NC_009925.1	1016778	1017833	+	1056	129	76	475	223	68	39
gene-AM1_RS04665	NC_009925.1	1017860	1018756	-	897	43	36	91	45	14	12
gene-AM1_RS04670	NC_009925.1	1018862	1020238	+	1377	234	42	151	113	44	23
gene-AM1_RS04675	NC_009925.1	1020376	1020636	+	261	6	3	11	9	3	3
gene-AM1_RS04680	NC_009925.1	1020640	1024164	-	3525	47	75	142	164	29	26
gene-AM1_RS04685	NC_009925.1	1024180	1025850	-	1671	37	98	160	165	33	70
gene-AM1_RS04690	NC_009925.1	1026016	1027032	-	1017	36	89	99	166	29	42
gene-AM1_RS04695	NC_009925.1	1027165	1027770	+	606	12	4	28	25	14	10
gene-AM1_RS04700	NC_009925.1	1027754	1028302	-	549	10	15	26	25	7	5
gene-AM1_RS04705	NC_009925.1	1028639	1029832	-	1194	61	123	133	94	28	27
gene-AM1_RS04710	NC_009925.1	1029927	1030754	-	828	1374	3076	2963	5276	1068	1887
gene-AM1_RS04715	NC_009925.1	1030977	1032521	-	1545	45	31	127	83	25	19
gene-AM1_RS04720	NC_009925.1	1032608	1033408	+	801	43	50	105	68	30	16
gene-AM1_RS04725	NC_009925.1	1033416	1034600	-	1185	58	63	180	167	51	53
gene-AM1_RS04730	NC_009925.1	1034783	1034864	+	82	417	479	958	706	557	363
gene-AM1_RS04735	NC_009925.1	1034898	1035329	-	432	109	173	314	305	70	77
gene-AM1_RS04740	NC_009925.1	1035416	1036381	-	966	509	280	652	390	251	174
gene-AM1_RS04745	NC_009925.1	1037015	1037302	+	288	219	1949	1374	4340	166	1459
gene-AM1_RS04750	NC_009925.1	1037472	1038941	+	1470	212	593	977	1187	276	374
gene-AM1_RS04755	NC_009925.1	1039191	1040204	+	1014	47	143	104	399	65	149
gene-AM1_RS04760	NC_009925.1	1040296	1040589	-	294	14	21	29	26	2	13
gene-AM1_RS04765	NC_009925.1	1040606	1040866	-	261	7	7	18	8	5	7
gene-AM1_RS04770	NC_009925.1	1041019	1042170	+	1152	232	414	222	215	112	121
gene-AM1_RS04775	NC_009925.1	1042474	1043469	-	996	1033	6176	2378	6758	1397	4062
gene-AM1_RS04780	NC_009925.1	1043825	1044478	-	654	52	98	108	113	45	29
gene-AM1_RS04785	NC_009925.1	1044484	1045416	-	933	67	106	150	103	67	48
gene-AM1_RS04790	NC_009925.1	1045603	1046652	-	1050	312	658	747	1222	312	501
gene-AM1_RS04795	NC_009925.1	1046869	1048032	-	1164	103	215	350	165	80	68
gene-AM1_RS04800	NC_009925.1	1048081	1048386	-	306	80	119	82	60	44	24
gene-AM1_RS04805	NC_009925.1	1048538	1049275	-	738	821	1208	1597	1292	690	530
gene-AM1_RS04810	NC_009925.1	1049374	1049937	-	564	1131	1548	1519	1071	708	583
gene-AM1_RS04815	NC_009925.1	1050536	1051591	+	1056	35141	25860	86383	26794	42793	16153
gene-AM1_RS04820	NC_009925.1	1051539	1052969	+	1431	63198	61412	155078	84469	77816	33096
gene-AM1_RS04825	NC_009925.1	1053157	1053342	+	186	211	258	696	248	275	101
gene-AM1_RS04830	NC_009925.1	1053548	1056337	+	2790	1519	1732	6371	2831	2324	869
gene-AM1_RS04835	NC_009925.1	1056334	1059126	-	2793	179	273	324	409	121	122
gene-AM1_RS04840	NC_009925.1	1059332	1059982	-	651	114	154	251	188	56	67
gene-AM1_RS04845	NC_009925.1	1060257	1061411	-	1155	15	77	238	341	45	101
gene-AM1_RS04850	NC_009925.1	1062172	1063266	+	1095	77	266	993	3244	172	508
gene-AM1_RS04855	NC_009925.1	1063428	1064363	+	936	105	175	413	399	114	123
gene-AM1_RS04860	NC_009925.1	1064360	1067239	-	2880	78	210	242	167	48	39
gene-AM1_RS04865	NC_009925.1	1067802	1068725	-	924	311	315	659	313	338	234
gene-AM1_RS04870	NC_009925.1	1068938	1070155	+	1218	185	127	656	455	135	142
gene-AM1_RS04875	NC_009925.1	1070275	1071177	+	903	40	28	58	30	18	15
gene-AM1_RS04880	NC_009925.1	1071195	1071557	+	363	23	27	52	55	12	16
gene-AM1_RS43890	NC_009925.1	1071578	1071706	+	129	2	0	4	4	2	1
gene-AM1_RS04885	NC_009925.1	1071724	1072893	-	1170	20	24	70	29	14	19
gene-AM1_RS04890	NC_009925.1	1073049	1073669	-	621	9	4	16	15	1	1
gene-AM1_RS04895	NC_009925.1	1073654	1074055	-	402	2	2	5	7	2	1
gene-AM1_RS04900	NC_009925.1	1074188	1074949	+	762	19	23	53	37	20	14
gene-AM1_RS04905	NC_009925.1	1074924	1078025	-	3102	126	264	417	517	181	162
gene-AM1_RS04910	NC_009925.1	1078087	1080054	-	1968	163	290	439	889	191	296
gene-AM1_RS04915	NC_009925.1	1080104	1082194	-	2091	140	283	586	880	286	367
gene-AM1_RS04920	NC_009925.1	1082300	1082770	-	471	62	93	233	261	113	107
gene-AM1_RS04925	NC_009925.1	1082782	1083144	-	363	47	58	127	199	49	53
gene-AM1_RS04930	NC_009925.1	1083203	1084384	-	1182	80	144	227	285	88	112
gene-AM1_RS04935	NC_009925.1	1084793	1086553	-	1761	85	234	227	263	68	102
gene-AM1_RS04940	NC_009925.1	1086646	1088058	-	1413	238	911	713	1071	302	715
gene-AM1_RS04945	NC_009925.1	1088286	1089176	+	891	302	313	1016	548	340	260
gene-AM1_RS04950	NC_009925.1	1089496	1090482	+	987	151	225	397	279	136	71
gene-AM1_RS04955	NC_009925.1	1090572	1091552	+	981	1573	537	4696	924	2495	447
gene-AM1_RS04960	NC_009925.1	1091573	1092490	+	918	511	315	2569	2148	543	485
gene-AM1_RS04965	NC_009925.1	1092497	1092691	-	195	143	261	3674	5604	532	1260
gene-AM1_RS04970	NC_009925.1	1093112	1094992	-	1881	139	210	355	327	112	95
gene-AM1_RS37480	NC_009925.1	1095210	1095962	-	753	137	171	328	138	83	53
gene-AM1_RS04980	NC_009925.1	1096022	1097494	-	1473	506	578	1783	888	737	404
gene-AM1_RS04985	NC_009925.1	1097947	1098207	+	261	1017	2943	3726	7586	1190	1938
gene-AM1_RS04990	NC_009925.1	1098267	1098905	-	639	153	522	431	643	122	293
gene-AM1_RS04995	NC_009925.1	1099107	1099376	+	270	5	11	12	8	2	4
gene-AM1_RS05005	NC_009925.1	1099436	1100309	+	874	33	30	71	70	27	10
gene-AM1_RS05010	NC_009925.1	1100397	1101707	+	1311	38	46	99	106	27	18
gene-AM1_RS05015	NC_009925.1	1101923	1103119	+	1197	36	50	123	94	39	32
gene-AM1_RS05025	NC_009925.1	1103795	1104067	-	273	15	21	30	25	9	10
gene-AM1_RS05030	NC_009925.1	1104493	1104936	+	444	72	68	146	55	44	32
gene-AM1_RS05035	NC_009925.1	1104964	1105335	-	372	154	120	345	172	147	59
gene-AM1_RS05040	NC_009925.1	1105651	1106199	-	549	17	18	79	105	8	14
gene-AM1_RS05045	NC_009925.1	1106712	1107398	+	687	8	18	38	32	4	11
gene-AM1_RS05050	NC_009925.1	1107467	1108570	+	1104	29	50	118	123	30	26
gene-AM1_RS05055	NC_009925.1	1108745	1109035	+	291	1	3	11	11	0	2
gene-AM1_RS05060	NC_009925.1	1109085	1109747	-	663	43	56	109	56	41	13
gene-AM1_RS05065	NC_009925.1	1109770	1110864	-	1095	122	102	351	274	154	114
gene-AM1_RS42020	NC_009925.1	1111005	1111163	-	159	720	93	809	175	346	131
gene-AM1_RS05070	NC_009925.1	1111366	1112469	-	1104	151	155	333	205	130	127
gene-AM1_RS05075	NC_009925.1	1112499	1112855	-	357	24	28	75	62	19	26
gene-AM1_RS05080	NC_009925.1	1112969	1113205	+	237	10	12	30	22	9	7
gene-AM1_RS37875	NC_009925.1	1113245	1113638	+	394	374806	394062	1568492	1780934	287676	211109
gene-AM1_RS44380	NC_009925.1	1113875	1113982	+	108	4	1	9	10	5	4
gene-AM1_RS05085	NC_009925.1	1114196	1114483	+	288	11	13	30	28	5	7
gene-AM1_RS05090	NC_009925.1	1114524	1115315	+	792	45	55	102	61	28	19
gene-AM1_RS05095	NC_009925.1	1115535	1115993	-	459	8	17	32	27	8	2
gene-AM1_RS05100	NC_009925.1	1116062	1116943	-	882	22	17	46	53	10	13
gene-AM1_RS05105	NC_009925.1	1117104	1118729	-	1626	41	52	170	163	30	32
gene-AM1_RS05110	NC_009925.1	1121611	1122486	+	876	10	32	74	68	15	14
gene-AM1_RS05115	NC_009925.1	1122737	1123012	+	276	1010	2898	7183	17350	1371	3561
gene-AM1_RS05120	NC_009925.1	1123745	1124617	-	873	380	677	1344	1216	335	472
gene-AM1_RS05125	NC_009925.1	1124897	1125223	+	327	23	33	54	43	12	13
gene-AM1_RS05130	NC_009925.1	1125246	1126373	-	1128	53	73	166	122	33	37
gene-AM1_RS05135	NC_009925.1	1126606	1127040	+	435	34	58	83	89	15	10
gene-AM1_RS05140	NC_009925.1	1127024	1127851	+	828	21	38	48	31	13	15
gene-AM1_RS05145	NC_009925.1	1127854	1128234	-	381	9	10	15	16	7	3
gene-AM1_RS05150	NC_009925.1	1128485	1128955	-	471	61	63	115	105	47	36
gene-AM1_RS42030	NC_009925.1	1129186	1129353	+	168	35	31	73	101	12	16
gene-AM1_RS05155	NC_009925.1	1129415	1129888	+	474	62	85	114	68	28	24
gene-AM1_RS05160	NC_009925.1	1129939	1134162	+	4224	263	544	591	676	185	179
gene-AM1_RS05165	NC_009925.1	1134583	1135995	+	1413	132	1675	367	2227	97	840
gene-AM1_RS05175	NC_009925.1	1136177	1137667	+	1491	465	374	473	624	154	192
gene-AM1_RS05180	NC_009925.1	1138326	1138658	+	333	38	30	119	77	22	22
gene-AM1_RS05185	NC_009925.1	1138964	1139224	+	261	55	77	132	197	22	33
gene-AM1_RS05190	NC_009925.1	1139235	1139681	-	447	176	148	134	129	18	39
gene-AM1_RS05195	NC_009925.1	1140361	1140960	+	600	61	154	140	135	49	57
gene-AM1_RS05200	NC_009925.1	1140941	1143001	-	2061	260	411	663	573	232	231
gene-AM1_RS05205	NC_009925.1	1143179	1143589	+	411	36	48	114	108	22	27
gene-AM1_RS05210	NC_009925.1	1143598	1143966	+	369	15	17	62	46	15	24
gene-AM1_RS05215	NC_009925.1	1143932	1144375	+	444	33	33	104	100	14	32
gene-AM1_RS05220	NC_009925.1	1144483	1144917	+	435	32	38	73	62	13	22
gene-AM1_RS05225	NC_009925.1	1145037	1145495	+	459	32	28	36	28	13	9
gene-AM1_RS05230	NC_009925.1	1145480	1146100	-	621	42	63	107	72	25	20
gene-AM1_RS05235	NC_009925.1	1146106	1146978	-	873	163	203	502	240	128	168
gene-AM1_RS05240	NC_009925.1	1147171	1147470	+	300	22	37	50	41	8	15
gene-AM1_RS05245	NC_009925.1	1147561	1148265	+	705	126	254	176	129	96	48
gene-AM1_RS42035	NC_009925.1	1148476	1148634	-	159	548	796	2360	2090	859	692
gene-AM1_RS05250	NC_009925.1	1148658	1149584	-	927	91	94	131	73	34	27
gene-AM1_RS37485	NC_009925.1	1149814	1158267	+	8454	495	801	1036	911	348	325
gene-AM1_RS37490	NC_009925.1	1158421	1167642	+	9222	491	936	1557	1415	511	448
gene-AM1_RS05265	NC_009925.1	1167699	1169726	-	2028	132	201	376	378	191	144
gene-AM1_RS05270	NC_009925.1	1169834	1170787	-	954	16	41	41	111	11	34
gene-AM1_RS05275	NC_009925.1	1170802	1171272	-	471	5	4	13	20	4	4
gene-AM1_RS05280	NC_009925.1	1171478	1172488	+	1011	5003	5747	4737	2816	3371	1314
gene-AM1_RS05285	NC_009925.1	1172590	1173246	-	657	191	271	234	202	124	197
gene-AM1_RS05290	NC_009925.1	1173290	1173637	-	348	8	27	12	33	16	38
gene-AM1_RS05295	NC_009925.1	1173654	1174277	-	624	11	47	34	107	14	100
gene-AM1_RS05300	NC_009925.1	1174281	1175027	-	747	7	24	25	87	7	59
gene-AM1_RS05305	NC_009925.1	1175024	1176025	-	1002	9	29	35	87	12	74
gene-AM1_RS05310	NC_009925.1	1176040	1176849	-	810	12	33	32	63	5	70
gene-AM1_RS05315	NC_009925.1	1177445	1177897	+	453	28	28	55	34	13	20
gene-AM1_RS05320	NC_009925.1	1177900	1178577	-	678	24	32	72	100	29	26
gene-AM1_RS05325	NC_009925.1	1178657	1179610	+	954	33	100	76	236	11	93
gene-AM1_RS05330	NC_009925.1	1179805	1180203	+	399	18	32	27	50	8	11
gene-AM1_RS40835	NC_009925.1	1180324	1180605	-	282	11	22	14	15	5	9
gene-AM1_RS05335	NC_009925.1	1180602	1182482	-	1881	88	145	210	273	111	151
gene-AM1_RS05345	NC_009925.1	1183258	1184313	-	1056	69	47	258	153	34	33
gene-AM1_RS05355	NC_009925.1	1188064	1188984	-	921	49	35	102	84	21	14
gene-AM1_RS05360	NC_009925.1	1188989	1189603	-	615	10	21	51	35	10	14
gene-AM1_RS05365	NC_009925.1	1189860	1191134	+	1275	16	36	77	36	19	10
gene-AM1_RS05370	NC_009925.1	1191271	1191678	+	408	17	15	48	42	11	9
gene-AM1_RS05375	NC_009925.1	1191873	1192283	+	411	171	343	217	526	115	111
gene-AM1_RS05380	NC_009925.1	1192490	1193314	-	825	182	276	178	150	46	61
gene-AM1_RS05385	NC_009925.1	1193896	1194957	-	1062	48	71	104	92	44	33
gene-AM1_RS05390	NC_009925.1	1195210	1195524	+	315	23	35	439	447	6	9
gene-AM1_RS05395	NC_009925.1	1195812	1196231	-	420	3	10	15	10	4	0
gene-AM1_RS05400	NC_009925.1	1196349	1196699	+	351	9	16	34	24	7	14
gene-AM1_RS05405	NC_009925.1	1196767	1197228	-	462	26	27	57	43	10	12
gene-AM1_RS05410	NC_009925.1	1198793	1199692	-	900	74	106	150	192	56	50
gene-AM1_RS05415	NC_009925.1	1199708	1200451	-	744	30	56	60	50	17	14
gene-AM1_RS05420	NC_009925.1	1200644	1201906	-	1263	1163	1366	1480	1851	592	911
gene-AM1_RS05425	NC_009925.1	1201925	1203229	-	1305	2195	2010	1872	2022	757	957
gene-AM1_RS05430	NC_009925.1	1203229	1204017	-	789	1123	1146	1580	1946	606	667
gene-AM1_RS05435	NC_009925.1	1204069	1205505	-	1437	1598	1919	3183	3086	1228	1681
gene-AM1_RS05445	NC_009925.1	1205701	1206348	+	648	116	181	344	302	91	113
gene-AM1_RS05455	NC_009925.1	1206743	1207474	-	732	73	63	207	198	38	34
gene-AM1_RS05460	NC_009925.1	1207834	1208415	-	582	19	8	32	27	1	8
gene-AM1_RS05465	NC_009925.1	1208508	1209140	-	633	21	11	49	57	7	6
gene-AM1_RS05470	NC_009925.1	1209201	1210166	-	966	26	30	68	65	18	28
gene-AM1_RS05475	NC_009925.1	1210201	1210608	-	408	10	12	32	38	11	5
gene-AM1_RS05480	NC_009925.1	1210940	1211368	-	429	12	16	33	25	5	5
gene-AM1_RS05490	NC_009925.1	1212227	1212475	-	249	50	80	116	84	37	33
gene-AM1_RS05495	NC_009925.1	1212545	1214200	-	1656	38	110	141	337	41	104
gene-AM1_RS42820	NC_009925.1	1214301	1219898	-	5598	105	188	396	406	115	105
gene-AM1_RS05515	NC_009925.1	1220534	1225165	+	4632	66	108	248	167	57	26
gene-AM1_RS39675	NC_009925.1	1225141	1226258	-	1118	15	21	73	47	14	17
gene-AM1_RS05530	NC_009925.1	1226507	1227886	+	1380	39	44	97	75	23	9
gene-AM1_RS05535	NC_009925.1	1228024	1229529	-	1506	168	175	343	243	108	82
gene-AM1_RS05540	NC_009925.1	1229534	1230349	-	816	27	13	80	51	26	22
gene-AM1_RS05545	NC_009925.1	1230767	1232125	+	1359	674	848	1330	1303	630	605
gene-AM1_RS05550	NC_009925.1	1232185	1232727	-	543	527	653	988	625	310	300
gene-AM1_RS05555	NC_009925.1	1232853	1233944	-	1092	997	1280	1240	646	606	259
gene-AM1_RS05560	NC_009925.1	1233999	1234256	-	258	486	542	590	520	363	143
gene-AM1_RS05565	NC_009925.1	1234303	1234716	-	414	2313	2284	2672	2595	1567	603
gene-AM1_RS05570	NC_009925.1	1234716	1235171	-	456	2508	2545	2370	2157	1395	626
gene-AM1_RS05575	NC_009925.1	1235204	1236082	-	879	4572	5651	2767	1825	1714	1031
gene-AM1_RS05580	NC_009925.1	1236102	1236452	-	351	2547	2349	1817	2060	1253	544
gene-AM1_RS05585	NC_009925.1	1236464	1237405	-	942	5191	6043	3428	3049	2511	1451
gene-AM1_RS05590	NC_009925.1	1237633	1238025	-	393	4470	4245	3511	3035	2007	935
gene-AM1_RS05595	NC_009925.1	1238085	1238465	-	381	2180	1957	2398	1696	1263	623
gene-AM1_RS38525	NC_009925.1	1238555	1238668	-	114	416	481	434	268	203	122
gene-AM1_RS05600	NC_009925.1	1239016	1242612	+	3597	1318	1064	1970	1424	886	488
gene-AM1_RS05605	NC_009925.1	1242651	1243118	+	468	152	191	311	242	85	90
gene-AM1_RS05610	NC_009925.1	1243220	1243882	-	663	128	157	226	129	116	69
gene-AM1_RS05615	NC_009925.1	1244125	1246122	+	1998	231	226	479	312	151	92
gene-AM1_RS05620	NC_009925.1	1246176	1246898	-	723	43	55	97	50	22	26
gene-AM1_RS05625	NC_009925.1	1246931	1249606	-	2676	146	196	308	209	132	106
gene-AM1_RS05630	NC_009925.1	1250164	1252239	+	2076	216	368	441	448	204	178
gene-AM1_RS05635	NC_009925.1	1252328	1253449	-	1122	150	118	401	392	158	118
gene-AM1_RS05640	NC_009925.1	1253484	1253909	-	426	15	17	50	27	11	13
gene-AM1_RS05645	NC_009925.1	1253966	1254223	-	258	4	13	18	14	9	4
gene-AM1_RS05650	NC_009925.1	1254341	1255096	-	756	21	28	77	56	20	10
gene-AM1_RS40855	NC_009925.1	1255653	1255901	+	249	3	1	5	7	1	0
gene-AM1_RS05655	NC_009925.1	1256141	1256641	-	501	21	37	36	21	10	9
gene-AM1_RS05660	NC_009925.1	1256735	1256944	-	210	11	14	18	23	6	2
gene-AM1_RS05665	NC_009925.1	1257463	1259172	+	1710	180	387	248	355	77	80
gene-AM1_RS05670	NC_009925.1	1259440	1259973	-	534	73	160	99	49	17	23
gene-AM1_RS05675	NC_009925.1	1260067	1261506	+	1440	357	301	461	486	274	149
gene-AM1_RS05680	NC_009925.1	1261631	1263847	+	2217	389	548	703	489	247	142
gene-AM1_RS05685	NC_009925.1	1263985	1265568	+	1584	2315	3261	1347	1774	1356	1023
gene-AM1_RS05690	NC_009925.1	1265568	1266506	+	939	565	1016	317	213	165	108
gene-AM1_RS05695	NC_009925.1	1267965	1269956	+	1992	650	742	991	661	405	226
gene-AM1_RS05700	NC_009925.1	1270080	1271144	-	1065	72	115	136	129	36	70
gene-AM1_RS05705	NC_009925.1	1271376	1271810	+	435	58	85	261	157	135	51
gene-AM1_RS05710	NC_009925.1	1271888	1272958	-	1071	29304	21483	98668	50835	38329	15761
gene-AM1_RS05715	NC_009925.1	1273633	1274838	+	1206	39	49	207	77	31	16
gene-AM1_RS05720	NC_009925.1	1274990	1276255	+	1266	1822	1407	6486	5666	2492	1567
gene-AM1_RS05725	NC_009925.1	1276315	1277529	-	1215	154	218	725	336	186	109
gene-AM1_RS05735	NC_009925.1	1277762	1278847	+	1086	369	429	1226	725	363	322
gene-AM1_RS05740	NC_009925.1	1278907	1278978	+	72	433	413	152	122	177	120
gene-AM1_RS05745	NC_009925.1	1279153	1280337	+	1185	128	66	413	235	157	89
gene-AM1_RS05750	NC_009925.1	1280341	1280619	-	279	11	11	26	13	9	6
gene-AM1_RS40860	NC_009925.1	1280616	1280774	-	159	5	0	2	2	1	0
gene-AM1_RS05755	NC_009925.1	1280821	1283091	-	2271	34	44	103	96	42	29
gene-AM1_RS05760	NC_009925.1	1283240	1283923	+	684	1	4	27	15	4	1
gene-AM1_RS05765	NC_009925.1	1284115	1284360	+	246	24	24	49	33	22	15
gene-AM1_RS05770	NC_009925.1	1284350	1284706	+	357	17	19	49	24	12	8
gene-AM1_RS05775	NC_009925.1	1284801	1285067	+	267	10	9	16	5	0	8
gene-AM1_RS05780	NC_009925.1	1285046	1285564	+	519	39	29	81	64	30	13
gene-AM1_RS43900	NC_009925.1	1285561	1285686	-	126	4	1	8	2	4	1
gene-AM1_RS05785	NC_009925.1	1285685	1286620	+	936	23	33	60	54	20	18
gene-AM1_RS05790	NC_009925.1	1286617	1287681	+	1065	24	34	69	41	24	12
gene-AM1_RS38530	NC_009925.1	1288766	1289053	+	288	2	3	4	3	0	1
gene-AM1_RS05800	NC_009925.1	1289002	1289958	+	957	16	17	52	42	14	7
gene-AM1_RS43060	NC_009925.1	1290056	1290199	+	144	65	17	56	24	12	3
gene-AM1_RS05805	NC_009925.1	1290518	1290676	+	159	9	9	17	12	2	3
gene-AM1_RS05810	NC_009925.1	1290797	1291753	+	957	43	44	96	51	18	13
gene-AM1_RS05815	NC_009925.1	1292108	1292305	+	198	9	4	20	9	3	0
gene-AM1_RS05820	NC_009925.1	1292476	1294365	+	1890	291	160	392	221	124	46
gene-AM1_RS05825	NC_009925.1	1294761	1296053	+	1293	210	258	362	184	140	104
gene-AM1_RS05830	NC_009925.1	1296434	1297063	-	630	41	77	94	61	23	27
gene-AM1_RS05835	NC_009925.1	1297394	1298650	+	1257	53	88	234	147	36	28
gene-AM1_RS05840	NC_009925.1	1299071	1300033	-	963	60	55	122	84	41	34
gene-AM1_RS05845	NC_009925.1	1300131	1300382	-	252	2	2	5	5	2	0
gene-AM1_RS05855	NC_009925.1	1300452	1301325	+	874	47	35	81	62	26	21
gene-AM1_RS05860	NC_009925.1	1301548	1302483	-	936	39	34	91	115	29	25
gene-AM1_RS40865	NC_009925.1	1302587	1302787	-	201	5	10	25	8	5	1
gene-AM1_RS05865	NC_009925.1	1302963	1303847	+	885	20	40	59	96	20	26
gene-AM1_RS05870	NC_009925.1	1303933	1304877	-	945	75	76	97	68	38	23
gene-AM1_RS44395	NC_009925.1	1305159	1305323	+	165	11	9	17	10	8	1
gene-AM1_RS05875	NC_009925.1	1305333	1306520	+	1188	53	78	159	114	52	36
gene-AM1_RS05880	NC_009925.1	1306668	1306985	-	318	8	8	15	7	2	3
gene-AM1_RS05885	NC_009925.1	1307283	1308185	-	903	43	50	109	78	27	25
gene-AM1_RS05890	NC_009925.1	1308291	1309376	+	1086	124	116	208	138	67	46
gene-AM1_RS05895	NC_009925.1	1309389	1310090	+	702	31	16	51	32	7	6
gene-AM1_RS05900	NC_009925.1	1310169	1310819	+	651	30	14	51	46	12	9
gene-AM1_RS05905	NC_009925.1	1310870	1311781	+	912	72	57	211	163	66	41
gene-AM1_RS05910	NC_009925.1	1311823	1312206	+	384	22	18	36	18	7	2
gene-AM1_RS05915	NC_009925.1	1312229	1312663	+	435	26	31	51	48	20	11
gene-AM1_RS05920	NC_009925.1	1313057	1314112	+	1056	49	50	184	112	32	26
gene-AM1_RS05925	NC_009925.1	1314245	1314709	+	465	12	15	37	40	9	6
gene-AM1_RS37500	NC_009925.1	1314825	1315691	+	867	20	28	65	76	24	29
gene-AM1_RS05940	NC_009925.1	1315700	1316038	+	339	20	25	40	24	5	7
gene-AM1_RS05945	NC_009925.1	1316153	1316776	-	624	405	229	552	507	185	147
gene-AM1_RS05950	NC_009925.1	1317089	1318282	+	1194	1532	457	1146	721	245	309
gene-AM1_RS05955	NC_009925.1	1318332	1319816	+	1485	2617	768	1617	1288	403	454
gene-AM1_RS05960	NC_009925.1	1320099	1320380	-	282	25	12	22	10	2	1
gene-AM1_RS40870	NC_009925.1	1320502	1320897	-	396	3	3	11	6	1	0
gene-AM1_RS05965	NC_009925.1	1320938	1321228	+	291	10	11	15	11	0	1
gene-AM1_RS05970	NC_009925.1	1321591	1322049	-	459	13	8	40	22	7	5
gene-AM1_RS05975	NC_009925.1	1322076	1322546	-	471	13	11	23	22	19	4
gene-AM1_RS05980	NC_009925.1	1322615	1322803	-	189	9	3	15	15	3	3
gene-AM1_RS38540	NC_009925.1	1323050	1323271	+	222	18	14	36	13	13	9
gene-AM1_RS43065	NC_009925.1	1323300	1323809	-	510	51	48	73	95	19	27
gene-AM1_RS43070	NC_009925.1	1323827	1324174	-	348	5	6	21	19	4	2
gene-AM1_RS05990	NC_009925.1	1324768	1325571	-	804	482	802	742	338	291	217
gene-AM1_RS05995	NC_009925.1	1325574	1325876	-	303	261	315	454	202	167	103
gene-AM1_RS06000	NC_009925.1	1325881	1326090	-	210	242	254	491	310	119	106
gene-AM1_RS06005	NC_009925.1	1326233	1327306	-	1074	88	103	217	106	55	30
gene-AM1_RS06010	NC_009925.1	1327352	1329505	-	2154	1057	1046	2518	1479	960	687
gene-AM1_RS06015	NC_009925.1	1329804	1330832	+	1029	1163	1478	2352	1211	1414	759
gene-AM1_RS06020	NC_009925.1	1330958	1331401	+	444	180	213	250	118	103	41
gene-AM1_RS06025	NC_009925.1	1331413	1332207	-	795	82	97	144	91	51	43
gene-AM1_RS06030	NC_009925.1	1332259	1332735	-	477	123	134	151	137	47	30
gene-AM1_RS06035	NC_009925.1	1333817	1334269	-	453	21941	16441	35975	44220	14417	7534
gene-AM1_RS06040	NC_009925.1	1334593	1335375	+	783	22	34	41	32	15	5
gene-AM1_RS06045	NC_009925.1	1335415	1336215	-	801	30	41	43	18	7	4
gene-AM1_RS06050	NC_009925.1	1336447	1337973	+	1527	220	260	578	467	178	148
gene-AM1_RS06055	NC_009925.1	1338055	1339245	-	1191	232	322	694	447	204	183
gene-AM1_RS06060	NC_009925.1	1339334	1341268	-	1935	278	231	497	326	219	179
gene-AM1_RS06065	NC_009925.1	1341465	1341692	+	228	46	49	173	93	49	43
gene-AM1_RS06070	NC_009925.1	1341705	1342463	+	759	462	419	583	277	273	146
gene-AM1_RS06075	NC_009925.1	1342486	1343127	-	642	532	501	857	455	371	199
gene-AM1_RS06085	NC_009925.1	1345046	1346107	-	1062	17016	15278	60585	33005	25884	10406
gene-AM1_RS06090	NC_009925.1	1346376	1347425	-	1050	36700	25258	103153	56934	45289	19843
gene-AM1_RS06095	NC_009925.1	1347891	1347963	+	73	16612	19127	8139	7769	8658	4565
gene-AM1_RS06100	NC_009925.1	1348281	1348979	+	699	2480	1824	2963	2075	1385	718
gene-AM1_RS06105	NC_009925.1	1349070	1350062	+	993	1106	1050	1212	584	489	220
gene-AM1_RS42050	NC_009925.1	1350059	1350232	-	174	75	67	54	21	22	9
gene-AM1_RS06110	NC_009925.1	1350264	1351292	+	1029	341	406	404	238	128	53
gene-AM1_RS06115	NC_009925.1	1351400	1353511	+	2112	1246	1625	2346	1716	1029	487
gene-AM1_RS06120	NC_009925.1	1353961	1355412	+	1452	302	388	414	180	148	103
gene-AM1_RS06125	NC_009925.1	1355762	1357858	+	2097	965	1315	2031	2376	1091	1493
gene-AM1_RS06130	NC_009925.1	1357980	1359800	+	1821	521	823	652	569	305	321
gene-AM1_RS06135	NC_009925.1	1359862	1360083	-	222	93	159	167	76	59	49
gene-AM1_RS06140	NC_009925.1	1360384	1361631	+	1248	81	66	204	129	74	54
gene-AM1_RS06145	NC_009925.1	1361808	1363136	+	1329	240	187	580	522	258	226
gene-AM1_RS06150	NC_009925.1	1363168	1365042	-	1875	7454	408	3177	757	1245	261
gene-AM1_RS06155	NC_009925.1	1365207	1366943	-	1737	6912	232	3111	490	1222	149
gene-AM1_RS06160	NC_009925.1	1367054	1367971	-	918	204	98	201	101	93	50
gene-AM1_RS06165	NC_009925.1	1368130	1368993	+	864	35	26	66	50	21	19
gene-AM1_RS06170	NC_009925.1	1369067	1370134	+	1068	643	716	1406	994	564	482
gene-AM1_RS06175	NC_009925.1	1370149	1370979	-	831	130	82	365	236	124	91
gene-AM1_RS06180	NC_009925.1	1371135	1371521	+	387	12	51	44	102	6	50
gene-AM1_RS06185	NC_009925.1	1371978	1372958	+	981	92	155	295	245	104	78
gene-AM1_RS06190	NC_009925.1	1373009	1373620	-	612	106	178	413	616	199	165
gene-AM1_RS06195	NC_009925.1	1373675	1375069	-	1395	91	159	276	238	114	98
gene-AM1_RS06200	NC_009925.1	1375383	1376471	+	1089	533	1205	956	1863	512	988
gene-AM1_RS06205	NC_009925.1	1376476	1377228	+	753	653	1136	1250	2971	514	865
gene-AM1_RS06210	NC_009925.1	1377225	1377944	+	720	601	870	1132	2639	461	666
gene-AM1_RS06215	NC_009925.1	1378106	1380091	+	1986	2064	2734	3684	8947	1766	2060
gene-AM1_RS06220	NC_009925.1	1380175	1380882	-	708	1590	1276	3802	2713	1882	1162
gene-AM1_RS06225	NC_009925.1	1381017	1382468	-	1452	81	87	217	110	70	37
gene-AM1_RS06230	NC_009925.1	1382511	1384610	-	2100	263	237	578	225	176	88
gene-AM1_RS06235	NC_009925.1	1385128	1386843	+	1716	4240	314	12424	412	4979	189
gene-AM1_RS06240	NC_009925.1	1386865	1388358	-	1494	558	464	1086	410	402	231
gene-AM1_RS06245	NC_009925.1	1388387	1388659	-	273	52	52	80	32	17	17
gene-AM1_RS06250	NC_009925.1	1388723	1391074	-	2352	335	330	480	252	257	154
gene-AM1_RS06255	NC_009925.1	1391346	1391696	-	351	27	43	66	36	18	21
gene-AM1_RS06260	NC_009925.1	1391932	1393110	+	1179	210	215	296	206	134	79
gene-AM1_RS06265	NC_009925.1	1393125	1393922	+	798	103	109	174	97	71	29
gene-AM1_RS06270	NC_009925.1	1393958	1394743	+	786	161	168	239	167	103	69
gene-AM1_RS06275	NC_009925.1	1394763	1395323	-	561	284	444	496	700	259	266
gene-AM1_RS06280	NC_009925.1	1395469	1396308	-	840	118	156	157	90	62	23
gene-AM1_RS06285	NC_009925.1	1396313	1397296	-	984	143	176	271	143	93	63
gene-AM1_RS06290	NC_009925.1	1397298	1398734	-	1437	122	176	306	192	106	119
gene-AM1_RS06295	NC_009925.1	1398875	1399267	-	393	18	49	29	117	10	44
gene-AM1_RS06300	NC_009925.1	1399561	1402368	-	2808	65	130	177	119	40	28
gene-AM1_RS06305	NC_009925.1	1402636	1404894	+	2259	335	588	926	470	256	240
gene-AM1_RS06310	NC_009925.1	1404940	1405257	-	318	128	246	670	598	141	155
gene-AM1_RS06315	NC_009925.1	1405559	1405675	-	117	238	239	2178	1640	346	277
gene-AM1_RS06320	NC_009925.1	1405741	1408618	-	2878	36135	35318	299527	195146	55401	39550
gene-AM1_RS06325	NC_009925.1	1408816	1408891	-	76	405	567	752	482	205	124
gene-AM1_RS06330	NC_009925.1	1408906	1408979	-	74	546	628	743	521	379	288
gene-AM1_RS06335	NC_009925.1	1409150	1410652	-	1503	13758	11743	28790	18469	17276	14275
gene-AM1_RS06340	NC_009925.1	1410996	1411622	-	627	56	55	104	91	34	29
gene-AM1_RS06345	NC_009925.1	1411647	1413320	-	1674	87	173	215	201	65	49
gene-AM1_RS06350	NC_009925.1	1413746	1417330	+	3585	281	367	464	323	132	98
gene-AM1_RS06355	NC_009925.1	1417396	1419477	-	2082	151	287	322	825	148	266
gene-AM1_RS06360	NC_009925.1	1419566	1420216	-	651	92	112	113	68	39	15
gene-AM1_RS06365	NC_009925.1	1420257	1422599	-	2343	523	762	804	664	415	359
gene-AM1_RS06370	NC_009925.1	1423016	1423786	-	771	563	788	925	839	573	355
gene-AM1_RS06375	NC_009925.1	1423838	1424437	-	600	125	219	350	156	100	83
gene-AM1_RS06380	NC_009925.1	1424550	1424999	-	450	285	315	1035	538	255	211
gene-AM1_RS06385	NC_009925.1	1425171	1425701	-	531	125	237	485	486	106	99
gene-AM1_RS06390	NC_009925.1	1425720	1425956	-	237	143	198	569	824	152	170
gene-AM1_RS06395	NC_009925.1	1426147	1426854	-	708	304	577	575	375	214	185
gene-AM1_RS06400	NC_009925.1	1426851	1427144	-	294	49	106	198	119	46	51
gene-AM1_RS06405	NC_009925.1	1427214	1428278	-	1065	133	293	304	316	115	130
gene-AM1_RS06410	NC_009925.1	1428573	1429034	+	462	5531	14783	18222	40830	5585	14803
gene-AM1_RS06415	NC_009925.1	1429134	1430699	-	1566	985	3357	3350	5055	1029	2199
gene-AM1_RS06420	NC_009925.1	1430824	1430979	-	156	802	2038	4463	9530	1202	2203
gene-AM1_RS06425	NC_009925.1	1430984	1431487	-	504	6799	19685	24065	75638	9332	22122
gene-AM1_RS06430	NC_009925.1	1431659	1432741	+	1083	75	326	157	185	48	115
gene-AM1_RS06435	NC_009925.1	1432738	1433511	+	774	60	253	79	179	32	59
gene-AM1_RS06440	NC_009925.1	1433557	1435035	-	1479	199	280	388	308	140	111
gene-AM1_RS06445	NC_009925.1	1435234	1435425	+	192	1415	1461	1959	1489	882	422
gene-AM1_RS06450	NC_009925.1	1435637	1437049	-	1413	5993	15755	13937	15408	7149	7257
gene-AM1_RS06455	NC_009925.1	1437141	1438001	-	861	2608	5217	7438	7859	2985	3192
gene-AM1_RS06460	NC_009925.1	1439128	1439655	+	528	98	249	258	276	92	124
gene-AM1_RS06465	NC_009925.1	1439843	1440916	+	1074	562	1121	1182	752	670	411
gene-AM1_RS06470	NC_009925.1	1440971	1442248	+	1278	294	797	586	395	284	173
gene-AM1_RS06475	NC_009925.1	1442331	1442519	+	189	62	119	216	122	80	39
gene-AM1_RS06480	NC_009925.1	1442532	1444322	-	1791	318	989	390	608	175	313
gene-AM1_RS06485	NC_009925.1	1444402	1445271	-	870	388	716	1016	770	292	289
gene-AM1_RS06490	NC_009925.1	1445528	1446202	-	675	6838	805	8410	826	2689	143
gene-AM1_RS06495	NC_009925.1	1446656	1447246	+	591	33	583	110	1498	43	821
gene-AM1_RS06500	NC_009925.1	1447332	1448216	+	885	84	933	176	1751	57	1101
gene-AM1_RS06505	NC_009925.1	1448246	1448524	-	279	15	112	53	177	7	70
gene-AM1_RS06510	NC_009925.1	1448506	1449222	-	717	18	136	56	93	23	57
gene-AM1_RS06515	NC_009925.1	1449412	1450116	+	705	184	261	315	234	134	99
gene-AM1_RS06520	NC_009925.1	1450125	1450577	+	453	54	72	144	89	50	30
gene-AM1_RS06525	NC_009925.1	1450607	1451869	+	1263	410	359	707	486	259	203
gene-AM1_RS06530	NC_009925.1	1451963	1452793	-	831	46	62	103	76	13	20
gene-AM1_RS06535	NC_009925.1	1452936	1453889	-	954	63	179	170	375	30	172
gene-AM1_RS06540	NC_009925.1	1454103	1454570	-	468	343	363	550	868	154	125
gene-AM1_RS06545	NC_009925.1	1454915	1455622	-	708	13	20	39	27	1	4
gene-AM1_RS06550	NC_009925.1	1456104	1457594	+	1491	38	50	109	84	41	25
gene-AM1_RS06555	NC_009925.1	1457610	1458278	+	669	50	57	133	98	51	23
gene-AM1_RS06560	NC_009925.1	1458431	1459006	+	576	26	36	92	43	17	21
gene-AM1_RS06565	NC_009925.1	1459354	1459740	+	387	11	14	37	43	10	4
gene-AM1_RS06570	NC_009925.1	1459887	1460375	+	489	12	13	31	30	19	6
gene-AM1_RS06575	NC_009925.1	1460439	1461155	+	717	22	26	49	38	22	11
gene-AM1_RS06580	NC_009925.1	1461171	1462709	-	1539	155	217	394	239	125	63
gene-AM1_RS06585	NC_009925.1	1462762	1464441	-	1680	1274	1768	4801	2977	992	886
gene-AM1_RS06590	NC_009925.1	1465604	1466872	+	1269	26	64	55	57	5	11
gene-AM1_RS06595	NC_009925.1	1467089	1468096	+	1008	17	47	51	48	12	13
gene-AM1_RS06600	NC_009925.1	1468181	1469245	-	1065	186	394	319	758	173	499
gene-AM1_RS06605	NC_009925.1	1469278	1469793	-	516	40	139	125	218	32	153
gene-AM1_RS06610	NC_009925.1	1469950	1470624	-	675	144	165	296	252	141	93
gene-AM1_RS06615	NC_009925.1	1470621	1472135	-	1515	69	117	186	143	55	41
gene-AM1_RS06620	NC_009925.1	1472148	1472759	-	612	42	76	156	67	29	34
gene-AM1_RS42055	NC_009925.1	1472788	1472925	-	138	9	6	37	18	9	3
gene-AM1_RS06630	NC_009925.1	1473560	1473946	+	387	1121	818	2173	1769	821	471
gene-AM1_RS06635	NC_009925.1	1474138	1474599	+	462	510	658	2100	2019	595	555
gene-AM1_RS06645	NC_009925.1	1475654	1475929	-	276	504	943	787	1035	202	283
gene-AM1_RS06650	NC_009925.1	1476090	1476743	-	654	114	231	238	206	105	92
gene-AM1_RS06655	NC_009925.1	1477059	1478579	+	1521	68	99	127	160	72	61
gene-AM1_RS06660	NC_009925.1	1478678	1478761	+	84	131	140	516	454	258	139
gene-AM1_RS06665	NC_009925.1	1478775	1479560	+	786	39	49	61	46	21	15
gene-AM1_RS06670	NC_009925.1	1479651	1480109	+	459	376	1589	409	1511	98	504
gene-AM1_RS06675	NC_009925.1	1480341	1481552	-	1212	39	177	153	119	33	31
gene-AM1_RS06680	NC_009925.1	1482215	1483636	+	1422	3821	5909	18140	18258	10962	7323
gene-AM1_RS06685	NC_009925.1	1484157	1485035	+	879	112	160	394	434	61	132
gene-AM1_RS06690	NC_009925.1	1485309	1488098	+	2790	45	70	133	150	21	23
gene-AM1_RS06695	NC_009925.1	1488544	1490184	+	1641	232	298	703	556	171	185
gene-AM1_RS06700	NC_009925.1	1490205	1490882	+	678	50	54	159	116	41	37
gene-AM1_RS06705	NC_009925.1	1491012	1491689	+	678	28	24	62	51	28	9
gene-AM1_RS06710	NC_009925.1	1491712	1492080	+	369	25	19	57	27	13	10
gene-AM1_RS06715	NC_009925.1	1492097	1493539	-	1443	346	597	587	396	240	186
gene-AM1_RS06720	NC_009925.1	1493820	1493891	+	72	1367	1243	783	686	764	398
gene-AM1_RS06725	NC_009925.1	1494032	1495111	+	1080	18642	12869	28656	27243	12874	8410
gene-AM1_RS06730	NC_009925.1	1495318	1497096	-	1779	11838	5435	11736	9330	5114	3808
gene-AM1_RS06735	NC_009925.1	1497745	1498206	-	462	127	75	207	91	58	28
gene-AM1_RS06740	NC_009925.1	1498233	1499378	-	1146	1099	552	3237	1332	1025	375
gene-AM1_RS39685	NC_009925.1	1499707	1500551	+	845	58	53	96	59	28	25
gene-AM1_RS06755	NC_009925.1	1500614	1501318	-	705	722	703	1187	1715	678	735
gene-AM1_RS06760	NC_009925.1	1501652	1502425	+	774	99	195	313	242	113	87
gene-AM1_RS06775	NC_009925.1	1504718	1505176	-	459	16	31	46	40	13	8
gene-AM1_RS06780	NC_009925.1	1505260	1505613	-	354	12	14	13	8	3	5
gene-AM1_RS06785	NC_009925.1	1505634	1506131	-	498	6	20	16	10	3	1
gene-AM1_RS06790	NC_009925.1	1506255	1506755	-	501	34	53	76	40	12	17
gene-AM1_RS06795	NC_009925.1	1506901	1507338	-	438	34	52	86	47	21	18
gene-AM1_RS06800	NC_009925.1	1507408	1507995	-	588	28	41	45	33	12	7
gene-AM1_RS06805	NC_009925.1	1508152	1509537	-	1386	151	216	320	170	169	104
gene-AM1_RS06810	NC_009925.1	1509610	1510656	-	1047	1039	802	1955	1386	1149	649
gene-AM1_RS06815	NC_009925.1	1510777	1511619	-	843	4280	1563	8533	1744	5122	872
gene-AM1_RS06820	NC_009925.1	1511776	1513008	+	1233	120	157	506	192	135	75
gene-AM1_RS06825	NC_009925.1	1513067	1513309	-	243	597	594	1579	1461	387	274
gene-AM1_RS06830	NC_009925.1	1513489	1513788	-	300	5542	7798	17188	15182	3955	4672
gene-AM1_RS06835	NC_009925.1	1513993	1514379	-	387	266	262	550	386	277	162
gene-AM1_RS06840	NC_009925.1	1514456	1515562	-	1107	362	365	618	357	376	183
gene-AM1_RS06845	NC_009925.1	1515761	1516495	-	735	17	32	70	46	11	17
gene-AM1_RS06850	NC_009925.1	1516831	1517694	-	864	34	81	109	272	28	92
gene-AM1_RS06855	NC_009925.1	1517991	1519457	+	1467	283	226	395	460	189	118
gene-AM1_RS06860	NC_009925.1	1519466	1520404	-	939	51	189	101	104	48	46
gene-AM1_RS06865	NC_009925.1	1521006	1522532	-	1527	5279	11045	8111	14433	4715	6298
gene-AM1_RS06870	NC_009925.1	1523271	1525091	+	1821	685	917	1113	855	463	329
gene-AM1_RS06880	NC_009925.1	1526349	1526741	+	393	73	80	263	164	57	49
gene-AM1_RS43080	NC_009925.1	1526743	1528530	+	1788	564	615	1602	827	360	267
gene-AM1_RS39690	NC_009925.1	1528937	1530069	+	1133	85	70	150	137	49	30
gene-AM1_RS06900	NC_009925.1	1530160	1530450	+	291	41	17	78	42	23	13
gene-AM1_RS06905	NC_009925.1	1530526	1530999	-	474	15	17	58	38	16	8
gene-AM1_RS06910	NC_009925.1	1531147	1531806	-	660	38	35	141	106	67	34
gene-AM1_RS06915	NC_009925.1	1532034	1532396	+	363	23	55	59	69	22	32
gene-AM1_RS06920	NC_009925.1	1532427	1533395	-	969	71	476	154	358	63	391
gene-AM1_RS06925	NC_009925.1	1533743	1533964	-	222	4	4	11	11	1	0
gene-AM1_RS06930	NC_009925.1	1534573	1535490	+	918	86	87	215	168	76	75
gene-AM1_RS06935	NC_009925.1	1535630	1538377	-	2748	91	85	227	205	76	41
gene-AM1_RS06940	NC_009925.1	1539001	1539468	-	468	12	16	24	21	11	5
gene-AM1_RS06945	NC_009925.1	1539495	1539977	-	483	1	5	13	20	1	1
gene-AM1_RS06950	NC_009925.1	1540688	1541350	+	663	190	229	468	276	150	138
gene-AM1_RS06955	NC_009925.1	1541350	1541901	+	552	209	298	490	458	152	127
gene-AM1_RS06960	NC_009925.1	1542165	1546616	-	4452	504	3943	3834	33141	456	1927
gene-AM1_RS06965	NC_009925.1	1547486	1548256	+	771	73	76	115	139	36	29
gene-AM1_RS06970	NC_009925.1	1548641	1549180	-	540	1947	843	467	471	654	184
gene-AM1_RS06975	NC_009925.1	1549342	1550520	+	1179	162	175	175	116	113	83
gene-AM1_RS06980	NC_009925.1	1550517	1551164	+	648	62	61	26	38	30	16
gene-AM1_RS06985	NC_009925.1	1551283	1551669	+	387	234	144	143	139	133	71
gene-AM1_RS06990	NC_009925.1	1551781	1552290	-	510	182	144	167	81	86	54
gene-AM1_RS06995	NC_009925.1	1552376	1553050	-	675	106	81	165	64	44	19
gene-AM1_RS07000	NC_009925.1	1553226	1553837	-	612	208	558	495	353	186	257
gene-AM1_RS07005	NC_009925.1	1553952	1554842	-	891	832	1219	1885	1731	576	705
gene-AM1_RS42060	NC_009925.1	1555066	1555242	+	177	120	79	271	93	108	23
gene-AM1_RS07010	NC_009925.1	1555259	1556326	+	1068	259	223	404	116	131	59
gene-AM1_RS07015	NC_009925.1	1556616	1557302	+	687	12	13	32	23	5	4
gene-AM1_RS07020	NC_009925.1	1557305	1557994	+	690	10	14	25	24	9	8
gene-AM1_RS07025	NC_009925.1	1558015	1558479	-	465	21	34	71	73	19	32
gene-AM1_RS07030	NC_009925.1	1558731	1559126	-	396	4	13	21	9	4	2
gene-AM1_RS07035	NC_009925.1	1559146	1561158	-	2013	79	82	157	138	45	54
gene-AM1_RS44400	NC_009925.1	1561431	1562240	+	810	31	35	117	78	12	14
gene-AM1_RS07045	NC_009925.1	1562389	1563756	+	1368	25	34	107	54	26	13
gene-AM1_RS07050	NC_009925.1	1563778	1564491	-	714	21	26	25	23	10	3
gene-AM1_RS37510	NC_009925.1	1564526	1565062	-	537	4	8	25	12	4	3
gene-AM1_RS07060	NC_009925.1	1565255	1565797	+	543	12	23	47	44	5	7
gene-AM1_RS07065	NC_009925.1	1565948	1567912	-	1965	116	149	324	212	80	72
gene-AM1_RS07070	NC_009925.1	1568029	1569024	-	996	118	107	177	111	103	84
gene-AM1_RS07075	NC_009925.1	1569274	1569675	+	402	30	39	58	38	21	21
gene-AM1_RS07080	NC_009925.1	1569982	1570437	-	456	47	96	141	98	40	42
gene-AM1_RS43905	NC_009925.1	1570932	1571063	-	132	24	32	63	26	20	13
gene-AM1_RS07095	NC_009925.1	1571495	1571767	+	273	45	70	157	183	38	30
gene-AM1_RS07100	NC_009925.1	1571767	1572135	+	369	59	64	111	91	30	30
gene-AM1_RS07105	NC_009925.1	1572281	1572640	-	360	6	15	40	16	4	3
gene-AM1_RS07110	NC_009925.1	1572848	1572991	+	144	10	9	7	7	6	1
gene-AM1_RS07115	NC_009925.1	1573288	1573446	+	159	22	5	25	13	4	0
gene-AM1_RS07125	NC_009925.1	1574529	1574726	+	198	9	5	20	10	2	0
gene-AM1_RS07130	NC_009925.1	1574946	1576853	+	1908	172	66	206	105	76	19
gene-AM1_RS07135	NC_009925.1	1577252	1578001	-	750	323	133	382	238	159	59
gene-AM1_RS07140	NC_009925.1	1578092	1579267	-	1176	132	47	214	119	101	35
gene-AM1_RS07150	NC_009925.1	1579865	1580488	+	624	30	46	95	61	17	16
gene-AM1_RS07160	NC_009925.1	1580548	1581421	+	874	65	49	124	99	56	26
gene-AM1_RS07165	NC_009925.1	1581454	1581606	+	153	17	17	22	11	9	5
gene-AM1_RS07175	NC_009925.1	1581951	1582649	-	699	50	44	55	60	28	25
gene-AM1_RS07180	NC_009925.1	1582804	1583166	+	363	5	10	31	22	11	4
gene-AM1_RS07185	NC_009925.1	1583163	1583972	-	810	23	29	107	61	25	23
gene-AM1_RS07190	NC_009925.1	1584062	1584772	+	711	11	12	30	27	9	8
gene-AM1_RS39705	NC_009925.1	1584889	1586021	+	1133	63	70	161	145	33	41
gene-AM1_RS07205	NC_009925.1	1586151	1586783	+	633	20	37	54	32	14	8
gene-AM1_RS39710	NC_009925.1	1586793	1587637	+	845	27	36	52	28	11	2
gene-AM1_RS07220	NC_009925.1	1587740	1588624	-	885	9	12	39	39	6	16
gene-AM1_RS07225	NC_009925.1	1588732	1589742	+	1011	75	47	325	243	36	44
gene-AM1_RS07230	NC_009925.1	1589858	1590730	+	873	87	74	379	332	48	51
gene-AM1_RS43920	NC_009925.1	1590789	1590914	-	126	2	1	6	5	0	0
gene-AM1_RS07235	NC_009925.1	1590936	1591772	+	837	32	37	177	179	24	19
gene-AM1_RS07240	NC_009925.1	1591772	1592767	+	996	32	34	145	162	22	16
gene-AM1_RS07245	NC_009925.1	1592781	1593599	+	819	54	65	134	93	40	31
gene-AM1_RS07250	NC_009925.1	1593644	1594054	-	411	53	61	108	53	26	20
gene-AM1_RS40890	NC_009925.1	1594354	1595058	-	705	136	168	458	340	130	133
gene-AM1_RS44230	NC_009925.1	1595535	1595699	+	165	12	14	22	16	5	5
gene-AM1_RS07260	NC_009925.1	1595982	1596548	+	567	43	42	91	63	31	36
gene-AM1_RS07265	NC_009925.1	1596554	1597735	+	1182	51	84	161	72	56	34
gene-AM1_RS07270	NC_009925.1	1597762	1600362	-	2601	1928	1893	3607	3534	1449	1114
gene-AM1_RS07275	NC_009925.1	1600466	1601125	-	660	10	13	33	32	8	5
gene-AM1_RS07280	NC_009925.1	1601317	1602090	+	774	79	47	341	187	72	46
gene-AM1_RS39715	NC_009925.1	1602217	1603349	+	1133	57	50	154	133	46	35
gene-AM1_RS07295	NC_009925.1	1603357	1604352	-	996	7	48	32	40	5	29
gene-AM1_RS07300	NC_009925.1	1604501	1604761	-	261	157	1323	1593	5829	359	1450
gene-AM1_RS07305	NC_009925.1	1604939	1605592	+	654	21	24	95	59	13	11
gene-AM1_RS07310	NC_009925.1	1605817	1606755	+	939	22	44	63	42	8	6
gene-AM1_RS07315	NC_009925.1	1606849	1607973	-	1125	106	133	234	148	81	44
gene-AM1_RS07320	NC_009925.1	1608013	1608762	-	750	485	735	788	281	342	175
gene-AM1_RS07325	NC_009925.1	1608780	1609007	-	228	317	334	765	326	180	124
gene-AM1_RS07330	NC_009925.1	1609113	1610717	-	1605	916	1318	2428	1296	752	695
gene-AM1_RS07335	NC_009925.1	1610894	1611790	-	897	101	103	261	214	73	70
gene-AM1_RS07340	NC_009925.1	1612017	1614467	+	2451	314	1150	1416	1125	322	364
gene-AM1_RS07345	NC_009925.1	1614506	1615060	+	555	188	462	1929	1748	443	456
gene-AM1_RS07350	NC_009925.1	1615071	1615781	-	711	41	152	375	234	89	120
gene-AM1_RS07355	NC_009925.1	1615936	1617081	-	1146	152	223	356	380	191	257
gene-AM1_RS07360	NC_009925.1	1617414	1619633	-	2220	199	330	361	651	148	202
gene-AM1_RS07365	NC_009925.1	1619885	1620193	-	309	21	36	44	114	25	29
gene-AM1_RS07370	NC_009925.1	1620586	1621041	+	456	641	579	1043	826	397	274
gene-AM1_RS07375	NC_009925.1	1621120	1622256	+	1137	222	328	806	429	164	103
gene-AM1_RS07380	NC_009925.1	1622297	1624030	+	1734	430	482	847	515	386	202
gene-AM1_RS07385	NC_009925.1	1624123	1624773	+	651	34	51	64	40	13	20
gene-AM1_RS07390	NC_009925.1	1624770	1629254	-	4485	232	356	593	593	241	148
gene-AM1_RS07395	NC_009925.1	1631072	1631872	+	801	51	61	112	66	33	25
gene-AM1_RS07400	NC_009925.1	1632834	1635515	+	2682	340	434	579	359	294	164
gene-AM1_RS07405	NC_009925.1	1635648	1637585	-	1938	246	458	585	603	246	276
gene-AM1_RS07410	NC_009925.1	1637710	1637928	-	219	46	125	124	201	21	94
gene-AM1_RS07415	NC_009925.1	1638044	1638289	-	246	2508	9597	10705	25852	2527	7163
gene-AM1_RS07420	NC_009925.1	1638488	1639192	-	705	112	136	193	173	70	105
gene-AM1_RS07425	NC_009925.1	1639278	1643909	-	4632	3482	1712	4542	1926	2358	670
gene-AM1_RS07430	NC_009925.1	1644369	1645106	-	738	16	15	49	21	7	4
gene-AM1_RS07435	NC_009925.1	1645142	1645654	-	513	5	10	25	16	1	4
gene-AM1_RS07440	NC_009925.1	1645678	1646421	+	744	4	4	27	20	3	4
gene-AM1_RS07445	NC_009925.1	1646415	1647218	-	804	17	23	49	35	18	16
gene-AM1_RS07460	NC_009925.1	1648944	1650737	+	1794	430	672	922	889	355	337
gene-AM1_RS07465	NC_009925.1	1650764	1651030	-	267	323	314	547	463	158	127
gene-AM1_RS07470	NC_009925.1	1651975	1652538	-	564	51	34	96	81	27	23
gene-AM1_RS07475	NC_009925.1	1652576	1653700	-	1125	77	82	155	57	56	24
gene-AM1_RS07480	NC_009925.1	1653707	1654336	-	630	130	123	326	141	123	96
gene-AM1_RS07485	NC_009925.1	1654457	1654726	+	270	30	52	93	68	45	24
gene-AM1_RS07490	NC_009925.1	1654844	1655266	+	423	74	101	182	95	45	38
gene-AM1_RS07495	NC_009925.1	1655436	1656290	+	855	23	44	49	30	8	13
gene-AM1_RS07500	NC_009925.1	1656394	1656816	+	423	21	37	47	38	7	10
gene-AM1_RS07505	NC_009925.1	1657001	1657648	+	648	22	37	140	78	21	11
gene-AM1_RS07510	NC_009925.1	1657692	1659341	-	1650	145	187	429	323	146	85
gene-AM1_RS43930	NC_009925.1	1659343	1659477	+	135	7	4	23	10	13	5
gene-AM1_RS07515	NC_009925.1	1659528	1661030	-	1503	651	815	2898	2770	1241	957
gene-AM1_RS07520	NC_009925.1	1661299	1663818	+	2520	217	339	655	448	359	241
gene-AM1_RS07525	NC_009925.1	1663836	1665344	+	1509	283	664	1767	2714	772	1176
gene-AM1_RS07530	NC_009925.1	1665881	1669024	+	3144	50	71	178	146	37	29
gene-AM1_RS43100	NC_009925.1	1669159	1669920	+	762	42	39	75	40	23	13
gene-AM1_RS07535	NC_009925.1	1669938	1671221	-	1284	435	329	572	200	239	74
gene-AM1_RS07540	NC_009925.1	1671270	1672883	-	1614	3499	2334	6087	3033	3213	1295
gene-AM1_RS07545	NC_009925.1	1673033	1673716	-	684	144	174	375	144	115	62
gene-AM1_RS07550	NC_009925.1	1673702	1674988	+	1287	648	656	832	389	540	293
gene-AM1_RS07555	NC_009925.1	1675101	1677335	+	2235	382	469	1174	1024	423	360
gene-AM1_RS07560	NC_009925.1	1677424	1678059	+	636	70	58	166	64	62	20
gene-AM1_RS07565	NC_009925.1	1678165	1679040	+	876	145	82	244	102	106	58
gene-AM1_RS07570	NC_009925.1	1679067	1679666	+	600	104	60	221	101	79	52
gene-AM1_RS07575	NC_009925.1	1679848	1680309	+	462	33	33	70	36	27	12
gene-AM1_RS07580	NC_009925.1	1680368	1681699	+	1332	402	388	554	177	330	128
gene-AM1_RS07585	NC_009925.1	1682041	1683456	+	1416	12150	2367	23984	2167	10350	634
gene-AM1_RS07590	NC_009925.1	1683514	1685799	-	2286	1125	854	2408	1702	1015	772
gene-AM1_RS07595	NC_009925.1	1686106	1686858	+	753	144	294	482	342	99	120
gene-AM1_RS07600	NC_009925.1	1687347	1689371	+	2025	2422	4628	4042	4132	2151	1545
gene-AM1_RS07605	NC_009925.1	1689388	1690164	-	777	115	207	214	154	103	57
gene-AM1_RS07610	NC_009925.1	1690308	1691324	+	1017	182	226	405	221	134	105
gene-AM1_RS07615	NC_009925.1	1691558	1692817	+	1260	741	979	1187	1220	484	478
gene-AM1_RS07620	NC_009925.1	1692879	1694384	+	1506	758	1213	1181	1026	494	417
gene-AM1_RS07625	NC_009925.1	1694565	1695116	+	552	62	143	109	84	35	21
gene-AM1_RS07630	NC_009925.1	1695128	1696681	-	1554	646	898	1000	1157	401	470
gene-AM1_RS07635	NC_009925.1	1696704	1698338	-	1635	452	767	676	1117	431	645
gene-AM1_RS07640	NC_009925.1	1698707	1700833	-	2127	1043	831	2971	3165	906	1059
gene-AM1_RS37890	NC_009925.1	1701275	1701688	+	414	60421	65659	218868	165286	32019	37159
gene-AM1_RS07645	NC_009925.1	1701744	1702487	+	744	143	133	183	140	57	33
gene-AM1_RS07650	NC_009925.1	1702572	1703573	+	1002	2167	2351	4239	4313	1957	1500
gene-AM1_RS07655	NC_009925.1	1703608	1704927	-	1320	437	738	874	596	368	316
gene-AM1_RS07660	NC_009925.1	1705196	1706212	+	1017	44	61	65	56	16	23
gene-AM1_RS07665	NC_009925.1	1706748	1707473	-	726	63	61	100	51	14	27
gene-AM1_RS07670	NC_009925.1	1707570	1707782	+	213	8	14	32	15	14	8
gene-AM1_RS07675	NC_009925.1	1707753	1708463	-	711	46	48	86	45	47	22
gene-AM1_RS07680	NC_009925.1	1708531	1709682	+	1152	64	60	152	79	41	26
gene-AM1_RS07685	NC_009925.1	1709772	1711889	-	2118	66	125	151	140	60	48
gene-AM1_RS07690	NC_009925.1	1711876	1712346	-	471	14	32	29	79	11	30
gene-AM1_RS07695	NC_009925.1	1712343	1713815	-	1473	20	70	43	85	14	50
gene-AM1_RS07700	NC_009925.1	1713974	1715341	-	1368	22	40	108	86	24	31
gene-AM1_RS07705	NC_009925.1	1715564	1716556	+	993	153	399	392	665	182	290
gene-AM1_RS07710	NC_009925.1	1716628	1716858	+	231	47	87	131	168	43	41
gene-AM1_RS07715	NC_009925.1	1716867	1718435	+	1569	282	676	536	712	182	277
gene-AM1_RS07720	NC_009925.1	1718455	1719048	+	594	108	203	250	488	70	120
gene-AM1_RS07725	NC_009925.1	1719132	1720208	+	1077	127	468	360	477	143	346
gene-AM1_RS07730	NC_009925.1	1720343	1720942	-	600	1630	1371	3691	3201	2623	2387
gene-AM1_RS07735	NC_009925.1	1721954	1722964	+	1011	190	182	287	208	206	112
gene-AM1_RS07740	NC_009925.1	1722961	1724928	-	1968	454	1080	986	975	344	430
gene-AM1_RS07745	NC_009925.1	1725334	1726614	+	1281	452	408	1073	998	454	468
gene-AM1_RS07750	NC_009925.1	1726596	1727876	-	1281	333	610	573	248	167	106
gene-AM1_RS07755	NC_009925.1	1727909	1728412	-	504	697	719	1912	881	547	316
gene-AM1_RS07760	NC_009925.1	1728412	1728798	-	387	882	996	4625	2704	1584	636
gene-AM1_RS07765	NC_009925.1	1728865	1729074	-	210	316	331	1912	659	398	285
gene-AM1_RS07770	NC_009925.1	1729583	1730845	-	1263	55	100	164	95	30	22
gene-AM1_RS07775	NC_009925.1	1731101	1732840	-	1740	60	80	212	148	54	43
gene-AM1_RS07780	NC_009925.1	1732999	1735242	+	2244	202	329	641	578	198	154
gene-AM1_RS07785	NC_009925.1	1735333	1735725	+	393	247	53	558	66	216	19
gene-AM1_RS07790	NC_009925.1	1735722	1736018	-	297	40	30	123	42	47	10
gene-AM1_RS07795	NC_009925.1	1736030	1736338	-	309	44	39	148	60	36	26
gene-AM1_RS07800	NC_009925.1	1736410	1737450	+	1041	86	102	257	174	85	118
gene-AM1_RS07805	NC_009925.1	1737447	1738706	+	1260	93	110	216	174	61	45
gene-AM1_RS07810	NC_009925.1	1738731	1739282	-	552	51	135	148	110	28	34
gene-AM1_RS07815	NC_009925.1	1739395	1739967	-	573	29	51	64	64	17	39
gene-AM1_RS07820	NC_009925.1	1740097	1741029	-	933	144	178	288	215	151	87
gene-AM1_RS07825	NC_009925.1	1741078	1741887	-	810	56	61	81	63	24	19
gene-AM1_RS07830	NC_009925.1	1743277	1743510	+	234	10	9	18	23	7	11
gene-AM1_RS07835	NC_009925.1	1743784	1744017	+	234	5	5	22	15	2	3
gene-AM1_RS07840	NC_009925.1	1744187	1744420	+	234	1	8	8	5	1	1
gene-AM1_RS07845	NC_009925.1	1744518	1744823	+	306	36	45	55	30	9	9
gene-AM1_RS07850	NC_009925.1	1745049	1746353	+	1305	9	10	48	36	5	7
gene-AM1_RS07855	NC_009925.1	1746387	1748576	+	2190	38	47	121	83	29	21
gene-AM1_RS07860	NC_009925.1	1748601	1748918	+	318	5	10	29	16	11	1
gene-AM1_RS07865	NC_009925.1	1749000	1750340	+	1341	91	136	340	263	114	103
gene-AM1_RS07870	NC_009925.1	1750497	1751864	+	1368	126	142	180	137	72	38
gene-AM1_RS07875	NC_009925.1	1752211	1752555	+	345	47	66	86	137	38	39
gene-AM1_RS07880	NC_009925.1	1752664	1753041	+	378	28	47	108	79	25	32
gene-AM1_RS07885	NC_009925.1	1753044	1754594	+	1551	87	126	231	178	66	66
gene-AM1_RS07890	NC_009925.1	1754790	1756157	+	1368	1100	1086	1153	840	336	235
gene-AM1_RS07895	NC_009925.1	1756278	1759454	+	3177	1405	1229	1269	1013	430	273
gene-AM1_RS42070	NC_009925.1	1759729	1759893	+	165	12	25	9	16	1	3
gene-AM1_RS07900	NC_009925.1	1760131	1760619	-	489	15	77	34	82	4	11
gene-AM1_RS07905	NC_009925.1	1761541	1763838	-	2298	110	216	320	329	161	119
gene-AM1_RS07910	NC_009925.1	1764037	1765296	+	1260	191	156	447	478	145	153
gene-AM1_RS07915	NC_009925.1	1765948	1766847	-	900	105	121	211	168	64	42
gene-AM1_RS07925	NC_009925.1	1767775	1768428	-	654	74	79	129	106	21	31
gene-AM1_RS43105	NC_009925.1	1768580	1768816	-	237	0	2	14	2	1	0
gene-AM1_RS43110	NC_009925.1	1768701	1768949	-	249	0	2	3	1	0	0
gene-AM1_RS07935	NC_009925.1	1769008	1770426	+	1419	30	39	65	35	14	15
gene-AM1_RS07940	NC_009925.1	1770410	1770592	-	183	3	2	9	10	1	1
gene-AM1_RS07945	NC_009925.1	1771175	1772245	-	1071	141	86	149	202	54	72
gene-AM1_RS07950	NC_009925.1	1772270	1773520	-	1251	790	147	148	210	68	139
gene-AM1_RS07955	NC_009925.1	1773631	1774257	-	627	1324	250	198	550	111	340
gene-AM1_RS07960	NC_009925.1	1774474	1774821	-	348	19329	1685	1268	5815	907	1700
gene-AM1_RS07965	NC_009925.1	1774874	1775275	-	402	24504	2109	871	3651	715	2031
gene-AM1_RS07970	NC_009925.1	1775408	1776838	-	1431	158472	13899	6361	36759	7191	17474
gene-AM1_RS07975	NC_009925.1	1777482	1778033	+	552	374	235	582	179	155	74
gene-AM1_RS07980	NC_009925.1	1778108	1779010	-	903	188	142	240	131	64	58
gene-AM1_RS07985	NC_009925.1	1779016	1779702	-	687	114	135	239	150	68	55
gene-AM1_RS07990	NC_009925.1	1779832	1781292	-	1461	146	115	222	150	91	66
gene-AM1_RS07995	NC_009925.1	1781592	1781915	+	324	161	181	314	361	95	62
gene-AM1_RS08000	NC_009925.1	1781977	1782510	+	534	1183	912	2171	2314	730	633
gene-AM1_RS08005	NC_009925.1	1782607	1783257	-	651	643	740	838	519	322	190
gene-AM1_RS08010	NC_009925.1	1783364	1783681	-	318	1257	1127	1199	723	593	164
gene-AM1_RS08015	NC_009925.1	1783826	1785055	-	1230	13709	11607	13925	13268	9283	4014
gene-AM1_RS08020	NC_009925.1	1785081	1787156	-	2076	6175	7209	6047	2845	2817	1248
gene-AM1_RS08025	NC_009925.1	1787254	1787724	-	471	3908	4515	2676	1857	2006	760
gene-AM1_RS08030	NC_009925.1	1787934	1788308	-	375	3462	4352	3792	1986	1674	869
gene-AM1_RS08035	NC_009925.1	1788390	1788746	-	357	622	643	1454	944	443	271
gene-AM1_RS08040	NC_009925.1	1788878	1789804	-	927	413	498	789	766	305	298
gene-AM1_RS08045	NC_009925.1	1789801	1791264	-	1464	691	740	1091	956	562	529
gene-AM1_RS08050	NC_009925.1	1791691	1792443	+	753	71	105	148	119	39	60
gene-AM1_RS43115	NC_009925.1	1792596	1793957	+	1362	606	614	1004	704	430	339
gene-AM1_RS08060	NC_009925.1	1793996	1794373	+	378	82	148	186	141	30	67
gene-AM1_RS08065	NC_009925.1	1794488	1795540	+	1053	298	535	409	350	237	203
gene-AM1_RS08070	NC_009925.1	1795689	1796336	+	648	442	503	1680	1229	541	393
gene-AM1_RS08075	NC_009925.1	1796333	1796611	-	279	104	116	142	82	56	35
gene-AM1_RS08080	NC_009925.1	1796695	1798065	-	1371	1176	1324	2153	1374	815	556
gene-AM1_RS08085	NC_009925.1	1798099	1798836	-	738	488	542	828	425	229	192
gene-AM1_RS08090	NC_009925.1	1798887	1800338	-	1452	1808	1935	2746	2859	905	1271
gene-AM1_RS08095	NC_009925.1	1800448	1800939	-	492	186	196	416	186	134	84
gene-AM1_RS08100	NC_009925.1	1801197	1801415	+	219	535	1025	2169	1320	515	762
gene-AM1_RS08105	NC_009925.1	1801573	1803390	-	1818	2429	1459	2637	2357	1943	757
gene-AM1_RS08110	NC_009925.1	1803536	1804096	-	561	49	94	98	67	28	22
gene-AM1_RS08115	NC_009925.1	1804146	1804487	-	342	19	36	41	34	7	10
gene-AM1_RS44405	NC_009925.1	1804393	1804635	-	243	1	8	11	12	4	10
gene-AM1_RS08120	NC_009925.1	1804590	1805174	-	585	22	32	84	68	18	29
gene-AM1_RS08125	NC_009925.1	1805590	1806309	-	720	28	47	79	57	16	14
gene-AM1_RS08130	NC_009925.1	1806312	1807466	-	1155	85	107	150	108	53	42
gene-AM1_RS08135	NC_009925.1	1807476	1808660	-	1185	512	520	856	535	303	262
gene-AM1_RS08145	NC_009925.1	1808879	1809277	+	399	680	379	462	682	127	149
gene-AM1_RS08150	NC_009925.1	1809436	1809825	+	390	210	266	328	484	80	210
gene-AM1_RS08155	NC_009925.1	1809828	1811177	-	1350	422	677	841	708	241	319
gene-AM1_RS08160	NC_009925.1	1811182	1812630	-	1449	3154	4335	5643	8661	2232	4074
gene-AM1_RS08165	NC_009925.1	1812757	1812833	-	77	42397	53262	14267	13725	34815	31962
gene-AM1_RS08170	NC_009925.1	1813208	1814923	+	1716	446	736	570	737	195	382
gene-AM1_RS08175	NC_009925.1	1815011	1816126	-	1116	1720	1918	5082	4358	2683	2427
gene-AM1_RS08180	NC_009925.1	1816762	1819146	-	2385	1236	2023	3466	3117	1204	1157
gene-AM1_RS08185	NC_009925.1	1819143	1820609	-	1467	87	139	310	210	120	117
gene-AM1_RS08190	NC_009925.1	1820756	1822345	+	1590	81	98	212	166	45	50
gene-AM1_RS08195	NC_009925.1	1822483	1823988	+	1506	485	599	1156	597	449	347
gene-AM1_RS08200	NC_009925.1	1824138	1824992	+	855	298	285	449	356	379	396
gene-AM1_RS08205	NC_009925.1	1825018	1825509	-	492	135	66	216	45	101	44
gene-AM1_RS08210	NC_009925.1	1825900	1826829	+	930	57	121	113	279	23	50
gene-AM1_RS08215	NC_009925.1	1826794	1828116	-	1323	55	48	136	109	56	27
gene-AM1_RS08220	NC_009925.1	1828207	1829091	-	885	62	84	157	112	61	46
gene-AM1_RS08225	NC_009925.1	1829213	1829797	+	585	487	239	1203	212	427	99
gene-AM1_RS08230	NC_009925.1	1829811	1831703	-	1893	142	116	259	195	71	53
gene-AM1_RS08235	NC_009925.1	1832254	1832994	-	741	73	86	155	113	41	32
gene-AM1_RS08240	NC_009925.1	1833171	1833821	+	651	88	140	222	124	44	53
gene-AM1_RS08245	NC_009925.1	1833818	1834474	-	657	73	143	107	132	58	50
gene-AM1_RS08250	NC_009925.1	1834528	1834794	-	267	51	100	100	149	26	33
gene-AM1_RS08255	NC_009925.1	1835000	1835761	-	762	131	185	279	150	90	53
gene-AM1_RS08260	NC_009925.1	1836124	1836864	+	741	342	517	636	535	197	240
gene-AM1_RS08265	NC_009925.1	1836867	1837631	+	765	203	284	407	453	204	180
gene-AM1_RS08270	NC_009925.1	1837631	1838566	+	936	127	192	339	289	111	150
gene-AM1_RS08275	NC_009925.1	1838571	1838903	-	333	75	69	148	87	34	18
gene-AM1_RS08280	NC_009925.1	1839055	1839792	-	738	99	149	156	127	89	62
gene-AM1_RS08285	NC_009925.1	1839838	1840671	-	834	185	189	252	163	99	78
gene-AM1_RS08290	NC_009925.1	1840793	1842301	-	1509	23	31	76	61	26	20
gene-AM1_RS08295	NC_009925.1	1842348	1843013	+	666	33	34	80	38	27	20
gene-AM1_RS08300	NC_009925.1	1843032	1843499	-	468	29	18	47	22	10	7
gene-AM1_RS42075	NC_009925.1	1843678	1843821	+	144	19	7	2	4	1	0
gene-AM1_RS08305	NC_009925.1	1843805	1844857	+	1053	111	134	180	114	39	33
gene-AM1_RS08310	NC_009925.1	1844964	1845443	+	480	27	30	53	40	20	21
gene-AM1_RS08315	NC_009925.1	1845550	1846035	+	486	40	59	68	44	31	18
gene-AM1_RS08320	NC_009925.1	1846222	1846773	-	552	748	639	1350	926	662	370
gene-AM1_RS08325	NC_009925.1	1846825	1847316	-	492	156	184	452	333	141	138
gene-AM1_RS08330	NC_009925.1	1847609	1848982	+	1374	123	168	294	296	103	123
gene-AM1_RS08335	NC_009925.1	1848993	1850630	+	1638	603	687	985	886	360	252
gene-AM1_RS08340	NC_009925.1	1850791	1851780	+	990	699	996	1600	1322	720	941
gene-AM1_RS08345	NC_009925.1	1851960	1853123	+	1164	1611	1101	2209	1659	930	706
gene-AM1_RS08350	NC_009925.1	1853399	1853722	+	324	445	1384	1523	2300	437	947
gene-AM1_RS08355	NC_009925.1	1853880	1854977	+	1098	73	224	194	249	92	125
gene-AM1_RS08360	NC_009925.1	1855287	1859831	+	4545	386	701	932	1166	309	344
gene-AM1_RS08365	NC_009925.1	1859883	1860506	-	624	231	252	434	225	56	52
gene-AM1_RS08370	NC_009925.1	1860623	1861012	+	390	184	132	660	518	81	117
gene-AM1_RS08375	NC_009925.1	1861021	1861587	-	567	138	171	524	321	76	73
gene-AM1_RS08380	NC_009925.1	1861771	1862370	-	600	227	464	519	927	216	499
gene-AM1_RS08385	NC_009925.1	1862751	1863497	-	747	97	111	352	317	82	92
gene-AM1_RS08390	NC_009925.1	1863708	1871489	-	7782	125	142	1136	1023	203	74
gene-AM1_RS08395	NC_009925.1	1872556	1873524	+	969	55	516	173	722	59	321
gene-AM1_RS08400	NC_009925.1	1874156	1875385	+	1230	469	775	834	756	536	423
gene-AM1_RS08405	NC_009925.1	1875404	1876246	+	843	135	174	221	157	70	67
gene-AM1_RS08410	NC_009925.1	1876309	1876512	-	204	23	42	61	88	7	25
gene-AM1_RS44410	NC_009925.1	1876509	1876685	-	177	4	11	19	6	6	0
gene-AM1_RS08415	NC_009925.1	1876832	1877803	+	972	77	96	214	110	59	51
gene-AM1_RS08420	NC_009925.1	1878213	1878479	+	267	194	203	312	189	148	47
gene-AM1_RS08425	NC_009925.1	1878476	1879156	+	681	614	693	461	248	290	127
gene-AM1_RS37535	NC_009925.1	1879181	1884004	-	4824	118	138	306	199	49	33
gene-AM1_RS08435	NC_009925.1	1885154	1887607	+	2454	265	258	650	486	205	164
gene-AM1_RS08440	NC_009925.1	1887646	1888656	+	1011	52	49	135	103	52	31
gene-AM1_RS08445	NC_009925.1	1888701	1889951	-	1251	62	94	105	78	43	20
gene-AM1_RS08450	NC_009925.1	1889967	1890932	-	966	71	106	119	88	50	43
gene-AM1_RS08455	NC_009925.1	1891050	1892201	-	1152	162	227	238	213	119	98
gene-AM1_RS08460	NC_009925.1	1892231	1893031	-	801	69	89	135	166	59	55
gene-AM1_RS08465	NC_009925.1	1893028	1894176	-	1149	36	94	107	83	35	21
gene-AM1_RS40895	NC_009925.1	1894173	1894343	-	171	2	5	7	4	2	0
gene-AM1_RS43120	NC_009925.1	1894347	1894949	-	603	30	41	83	68	16	18
gene-AM1_RS08475	NC_009925.1	1895059	1895595	-	537	39	70	122	92	28	38
gene-AM1_RS08480	NC_009925.1	1895635	1896699	-	1065	91	111	145	82	76	56
gene-AM1_RS08485	NC_009925.1	1896813	1897517	-	705	110	165	185	125	109	49
gene-AM1_RS08495	NC_009925.1	1897787	1898947	-	1161	150	169	220	136	101	69
gene-AM1_RS44235	NC_009925.1	1899178	1900602	-	1425	193	193	332	210	122	97
gene-AM1_RS08505	NC_009925.1	1900904	1902124	-	1221	83	152	150	97	59	29
gene-AM1_RS08510	NC_009925.1	1902149	1902922	-	774	220	219	330	270	202	74
gene-AM1_RS08515	NC_009925.1	1902931	1903686	-	756	90	137	180	127	93	41
gene-AM1_RS08520	NC_009925.1	1903707	1905215	-	1509	186	276	703	322	240	126
gene-AM1_RS08525	NC_009925.1	1905250	1907541	-	2292	3328	3250	9264	5183	4140	2412
gene-AM1_RS08530	NC_009925.1	1907552	1908676	-	1125	1001	879	2919	1439	1109	733
gene-AM1_RS08535	NC_009925.1	1909133	1910947	-	1815	329	428	706	431	210	168
gene-AM1_RS42080	NC_009925.1	1911328	1911468	-	141	1764	1337	5220	3803	1686	979
gene-AM1_RS42085	NC_009925.1	1911653	1911793	-	141	749	784	3255	2936	931	712
gene-AM1_RS08540	NC_009925.1	1912080	1914050	-	1971	198	195	268	173	108	55
gene-AM1_RS08545	NC_009925.1	1914071	1915288	-	1218	113	86	225	127	45	34
gene-AM1_RS08550	NC_009925.1	1915278	1916183	-	906	105	100	144	82	52	38
gene-AM1_RS08555	NC_009925.1	1916313	1917236	-	924	29	112	69	71	33	22
gene-AM1_RS08560	NC_009925.1	1917251	1917859	-	609	44	121	124	120	46	47
gene-AM1_RS08565	NC_009925.1	1917930	1918388	-	459	371	516	1001	766	238	297
gene-AM1_RS08570	NC_009925.1	1918372	1918677	-	306	257	372	1094	1142	270	290
gene-AM1_RS08575	NC_009925.1	1918866	1920068	-	1203	90	128	295	273	115	168
gene-AM1_RS08580	NC_009925.1	1920232	1921134	+	903	84	73	156	129	67	52
gene-AM1_RS08585	NC_009925.1	1921412	1922311	-	900	31	49	126	120	15	16
gene-AM1_RS08590	NC_009925.1	1922352	1922612	-	261	9	12	35	20	3	3
gene-AM1_RS44240	NC_009925.1	1922609	1922809	-	201	24	21	44	27	9	6
gene-AM1_RS08600	NC_009925.1	1922983	1924293	-	1311	34	47	93	106	22	17
gene-AM1_RS08605	NC_009925.1	1924427	1924500	+	74	302	356	229	194	337	187
gene-AM1_RS08610	NC_009925.1	1924565	1925209	+	645	133	163	155	56	73	35
gene-AM1_RS08615	NC_009925.1	1925202	1926497	-	1296	1370	1857	2819	2276	1584	1178
gene-AM1_RS08620	NC_009925.1	1926586	1927986	-	1401	563	592	365	268	315	175
gene-AM1_RS08625	NC_009925.1	1928072	1928764	+	693	264	277	232	122	110	62
gene-AM1_RS08630	NC_009925.1	1928813	1929139	-	327	375	489	268	180	225	93
gene-AM1_RS08635	NC_009925.1	1929311	1930075	-	765	121	179	522	390	104	139
gene-AM1_RS08640	NC_009925.1	1930277	1930771	-	495	342	407	967	970	303	404
gene-AM1_RS08645	NC_009925.1	1930887	1931402	-	516	87	130	277	251	74	130
gene-AM1_RS08650	NC_009925.1	1931548	1931754	-	207	51	72	109	152	13	47
gene-AM1_RS08655	NC_009925.1	1932053	1933333	+	1281	1174	1041	2779	2128	1054	845
gene-AM1_RS08660	NC_009925.1	1933471	1934520	+	1050	666	429	2482	507	715	218
gene-AM1_RS42090	NC_009925.1	1934581	1934736	-	156	9	12	34	6	16	4
gene-AM1_RS08665	NC_009925.1	1934791	1936050	+	1260	418	618	670	437	241	181
gene-AM1_RS08675	NC_009925.1	1936500	1936949	+	450	1779	766	2168	626	429	183
gene-AM1_RS08680	NC_009925.1	1937063	1938766	+	1704	2183	298	5214	633	2113	169
gene-AM1_RS08685	NC_009925.1	1938893	1940674	+	1782	446	398	649	524	417	428
gene-AM1_RS08690	NC_009925.1	1940714	1941319	+	606	209	287	219	145	70	66
gene-AM1_RS08695	NC_009925.1	1941548	1944016	+	2469	17814	18538	26771	27043	10773	9450
gene-AM1_RS08700	NC_009925.1	1944098	1945033	+	936	323	327	620	381	201	158
gene-AM1_RS08705	NC_009925.1	1945228	1945659	+	432	46	64	192	248	31	91
gene-AM1_RS08710	NC_009925.1	1945746	1946081	+	336	776	64	2285	323	774	64
gene-AM1_RS08715	NC_009925.1	1946291	1946968	-	678	62	65	97	54	31	15
gene-AM1_RS08725	NC_009925.1	1947248	1947853	-	606	6	13	65	25	12	10
gene-AM1_RS08730	NC_009925.1	1947995	1948831	+	837	44	74	168	92	54	40
gene-AM1_RS08735	NC_009925.1	1948828	1950369	-	1542	100	356	434	754	179	356
gene-AM1_RS08740	NC_009925.1	1950890	1951369	+	480	4	13	21	20	3	3
gene-AM1_RS08745	NC_009925.1	1951388	1951942	+	555	4	17	11	23	0	5
gene-AM1_RS08750	NC_009925.1	1952037	1953074	+	1038	77	159	161	138	91	68
gene-AM1_RS08755	NC_009925.1	1953217	1953426	+	210	54	56	103	51	28	25
gene-AM1_RS08760	NC_009925.1	1953609	1954772	+	1164	319	210	647	216	225	91
gene-AM1_RS08765	NC_009925.1	1954774	1956606	-	1833	167	209	455	529	194	197
gene-AM1_RS08770	NC_009925.1	1956655	1957107	-	453	37	69	153	200	50	72
gene-AM1_RS08775	NC_009925.1	1957526	1958545	+	1020	52	250	97	728	59	335
gene-AM1_RS08780	NC_009925.1	1958545	1961328	+	2784	86	366	232	1171	61	426
gene-AM1_RS08785	NC_009925.1	1961605	1962102	+	498	174	140	69	145	15	35
gene-AM1_RS08790	NC_009925.1	1962102	1962695	+	594	81	69	29	46	8	15
gene-AM1_RS38230	NC_009925.1	1962845	1964458	+	1614	33	41	81	58	17	18
gene-AM1_RS08800	NC_009925.1	1964612	1965253	-	642	57	98	150	75	47	36
gene-AM1_RS08805	NC_009925.1	1965274	1966122	-	849	1002	1446	917	602	643	414
gene-AM1_RS08810	NC_009925.1	1966322	1966843	+	522	54	68	113	51	28	31
gene-AM1_RS08815	NC_009925.1	1967308	1967856	+	549	23	42	91	41	25	10
gene-AM1_RS08820	NC_009925.1	1968011	1970539	+	2529	158	276	396	316	130	103
gene-AM1_RS08825	NC_009925.1	1970780	1971229	+	450	27	41	85	45	29	23
gene-AM1_RS08830	NC_009925.1	1971304	1971696	+	393	4	11	28	26	4	0
gene-AM1_RS08835	NC_009925.1	1971818	1972915	+	1098	30	50	111	66	44	28
gene-AM1_RS08840	NC_009925.1	1972907	1974802	-	1896	153	160	367	213	125	105
gene-AM1_RS42095	NC_009925.1	1974896	1975051	-	156	18	20	141	25	23	10
gene-AM1_RS08845	NC_009925.1	1975249	1975608	-	360	639	330	2505	875	701	197
gene-AM1_RS08850	NC_009925.1	1975883	1977052	-	1170	94	268	296	169	84	80
gene-AM1_RS08855	NC_009925.1	1977068	1977580	-	513	198	405	604	385	159	161
gene-AM1_RS08860	NC_009925.1	1977816	1978484	+	669	58	90	188	105	77	44
gene-AM1_RS08865	NC_009925.1	1978708	1980207	+	1500	109	170	209	135	64	48
gene-AM1_RS08870	NC_009925.1	1980262	1980603	+	342	12	21	42	22	14	13
gene-AM1_RS08875	NC_009925.1	1980592	1981782	-	1191	173	549	386	335	141	156
gene-AM1_RS08880	NC_009925.1	1981907	1982767	-	861	711	3100	1119	3042	473	1662
gene-AM1_RS08885	NC_009925.1	1982767	1983186	-	420	519	2053	636	1576	216	804
gene-AM1_RS08890	NC_009925.1	1983311	1983619	-	309	17	56	45	26	10	16
gene-AM1_RS37545	NC_009925.1	1983898	1984257	-	360	7	13	38	21	2	6
gene-AM1_RS08900	NC_009925.1	1984279	1984716	-	438	10	11	20	17	5	1
gene-AM1_RS08905	NC_009925.1	1984703	1985278	-	576	10	14	29	17	0	4
gene-AM1_RS08910	NC_009925.1	1985365	1985649	-	285	7	10	14	8	4	4
gene-AM1_RS08915	NC_009925.1	1985758	1986516	-	759	21	17	57	27	9	8
gene-AM1_RS08920	NC_009925.1	1986601	1987191	+	591	21	43	18	26	4	2
gene-AM1_RS08925	NC_009925.1	1987357	1987848	+	492	24	36	99	72	10	16
gene-AM1_RS08935	NC_009925.1	1989044	1989619	+	576	6	21	31	35	5	6
gene-AM1_RS08940	NC_009925.1	1989679	1990077	-	399	12	14	58	31	10	8
gene-AM1_RS40910	NC_009925.1	1990200	1990448	+	249	2	11	40	21	5	8
gene-AM1_RS08945	NC_009925.1	1990487	1991170	+	684	33	123	479	434	66	183
gene-AM1_RS08950	NC_009925.1	1991379	1991720	-	342	104	202	1135	1709	253	490
gene-AM1_RS08955	NC_009925.1	1992096	1992614	+	519	13	30	42	76	15	83
gene-AM1_RS08960	NC_009925.1	1992701	1994224	+	1524	118	110	281	112	84	59
gene-AM1_RS08965	NC_009925.1	1994294	1994761	+	468	39	42	65	49	26	16
gene-AM1_RS08970	NC_009925.1	1994882	1995589	-	708	26	29	41	29	6	7
gene-AM1_RS08975	NC_009925.1	1995623	1995922	-	300	24	28	48	38	16	4
gene-AM1_RS08980	NC_009925.1	1995943	1996404	-	462	36	41	72	66	36	20
gene-AM1_RS08985	NC_009925.1	1996401	1997213	-	813	33	34	73	58	44	31
gene-AM1_RS08990	NC_009925.1	1997299	1998177	+	879	49	104	167	96	44	29
gene-AM1_RS08995	NC_009925.1	1998174	1999193	-	1020	557	886	1713	2114	680	483
gene-AM1_RS09000	NC_009925.1	1999524	2000789	-	1266	28	36	127	64	32	20
gene-AM1_RS09005	NC_009925.1	2000799	2001326	-	528	5	14	27	24	6	5
gene-AM1_RS09010	NC_009925.1	2001460	2002149	+	690	698	690	1709	2109	519	613
gene-AM1_RS09015	NC_009925.1	2002223	2003518	-	1296	464	503	1191	722	423	312
gene-AM1_RS09020	NC_009925.1	2003545	2004450	-	906	820	830	1654	1210	739	328
gene-AM1_RS09025	NC_009925.1	2004784	2005374	+	591	41	64	149	95	39	40
gene-AM1_RS09030	NC_009925.1	2005450	2006379	+	930	110	138	249	139	117	106
gene-AM1_RS09035	NC_009925.1	2006396	2007337	-	942	108	83	232	86	126	25
gene-AM1_RS09040	NC_009925.1	2007879	2009417	+	1539	1634	9476	7660	35443	3665	15627
gene-AM1_RS09045	NC_009925.1	2009499	2010890	-	1392	327	345	723	848	247	248
gene-AM1_RS09050	NC_009925.1	2011218	2012615	+	1398	2270	1118	4992	2067	2252	1062
gene-AM1_RS09055	NC_009925.1	2012771	2014162	+	1392	343	895	673	1409	257	843
gene-AM1_RS09060	NC_009925.1	2014474	2014722	+	249	495	618	1750	791	496	297
gene-AM1_RS38600	NC_009925.1	2015226	2015330	-	105	1371	1342	3257	1764	960	606
gene-AM1_RS09065	NC_009925.1	2015490	2015789	-	300	524	197	1024	132	339	58
gene-AM1_RS09070	NC_009925.1	2016327	2017847	+	1521	76912	55925	204202	107543	88719	43806
gene-AM1_RS38605	NC_009925.1	2018009	2018101	+	93	1500	1112	5499	2821	1710	708
gene-AM1_RS09075	NC_009925.1	2018204	2018782	-	579	82	83	193	129	53	31
gene-AM1_RS09080	NC_009925.1	2018817	2020094	-	1278	193	210	417	258	141	104
gene-AM1_RS09085	NC_009925.1	2020228	2020992	-	765	11	18	48	26	2	6
gene-AM1_RS09090	NC_009925.1	2021011	2021475	-	465	8	38	33	35	3	18
gene-AM1_RS09095	NC_009925.1	2021521	2022036	-	516	28	109	83	367	23	142
gene-AM1_RS09100	NC_009925.1	2022126	2023499	-	1374	30	41	100	68	30	19
gene-AM1_RS38610	NC_009925.1	2023496	2023708	-	213	6	2	10	9	2	3
gene-AM1_RS09110	NC_009925.1	2023868	2025379	+	1512	257	251	528	363	244	124
gene-AM1_RS09115	NC_009925.1	2025631	2026161	-	531	28	25	44	50	14	9
gene-AM1_RS09120	NC_009925.1	2026510	2028585	+	2076	55	77	123	111	26	22
gene-AM1_RS09125	NC_009925.1	2028643	2029752	-	1110	72	103	123	176	56	50
gene-AM1_RS09130	NC_009925.1	2029761	2030489	-	729	57	103	106	100	56	41
gene-AM1_RS09135	NC_009925.1	2030523	2032244	-	1722	148	337	472	815	150	291
gene-AM1_RS09140	NC_009925.1	2032358	2033695	-	1338	160	377	592	1100	167	419
gene-AM1_RS09145	NC_009925.1	2033875	2036553	-	2679	946	1558	2276	3110	983	1276
gene-AM1_RS09150	NC_009925.1	2036953	2038518	+	1566	4638	3686	6957	4505	3564	1723
gene-AM1_RS09160	NC_009925.1	2040114	2041334	+	1221	4997	20102	9333	23701	4555	13823
gene-AM1_RS09165	NC_009925.1	2041460	2041774	-	315	205	273	573	770	184	186
gene-AM1_RS09170	NC_009925.1	2042066	2042845	+	780	58	77	210	147	61	43
gene-AM1_RS09175	NC_009925.1	2042941	2043585	+	645	238	268	471	300	156	186
gene-AM1_RS09180	NC_009925.1	2043591	2044103	+	513	92	90	127	76	53	37
gene-AM1_RS09185	NC_009925.1	2044103	2044648	+	546	90	140	125	70	54	23
gene-AM1_RS38615	NC_009925.1	2044745	2044855	-	111	257	395	887	376	273	145
gene-AM1_RS43945	NC_009925.1	2045138	2046577	+	1440	196	183	1045	595	218	119
gene-AM1_RS09195	NC_009925.1	2046655	2047119	-	465	69	166	211	307	46	92
gene-AM1_RS09200	NC_009925.1	2047268	2047933	-	666	42	141	133	447	23	128
gene-AM1_RS42100	NC_009925.1	2048521	2048676	-	156	42	34	69	53	5	12
gene-AM1_RS09205	NC_009925.1	2048987	2050777	+	1791	402	398	641	599	210	182
gene-AM1_RS09210	NC_009925.1	2051207	2052805	-	1599	306	339	672	339	259	191
gene-AM1_RS09215	NC_009925.1	2053055	2053516	+	462	46	34	95	65	29	18
gene-AM1_RS09220	NC_009925.1	2053646	2054608	+	963	65	88	148	93	59	47
gene-AM1_RS09225	NC_009925.1	2054661	2055647	+	987	118	174	232	148	129	103
gene-AM1_RS09230	NC_009925.1	2055652	2056974	-	1323	399	377	721	520	336	303
gene-AM1_RS09235	NC_009925.1	2057028	2057684	-	657	211	20	39	42	11	14
gene-AM1_RS09240	NC_009925.1	2057790	2058137	-	348	29	28	54	20	7	3
gene-AM1_RS09245	NC_009925.1	2058338	2058736	+	399	24	27	57	28	18	9
gene-AM1_RS09250	NC_009925.1	2059217	2060212	+	996	133	132	601	328	160	69
gene-AM1_RS09255	NC_009925.1	2060243	2060701	-	459	36	48	118	58	21	17
gene-AM1_RS09260	NC_009925.1	2061005	2061523	+	519	20	19	52	33	16	12
gene-AM1_RS09265	NC_009925.1	2061690	2062964	+	1275	420	601	727	424	410	277
gene-AM1_RS09270	NC_009925.1	2063196	2064143	+	948	312	816	642	1411	249	663
gene-AM1_RS09275	NC_009925.1	2064147	2064680	+	534	78	277	193	411	55	146
gene-AM1_RS09285	NC_009925.1	2065371	2066789	+	1419	17	56	72	58	8	12
gene-AM1_RS09290	NC_009925.1	2066801	2067502	-	702	14	28	69	73	14	18
gene-AM1_RS09295	NC_009925.1	2067598	2068350	-	753	16	24	54	33	8	9
gene-AM1_RS09300	NC_009925.1	2068630	2069253	+	624	18	14	51	46	11	8
gene-AM1_RS09305	NC_009925.1	2069295	2069786	+	492	23	42	70	65	23	12
gene-AM1_RS09310	NC_009925.1	2069799	2070716	-	918	107	118	252	180	71	70
gene-AM1_RS09315	NC_009925.1	2070724	2071656	-	933	285	283	640	559	217	164
gene-AM1_RS09320	NC_009925.1	2071656	2073470	-	1815	600	500	2100	1533	798	501
gene-AM1_RS09325	NC_009925.1	2073682	2074407	-	726	63	115	184	196	52	98
gene-AM1_RS09330	NC_009925.1	2074635	2075912	-	1278	69	90	107	86	25	13
gene-AM1_RS09335	NC_009925.1	2076451	2078205	-	1755	265	363	599	507	173	173
gene-AM1_RS09340	NC_009925.1	2078277	2079356	-	1080	16	492	76	1950	30	1077
gene-AM1_RS43155	NC_009925.1	2079537	2079680	-	144	7	13	14	6	0	1
gene-AM1_RS09350	NC_009925.1	2080963	2082987	+	2025	218	337	222	180	60	68
gene-AM1_RS09355	NC_009925.1	2083131	2083844	-	714	119	143	215	198	73	60
gene-AM1_RS09360	NC_009925.1	2083919	2085349	-	1431	672	1011	1342	1478	799	629
gene-AM1_RS39745	NC_009925.1	2085736	2086618	+	883	9	16	41	37	5	9
gene-AM1_RS39750	NC_009925.1	2087206	2088265	+	1060	40	113	108	112	26	27
gene-AM1_RS09395	NC_009925.1	2088785	2089162	-	378	125	164	317	246	77	73
gene-AM1_RS09400	NC_009925.1	2089177	2089470	-	294	27	30	58	41	11	7
gene-AM1_RS09405	NC_009925.1	2089821	2090405	-	585	78	130	330	201	54	64
gene-AM1_RS09415	NC_009925.1	2090899	2091477	+	579	90	145	229	181	46	74
gene-AM1_RS09420	NC_009925.1	2091482	2092105	+	624	51	70	101	93	27	22
gene-AM1_RS09425	NC_009925.1	2092190	2093710	-	1521	1156	1569	1207	869	743	436
gene-AM1_RS09430	NC_009925.1	2093726	2094832	-	1107	89	103	56	29	24	12
gene-AM1_RS09435	NC_009925.1	2095053	2095271	+	219	78	201	49	17	26	4
gene-AM1_RS42105	NC_009925.1	2095357	2095668	+	312	48	127	34	10	15	2
gene-AM1_RS44415	NC_009925.1	2095569	2095823	+	255	26	58	14	8	6	7
gene-AM1_RS09445	NC_009925.1	2095869	2096411	-	543	148	161	306	211	134	73
gene-AM1_RS09450	NC_009925.1	2096725	2097996	+	1272	201	359	328	762	97	158
gene-AM1_RS09455	NC_009925.1	2098221	2098670	+	450	97	237	201	382	69	253
gene-AM1_RS09460	NC_009925.1	2098640	2099254	-	615	69	129	86	81	44	50
gene-AM1_RS09465	NC_009925.1	2099251	2100978	-	1728	179	212	358	232	126	94
gene-AM1_RS09470	NC_009925.1	2101038	2102099	-	1062	164	268	332	295	109	96
gene-AM1_RS09475	NC_009925.1	2102117	2104660	-	2544	2603	2706	5822	6357	2661	2528
gene-AM1_RS09480	NC_009925.1	2105169	2105564	+	396	265	293	484	344	190	95
gene-AM1_RS09485	NC_009925.1	2105682	2106236	+	555	111	149	229	93	67	38
gene-AM1_RS09490	NC_009925.1	2106280	2107251	+	972	169	238	282	156	128	67
gene-AM1_RS09495	NC_009925.1	2107307	2107825	+	519	293	279	428	279	161	119
gene-AM1_RS09500	NC_009925.1	2107868	2108800	-	933	1263	1138	2130	1444	864	715
gene-AM1_RS38635	NC_009925.1	2109245	2109367	-	123	1071	970	6106	2209	1319	411
gene-AM1_RS09505	NC_009925.1	2109638	2109922	+	285	199	281	369	373	136	116
gene-AM1_RS09510	NC_009925.1	2110005	2111354	-	1350	1193	1511	1747	1162	1103	640
gene-AM1_RS09515	NC_009925.1	2111631	2113577	-	1947	2868	2891	4267	3136	2039	1562
gene-AM1_RS09520	NC_009925.1	2113868	2114218	-	351	4051	3732	2719	3043	1794	1052
gene-AM1_RS38640	NC_009925.1	2114302	2114499	-	198	991	1130	1364	1000	534	364
gene-AM1_RS09525	NC_009925.1	2114793	2117420	+	2628	428	701	997	1927	377	555
gene-AM1_RS09530	NC_009925.1	2117511	2118983	-	1473	3758	22555	4706	14098	2170	4997
gene-AM1_RS09535	NC_009925.1	2118910	2120925	-	2016	6112	35405	7905	18816	3349	9039
gene-AM1_RS09545	NC_009925.1	2121597	2123708	+	2112	44	126	215	192	42	47
gene-AM1_RS09550	NC_009925.1	2124041	2125933	+	1893	16599	2091	36525	5355	16677	1507
gene-AM1_RS09555	NC_009925.1	2126085	2126897	+	813	200	700	422	587	214	580
gene-AM1_RS42110	NC_009925.1	2127037	2127183	+	147	10	23	27	18	5	4
gene-AM1_RS09560	NC_009925.1	2127633	2128826	+	1194	18	32	53	36	11	12
gene-AM1_RS09570	NC_009925.1	2129510	2131438	+	1929	562	927	1411	1284	651	426
gene-AM1_RS09575	NC_009925.1	2131435	2132400	-	966	182	662	274	527	77	216
gene-AM1_RS09580	NC_009925.1	2132462	2132671	-	210	116	157	180	163	75	49
gene-AM1_RS09585	NC_009925.1	2132924	2133391	+	468	636	190	788	384	343	85
gene-AM1_RS44420	NC_009925.1	2133625	2133822	+	198	26	10	49	19	14	2
gene-AM1_RS09590	NC_009925.1	2134043	2134516	+	474	19	27	42	32	11	11
gene-AM1_RS09595	NC_009925.1	2134517	2136790	+	2274	77	80	137	114	41	29
gene-AM1_RS09600	NC_009925.1	2136825	2136911	+	87	306	388	517	471	465	278
gene-AM1_RS09605	NC_009925.1	2137242	2138114	+	873	72	102	111	72	19	23
gene-AM1_RS09610	NC_009925.1	2138115	2138255	-	141	4	8	9	16	2	1
gene-AM1_RS09615	NC_009925.1	2138539	2140581	+	2043	59	49	147	107	27	20
gene-AM1_RS09620	NC_009925.1	2140619	2143003	+	2385	46	72	170	181	24	39
gene-AM1_RS09625	NC_009925.1	2143045	2144226	+	1182	21	24	102	95	22	15
gene-AM1_RS09630	NC_009925.1	2144510	2146984	+	2475	56	76	151	144	32	28
gene-AM1_RS09635	NC_009925.1	2147094	2150045	-	2952	924	1210	1630	1633	733	604
gene-AM1_RS09640	NC_009925.1	2150234	2150524	+	291	27	20	33	47	7	9
gene-AM1_RS09645	NC_009925.1	2150561	2150932	+	372	72	68	32	24	15	7
gene-AM1_RS09650	NC_009925.1	2151016	2152176	-	1161	1722	961	1208	1045	771	451
gene-AM1_RS09655	NC_009925.1	2152378	2152671	+	294	37	72	139	106	27	28
gene-AM1_RS09660	NC_009925.1	2152671	2153174	+	504	48	107	225	99	39	37
gene-AM1_RS09665	NC_009925.1	2153261	2154397	+	1137	402	497	1214	772	463	296
gene-AM1_RS09670	NC_009925.1	2154553	2155671	+	1119	3110	2868	4889	1736	2870	1355
gene-AM1_RS09675	NC_009925.1	2155743	2156345	+	603	2301	1673	3717	2216	1663	595
gene-AM1_RS09680	NC_009925.1	2156349	2156945	+	597	2456	1867	3165	1809	1611	653
gene-AM1_RS09685	NC_009925.1	2156990	2157295	+	306	503	369	707	281	278	85
gene-AM1_RS09690	NC_009925.1	2157378	2157941	+	564	246	202	335	135	115	68
gene-AM1_RS09695	NC_009925.1	2158003	2161023	+	3021	657	153	1357	170	706	44
gene-AM1_RS38645	NC_009925.1	2161141	2165370	+	4230	859	742	1306	870	476	286
gene-AM1_RS09715	NC_009925.1	2165374	2166567	+	1194	54	64	167	97	45	28
gene-AM1_RS09720	NC_009925.1	2166714	2167796	-	1083	108635	53721	274330	136623	116697	39975
gene-AM1_RS09725	NC_009925.1	2167938	2168288	-	351	37	35	162	83	41	33
gene-AM1_RS09730	NC_009925.1	2168548	2169291	+	744	970	2995	1741	4091	638	1347
gene-AM1_RS09735	NC_009925.1	2169415	2171949	+	2535	1104	3284	1960	3553	732	1173
gene-AM1_RS09740	NC_009925.1	2172097	2172540	+	444	401	473	1650	1699	602	428
gene-AM1_RS09745	NC_009925.1	2172546	2173829	-	1284	389	571	1093	677	387	236
gene-AM1_RS09750	NC_009925.1	2173900	2174631	-	732	120	282	483	513	120	187
gene-AM1_RS09755	NC_009925.1	2174676	2174855	-	180	41	66	126	208	19	43
gene-AM1_RS09760	NC_009925.1	2175089	2175580	+	492	49	79	164	87	43	37
gene-AM1_RS09765	NC_009925.1	2175642	2176520	-	879	362	658	1267	639	276	325
gene-AM1_RS09770	NC_009925.1	2176838	2177758	+	921	169	792	677	1540	157	665
gene-AM1_RS09775	NC_009925.1	2177837	2180533	-	2697	557	1288	958	1430	490	666
gene-AM1_RS09780	NC_009925.1	2180698	2182029	-	1332	136	552	352	505	102	235
gene-AM1_RS09785	NC_009925.1	2182996	2184108	+	1113	225	397	399	384	136	281
gene-AM1_RS09790	NC_009925.1	2184105	2185709	-	1605	228	386	681	573	240	218
gene-AM1_RS09795	NC_009925.1	2185946	2187853	+	1908	1343	1505	2766	2176	936	911
gene-AM1_RS09800	NC_009925.1	2187899	2187972	+	74	258	244	279	172	277	138
gene-AM1_RS09805	NC_009925.1	2188306	2189769	+	1464	196	258	390	249	134	102
gene-AM1_RS09810	NC_009925.1	2189937	2190827	+	891	185	205	226	118	83	47
gene-AM1_RS09815	NC_009925.1	2190885	2191793	+	909	135	172	257	164	108	53
gene-AM1_RS09820	NC_009925.1	2191936	2192736	+	801	352	487	836	905	389	280
gene-AM1_RS09825	NC_009925.1	2192736	2193719	+	984	542	768	1156	1151	610	391
gene-AM1_RS09830	NC_009925.1	2193753	2194310	+	558	287	358	636	408	225	127
gene-AM1_RS09835	NC_009925.1	2194307	2195224	+	918	353	548	596	358	252	173
gene-AM1_RS09840	NC_009925.1	2195332	2196489	+	1158	198	541	473	560	179	280
gene-AM1_RS09845	NC_009925.1	2196694	2197698	+	1005	480	756	1315	1098	451	471
gene-AM1_RS09850	NC_009925.1	2197695	2198432	+	738	356	465	784	698	331	175
gene-AM1_RS09855	NC_009925.1	2198429	2199265	+	837	891	1067	1804	2376	795	710
gene-AM1_RS09860	NC_009925.1	2199265	2199777	+	513	186	219	323	387	148	109
gene-AM1_RS09865	NC_009925.1	2199800	2201128	+	1329	141	213	297	207	98	69
gene-AM1_RS09870	NC_009925.1	2201215	2202519	+	1305	63	101	105	87	42	39
gene-AM1_RS09875	NC_009925.1	2202626	2203714	+	1089	108	137	141	147	51	65
gene-AM1_RS09880	NC_009925.1	2203877	2205112	+	1236	364	401	418	234	235	145
gene-AM1_RS09885	NC_009925.1	2205177	2206340	+	1164	84	136	147	143	58	35
gene-AM1_RS09890	NC_009925.1	2206327	2209143	-	2817	53	69	134	96	25	24
gene-AM1_RS40915	NC_009925.1	2209317	2209447	+	131	13	11	15	13	8	2
gene-AM1_RS40920	NC_009925.1	2209459	2209580	+	122	48	60	71	88	22	13
gene-AM1_RS40925	NC_009925.1	2209588	2209711	+	124	215	265	186	157	90	68
gene-AM1_RS09895	NC_009925.1	2209768	2211363	+	1596	227	190	498	558	143	128
gene-AM1_RS40930	NC_009925.1	2211470	2211898	-	429	23	18	39	21	5	3
gene-AM1_RS09900	NC_009925.1	2212068	2212592	-	525	10	6	32	23	5	7
gene-AM1_RS09905	NC_009925.1	2212659	2213345	-	687	11	9	29	15	0	5
gene-AM1_RS09910	NC_009925.1	2213500	2214156	-	657	5	21	30	19	3	3
gene-AM1_RS09915	NC_009925.1	2214354	2214584	-	231	24	42	32	26	7	20
gene-AM1_RS09920	NC_009925.1	2214681	2215406	-	726	67	196	78	119	18	78
gene-AM1_RS09925	NC_009925.1	2216366	2217967	+	1602	101	142	125	144	35	44
gene-AM1_RS09930	NC_009925.1	2218768	2220246	-	1479	185	139	364	185	279	75
gene-AM1_RS09935	NC_009925.1	2221022	2221294	-	273	25	31	87	66	16	21
gene-AM1_RS09940	NC_009925.1	2221508	2222236	-	729	296	170	503	565	198	242
gene-AM1_RS09945	NC_009925.1	2222348	2223736	-	1389	369	486	767	516	407	289
gene-AM1_RS09950	NC_009925.1	2223742	2224425	-	684	286	367	600	329	203	143
gene-AM1_RS09955	NC_009925.1	2224522	2224926	+	405	12	6	39	17	9	5
gene-AM1_RS09960	NC_009925.1	2225116	2226420	+	1305	48	55	158	70	37	31
gene-AM1_RS40935	NC_009925.1	2226604	2226783	+	180	4	20	8	10	3	0
gene-AM1_RS09965	NC_009925.1	2226808	2230698	-	3891	23	53	183	136	25	16
gene-AM1_RS09970	NC_009925.1	2230945	2231802	+	858	183	124	251	168	138	80
gene-AM1_RS09975	NC_009925.1	2231997	2233433	+	1437	59	130	105	89	28	39
gene-AM1_RS09980	NC_009925.1	2233423	2234583	+	1161	51	100	66	66	30	25
gene-AM1_RS09985	NC_009925.1	2234601	2235881	-	1281	473	328	310	284	130	132
gene-AM1_RS42115	NC_009925.1	2236094	2236249	+	156	10	10	15	20	10	3
gene-AM1_RS09990	NC_009925.1	2236695	2237177	+	483	226	169	175	156	44	48
gene-AM1_RS09995	NC_009925.1	2237208	2238206	+	999	490	315	221	150	94	103
gene-AM1_RS10000	NC_009925.1	2238216	2239301	+	1086	244	163	176	125	53	48
gene-AM1_RS10005	NC_009925.1	2239372	2239881	+	510	100	76	74	49	34	20
gene-AM1_RS10010	NC_009925.1	2239881	2240882	+	1002	132	107	79	35	32	19
gene-AM1_RS10015	NC_009925.1	2240871	2241998	-	1128	20	19	45	32	9	4
gene-AM1_RS37560	NC_009925.1	2242037	2243758	-	1722	91	114	168	128	55	35
gene-AM1_RS10025	NC_009925.1	2243758	2244204	-	447	14	21	38	30	8	4
gene-AM1_RS44425	NC_009925.1	2244201	2244686	-	486	3	3	31	27	7	3
gene-AM1_RS10035	NC_009925.1	2244716	2246176	-	1461	6	19	101	77	12	4
gene-AM1_RS10040	NC_009925.1	2246217	2248571	-	2355	80	93	402	318	78	63
gene-AM1_RS10045	NC_009925.1	2248857	2250014	+	1158	66	39	88	52	22	16
gene-AM1_RS10050	NC_009925.1	2249998	2250291	-	294	32	23	34	15	8	11
gene-AM1_RS10055	NC_009925.1	2250458	2251867	+	1410	68	60	82	87	34	25
gene-AM1_RS10060	NC_009925.1	2252149	2252568	+	420	30	32	46	45	22	17
gene-AM1_RS10065	NC_009925.1	2252629	2253465	+	837	107	130	168	96	73	45
gene-AM1_RS10070	NC_009925.1	2253648	2254310	-	663	70	90	190	201	56	61
gene-AM1_RS10080	NC_009925.1	2254842	2255411	+	570	15	22	46	35	9	8
gene-AM1_RS10085	NC_009925.1	2255485	2256267	+	783	12	8	41	34	7	3
gene-AM1_RS10090	NC_009925.1	2256301	2256981	+	681	34	36	102	54	25	20
gene-AM1_RS10095	NC_009925.1	2256978	2257364	+	387	22	17	44	50	16	13
gene-AM1_RS10100	NC_009925.1	2257409	2257669	+	261	4	12	13	21	4	3
gene-AM1_RS10105	NC_009925.1	2257741	2258061	+	321	9	18	31	38	13	6
gene-AM1_RS10110	NC_009925.1	2258031	2258666	-	636	14	20	51	35	7	6
gene-AM1_RS10115	NC_009925.1	2258940	2259431	-	492	0	9	30	21	2	1
gene-AM1_RS10120	NC_009925.1	2260005	2260868	+	864	116	97	331	369	90	82
gene-AM1_RS10125	NC_009925.1	2261260	2261493	+	234	5	5	15	11	6	2
gene-AM1_RS38650	NC_009925.1	2261525	2261740	+	216	2	4	18	10	3	0
gene-AM1_RS10130	NC_009925.1	2261772	2262167	+	396	8	17	41	29	4	10
gene-AM1_RS10135	NC_009925.1	2262176	2262565	-	390	8	11	21	25	5	7
gene-AM1_RS10140	NC_009925.1	2262608	2263201	-	594	12	4	18	22	7	9
gene-AM1_RS10145	NC_009925.1	2263220	2264113	+	894	5	11	47	27	8	10
gene-AM1_RS10150	NC_009925.1	2264333	2264761	+	429	3	0	11	13	4	5
gene-AM1_RS10155	NC_009925.1	2264858	2265298	+	441	54	84	88	50	42	29
gene-AM1_RS10160	NC_009925.1	2265295	2266440	-	1146	283	385	811	366	498	275
gene-AM1_RS10165	NC_009925.1	2266714	2266944	+	231	451	455	896	882	453	194
gene-AM1_RS10170	NC_009925.1	2266941	2267624	+	684	772	899	1077	862	456	236
gene-AM1_RS10175	NC_009925.1	2267634	2267996	+	363	51	73	68	27	24	12
gene-AM1_RS10180	NC_009925.1	2268029	2268102	+	74	164	232	308	201	160	70
gene-AM1_RS10185	NC_009925.1	2268644	2269363	+	720	23	40	30	31	3	8
gene-AM1_RS10190	NC_009925.1	2269366	2270151	+	786	53	123	66	64	24	22
gene-AM1_RS10195	NC_009925.1	2270352	2270630	+	279	23	34	24	28	12	11
gene-AM1_RS43170	NC_009925.1	2272971	2273219	+	249	6	13	16	11	3	3
gene-AM1_RS10210	NC_009925.1	2273277	2273864	+	588	31	64	80	73	13	20
gene-AM1_RS10220	NC_009925.1	2274729	2275202	-	474	92	328	96	209	48	97
gene-AM1_RS40940	NC_009925.1	2275667	2276080	-	414	374	1161	226	623	114	250
gene-AM1_RS10225	NC_009925.1	2276088	2276834	-	747	410	622	509	910	179	309
gene-AM1_RS10230	NC_009925.1	2276898	2277806	-	909	268	340	175	372	89	107
gene-AM1_RS10245	NC_009925.1	2280301	2280546	+	246	49	44	100	84	15	27
gene-AM1_RS10250	NC_009925.1	2280898	2282187	-	1290	1094	59	216	104	110	20
gene-AM1_RS10255	NC_009925.1	2282266	2283306	-	1041	1389	34	150	78	91	25
gene-AM1_RS10260	NC_009925.1	2283394	2283828	-	435	262	21	57	25	17	10
gene-AM1_RS39765	NC_009925.1	2284347	2285052	-	706	28	38	87	69	19	13
gene-AM1_RS10275	NC_009925.1	2285592	2285831	+	240	76	174	54	73	7	40
gene-AM1_RS10280	NC_009925.1	2286318	2286860	+	543	22	43	47	39	5	18
gene-AM1_RS10285	NC_009925.1	2287102	2287326	-	225	8	19	26	27	9	5
gene-AM1_RS10290	NC_009925.1	2287901	2289967	+	2067	72	176	312	393	69	88
gene-AM1_RS10295	NC_009925.1	2289974	2291455	-	1482	103	126	165	163	84	47
gene-AM1_RS10300	NC_009925.1	2291665	2293044	-	1380	103	145	344	305	124	137
gene-AM1_RS10305	NC_009925.1	2293220	2294296	-	1077	6411	7698	15062	19712	7519	7049
gene-AM1_RS10310	NC_009925.1	2294575	2295759	+	1185	32	59	142	102	44	35
gene-AM1_RS10315	NC_009925.1	2295816	2296304	-	489	33	55	115	58	24	18
gene-AM1_RS10320	NC_009925.1	2296404	2296790	-	387	94	99	189	157	71	41
gene-AM1_RS10325	NC_009925.1	2296796	2298460	-	1665	349	391	758	549	306	214
gene-AM1_RS10330	NC_009925.1	2298619	2299251	+	633	394	113	632	108	294	43
gene-AM1_RS10335	NC_009925.1	2299334	2301055	+	1722	72	75	169	90	53	16
gene-AM1_RS10340	NC_009925.1	2301247	2302830	+	1584	687	346	864	327	547	122
gene-AM1_RS10345	NC_009925.1	2302913	2303149	+	237	46	55	104	51	37	16
gene-AM1_RS10350	NC_009925.1	2303701	2305419	+	1719	587	1299	1414	1326	433	483
gene-AM1_RS10355	NC_009925.1	2305434	2306207	-	774	191	268	357	184	159	88
gene-AM1_RS10360	NC_009925.1	2306358	2306870	-	513	1176	1385	1390	1346	1101	499
gene-AM1_RS10365	NC_009925.1	2307262	2307441	-	180	30	35	57	39	8	11
gene-AM1_RS10370	NC_009925.1	2307554	2308894	+	1341	253	260	338	291	276	170
gene-AM1_RS10375	NC_009925.1	2308941	2310203	-	1263	841	612	1116	1181	911	961
gene-AM1_RS10380	NC_009925.1	2310633	2311913	+	1281	67	119	195	99	60	47
gene-AM1_RS10385	NC_009925.1	2311924	2313045	-	1122	394	822	554	345	159	107
gene-AM1_RS10390	NC_009925.1	2313055	2313687	-	633	1549	1938	2878	3401	903	881
gene-AM1_RS10395	NC_009925.1	2313792	2315390	-	1599	1032	1300	1838	1533	667	511
gene-AM1_RS10400	NC_009925.1	2315549	2316007	-	459	466	524	772	447	202	172
gene-AM1_RS10405	NC_009925.1	2316167	2316367	-	201	35	87	106	56	20	18
gene-AM1_RS10410	NC_009925.1	2316442	2317641	-	1200	138	254	497	408	169	171
gene-AM1_RS10415	NC_009925.1	2317693	2318481	-	789	121	189	259	150	70	79
gene-AM1_RS10420	NC_009925.1	2318889	2320421	+	1533	284	309	667	476	356	299
gene-AM1_RS10425	NC_009925.1	2320398	2321156	-	759	151	185	338	168	148	94
gene-AM1_RS10430	NC_009925.1	2321283	2323085	+	1803	692	683	876	725	461	249
gene-AM1_RS10435	NC_009925.1	2323388	2323993	+	606	468	357	625	668	260	233
gene-AM1_RS42120	NC_009925.1	2324185	2325261	+	1077	204	342	379	200	116	92
gene-AM1_RS10445	NC_009925.1	2325265	2327976	-	2712	415	3343	308	1038	100	337
gene-AM1_RS10450	NC_009925.1	2328410	2329495	+	1086	280	576	492	643	284	329
gene-AM1_RS10455	NC_009925.1	2329503	2331938	-	2436	1224	2292	6443	8175	2037	3129
gene-AM1_RS10460	NC_009925.1	2332186	2333604	+	1419	37	53	93	109	41	28
gene-AM1_RS10465	NC_009925.1	2333643	2334050	+	408	39	49	85	49	21	16
gene-AM1_RS44430	NC_009925.1	2334063	2334359	+	297	59	45	95	26	27	8
gene-AM1_RS10475	NC_009925.1	2334430	2335026	-	597	1294	948	1611	1300	779	331
gene-AM1_RS10480	NC_009925.1	2335071	2335757	-	687	1591	1269	1688	1110	722	529
gene-AM1_RS10485	NC_009925.1	2336146	2336775	+	630	210	49	82	64	17	26
gene-AM1_RS10490	NC_009925.1	2336772	2337470	+	699	262	62	160	99	46	47
gene-AM1_RS10495	NC_009925.1	2337494	2339050	-	1557	297	271	596	389	173	184
gene-AM1_RS10500	NC_009925.1	2339066	2340016	-	951	46	41	121	87	23	33
gene-AM1_RS10505	NC_009925.1	2340176	2340505	+	330	21	15	32	28	6	5
gene-AM1_RS10510	NC_009925.1	2340530	2341516	-	987	69	93	194	111	55	33
gene-AM1_RS10515	NC_009925.1	2341532	2342212	-	681	252	207	545	232	147	72
gene-AM1_RS10520	NC_009925.1	2342349	2343152	-	804	772	135	3282	276	1276	92
gene-AM1_RS10525	NC_009925.1	2343821	2344804	+	984	1215	1499	2603	5006	622	1155
gene-AM1_RS10530	NC_009925.1	2344944	2345675	+	732	26	25	80	39	14	26
gene-AM1_RS10535	NC_009925.1	2345813	2346754	+	942	624	467	1351	542	491	263
gene-AM1_RS10540	NC_009925.1	2346751	2347521	-	771	168	208	270	107	100	51
gene-AM1_RS10545	NC_009925.1	2347587	2348273	-	687	95	129	176	116	81	71
gene-AM1_RS42125	NC_009925.1	2348732	2348884	+	153	380	6	944	86	203	1
gene-AM1_RS10555	NC_009925.1	2348881	2349534	-	654	1492	88	2944	114	517	57
gene-AM1_RS10560	NC_009925.1	2349702	2352029	+	2328	385	403	719	350	197	155
gene-AM1_RS10565	NC_009925.1	2352095	2352421	+	327	252	399	594	477	270	148
gene-AM1_RS10570	NC_009925.1	2352479	2353330	-	852	301	479	531	250	243	167
gene-AM1_RS10575	NC_009925.1	2353501	2353716	+	216	95	122	168	226	48	52
gene-AM1_RS10580	NC_009925.1	2353825	2354160	+	336	76	134	230	187	60	79
gene-AM1_RS10585	NC_009925.1	2354222	2355094	+	873	142	276	309	178	117	88
gene-AM1_RS10590	NC_009925.1	2355182	2355736	+	555	194	302	484	270	183	153
gene-AM1_RS10595	NC_009925.1	2355726	2357090	+	1365	480	754	993	640	344	324
gene-AM1_RS10600	NC_009925.1	2357322	2357900	+	579	347	369	511	319	411	140
gene-AM1_RS10605	NC_009925.1	2358493	2358903	-	411	86	67	136	82	45	35
gene-AM1_RS10610	NC_009925.1	2359414	2360691	-	1278	265	372	617	359	159	143
gene-AM1_RS10615	NC_009925.1	2360784	2361179	-	396	321	235	554	379	130	100
gene-AM1_RS10620	NC_009925.1	2361306	2361983	+	678	171	241	566	291	132	106
gene-AM1_RS10625	NC_009925.1	2361980	2363125	+	1146	164	185	356	199	100	81
gene-AM1_RS10630	NC_009925.1	2363122	2364063	+	942	189	343	511	312	159	133
gene-AM1_RS10635	NC_009925.1	2364060	2365520	+	1461	689	1211	1100	1016	454	367
gene-AM1_RS10640	NC_009925.1	2365590	2366084	+	495	58	73	106	46	30	11
gene-AM1_RS10645	NC_009925.1	2366323	2366889	+	567	276	429	674	629	204	216
gene-AM1_RS10650	NC_009925.1	2367081	2368004	+	924	598	865	1484	929	533	531
gene-AM1_RS10655	NC_009925.1	2368111	2369490	+	1380	1419	1777	2979	2768	1486	1242
gene-AM1_RS10660	NC_009925.1	2369509	2370267	-	759	112	130	256	161	88	66
gene-AM1_RS10665	NC_009925.1	2370405	2371250	-	846	101	117	234	134	51	80
gene-AM1_RS10670	NC_009925.1	2371249	2372169	+	921	139	187	286	179	80	76
gene-AM1_RS37565	NC_009925.1	2372436	2372882	-	447	4	13	28	26	2	3
gene-AM1_RS43175	NC_009925.1	2373412	2373552	+	141	4	8	13	3	1	3
gene-AM1_RS10685	NC_009925.1	2373595	2374329	+	735	451	600	991	661	222	239
gene-AM1_RS10690	NC_009925.1	2374513	2376123	-	1611	168	134	350	216	89	69
gene-AM1_RS10695	NC_009925.1	2376330	2378858	+	2529	848	1719	2013	2432	782	1017
gene-AM1_RS10700	NC_009925.1	2378855	2379892	+	1038	183	397	310	257	102	71
gene-AM1_RS10705	NC_009925.1	2379984	2380457	-	474	1933	3803	2408	3397	1052	1538
gene-AM1_RS10710	NC_009925.1	2381020	2382210	+	1191	237	523	572	603	253	317
gene-AM1_RS39775	NC_009925.1	2382218	2383215	-	998	50	49	60	36	20	11
gene-AM1_RS10725	NC_009925.1	2383309	2385303	-	1995	1400	347	2822	497	1268	188
gene-AM1_RS10730	NC_009925.1	2385859	2387808	+	1950	5559	6478	10187	9781	4251	3849
gene-AM1_RS10735	NC_009925.1	2387843	2388703	+	861	1851	2291	3432	3210	1031	869
gene-AM1_RS10740	NC_009925.1	2388700	2389509	-	810	541	422	581	266	201	88
gene-AM1_RS10745	NC_009925.1	2389616	2391163	-	1548	130	117	235	158	109	45
gene-AM1_RS10750	NC_009925.1	2391200	2393335	-	2136	290	369	659	447	220	175
gene-AM1_RS10755	NC_009925.1	2393918	2394394	-	477	21	11	24	33	22	4
gene-AM1_RS10760	NC_009925.1	2394535	2395158	+	624	25	21	58	68	20	24
gene-AM1_RS10765	NC_009925.1	2395310	2395702	+	393	33	33	67	47	15	20
gene-AM1_RS10770	NC_009925.1	2395920	2399132	+	3213	155	225	467	512	90	90
gene-AM1_RS10775	NC_009925.1	2399147	2399860	-	714	93	106	221	185	52	41
gene-AM1_RS10780	NC_009925.1	2399944	2400609	-	666	23	42	70	50	29	15
gene-AM1_RS10785	NC_009925.1	2400623	2401633	-	1011	100	143	331	229	181	174
gene-AM1_RS10790	NC_009925.1	2401772	2402383	-	612	12	20	46	26	12	4
gene-AM1_RS40955	NC_009925.1	2402543	2402944	+	402	14	20	35	25	9	3
gene-AM1_RS10795	NC_009925.1	2402873	2404183	-	1311	44	50	92	110	31	34
gene-AM1_RS10815	NC_009925.1	2406199	2406543	-	345	15	19	33	41	8	6
gene-AM1_RS10820	NC_009925.1	2406863	2407369	+	507	25	42	72	42	19	16
gene-AM1_RS10825	NC_009925.1	2407584	2408636	-	1053	47	67	108	64	38	21
gene-AM1_RS10835	NC_009925.1	2408973	2410129	+	1157	49	61	88	66	21	18
gene-AM1_RS10840	NC_009925.1	2410166	2410549	-	384	29	43	93	48	14	24
gene-AM1_RS40965	NC_009925.1	2411515	2411841	+	327	10	17	38	42	7	3
gene-AM1_RS39785	NC_009925.1	2412038	2413127	-	1090	60	74	108	81	23	20
gene-AM1_RS42130	NC_009925.1	2413197	2413352	-	156	17	19	29	12	6	3
gene-AM1_RS10855	NC_009925.1	2413394	2414500	-	1107	181	250	226	123	85	52
gene-AM1_RS10860	NC_009925.1	2414523	2416565	-	2043	254	332	504	451	158	152
gene-AM1_RS10865	NC_009925.1	2416591	2417736	-	1146	83	77	185	151	50	56
gene-AM1_RS10870	NC_009925.1	2418068	2419969	-	1902	10128	2631	6256	3423	4779	974
gene-AM1_RS10875	NC_009925.1	2420200	2420763	-	564	154	21	25	27	14	7
gene-AM1_RS10880	NC_009925.1	2421138	2421845	+	708	868	777	1024	756	689	346
gene-AM1_RS10885	NC_009925.1	2421895	2422386	-	492	76	94	90	80	40	17
gene-AM1_RS10890	NC_009925.1	2422627	2423571	-	945	93	170	217	302	82	132
gene-AM1_RS10895	NC_009925.1	2423644	2424081	-	438	13	37	45	47	16	11
gene-AM1_RS10900	NC_009925.1	2424194	2425033	-	840	90	157	185	284	63	103
gene-AM1_RS10905	NC_009925.1	2425164	2425454	-	291	127	190	308	461	99	192
gene-AM1_RS10910	NC_009925.1	2425867	2427552	+	1686	402	403	777	642	412	250
gene-AM1_RS10915	NC_009925.1	2427600	2427878	+	279	91	89	190	200	51	43
gene-AM1_RS10920	NC_009925.1	2427902	2428672	+	771	42	54	134	46	24	23
gene-AM1_RS10925	NC_009925.1	2428718	2429398	-	681	368	446	1059	530	127	94
gene-AM1_RS10930	NC_009925.1	2430157	2431479	+	1323	59	83	171	106	24	24
gene-AM1_RS40970	NC_009925.1	2431744	2432106	+	363	71	74	115	110	26	21
gene-AM1_RS10935	NC_009925.1	2432324	2433778	-	1455	102	177	185	128	51	33
gene-AM1_RS10940	NC_009925.1	2433781	2435475	-	1695	464	573	797	662	354	289
gene-AM1_RS10945	NC_009925.1	2435625	2436797	-	1173	118	151	362	207	89	75
gene-AM1_RS10950	NC_009925.1	2437221	2438570	-	1350	2719	2115	4412	5227	2939	2085
gene-AM1_RS10955	NC_009925.1	2438726	2439454	-	729	80	125	134	76	43	31
gene-AM1_RS10960	NC_009925.1	2439426	2440130	-	705	39	73	87	54	37	22
gene-AM1_RS10965	NC_009925.1	2440170	2440607	-	438	44	32	55	41	17	18
gene-AM1_RS10970	NC_009925.1	2440877	2442712	-	1836	23942	4790	42026	8931	17473	2659
gene-AM1_RS10975	NC_009925.1	2442794	2444032	-	1239	971	929	1511	973	600	587
gene-AM1_RS10980	NC_009925.1	2444311	2444808	-	498	338	379	1242	727	274	310
gene-AM1_RS42135	NC_009925.1	2444929	2445090	+	162	30	40	57	50	19	13
gene-AM1_RS10985	NC_009925.1	2445301	2447208	+	1908	2365	4245	2662	4773	2702	1122
gene-AM1_RS10990	NC_009925.1	2447640	2449628	+	1989	21	41	87	79	16	11
gene-AM1_RS10995	NC_009925.1	2449872	2452256	-	2385	44	73	167	207	46	44
gene-AM1_RS11000	NC_009925.1	2453122	2454519	+	1398	55	255	156	517	33	269
gene-AM1_RS11005	NC_009925.1	2454659	2455492	+	834	23	72	82	97	9	43
gene-AM1_RS11010	NC_009925.1	2455795	2456157	+	363	19	30	24	31	19	11
gene-AM1_RS11015	NC_009925.1	2456314	2457306	+	993	31	43	61	58	27	22
gene-AM1_RS11020	NC_009925.1	2457299	2457880	+	582	24	37	52	29	16	17
gene-AM1_RS11025	NC_009925.1	2457877	2458608	-	732	17	31	57	35	14	8
gene-AM1_RS11030	NC_009925.1	2458716	2459960	-	1245	16	20	69	71	14	17
gene-AM1_RS11035	NC_009925.1	2460060	2460347	-	288	3	5	10	9	1	3
gene-AM1_RS11040	NC_009925.1	2460452	2461060	-	609	11	10	28	34	3	1
gene-AM1_RS11045	NC_009925.1	2461312	2465406	+	4095	336	394	775	516	208	161
gene-AM1_RS11050	NC_009925.1	2465437	2466738	+	1302	21	28	79	65	16	6
gene-AM1_RS11055	NC_009925.1	2466863	2467294	-	432	16	31	58	27	12	8
gene-AM1_RS11060	NC_009925.1	2467422	2468207	-	786	55	80	100	94	37	20
gene-AM1_RS11065	NC_009925.1	2468361	2472065	-	3705	1302	2407	3418	3262	1400	969
gene-AM1_RS11070	NC_009925.1	2472897	2475158	+	2262	126656	382639	246405	604575	112529	329148
gene-AM1_RS11075	NC_009925.1	2475181	2477391	+	2211	148849	368543	254529	714209	102016	266372
gene-AM1_RS11080	NC_009925.1	2477601	2477891	-	291	75	134	176	200	51	108
gene-AM1_RS11085	NC_009925.1	2477897	2478373	-	477	195	235	455	407	165	125
gene-AM1_RS11090	NC_009925.1	2478465	2479937	-	1473	47	83	125	112	31	26
gene-AM1_RS11095	NC_009925.1	2480098	2480766	+	669	137	101	487	230	145	116
gene-AM1_RS11100	NC_009925.1	2480852	2481961	+	1110	225	1022	459	1052	230	738
gene-AM1_RS11105	NC_009925.1	2483089	2486088	+	3000	90	197	212	146	61	34
gene-AM1_RS11110	NC_009925.1	2486148	2487488	-	1341	1183	1039	1915	1038	676	295
gene-AM1_RS11115	NC_009925.1	2487563	2489032	-	1470	1212	1074	3227	2093	1126	709
gene-AM1_RS11120	NC_009925.1	2489474	2491501	+	2028	331	327	826	431	473	315
gene-AM1_RS11125	NC_009925.1	2491547	2492701	+	1155	40	64	91	45	28	15
gene-AM1_RS11130	NC_009925.1	2492728	2493903	-	1176	9	14	72	30	12	4
gene-AM1_RS11135	NC_009925.1	2493986	2494906	+	921	56	61	157	166	73	44
gene-AM1_RS11140	NC_009925.1	2494991	2496274	-	1284	114	142	288	161	77	50
gene-AM1_RS11145	NC_009925.1	2496261	2497607	-	1347	218	205	394	280	159	124
gene-AM1_RS11150	NC_009925.1	2497786	2498586	-	801	20	25	55	21	6	10
gene-AM1_RS11155	NC_009925.1	2498704	2499468	+	765	37	40	109	55	25	34
gene-AM1_RS11160	NC_009925.1	2499468	2500469	+	1002	20	33	59	37	8	5
gene-AM1_RS11170	NC_009925.1	2500782	2501938	+	1157	46	45	87	71	23	26
gene-AM1_RS11175	NC_009925.1	2501997	2502662	+	666	87	87	162	112	45	51
gene-AM1_RS11180	NC_009925.1	2502816	2504300	+	1485	244	509	338	636	150	490
gene-AM1_RS11185	NC_009925.1	2504345	2507593	+	3249	282	1036	595	1432	211	567
gene-AM1_RS11190	NC_009925.1	2507625	2508974	-	1350	142	156	410	266	87	100
gene-AM1_RS11195	NC_009925.1	2509078	2509722	+	645	10	11	32	14	8	7
gene-AM1_RS11200	NC_009925.1	2509744	2510319	+	576	24	26	65	37	26	12
gene-AM1_RS11205	NC_009925.1	2510411	2511781	+	1371	45	57	129	86	37	24
gene-AM1_RS11210	NC_009925.1	2512073	2512657	+	585	304	322	1091	817	287	197
gene-AM1_RS11215	NC_009925.1	2512841	2513257	-	417	47	62	81	41	23	11
gene-AM1_RS11220	NC_009925.1	2513343	2513606	-	264	43	78	107	124	28	20
gene-AM1_RS11225	NC_009925.1	2513795	2514667	-	873	140	205	282	312	105	184
gene-AM1_RS11230	NC_009925.1	2514761	2514988	-	228	1786	1904	4933	5720	1528	1727
gene-AM1_RS42140	NC_009925.1	2515328	2515471	+	144	270	91	373	240	46	46
gene-AM1_RS11235	NC_009925.1	2515613	2516701	+	1089	303	259	225	145	78	62
gene-AM1_RS11240	NC_009925.1	2516706	2517599	+	894	116	108	123	72	56	27
gene-AM1_RS11245	NC_009925.1	2517659	2518477	+	819	118	103	283	139	93	52
gene-AM1_RS11250	NC_009925.1	2518490	2519212	+	723	127	149	195	128	100	50
gene-AM1_RS11255	NC_009925.1	2519258	2519608	+	351	59	55	96	74	45	20
gene-AM1_RS11260	NC_009925.1	2519790	2521853	+	2064	9424	994	11506	639	6355	223
gene-AM1_RS11265	NC_009925.1	2521910	2523514	+	1605	7524	778	8480	608	4842	202
gene-AM1_RS11270	NC_009925.1	2523792	2524337	+	546	20	13	29	28	24	4
gene-AM1_RS11275	NC_009925.1	2524524	2525495	+	972	71	90	151	90	31	30
gene-AM1_RS11280	NC_009925.1	2525578	2526003	-	426	15	26	38	26	9	6
gene-AM1_RS11285	NC_009925.1	2526151	2527275	+	1125	61	251	178	128	62	77
gene-AM1_RS11290	NC_009925.1	2527272	2528126	-	855	234	1472	662	1279	202	581
gene-AM1_RS11295	NC_009925.1	2528168	2528437	-	270	1627	6116	6060	18151	2257	4843
gene-AM1_RS11300	NC_009925.1	2528589	2529761	-	1173	171	252	605	383	148	112
gene-AM1_RS11305	NC_009925.1	2529942	2533487	-	3546	158	264	620	521	186	164
gene-AM1_RS11310	NC_009925.1	2533547	2536141	-	2595	304	489	618	475	279	209
gene-AM1_RS11315	NC_009925.1	2536363	2537268	-	906	0	6	20	19	3	4
gene-AM1_RS11320	NC_009925.1	2537369	2538577	+	1209	50	98	184	179	47	122
gene-AM1_RS11325	NC_009925.1	2538588	2539733	+	1146	104	247	302	340	90	133
gene-AM1_RS11330	NC_009925.1	2539792	2542413	-	2622	565	1423	1414	1903	468	1043
gene-AM1_RS11335	NC_009925.1	2542817	2545555	-	2739	572	1026	1292	1536	705	971
gene-AM1_RS11340	NC_009925.1	2545686	2548280	-	2595	374	336	1224	1025	463	380
gene-AM1_RS11345	NC_009925.1	2548527	2550788	+	2262	1061	494	2659	876	969	309
gene-AM1_RS11350	NC_009925.1	2551067	2551729	+	663	439	220	1230	430	480	224
gene-AM1_RS11355	NC_009925.1	2551837	2552646	+	810	353	189	466	186	220	87
gene-AM1_RS11360	NC_009925.1	2552643	2555039	+	2397	457	343	734	400	298	126
gene-AM1_RS11365	NC_009925.1	2555059	2556138	-	1080	108	286	192	264	77	147
gene-AM1_RS11370	NC_009925.1	2556393	2557970	-	1578	125	151	237	153	70	55
gene-AM1_RS11375	NC_009925.1	2557978	2558697	-	720	73	77	256	151	98	80
gene-AM1_RS11380	NC_009925.1	2558761	2559162	-	402	21	31	83	68	17	14
gene-AM1_RS11385	NC_009925.1	2559233	2559700	-	468	5	3	13	22	0	6
gene-AM1_RS11400	NC_009925.1	2561374	2562504	+	1131	140	339	565	1880	220	257
gene-AM1_RS11405	NC_009925.1	2562794	2563225	+	432	31	53	32	70	21	6
gene-AM1_RS11410	NC_009925.1	2563222	2564487	+	1266	39	26	68	69	30	6
gene-AM1_RS11415	NC_009925.1	2564621	2565097	-	477	11	6	21	13	7	4
gene-AM1_RS11420	NC_009925.1	2565303	2565845	+	543	23	28	56	38	17	10
gene-AM1_RS11425	NC_009925.1	2565842	2566807	-	966	54	76	180	184	51	24
gene-AM1_RS11430	NC_009925.1	2566858	2568078	-	1221	49	66	135	131	37	38
gene-AM1_RS11435	NC_009925.1	2568220	2568618	-	399	5	6	12	13	2	0
gene-AM1_RS11440	NC_009925.1	2568938	2570122	-	1185	27	47	57	54	11	12
gene-AM1_RS11445	NC_009925.1	2570613	2571893	-	1281	54	58	307	197	76	52
gene-AM1_RS11450	NC_009925.1	2572548	2573294	+	747	51	273	135	353	57	248
gene-AM1_RS11455	NC_009925.1	2573437	2573715	+	279	54	106	151	129	62	67
gene-AM1_RS42145	NC_009925.1	2574061	2574312	-	252	28	32	31	25	16	9
gene-AM1_RS37570	NC_009925.1	2574298	2576859	+	2562	862	701	2407	1847	534	330
gene-AM1_RS11465	NC_009925.1	2576870	2577826	+	957	188	193	274	154	32	21
gene-AM1_RS11470	NC_009925.1	2577885	2580977	-	3093	2936	1742	2440	1489	266	240
gene-AM1_RS11475	NC_009925.1	2581007	2582320	-	1314	1217	797	1085	624	140	114
gene-AM1_RS11480	NC_009925.1	2582420	2582965	+	546	171	165	263	118	23	23
gene-AM1_RS11485	NC_009925.1	2582962	2583732	-	771	73	81	120	79	12	14
gene-AM1_RS11490	NC_009925.1	2583979	2584764	-	786	66	54	117	68	14	12
gene-AM1_RS11495	NC_009925.1	2584954	2585691	-	738	6	19	30	33	5	2
gene-AM1_RS39800	NC_009925.1	2586075	2587173	-	1099	68	128	128	105	32	26
gene-AM1_RS11510	NC_009925.1	2587200	2587985	-	786	32	40	89	59	15	14
gene-AM1_RS11515	NC_009925.1	2588198	2589229	-	1032	23	33	58	42	13	6
gene-AM1_RS11520	NC_009925.1	2589327	2589851	-	525	36	43	108	64	30	16
gene-AM1_RS11525	NC_009925.1	2589885	2590553	-	669	162	119	392	269	121	96
gene-AM1_RS11530	NC_009925.1	2590609	2591823	-	1215	59	73	176	99	53	32
gene-AM1_RS11535	NC_009925.1	2592071	2593138	+	1068	506	478	2207	1821	526	409
gene-AM1_RS11540	NC_009925.1	2593178	2594347	-	1170	136	123	147	65	46	20
gene-AM1_RS11545	NC_009925.1	2594350	2594979	-	630	101	119	201	100	75	59
gene-AM1_RS11550	NC_009925.1	2595261	2595710	+	450	597	105	170	292	31	119
gene-AM1_RS11555	NC_009925.1	2595952	2596848	+	897	78	161	126	71	55	35
gene-AM1_RS11560	NC_009925.1	2596862	2597179	-	318	72	96	201	207	75	51
gene-AM1_RS11565	NC_009925.1	2597313	2599367	-	2055	284	642	576	475	201	240
gene-AM1_RS11570	NC_009925.1	2600538	2601491	+	954	17	74	106	291	15	117
gene-AM1_RS11575	NC_009925.1	2601584	2603335	+	1752	61	181	275	1120	50	243
gene-AM1_RS11580	NC_009925.1	2603346	2604263	+	918	21	109	125	374	20	83
gene-AM1_RS11585	NC_009925.1	2604291	2605799	+	1509	45	202	139	513	29	120
gene-AM1_RS11590	NC_009925.1	2605832	2607328	+	1497	33	179	133	430	21	114
gene-AM1_RS11595	NC_009925.1	2607381	2607815	+	435	7	35	18	136	10	17
gene-AM1_RS11600	NC_009925.1	2607923	2609338	+	1416	50	183	141	561	39	129
gene-AM1_RS11605	NC_009925.1	2609437	2609772	-	336	6	10	21	22	2	5
gene-AM1_RS11610	NC_009925.1	2609881	2611065	+	1185	54	91	161	145	54	42
gene-AM1_RS11615	NC_009925.1	2611062	2612315	+	1254	72	51	117	86	35	14
gene-AM1_RS11620	NC_009925.1	2612319	2612999	+	681	51	47	100	78	17	11
gene-AM1_RS11625	NC_009925.1	2613219	2614373	+	1155	212	227	366	294	119	155
gene-AM1_RS11630	NC_009925.1	2614659	2615057	-	399	146	80	69	67	16	31
gene-AM1_RS11635	NC_009925.1	2615133	2615468	+	336	192	114	58	49	11	24
gene-AM1_RS11640	NC_009925.1	2615494	2616858	-	1365	3924	1805	1080	1829	414	563
gene-AM1_RS11645	NC_009925.1	2616968	2618218	-	1251	14068	8263	3689	8331	2543	3874
gene-AM1_RS11650	NC_009925.1	2618430	2618996	+	567	45	68	161	82	31	33
gene-AM1_RS11655	NC_009925.1	2619169	2619774	+	606	237	196	253	181	75	77
gene-AM1_RS11660	NC_009925.1	2619790	2620017	-	228	22	25	21	11	8	3
gene-AM1_RS11665	NC_009925.1	2620068	2621261	-	1194	117	137	131	64	47	34
gene-AM1_RS11670	NC_009925.1	2621254	2621898	-	645	18	32	28	21	11	8
gene-AM1_RS11675	NC_009925.1	2622127	2623101	-	975	150	135	233	139	77	34
gene-AM1_RS11680	NC_009925.1	2623383	2623829	+	447	6	2	16	9	0	2
gene-AM1_RS11685	NC_009925.1	2623788	2625152	-	1365	36	43	67	81	17	25
gene-AM1_RS11690	NC_009925.1	2625775	2626119	+	345	14	26	44	45	7	11
gene-AM1_RS11695	NC_009925.1	2626312	2628729	+	2418	62	79	242	209	38	32
gene-AM1_RS11700	NC_009925.1	2629004	2630314	+	1311	30	40	109	98	22	24
gene-AM1_RS11715	NC_009925.1	2631483	2632793	-	1311	44	54	93	115	29	23
gene-AM1_RS11720	NC_009925.1	2633123	2634631	-	1509	50	44	86	73	18	6
gene-AM1_RS11725	NC_009925.1	2635022	2636014	-	993	61	88	108	74	39	21
gene-AM1_RS11730	NC_009925.1	2636011	2637150	-	1140	144	176	268	214	119	113
gene-AM1_RS11735	NC_009925.1	2637258	2638043	+	786	12	27	81	35	23	14
gene-AM1_RS11740	NC_009925.1	2638040	2639107	+	1068	77	70	162	95	53	35
gene-AM1_RS11745	NC_009925.1	2639104	2640195	+	1092	42	59	74	48	24	14
gene-AM1_RS11750	NC_009925.1	2640225	2640590	-	366	14	27	39	27	12	8
gene-AM1_RS11755	NC_009925.1	2640574	2640888	-	315	16	22	39	32	11	13
gene-AM1_RS11760	NC_009925.1	2640899	2641180	-	282	2	4	20	20	4	3
gene-AM1_RS11765	NC_009925.1	2641300	2641572	+	273	7	10	39	17	3	7
gene-AM1_RS11770	NC_009925.1	2641553	2641825	+	273	14	14	49	26	18	11
gene-AM1_RS11775	NC_009925.1	2641873	2642652	-	780	30	23	53	34	16	15
gene-AM1_RS11780	NC_009925.1	2642757	2643548	-	792	27	35	77	61	18	9
gene-AM1_RS11785	NC_009925.1	2644003	2644701	+	699	80	92	320	177	69	38
gene-AM1_RS11790	NC_009925.1	2644773	2645708	+	936	113	70	309	156	90	36
gene-AM1_RS43955	NC_009925.1	2645722	2645853	+	132	8	7	13	3	2	1
gene-AM1_RS11795	NC_009925.1	2645897	2646541	-	645	37	45	94	141	27	30
gene-AM1_RS11800	NC_009925.1	2647490	2649841	+	2352	525	619	1415	1206	721	579
gene-AM1_RS11805	NC_009925.1	2649927	2651435	+	1509	610	671	1176	832	525	279
gene-AM1_RS11810	NC_009925.1	2651558	2652433	-	876	202	294	387	297	106	66
gene-AM1_RS11815	NC_009925.1	2652438	2655809	-	3372	2976	4169	6046	5825	2363	1910
gene-AM1_RS11820	NC_009925.1	2656095	2656382	+	288	5904	6951	6797	6604	3624	1711
gene-AM1_RS11825	NC_009925.1	2656554	2656745	+	192	1100	1555	1696	1133	746	300
gene-AM1_RS11830	NC_009925.1	2656832	2657260	+	429	1309	1615	1451	782	700	286
gene-AM1_RS11835	NC_009925.1	2657275	2658339	-	1065	143	304	262	146	84	82
gene-AM1_RS11840	NC_009925.1	2658625	2659521	+	897	1063	334	1807	541	500	138
gene-AM1_RS11845	NC_009925.1	2659730	2661307	+	1578	413	323	622	404	276	148
gene-AM1_RS11850	NC_009925.1	2661461	2662630	+	1170	168	292	846	512	243	221
gene-AM1_RS11855	NC_009925.1	2662874	2664970	+	2097	231	943	720	1134	240	570
gene-AM1_RS11860	NC_009925.1	2665087	2665575	+	489	81	116	295	246	73	131
gene-AM1_RS11865	NC_009925.1	2665694	2665891	+	198	879	119	153	96	64	32
gene-AM1_RS11870	NC_009925.1	2666082	2666546	+	465	420	166	249	182	80	60
gene-AM1_RS11875	NC_009925.1	2666513	2667238	-	726	200	144	340	132	126	58
gene-AM1_RS11880	NC_009925.1	2667261	2667716	-	456	133	125	274	77	101	40
gene-AM1_RS38660	NC_009925.1	2668179	2668295	-	117	1464	1220	5871	2953	1524	699
gene-AM1_RS38665	NC_009925.1	2668387	2668503	-	117	1678	1475	5896	3002	1761	909
gene-AM1_RS38670	NC_009925.1	2668513	2668647	-	135	1329	1112	6151	2971	1648	783
gene-AM1_RS11885	NC_009925.1	2668656	2668907	-	252	6635	4966	19414	11308	6272	3105
gene-AM1_RS11890	NC_009925.1	2669038	2670015	-	978	7103	2279	12963	2759	4418	1013
gene-AM1_RS43185	NC_009925.1	2669921	2670115	-	195	415	144	1049	135	248	51
gene-AM1_RS11895	NC_009925.1	2670160	2670504	-	345	3391	1349	6264	1448	1562	515
gene-AM1_RS38675	NC_009925.1	2670709	2670807	+	99	335	430	794	508	351	185
gene-AM1_RS11900	NC_009925.1	2670887	2671978	-	1092	722	915	1512	660	568	219
gene-AM1_RS11905	NC_009925.1	2672099	2673553	+	1455	61	59	155	87	25	25
gene-AM1_RS11910	NC_009925.1	2673579	2674178	+	600	58	74	150	115	33	36
gene-AM1_RS11915	NC_009925.1	2674822	2676381	+	1560	203	359	525	549	162	200
gene-AM1_RS11920	NC_009925.1	2676386	2677117	+	732	176	257	572	538	158	169
gene-AM1_RS11925	NC_009925.1	2677464	2678231	+	768	313	377	876	583	253	216
gene-AM1_RS11930	NC_009925.1	2678236	2679642	+	1407	617	827	1683	1311	574	413
gene-AM1_RS11935	NC_009925.1	2679755	2680705	+	951	81	83	198	86	53	37
gene-AM1_RS11940	NC_009925.1	2680766	2681470	-	705	33	38	48	31	12	8
gene-AM1_RS11945	NC_009925.1	2681482	2682162	-	681	38	45	22	26	8	3
gene-AM1_RS11950	NC_009925.1	2682282	2683580	-	1299	347	419	498	370	182	123
gene-AM1_RS11955	NC_009925.1	2683962	2686049	+	2088	11422	3199	12982	3405	7493	1078
gene-AM1_RS11960	NC_009925.1	2686248	2686463	+	216	46	18	42	20	16	2
gene-AM1_RS11965	NC_009925.1	2686512	2687564	+	1053	89	91	96	71	37	16
gene-AM1_RS11970	NC_009925.1	2687576	2688073	-	498	118	114	86	54	63	31
gene-AM1_RS11975	NC_009925.1	2688085	2689428	-	1344	819	694	564	349	772	314
gene-AM1_RS11980	NC_009925.1	2689520	2691523	-	2004	529	628	832	534	269	197
gene-AM1_RS11985	NC_009925.1	2691663	2692469	+	807	68	113	223	124	61	50
gene-AM1_RS11990	NC_009925.1	2692535	2693491	+	957	525	484	1154	526	387	334
gene-AM1_RS11995	NC_009925.1	2693530	2694453	+	924	221	185	311	151	93	62
gene-AM1_RS12000	NC_009925.1	2694473	2695402	+	930	137	196	241	315	81	82
gene-AM1_RS12005	NC_009925.1	2695686	2697218	+	1533	211	283	563	476	309	212
gene-AM1_RS12010	NC_009925.1	2697270	2698667	+	1398	182	256	495	304	156	131
gene-AM1_RS12015	NC_009925.1	2698944	2699288	+	345	29	40	49	59	15	15
gene-AM1_RS12020	NC_009925.1	2699331	2699885	-	555	11	20	75	43	14	17
gene-AM1_RS12025	NC_009925.1	2699999	2700619	+	621	38	31	43	32	20	8
gene-AM1_RS12030	NC_009925.1	2700635	2701342	+	708	31	38	73	74	19	15
gene-AM1_RS12035	NC_009925.1	2701412	2702632	-	1221	56	81	117	60	36	28
gene-AM1_RS12040	NC_009925.1	2702753	2703751	-	999	25	39	108	56	21	19
gene-AM1_RS44255	NC_009925.1	2703893	2704252	-	360	1	4	7	11	1	0
gene-AM1_RS12045	NC_009925.1	2704926	2705852	-	927	52	56	99	66	24	18
gene-AM1_RS12050	NC_009925.1	2706004	2707008	-	1005	40	21	54	39	30	12
gene-AM1_RS12055	NC_009925.1	2707084	2708061	+	978	22	30	71	47	12	9
gene-AM1_RS12060	NC_009925.1	2708122	2709003	+	882	33	50	101	115	40	30
gene-AM1_RS42150	NC_009925.1	2709003	2709164	+	162	1	4	4	4	3	1
gene-AM1_RS39815	NC_009925.1	2709167	2710049	-	883	8	10	32	29	15	8
gene-AM1_RS40980	NC_009925.1	2710681	2710908	-	228	6	1	10	10	1	0
gene-AM1_RS44435	NC_009925.1	2711189	2711362	-	174	3	4	7	11	0	1
gene-AM1_RS12080	NC_009925.1	2711370	2711777	-	408	7	9	22	8	2	2
gene-AM1_RS12085	NC_009925.1	2711893	2712828	+	936	170	122	267	232	164	110
gene-AM1_RS12090	NC_009925.1	2712918	2713853	+	936	97	67	234	197	109	46
gene-AM1_RS43190	NC_009925.1	2714065	2714568	+	504	30	38	64	30	23	9
gene-AM1_RS43195	NC_009925.1	2714528	2715124	+	597	18	28	41	23	8	2
gene-AM1_RS43960	NC_009925.1	2715445	2715570	-	126	14	27	23	17	5	3
gene-AM1_RS12110	NC_009925.1	2715716	2715788	-	73	79	110	539	334	212	109
gene-AM1_RS12115	NC_009925.1	2715992	2717305	+	1314	55	90	199	111	58	44
gene-AM1_RS12120	NC_009925.1	2717312	2718871	+	1560	67	93	211	138	40	45
gene-AM1_RS37575	NC_009925.1	2719671	2721143	+	1473	150	339	916	707	173	268
gene-AM1_RS12130	NC_009925.1	2721269	2721688	+	420	160	227	243	121	112	45
gene-AM1_RS12135	NC_009925.1	2721685	2722638	-	954	664	322	1229	206	576	124
gene-AM1_RS12145	NC_009925.1	2723178	2723612	+	435	402	264	459	305	109	87
gene-AM1_RS12150	NC_009925.1	2723617	2724369	-	753	90	141	153	211	58	67
gene-AM1_RS12155	NC_009925.1	2724718	2725038	+	321	256	265	538	295	212	212
gene-AM1_RS12160	NC_009925.1	2725091	2725279	+	189	130	121	470	312	150	94
gene-AM1_RS12165	NC_009925.1	2725270	2726334	+	1065	808	866	1086	581	367	265
gene-AM1_RS12170	NC_009925.1	2726414	2727019	+	606	256	295	445	268	173	170
gene-AM1_RS12175	NC_009925.1	2727021	2727656	-	636	83	130	255	132	93	98
gene-AM1_RS12180	NC_009925.1	2727847	2727935	+	89	927	1596	1643	1358	1446	817
gene-AM1_RS12185	NC_009925.1	2727967	2728203	+	237	653	614	1391	1196	562	268
gene-AM1_RS12190	NC_009925.1	2728203	2728763	+	561	108	132	106	42	51	15
gene-AM1_RS12195	NC_009925.1	2728836	2730029	+	1194	395	356	650	532	281	198
gene-AM1_RS12200	NC_009925.1	2730218	2730826	+	609	2414	1341	2050	1366	1420	633
gene-AM1_RS12205	NC_009925.1	2730986	2731990	-	1005	449	432	718	310	353	168
gene-AM1_RS12210	NC_009925.1	2732256	2732840	+	585	110	114	198	87	60	46
gene-AM1_RS12215	NC_009925.1	2732866	2733507	+	642	128	144	184	133	113	53
gene-AM1_RS12220	NC_009925.1	2733551	2735260	+	1710	228	262	405	222	181	104
gene-AM1_RS12225	NC_009925.1	2735263	2735802	+	540	61	40	115	53	31	12
gene-AM1_RS12230	NC_009925.1	2735845	2736690	+	846	161	216	339	199	171	68
gene-AM1_RS12235	NC_009925.1	2736830	2737561	+	732	171	230	315	136	151	57
gene-AM1_RS12240	NC_009925.1	2737620	2738654	+	1035	410	443	784	326	227	119
gene-AM1_RS12245	NC_009925.1	2738753	2740606	+	1854	178	267	326	216	152	106
gene-AM1_RS12250	NC_009925.1	2740619	2740858	+	240	26	45	100	57	15	9
gene-AM1_RS12255	NC_009925.1	2740921	2741448	+	528	60	88	106	38	40	24
gene-AM1_RS44440	NC_009925.1	2741632	2742027	+	396	40	63	49	26	18	10
gene-AM1_RS12260	NC_009925.1	2741952	2742629	+	678	88	141	119	68	75	45
gene-AM1_RS12265	NC_009925.1	2742703	2744199	+	1497	143	261	205	156	113	73
gene-AM1_RS39820	NC_009925.1	2744668	2745727	-	1060	44	94	94	115	24	21
gene-AM1_RS12280	NC_009925.1	2746319	2747497	+	1179	19	38	50	48	11	16
gene-AM1_RS12285	NC_009925.1	2747589	2748800	-	1212	104	98	146	112	53	45
gene-AM1_RS12290	NC_009925.1	2749868	2751286	+	1419	40	78	63	69	24	11
gene-AM1_RS12295	NC_009925.1	2751402	2752844	-	1443	144	128	411	269	175	83
gene-AM1_RS42155	NC_009925.1	2753266	2753433	+	168	22	26	47	35	11	7
gene-AM1_RS12305	NC_009925.1	2754250	2754900	+	651	64	86	217	277	143	161
gene-AM1_RS12310	NC_009925.1	2754897	2756966	-	2070	130	151	301	325	131	121
gene-AM1_RS12315	NC_009925.1	2757167	2757610	+	444	2	5	10	12	2	1
gene-AM1_RS12320	NC_009925.1	2757758	2758102	+	345	33	16	162	88	24	24
gene-AM1_RS12325	NC_009925.1	2758092	2758616	+	525	57	58	304	192	80	73
gene-AM1_RS12330	NC_009925.1	2758752	2761052	-	2301	127	94	312	190	97	56
gene-AM1_RS12335	NC_009925.1	2761388	2761795	-	408	22	23	33	25	9	10
gene-AM1_RS12340	NC_009925.1	2761978	2763186	-	1209	48	65	122	103	24	19
gene-AM1_RS12345	NC_009925.1	2763210	2763902	-	693	79	131	247	155	84	62
gene-AM1_RS12350	NC_009925.1	2764035	2765885	+	1851	227	310	456	333	168	155
gene-AM1_RS12355	NC_009925.1	2766011	2766784	+	774	78	100	101	70	34	31
gene-AM1_RS12360	NC_009925.1	2766774	2767244	-	471	74	117	108	71	44	31
gene-AM1_RS12365	NC_009925.1	2767732	2768208	+	477	9	7	31	24	10	10
gene-AM1_RS12370	NC_009925.1	2768328	2768657	+	330	50	55	125	112	48	37
gene-AM1_RS12375	NC_009925.1	2768730	2769242	+	513	190	211	395	183	108	109
gene-AM1_RS12380	NC_009925.1	2769257	2769730	+	474	29	42	63	26	23	18
gene-AM1_RS12385	NC_009925.1	2769807	2770127	-	321	22	52	99	308	5	87
gene-AM1_RS12390	NC_009925.1	2770534	2775591	+	5058	73	125	220	287	51	41
gene-AM1_RS12395	NC_009925.1	2775712	2776026	-	315	10	13	32	24	9	3
gene-AM1_RS12400	NC_009925.1	2776036	2776299	-	264	64	52	124	86	31	17
gene-AM1_RS12405	NC_009925.1	2776661	2777833	-	1173	111	271	324	269	112	99
gene-AM1_RS12410	NC_009925.1	2777864	2779267	-	1404	570	857	1107	1327	475	392
gene-AM1_RS12415	NC_009925.1	2779267	2780610	-	1344	144	267	367	339	139	189
gene-AM1_RS12420	NC_009925.1	2780834	2781118	-	285	58	372	141	734	77	394
gene-AM1_RS12425	NC_009925.1	2781437	2782135	-	699	175	285	218	430	247	376
gene-AM1_RS12430	NC_009925.1	2782511	2784481	+	1971	622	1371	3032	3087	1391	1441
gene-AM1_RS12435	NC_009925.1	2784757	2787924	-	3168	131	208	409	410	137	156
gene-AM1_RS12440	NC_009925.1	2788323	2788625	+	303	12	20	61	56	15	14
gene-AM1_RS12445	NC_009925.1	2788612	2788917	+	306	19	15	21	17	8	7
gene-AM1_RS12450	NC_009925.1	2788985	2789839	-	855	14	27	57	31	9	16
gene-AM1_RS12455	NC_009925.1	2790183	2790467	+	285	74	51	161	283	14	9
gene-AM1_RS12460	NC_009925.1	2790535	2791053	+	519	112	120	175	400	35	41
gene-AM1_RS12465	NC_009925.1	2791195	2791674	+	480	17	19	13	17	6	3
gene-AM1_RS12470	NC_009925.1	2791728	2792123	+	396	17	59	45	66	22	46
gene-AM1_RS12475	NC_009925.1	2792148	2792726	+	579	29	110	151	101	35	49
gene-AM1_RS12480	NC_009925.1	2792766	2793488	+	723	58	70	146	126	56	45
gene-AM1_RS12485	NC_009925.1	2793686	2798059	-	4374	141	127	149	148	23	8
gene-AM1_RS40995	NC_009925.1	2798137	2798352	+	216	1	5	2	0	0	2
gene-AM1_RS12490	NC_009925.1	2798418	2798978	+	561	38	35	78	61	9	18
gene-AM1_RS12495	NC_009925.1	2799311	2799715	+	405	9	9	39	33	9	5
gene-AM1_RS12500	NC_009925.1	2799859	2800230	+	372	13	10	23	28	10	8
gene-AM1_RS12505	NC_009925.1	2800449	2800727	+	279	36	82	66	95	27	8
gene-AM1_RS39825	NC_009925.1	2800878	2801414	+	537	247	309	926	949	287	267
gene-AM1_RS12515	NC_009925.1	2801633	2803417	+	1785	178	266	504	338	172	143
gene-AM1_RS12520	NC_009925.1	2803624	2804376	+	753	5	27	29	41	11	11
gene-AM1_RS12525	NC_009925.1	2804382	2805380	+	999	14	37	37	68	15	16
gene-AM1_RS12530	NC_009925.1	2805486	2805878	+	393	21	31	27	25	11	7
gene-AM1_RS12535	NC_009925.1	2806009	2806611	-	603	35	45	86	31	23	25
gene-AM1_RS42160	NC_009925.1	2806740	2806907	+	168	8	8	16	8	2	2
gene-AM1_RS12540	NC_009925.1	2807179	2807505	+	327	5	7	22	19	7	3
gene-AM1_RS12545	NC_009925.1	2807826	2808185	+	360	16	26	43	35	13	16
gene-AM1_RS12550	NC_009925.1	2808292	2808747	+	456	16	16	20	24	11	4
gene-AM1_RS12555	NC_009925.1	2808799	2809125	-	327	68	47	111	67	33	18
gene-AM1_RS12560	NC_009925.1	2809115	2809375	-	261	58	57	138	91	44	22
gene-AM1_RS12565	NC_009925.1	2809655	2810281	+	627	146	70	152	136	19	32
gene-AM1_RS12570	NC_009925.1	2810252	2811118	-	867	34	61	119	81	32	38
gene-AM1_RS12575	NC_009925.1	2811220	2812137	+	918	179	180	347	213	142	98
gene-AM1_RS12580	NC_009925.1	2812118	2812837	+	720	167	136	263	222	102	68
gene-AM1_RS12585	NC_009925.1	2812849	2813787	+	939	59	90	157	102	31	30
gene-AM1_RS42165	NC_009925.1	2813947	2814213	-	267	5	4	9	8	6	5
gene-AM1_RS12595	NC_009925.1	2814301	2814939	-	639	1412	2867	2983	4717	1270	2239
gene-AM1_RS12605	NC_009925.1	2815307	2817034	+	1728	254	365	738	708	280	311
gene-AM1_RS12610	NC_009925.1	2817518	2817985	+	468	29	136	69	166	20	50
gene-AM1_RS12615	NC_009925.1	2817924	2818997	-	1074	130	227	227	362	177	66
gene-AM1_RS12620	NC_009925.1	2819109	2819735	+	627	51	63	81	64	31	33
gene-AM1_RS12625	NC_009925.1	2819739	2820161	-	423	14	30	25	32	16	6
gene-AM1_RS12630	NC_009925.1	2820591	2821091	+	501	9	43	35	106	7	12
gene-AM1_RS12635	NC_009925.1	2821299	2822201	+	903	639	174	1269	198	596	90
gene-AM1_RS12640	NC_009925.1	2822198	2823550	-	1353	137	94	281	143	88	53
gene-AM1_RS12645	NC_009925.1	2823773	2824738	+	966	279	431	3357	3969	138	202
gene-AM1_RS12650	NC_009925.1	2824951	2825484	+	534	35	71	1327	967	26	16
gene-AM1_RS12655	NC_009925.1	2825527	2825808	+	282	6	22	24	33	10	6
gene-AM1_RS12660	NC_009925.1	2826281	2828410	+	2130	66	117	244	228	43	63
gene-AM1_RS12665	NC_009925.1	2828893	2829273	+	381	443	634	1057	642	244	299
gene-AM1_RS12670	NC_009925.1	2829291	2829779	+	489	325	455	621	270	207	129
gene-AM1_RS12675	NC_009925.1	2829853	2830686	-	834	405	481	408	336	278	200
gene-AM1_RS12680	NC_009925.1	2830717	2832129	-	1413	112	532	290	439	113	342
gene-AM1_RS12685	NC_009925.1	2832140	2832709	-	570	116	460	320	452	112	442
gene-AM1_RS12690	NC_009925.1	2832970	2833626	-	657	252	289	476	358	217	162
gene-AM1_RS12695	NC_009925.1	2833824	2835242	+	1419	34	58	95	60	24	16
gene-AM1_RS37585	NC_009925.1	2836034	2839102	+	3069	84	149	243	235	39	52
gene-AM1_RS12705	NC_009925.1	2839285	2842947	+	3663	345	934	908	1706	375	760
gene-AM1_RS12710	NC_009925.1	2842969	2844201	-	1233	205	348	324	234	116	122
gene-AM1_RS12715	NC_009925.1	2844336	2845277	-	942	194	226	497	398	172	129
gene-AM1_RS12720	NC_009925.1	2845478	2846482	+	1005	20	22	31	30	23	15
gene-AM1_RS12725	NC_009925.1	2846408	2847748	-	1341	177	191	485	345	155	169
gene-AM1_RS12730	NC_009925.1	2848456	2849043	+	588	364	906	939	1896	302	915
gene-AM1_RS12735	NC_009925.1	2849156	2849899	+	744	489	685	1515	2607	389	611
gene-AM1_RS12740	NC_009925.1	2849990	2851153	-	1164	2133	1866	4250	3055	2264	1354
gene-AM1_RS12745	NC_009925.1	2851416	2852513	-	1098	65	396	203	565	98	317
gene-AM1_RS12750	NC_009925.1	2852765	2855101	+	2337	52	132	191	634	40	102
gene-AM1_RS12755	NC_009925.1	2855085	2856824	+	1740	123	205	350	992	82	142
gene-AM1_RS12760	NC_009925.1	2857031	2857636	+	606	48	51	114	62	41	43
gene-AM1_RS12765	NC_009925.1	2857640	2859508	-	1869	57	77	140	100	46	23
gene-AM1_RS12770	NC_009925.1	2859518	2859793	-	276	7	9	47	38	7	9
gene-AM1_RS12775	NC_009925.1	2860280	2862172	+	1893	84	120	204	161	52	32
gene-AM1_RS12780	NC_009925.1	2862476	2864350	+	1875	390	535	766	413	262	188
gene-AM1_RS12785	NC_009925.1	2864439	2867180	+	2742	160	258	785	313	290	254
gene-AM1_RS12790	NC_009925.1	2867209	2867700	-	492	597	1568	4426	3316	1102	1534
gene-AM1_RS12795	NC_009925.1	2868399	2868947	+	549	102	297	1325	2407	61	477
gene-AM1_RS12800	NC_009925.1	2869081	2869818	+	738	28	60	81	154	17	69
gene-AM1_RS12805	NC_009925.1	2869975	2870475	+	501	665	1026	1736	1848	592	561
gene-AM1_RS12810	NC_009925.1	2870601	2871485	-	885	141	197	346	122	96	40
gene-AM1_RS12815	NC_009925.1	2871688	2873457	+	1770	122	165	325	321	128	123
gene-AM1_RS12820	NC_009925.1	2873844	2874032	+	189	40	156	464	756	44	78
gene-AM1_RS37590	NC_009925.1	2874162	2875676	+	1515	32	88	185	240	35	44
gene-AM1_RS12830	NC_009925.1	2876119	2877315	+	1197	286	547	400	601	268	476
gene-AM1_RS12835	NC_009925.1	2877319	2877699	+	381	10	38	30	44	12	14
gene-AM1_RS12840	NC_009925.1	2877683	2878381	+	699	90	257	224	370	108	159
gene-AM1_RS12845	NC_009925.1	2878409	2879434	+	1026	141	307	332	544	155	264
gene-AM1_RS12850	NC_009925.1	2879522	2880394	+	873	76	189	227	250	76	102
gene-AM1_RS12855	NC_009925.1	2880397	2881173	+	777	44	98	121	99	40	53
gene-AM1_RS12860	NC_009925.1	2881181	2881666	-	486	21	69	47	114	13	23
gene-AM1_RS12865	NC_009925.1	2881729	2882868	-	1140	142	188	285	310	117	101
gene-AM1_RS12870	NC_009925.1	2882871	2885303	-	2433	133	200	351	245	117	94
gene-AM1_RS12875	NC_009925.1	2885357	2886241	-	885	109	162	203	178	69	67
gene-AM1_RS12880	NC_009925.1	2886241	2886942	-	702	100	123	292	258	66	95
gene-AM1_RS12885	NC_009925.1	2886947	2888077	-	1131	117	180	294	186	108	99
gene-AM1_RS12890	NC_009925.1	2888636	2889547	+	912	56	121	102	247	36	75
gene-AM1_RS12895	NC_009925.1	2889679	2889987	+	309	4	6	11	3	3	1
gene-AM1_RS12900	NC_009925.1	2890226	2890618	-	393	109	145	150	86	50	25
gene-AM1_RS12905	NC_009925.1	2890622	2891209	-	588	243	353	510	264	202	109
gene-AM1_RS12910	NC_009925.1	2891216	2892409	-	1194	411	506	884	519	387	296
gene-AM1_RS12915	NC_009925.1	2892551	2894074	-	1524	220	259	384	285	184	140
gene-AM1_RS42170	NC_009925.1	2894141	2894308	-	168	7	14	19	7	7	8
gene-AM1_RS12920	NC_009925.1	2894422	2895231	+	810	302	353	837	666	381	283
gene-AM1_RS12925	NC_009925.1	2895299	2896645	+	1347	182	194	255	177	142	66
gene-AM1_RS12930	NC_009925.1	2896650	2897369	-	720	157	290	186	121	110	79
gene-AM1_RS12935	NC_009925.1	2897610	2898146	+	537	319	833	352	554	126	368
gene-AM1_RS12940	NC_009925.1	2898163	2898759	+	597	254	523	311	262	102	99
gene-AM1_RS12945	NC_009925.1	2898771	2899613	-	843	124	207	123	67	58	27
gene-AM1_RS12950	NC_009925.1	2899670	2900461	-	792	63	79	124	70	22	35
gene-AM1_RS12955	NC_009925.1	2900722	2903427	+	2706	220	403	364	341	127	149
gene-AM1_RS12960	NC_009925.1	2903542	2903904	+	363	3343	3301	1834	1354	1192	694
gene-AM1_RS12965	NC_009925.1	2904038	2904110	+	73	483	467	641	439	269	152
gene-AM1_RS43965	NC_009925.1	2904390	2904662	+	273	1466	1491	1272	791	684	350
gene-AM1_RS12975	NC_009925.1	2904669	2905289	+	621	2404	2464	1747	1071	958	466
gene-AM1_RS12980	NC_009925.1	2905297	2905722	+	426	3165	2950	1784	1518	1407	526
gene-AM1_RS12985	NC_009925.1	2905813	2906523	+	711	5252	5614	2328	1685	2218	910
gene-AM1_RS12990	NC_009925.1	2906777	2907307	+	531	10894	9340	1660	2209	2115	1327
gene-AM1_RS12995	NC_009925.1	2907352	2907741	+	390	7114	5776	1827	2846	2384	945
gene-AM1_RS13000	NC_009925.1	2907838	2908119	-	282	112	126	128	83	43	38
gene-AM1_RS13005	NC_009925.1	2908176	2908628	+	453	147	507	205	368	52	79
gene-AM1_RS13010	NC_009925.1	2908691	2909425	-	735	723	4387	922	6296	359	1553
gene-AM1_RS13015	NC_009925.1	2909720	2912704	-	2985	511	686	783	663	345	291
gene-AM1_RS13020	NC_009925.1	2913015	2913944	+	930	42	72	87	66	16	20
gene-AM1_RS13025	NC_009925.1	2914255	2915328	+	1074	605	1129	1333	2670	353	692
gene-AM1_RS13030	NC_009925.1	2915373	2916518	+	1146	1095	1714	3225	5311	1076	1707
gene-AM1_RS13035	NC_009925.1	2916640	2918169	+	1530	650	1352	2311	2306	718	848
gene-AM1_RS13040	NC_009925.1	2918212	2919564	+	1353	477	870	1503	1907	538	675
gene-AM1_RS37595	NC_009925.1	2919618	2919920	-	303	66	142	191	333	58	84
gene-AM1_RS13050	NC_009925.1	2920236	2921630	+	1395	52	123	106	78	27	38
gene-AM1_RS13055	NC_009925.1	2921635	2922258	-	624	39	83	49	42	20	23
gene-AM1_RS13060	NC_009925.1	2922482	2923108	-	627	172	149	206	128	96	62
gene-AM1_RS13065	NC_009925.1	2923105	2923854	-	750	156	153	223	183	148	113
gene-AM1_RS13070	NC_009925.1	2923912	2925189	+	1278	104	140	231	207	62	74
gene-AM1_RS13075	NC_009925.1	2925365	2926969	+	1605	176	208	399	283	116	113
gene-AM1_RS13080	NC_009925.1	2926991	2927902	-	912	141	103	249	161	115	66
gene-AM1_RS13085	NC_009925.1	2927992	2928216	+	225	127	78	396	239	117	56
gene-AM1_RS13090	NC_009925.1	2928273	2929355	-	1083	112943	49896	232801	133856	108010	48238
gene-AM1_RS13095	NC_009925.1	2929610	2930020	-	411	37	95	116	55	17	16
gene-AM1_RS13100	NC_009925.1	2930085	2932511	+	2427	626	810	1718	935	494	376
gene-AM1_RS44260	NC_009925.1	2932508	2932627	-	120	1728	1569	5176	4279	1097	1070
gene-AM1_RS13105	NC_009925.1	2932814	2933164	+	351	109	100	430	175	61	61
gene-AM1_RS13110	NC_009925.1	2933183	2933599	+	417	57	53	194	104	44	30
gene-AM1_RS13115	NC_009925.1	2933619	2933906	+	288	27	31	65	26	23	15
gene-AM1_RS42855	NC_009925.1	2934035	2934187	+	153	10	11	30	17	5	3
gene-AM1_RS42860	NC_009925.1	2934215	2934568	+	354	33	32	47	21	26	5
gene-AM1_RS13125	NC_009925.1	2934621	2934860	-	240	23	19	35	9	2	1
gene-AM1_RS13130	NC_009925.1	2935071	2935421	-	351	186	96	116	101	18	24
gene-AM1_RS13135	NC_009925.1	2935646	2936521	-	876	35	26	87	46	21	12
gene-AM1_RS13140	NC_009925.1	2936781	2937590	+	810	110	115	210	113	82	56
gene-AM1_RS13145	NC_009925.1	2937694	2938149	+	456	40	48	61	42	18	14
gene-AM1_RS13150	NC_009925.1	2938372	2939679	+	1308	1412	1663	2104	1369	1152	731
gene-AM1_RS13155	NC_009925.1	2939704	2940927	+	1224	350	472	350	231	165	96
gene-AM1_RS13160	NC_009925.1	2940967	2941524	+	558	29	52	65	43	11	17
gene-AM1_RS13165	NC_009925.1	2942295	2943671	+	1377	168	458	558	872	77	264
gene-AM1_RS13170	NC_009925.1	2944268	2944711	+	444	469	2535	760	2553	186	1281
gene-AM1_RS13175	NC_009925.1	2944770	2945201	+	432	32	171	61	165	9	58
gene-AM1_RS13180	NC_009925.1	2945227	2945820	-	594	51	126	102	75	37	33
gene-AM1_RS13185	NC_009925.1	2946053	2946532	+	480	72	96	89	63	31	28
gene-AM1_RS13190	NC_009925.1	2946529	2946912	+	384	30	41	48	26	17	12
gene-AM1_RS13195	NC_009925.1	2946890	2947678	+	789	55	73	62	42	30	17
gene-AM1_RS13200	NC_009925.1	2947741	2949408	+	1668	767	1061	651	821	412	526
gene-AM1_RS13205	NC_009925.1	2949382	2950266	-	885	67	106	127	59	66	44
gene-AM1_RS13210	NC_009925.1	2950290	2950775	-	486	70	85	150	75	73	42
gene-AM1_RS13215	NC_009925.1	2951059	2951559	+	501	204	247	729	707	233	156
gene-AM1_RS13220	NC_009925.1	2951724	2952701	+	978	205	250	731	522	170	104
gene-AM1_RS13225	NC_009925.1	2952841	2953287	+	447	735	1648	1600	4875	546	1071
gene-AM1_RS13230	NC_009925.1	2953373	2953445	-	73	122	160	169	122	103	52
gene-AM1_RS13235	NC_009925.1	2953651	2954382	+	732	278	336	513	296	161	121
gene-AM1_RS13240	NC_009925.1	2954449	2955912	+	1464	993	1187	854	489	277	167
gene-AM1_RS13245	NC_009925.1	2956034	2956333	-	300	2363	1838	1852	1052	808	252
gene-AM1_RS13250	NC_009925.1	2956438	2957043	-	606	210	218	339	253	165	170
gene-AM1_RS13255	NC_009925.1	2957380	2958042	+	663	89	104	1278	969	112	195
gene-AM1_RS13260	NC_009925.1	2958078	2959037	+	960	378	444	498	321	143	148
gene-AM1_RS13265	NC_009925.1	2959115	2962222	+	3108	371	552	619	522	181	162
gene-AM1_RS13270	NC_009925.1	2962254	2963102	+	849	382	452	673	993	253	185
gene-AM1_RS13275	NC_009925.1	2963159	2964454	-	1296	297	415	726	418	191	126
gene-AM1_RS13280	NC_009925.1	2965087	2965157	-	71	663	706	77	64	128	56
gene-AM1_RS13285	NC_009925.1	2965317	2965544	-	228	252	287	901	755	212	165
gene-AM1_RS13290	NC_009925.1	2965656	2967200	-	1545	334	345	562	317	204	116
gene-AM1_RS13295	NC_009925.1	2967260	2968303	-	1044	222	259	562	363	256	177
gene-AM1_RS13300	NC_009925.1	2968308	2968784	-	477	15	17	57	33	9	12
gene-AM1_RS13305	NC_009925.1	2968799	2969245	-	447	29	37	97	59	29	30
gene-AM1_RS13310	NC_009925.1	2969378	2970382	+	1005	843	991	1739	1210	618	619
gene-AM1_RS13315	NC_009925.1	2970386	2970979	-	594	637	874	540	247	299	136
gene-AM1_RS13320	NC_009925.1	2970985	2971164	-	180	124	164	198	115	97	28
gene-AM1_RS37600	NC_009925.1	2971400	2971960	+	561	26	34	105	40	17	13
gene-AM1_RS13325	NC_009925.1	2971938	2972387	+	450	6	8	15	22	5	5
gene-AM1_RS13330	NC_009925.1	2972414	2972968	+	555	86	63	425	95	130	31
gene-AM1_RS13340	NC_009925.1	2974194	2975030	-	837	56	105	138	93	46	31
gene-AM1_RS13345	NC_009925.1	2975027	2975314	-	288	59	97	90	76	49	19
gene-AM1_RS13355	NC_009925.1	2977235	2977747	-	513	206	404	352	230	173	162
gene-AM1_RS13360	NC_009925.1	2978035	2978640	+	606	182	309	287	244	146	81
gene-AM1_RS13365	NC_009925.1	2978646	2979425	+	780	146	351	317	235	118	128
gene-AM1_RS13370	NC_009925.1	2979473	2981431	+	1959	81	143	115	126	45	51
gene-AM1_RS13375	NC_009925.1	2981446	2981658	+	213	1	6	6	12	6	3
gene-AM1_RS13380	NC_009925.1	2981651	2981917	+	267	6	6	10	4	5	2
gene-AM1_RS41000	NC_009925.1	2982038	2982196	+	159	4	11	12	5	3	5
gene-AM1_RS13385	NC_009925.1	2982253	2983082	+	830	64	53	57	37	20	20
gene-AM1_RS13390	NC_009925.1	2983086	2984390	+	1305	11	7	78	46	13	5
gene-AM1_RS13395	NC_009925.1	2984387	2985541	+	1155	62	106	162	93	47	32
gene-AM1_RS13400	NC_009925.1	2985601	2986086	-	486	25	35	75	20	19	15
gene-AM1_RS13405	NC_009925.1	2986086	2986712	-	627	109	130	241	118	93	59
gene-AM1_RS13410	NC_009925.1	2986912	2988153	+	1242	366	566	1279	1381	448	704
gene-AM1_RS13415	NC_009925.1	2988166	2990049	-	1884	249	396	540	370	191	184
gene-AM1_RS13420	NC_009925.1	2990267	2991178	+	912	169	215	607	387	178	218
gene-AM1_RS13425	NC_009925.1	2991182	2992039	+	858	166	240	554	389	148	111
gene-AM1_RS13430	NC_009925.1	2992204	2992953	+	750	444	442	1100	599	330	253
gene-AM1_RS13435	NC_009925.1	2992970	2993281	-	312	134	114	241	76	64	39
gene-AM1_RS13440	NC_009925.1	2993437	2995176	+	1740	224	249	455	218	87	55
gene-AM1_RS13445	NC_009925.1	2995182	2995637	-	456	65	67	127	117	38	16
gene-AM1_RS13450	NC_009925.1	2995862	2996569	+	708	23	35	81	33	10	7
gene-AM1_RS13455	NC_009925.1	2996587	2997330	-	744	60	120	124	124	58	28
gene-AM1_RS13460	NC_009925.1	2997293	2999053	-	1761	474	622	710	556	279	264
gene-AM1_RS13465	NC_009925.1	2999107	2999877	-	771	145	180	291	297	121	125
gene-AM1_RS13470	NC_009925.1	2999874	3000929	-	1056	185	250	370	190	130	111
gene-AM1_RS13475	NC_009925.1	3001048	3001866	+	819	25	30	107	59	31	24
gene-AM1_RS13480	NC_009925.1	3001900	3002499	-	600	15	17	38	28	14	9
gene-AM1_RS13485	NC_009925.1	3002582	3003064	+	483	14	28	32	19	9	4
gene-AM1_RS13490	NC_009925.1	3003172	3003822	+	651	12	16	40	17	7	4
gene-AM1_RS13495	NC_009925.1	3003901	3004281	-	381	57	81	144	54	36	18
gene-AM1_RS13500	NC_009925.1	3004692	3004919	+	228	74	73	119	68	21	25
gene-AM1_RS38700	NC_009925.1	3005029	3005292	-	264	125	117	82	191	19	41
gene-AM1_RS13505	NC_009925.1	3005695	3007092	+	1398	51	32	107	59	28	14
gene-AM1_RS13510	NC_009925.1	3007240	3007443	+	204	4	10	7	8	0	3
gene-AM1_RS13515	NC_009925.1	3007490	3008149	+	660	11	16	40	28	9	7
gene-AM1_RS13520	NC_009925.1	3008204	3008665	-	462	20	17	70	31	8	13
gene-AM1_RS13525	NC_009925.1	3008819	3010006	-	1188	169	228	370	172	150	61
gene-AM1_RS13530	NC_009925.1	3010232	3012169	+	1938	8920	3597	8896	1872	4739	1091
gene-AM1_RS13535	NC_009925.1	3012245	3013843	+	1599	22236	9470	32918	9475	17697	4039
gene-AM1_RS13540	NC_009925.1	3014235	3016046	+	1812	6626	5684	8359	9161	4965	3486
gene-AM1_RS13545	NC_009925.1	3016339	3018564	+	2226	1176	950	2633	1787	1268	741
gene-AM1_RS13550	NC_009925.1	3018825	3020303	+	1479	1344	955	1791	1512	872	492
gene-AM1_RS13555	NC_009925.1	3020622	3021284	+	663	203	130	308	242	106	49
gene-AM1_RS13560	NC_009925.1	3021367	3021630	+	264	39	40	74	62	16	16
gene-AM1_RS13565	NC_009925.1	3021637	3022809	+	1173	135	164	375	221	120	100
gene-AM1_RS13570	NC_009925.1	3022842	3023276	-	435	44	52	87	87	36	31
gene-AM1_RS13575	NC_009925.1	3023487	3023843	+	357	39	79	191	152	39	35
gene-AM1_RS13580	NC_009925.1	3023876	3024292	-	417	65	126	230	135	54	76
gene-AM1_RS13585	NC_009925.1	3024372	3026117	-	1746	371	481	413	215	165	73
gene-AM1_RS13590	NC_009925.1	3026114	3027115	-	1002	344	460	456	250	135	133
gene-AM1_RS13595	NC_009925.1	3027122	3027613	-	492	125	132	162	192	54	43
gene-AM1_RS13600	NC_009925.1	3027620	3029374	-	1755	390	577	612	633	227	267
gene-AM1_RS13605	NC_009925.1	3029562	3030185	-	624	290	244	812	328	165	124
gene-AM1_RS13610	NC_009925.1	3030389	3031198	-	810	271	630	1032	1108	292	458
gene-AM1_RS13615	NC_009925.1	3031210	3032586	-	1377	760	1770	3281	5998	1553	2582
gene-AM1_RS13620	NC_009925.1	3032985	3034646	+	1662	201	295	290	270	133	141
gene-AM1_RS13625	NC_009925.1	3034647	3035516	+	870	79	95	118	71	43	21
gene-AM1_RS13630	NC_009925.1	3035602	3036372	+	771	103	306	249	381	111	285
gene-AM1_RS13635	NC_009925.1	3036588	3036917	+	330	14	52	36	41	12	17
gene-AM1_RS13645	NC_009925.1	3037190	3038677	-	1488	45	62	138	93	31	26
gene-AM1_RS13650	NC_009925.1	3038911	3039339	+	429	279	245	649	722	250	338
gene-AM1_RS13655	NC_009925.1	3039497	3039721	+	225	158	204	352	279	72	66
gene-AM1_RS13660	NC_009925.1	3039754	3040629	-	876	65	82	181	104	47	31
gene-AM1_RS13665	NC_009925.1	3040741	3041967	+	1227	36	45	97	85	44	31
gene-AM1_RS13670	NC_009925.1	3042019	3042492	+	474	43	41	95	67	32	30
gene-AM1_RS13675	NC_009925.1	3042485	3043603	+	1119	245	212	453	524	215	126
gene-AM1_RS13680	NC_009925.1	3043614	3044132	-	519	47	46	89	66	26	16
gene-AM1_RS13685	NC_009925.1	3044185	3044751	-	567	31	50	73	78	18	24
gene-AM1_RS13690	NC_009925.1	3044809	3045381	-	573	42	45	79	60	12	22
gene-AM1_RS13695	NC_009925.1	3045534	3046121	+	588	23	23	63	34	14	11
gene-AM1_RS13700	NC_009925.1	3046231	3046848	-	618	10	9	37	29	16	6
gene-AM1_RS13705	NC_009925.1	3046934	3047299	-	366	26	28	36	31	5	8
gene-AM1_RS13710	NC_009925.1	3047569	3048060	+	492	70	64	121	106	21	33
gene-AM1_RS13715	NC_009925.1	3048166	3049584	+	1419	21	36	49	45	19	15
gene-AM1_RS39830	NC_009925.1	3049759	3050818	+	1060	33	92	101	123	22	32
gene-AM1_RS13730	NC_009925.1	3050830	3051279	-	450	15	15	22	12	4	5
gene-AM1_RS13735	NC_009925.1	3051286	3052095	-	810	28	38	31	26	12	11
gene-AM1_RS13740	NC_009925.1	3052071	3052901	-	831	84	64	64	37	22	22
gene-AM1_RS13745	NC_009925.1	3052972	3053286	-	315	374	253	347	371	182	93
gene-AM1_RS13750	NC_009925.1	3053711	3054223	+	513	821	941	3180	1999	1190	553
gene-AM1_RS13755	NC_009925.1	3054311	3054571	-	261	31	44	100	43	15	17
gene-AM1_RS13760	NC_009925.1	3054595	3055644	-	1050	52	61	185	138	65	30
gene-AM1_RS13765	NC_009925.1	3055632	3056600	-	969	22	43	266	263	84	112
gene-AM1_RS13770	NC_009925.1	3057134	3058114	+	981	45	69	112	92	39	42
gene-AM1_RS13775	NC_009925.1	3058596	3059321	-	726	41	56	75	64	26	26
gene-AM1_RS13780	NC_009925.1	3059421	3060098	+	678	8	15	23	20	5	5
gene-AM1_RS13785	NC_009925.1	3060184	3060555	+	372	14	24	43	35	11	12
gene-AM1_RS13790	NC_009925.1	3060874	3061443	+	570	65	102	176	104	39	47
gene-AM1_RS13795	NC_009925.1	3061500	3061895	-	396	11	15	37	33	13	4
gene-AM1_RS13800	NC_009925.1	3062098	3063558	-	1461	36	38	66	62	23	12
gene-AM1_RS13805	NC_009925.1	3063555	3065390	-	1836	21	26	66	57	11	6
gene-AM1_RS13810	NC_009925.1	3065798	3066919	-	1122	20	25	43	37	6	8
gene-AM1_RS13815	NC_009925.1	3067216	3067806	+	591	82	98	263	174	46	57
gene-AM1_RS13820	NC_009925.1	3067840	3069555	-	1716	93	75	203	109	48	24
gene-AM1_RS37605	NC_009925.1	3070237	3071346	+	1110	38	48	95	75	24	22
gene-AM1_RS13830	NC_009925.1	3071448	3071975	-	528	10	4	19	11	3	1
gene-AM1_RS13835	NC_009925.1	3071978	3073132	-	1155	43	44	97	60	10	10
gene-AM1_RS13840	NC_009925.1	3073168	3073791	-	624	4	6	18	17	2	2
gene-AM1_RS13845	NC_009925.1	3074098	3074490	-	393	5	7	19	16	3	2
gene-AM1_RS13850	NC_009925.1	3074749	3075681	-	933	25	38	76	64	22	13
gene-AM1_RS13855	NC_009925.1	3075719	3076204	-	486	5	8	21	18	7	4
gene-AM1_RS13860	NC_009925.1	3076250	3076786	-	537	8	5	34	25	8	4
gene-AM1_RS13865	NC_009925.1	3076797	3078647	-	1851	8	17	49	52	18	11
gene-AM1_RS13870	NC_009925.1	3078790	3079425	+	636	23	33	50	30	22	13
gene-AM1_RS13875	NC_009925.1	3079450	3080424	+	975	23	15	56	38	16	10
gene-AM1_RS13880	NC_009925.1	3080421	3081179	+	759	11	23	56	41	16	10
gene-AM1_RS13885	NC_009925.1	3081208	3082020	+	813	21	19	41	32	14	12
gene-AM1_RS13890	NC_009925.1	3082046	3082798	+	753	115	123	182	134	78	42
gene-AM1_RS13895	NC_009925.1	3082861	3085956	-	3096	365	651	646	587	198	196
gene-AM1_RS13900	NC_009925.1	3085967	3089398	-	3432	94	312	225	393	51	103
gene-AM1_RS13905	NC_009925.1	3089388	3090893	-	1506	19	68	47	83	12	31
gene-AM1_RS13910	NC_009925.1	3090999	3091334	+	336	75	103	134	80	41	30
gene-AM1_RS42175	NC_009925.1	3092143	3092331	+	189	31	45	37	16	10	6
gene-AM1_RS13930	NC_009925.1	3092839	3093042	-	204	46	54	105	78	32	26
gene-AM1_RS13935	NC_009925.1	3093039	3093383	-	345	10	15	32	24	17	2
gene-AM1_RS13940	NC_009925.1	3093838	3094875	+	1038	11	22	66	61	10	10
gene-AM1_RS13945	NC_009925.1	3095127	3096161	+	1035	10	14	73	63	28	25
gene-AM1_RS13950	NC_009925.1	3096207	3097448	+	1242	185	259	533	393	217	179
gene-AM1_RS13955	NC_009925.1	3097460	3098230	+	771	216	304	462	207	153	102
gene-AM1_RS13960	NC_009925.1	3098247	3099086	+	840	89	134	185	99	55	62
gene-AM1_RS13965	NC_009925.1	3099219	3100199	-	981	162	316	555	448	232	268
gene-AM1_RS43220	NC_009925.1	3101555	3107200	+	5646	77	71	453	292	47	27
gene-AM1_RS13975	NC_009925.1	3107540	3107863	-	324	6	8	21	12	2	2
gene-AM1_RS13980	NC_009925.1	3108009	3108842	-	834	45	24	67	52	26	21
gene-AM1_RS13985	NC_009925.1	3108938	3109144	+	207	46	52	113	73	28	22
gene-AM1_RS13990	NC_009925.1	3109209	3109625	+	417	324	374	552	483	263	190
gene-AM1_RS13995	NC_009925.1	3109638	3111254	+	1617	368	522	499	335	180	147
gene-AM1_RS14000	NC_009925.1	3111489	3114401	+	2913	387	605	1489	1391	366	288
gene-AM1_RS14005	NC_009925.1	3114549	3115010	-	462	128	206	116	126	43	36
gene-AM1_RS14010	NC_009925.1	3115013	3116821	-	1809	1016	1742	1387	1447	517	765
gene-AM1_RS14015	NC_009925.1	3116968	3118257	-	1290	177	281	347	393	161	193
gene-AM1_RS14020	NC_009925.1	3118474	3119112	-	639	618	3777	2459	10793	447	3624
gene-AM1_RS14025	NC_009925.1	3119260	3119988	+	729	35	49	59	46	14	16
gene-AM1_RS14030	NC_009925.1	3120038	3120502	+	465	58	83	90	70	34	24
gene-AM1_RS14035	NC_009925.1	3120505	3121008	-	504	389	534	435	240	173	85
gene-AM1_RS14040	NC_009925.1	3121040	3121564	-	525	761	864	1372	678	562	262
gene-AM1_RS14045	NC_009925.1	3121570	3122784	-	1215	4492	4675	7669	4954	3904	2299
gene-AM1_RS14050	NC_009925.1	3123037	3123438	-	402	1312	1109	2318	1456	1111	608
gene-AM1_RS14055	NC_009925.1	3123469	3123789	-	321	479	525	609	308	250	149
gene-AM1_RS38705	NC_009925.1	3123852	3123989	-	138	412	401	869	540	341	164
gene-AM1_RS14060	NC_009925.1	3124142	3125509	+	1368	476	595	815	859	357	342
gene-AM1_RS14065	NC_009925.1	3126136	3127254	+	1119	353	777	330	262	173	178
gene-AM1_RS14070	NC_009925.1	3127472	3127675	+	204	259	444	921	950	234	359
gene-AM1_RS14075	NC_009925.1	3127757	3129730	-	1974	396	370	1158	1309	356	424
gene-AM1_RS14080	NC_009925.1	3129860	3130894	-	1035	36	44	101	61	25	22
gene-AM1_RS14085	NC_009925.1	3130951	3131613	+	663	44	136	98	93	25	52
gene-AM1_RS14090	NC_009925.1	3131610	3132080	-	471	61	39	98	42	50	16
gene-AM1_RS14095	NC_009925.1	3132095	3133546	-	1452	805	35	966	96	390	8
gene-AM1_RS14100	NC_009925.1	3133553	3134956	-	1404	1015	37	1687	79	466	12
gene-AM1_RS14105	NC_009925.1	3135157	3135672	+	516	16	9	54	28	8	7
gene-AM1_RS14110	NC_009925.1	3135919	3136614	-	696	20	28	118	90	36	44
gene-AM1_RS14115	NC_009925.1	3136828	3137496	+	669	8	9	31	29	12	10
gene-AM1_RS14120	NC_009925.1	3137610	3138125	-	516	21	19	39	27	7	13
gene-AM1_RS14125	NC_009925.1	3138270	3138602	+	333	13	12	28	11	10	6
gene-AM1_RS14130	NC_009925.1	3138675	3140063	+	1389	328	184	839	714	320	187
gene-AM1_RS14135	NC_009925.1	3140072	3140680	-	609	55	116	104	56	51	27
gene-AM1_RS14140	NC_009925.1	3140698	3141594	-	897	110	247	150	102	66	38
gene-AM1_RS14145	NC_009925.1	3141716	3144331	-	2616	2785	4465	4068	4816	2199	2036
gene-AM1_RS42180	NC_009925.1	3144759	3144923	+	165	17	35	36	21	11	4
gene-AM1_RS14155	NC_009925.1	3145021	3145374	+	354	47	59	103	38	41	23
gene-AM1_RS42185	NC_009925.1	3145371	3145520	+	150	30	26	91	31	19	18
gene-AM1_RS14160	NC_009925.1	3145558	3146208	-	651	550	698	1406	985	468	443
gene-AM1_RS14165	NC_009925.1	3146381	3147496	-	1116	82	150	281	181	99	94
gene-AM1_RS14170	NC_009925.1	3147655	3148026	-	372	3777	7644	25022	43241	6403	9522
gene-AM1_RS14175	NC_009925.1	3148973	3150328	+	1356	396	810	1391	3699	611	966
gene-AM1_RS14180	NC_009925.1	3150391	3151209	+	819	58	98	160	108	43	52
gene-AM1_RS14185	NC_009925.1	3151406	3152134	+	729	104	152	142	75	48	40
gene-AM1_RS14190	NC_009925.1	3152152	3154512	-	2361	56	77	161	141	31	32
gene-AM1_RS14195	NC_009925.1	3154942	3156000	+	1059	156	107	323	180	153	81
gene-AM1_RS14200	NC_009925.1	3156180	3156578	+	399	22	24	24	19	2	3
gene-AM1_RS14205	NC_009925.1	3156617	3157054	+	438	67	89	127	81	31	26
gene-AM1_RS14210	NC_009925.1	3157082	3158395	-	1314	59	76	147	96	52	56
gene-AM1_RS14215	NC_009925.1	3158573	3159214	+	642	15	16	36	19	7	8
gene-AM1_RS14220	NC_009925.1	3159406	3160155	+	750	5	6	23	26	1	1
gene-AM1_RS14225	NC_009925.1	3160307	3160900	-	594	13	11	16	25	6	3
gene-AM1_RS14230	NC_009925.1	3160958	3161701	-	744	14	18	32	27	7	5
gene-AM1_RS14235	NC_009925.1	3161765	3162355	-	591	79	63	113	79	24	31
gene-AM1_RS14240	NC_009925.1	3162577	3163095	+	519	48	54	79	44	37	28
gene-AM1_RS14245	NC_009925.1	3163088	3164017	-	930	28	66	54	36	23	11
gene-AM1_RS14250	NC_009925.1	3164106	3164726	-	621	13	24	46	36	11	11
gene-AM1_RS14255	NC_009925.1	3164766	3165236	-	471	10	27	46	69	12	27
gene-AM1_RS14260	NC_009925.1	3165319	3165609	+	291	2	13	14	10	5	6
gene-AM1_RS14265	NC_009925.1	3165715	3166221	+	507	340	417	368	333	202	132
gene-AM1_RS14270	NC_009925.1	3166224	3167381	+	1158	484	625	558	410	268	155
gene-AM1_RS14275	NC_009925.1	3167385	3168059	-	675	217	327	355	218	154	107
gene-AM1_RS14280	NC_009925.1	3168180	3168788	-	609	14	14	30	19	3	5
gene-AM1_RS14285	NC_009925.1	3169034	3170719	+	1686	855	1313	2250	1816	970	716
gene-AM1_RS14290	NC_009925.1	3170791	3172143	-	1353	203	411	372	266	117	83
gene-AM1_RS14295	NC_009925.1	3172347	3173627	-	1281	26	101	64	94	18	40
gene-AM1_RS41010	NC_009925.1	3174020	3174298	-	279	17	29	41	57	5	22
gene-AM1_RS14300	NC_009925.1	3174682	3176181	+	1500	37	49	62	76	14	18
gene-AM1_RS14305	NC_009925.1	3176167	3176580	-	414	34	71	80	151	37	54
gene-AM1_RS14310	NC_009925.1	3176676	3177545	-	870	38	82	67	224	16	77
gene-AM1_RS14315	NC_009925.1	3177767	3178192	+	426	24	36	101	62	22	23
gene-AM1_RS14320	NC_009925.1	3178327	3179163	+	837	215	222	493	236	195	127
gene-AM1_RS14325	NC_009925.1	3179221	3181200	-	1980	154	154	341	292	95	105
gene-AM1_RS14330	NC_009925.1	3181957	3183438	-	1482	272	445	674	573	196	264
gene-AM1_RS14335	NC_009925.1	3183533	3184309	-	777	217	494	632	1226	311	641
gene-AM1_RS14340	NC_009925.1	3184664	3185353	+	690	1050	620	1929	841	666	400
gene-AM1_RS14345	NC_009925.1	3185372	3186958	-	1587	100	117	420	618	77	77
gene-AM1_RS14350	NC_009925.1	3187183	3188061	-	879	466	1022	1297	959	519	484
gene-AM1_RS14355	NC_009925.1	3188124	3188462	-	339	819	1042	3462	4303	1470	979
gene-AM1_RS14360	NC_009925.1	3189068	3190162	+	1095	113	223	511	366	139	115
gene-AM1_RS14365	NC_009925.1	3190113	3191093	-	981	108	411	196	198	80	127
gene-AM1_RS14370	NC_009925.1	3191254	3191613	-	360	131	500	205	563	69	252
gene-AM1_RS14375	NC_009925.1	3191667	3192827	-	1161	200	941	433	1168	187	766
gene-AM1_RS14380	NC_009925.1	3192891	3193772	-	882	88	123	157	104	72	31
gene-AM1_RS14385	NC_009925.1	3193904	3194455	-	552	165	65	245	45	86	13
gene-AM1_RS14390	NC_009925.1	3194536	3195819	+	1284	113	164	176	101	62	36
gene-AM1_RS14395	NC_009925.1	3195816	3196208	-	393	299	119	569	118	150	24
gene-AM1_RS14400	NC_009925.1	3196390	3196797	-	408	47	114	101	87	29	33
gene-AM1_RS14405	NC_009925.1	3197098	3197961	+	864	220	352	459	323	165	165
gene-AM1_RS14410	NC_009925.1	3198105	3199235	+	1131	760	1187	2499	2276	921	980
gene-AM1_RS14415	NC_009925.1	3199573	3200925	-	1353	45	77	168	71	48	34
gene-AM1_RS38710	NC_009925.1	3200929	3201135	+	207	4	4	16	7	3	7
gene-AM1_RS14420	NC_009925.1	3201114	3202067	+	954	51	42	213	124	53	35
gene-AM1_RS14425	NC_009925.1	3202152	3202508	+	357	237	202	498	495	164	140
gene-AM1_RS14430	NC_009925.1	3202521	3202946	+	426	605	673	972	556	239	218
gene-AM1_RS14435	NC_009925.1	3203033	3203284	+	252	204	218	979	433	152	123
gene-AM1_RS14440	NC_009925.1	3203303	3203599	-	297	562	585	2129	1258	407	466
gene-AM1_RS14445	NC_009925.1	3203974	3204861	+	888	268	215	329	126	197	47
gene-AM1_RS14450	NC_009925.1	3204871	3205734	-	864	88	85	182	146	60	46
gene-AM1_RS14455	NC_009925.1	3206528	3209470	+	2943	166	211	341	198	77	71
gene-AM1_RS14460	NC_009925.1	3210193	3210945	+	753	219	259	538	349	135	125
gene-AM1_RS14465	NC_009925.1	3210942	3213899	+	2958	1358	1463	3134	3017	930	835
gene-AM1_RS14470	NC_009925.1	3213896	3215491	+	1596	1225	1037	2259	2197	558	474
gene-AM1_RS14480	NC_009925.1	3216017	3216890	-	874	62	67	130	81	34	30
gene-AM1_RS14490	NC_009925.1	3217066	3222594	-	5529	138	184	485	335	78	59
gene-AM1_RS14495	NC_009925.1	3222766	3223722	-	957	24	51	60	94	18	17
gene-AM1_RS14500	NC_009925.1	3223880	3224191	-	312	36	43	81	223	17	23
gene-AM1_RS14505	NC_009925.1	3224597	3226261	-	1665	192	239	628	478	209	202
gene-AM1_RS14510	NC_009925.1	3226617	3228146	+	1530	204	326	434	398	120	134
gene-AM1_RS14515	NC_009925.1	3228143	3228670	-	528	25	58	72	101	13	72
gene-AM1_RS14520	NC_009925.1	3229136	3230092	+	957	204	501	588	435	122	252
gene-AM1_RS14525	NC_009925.1	3230482	3230634	+	153	441	127	593	152	93	21
gene-AM1_RS14530	NC_009925.1	3230747	3233029	-	2283	84	124	207	151	42	38
gene-AM1_RS41015	NC_009925.1	3233262	3233615	-	354	7	11	21	8	1	1
gene-AM1_RS14535	NC_009925.1	3233801	3235069	-	1269	192	196	436	228	99	84
gene-AM1_RS14540	NC_009925.1	3235380	3237059	+	1680	2098	345	784	2256	244	271
gene-AM1_RS14545	NC_009925.1	3237169	3238536	+	1368	1643	473	1097	2564	456	396
gene-AM1_RS14550	NC_009925.1	3238631	3238966	+	336	74	34	90	68	26	8
gene-AM1_RS14555	NC_009925.1	3238963	3240393	+	1431	428	232	377	396	156	89
gene-AM1_RS14560	NC_009925.1	3240390	3240776	+	387	85	32	77	91	29	12
gene-AM1_RS14565	NC_009925.1	3240773	3241024	+	252	38	23	32	28	9	8
gene-AM1_RS14570	NC_009925.1	3241021	3241302	+	282	78	33	72	76	19	15
gene-AM1_RS14575	NC_009925.1	3241302	3241844	+	543	128	39	86	96	38	21
gene-AM1_RS14580	NC_009925.1	3241841	3242503	+	663	118	47	114	108	40	21
gene-AM1_RS14585	NC_009925.1	3242547	3243206	+	660	59	70	92	93	29	22
gene-AM1_RS14590	NC_009925.1	3243381	3244799	-	1419	33	38	68	57	15	24
gene-AM1_RS14595	NC_009925.1	3244927	3245268	-	342	33	133	98	229	40	118
gene-AM1_RS14600	NC_009925.1	3245385	3247946	-	2562	470	1903	1420	4140	705	2400
gene-AM1_RS43225	NC_009925.1	3248157	3248351	+	195	0	4	1	5	2	0
gene-AM1_RS14610	NC_009925.1	3248357	3250186	-	1830	36	64	122	187	32	57
gene-AM1_RS14615	NC_009925.1	3250521	3251105	+	585	10	38	52	44	24	22
gene-AM1_RS14620	NC_009925.1	3251272	3251730	+	459	12	21	42	38	9	11
gene-AM1_RS14625	NC_009925.1	3252289	3253965	+	1677	3988	7256	3663	6251	3784	2078
gene-AM1_RS14630	NC_009925.1	3254386	3254832	+	447	1698	137	311	361	89	144
gene-AM1_RS14635	NC_009925.1	3255008	3255226	-	219	47	254	98	1032	23	265
gene-AM1_RS14640	NC_009925.1	3255722	3256732	-	1011	429	456	725	909	436	334
gene-AM1_RS14645	NC_009925.1	3256829	3258085	-	1257	163	209	309	332	152	120
gene-AM1_RS14655	NC_009925.1	3260473	3262650	-	2178	145	180	554	415	135	102
gene-AM1_RS14660	NC_009925.1	3263173	3264456	+	1284	56	172	145	258	35	77
gene-AM1_RS14665	NC_009925.1	3264466	3264960	-	495	49	58	124	72	37	22
gene-AM1_RS14670	NC_009925.1	3265046	3266392	-	1347	162	146	466	287	161	102
gene-AM1_RS14675	NC_009925.1	3266416	3267234	-	819	103	103	467	350	130	141
gene-AM1_RS14680	NC_009925.1	3267351	3268187	+	837	103	197	372	302	127	147
gene-AM1_RS14685	NC_009925.1	3268184	3269467	-	1284	32	48	154	104	31	43
gene-AM1_RS14690	NC_009925.1	3269663	3269875	+	213	35	13	78	25	13	10
gene-AM1_RS14695	NC_009925.1	3269958	3270671	-	714	137	378	441	567	96	204
gene-AM1_RS41025	NC_009925.1	3270819	3270998	-	180	2	7	13	17	4	3
gene-AM1_RS14700	NC_009925.1	3271102	3271245	+	144	86	28	105	22	36	12
gene-AM1_RS14705	NC_009925.1	3271710	3271862	+	153	48	13	175	21	41	4
gene-AM1_RS14710	NC_009925.1	3271974	3272930	+	957	97	25	542	46	246	15
gene-AM1_RS14715	NC_009925.1	3273316	3273513	+	198	22	8	28	10	8	0
gene-AM1_RS14720	NC_009925.1	3273720	3275615	+	1896	219	120	441	254	118	56
gene-AM1_RS14725	NC_009925.1	3275985	3277727	+	1743	122	718	371	2320	147	1302
gene-AM1_RS14730	NC_009925.1	3277742	3278149	-	408	49	112	160	179	48	77
gene-AM1_RS14735	NC_009925.1	3278160	3278588	-	429	159	244	411	251	115	150
gene-AM1_RS14745	NC_009925.1	3279258	3279977	-	720	96	86	369	325	127	127
gene-AM1_RS14750	NC_009925.1	3280071	3281456	+	1386	62	176	180	465	43	217
gene-AM1_RS14755	NC_009925.1	3281554	3282111	-	558	39	76	74	180	36	31
gene-AM1_RS14760	NC_009925.1	3282607	3283455	-	849	19	13	70	47	13	13
gene-AM1_RS14765	NC_009925.1	3283579	3284238	+	660	4	5	23	29	2	5
gene-AM1_RS14770	NC_009925.1	3284276	3284863	-	588	25	37	172	105	34	36
gene-AM1_RS14775	NC_009925.1	3285120	3285962	-	843	26	23	52	44	15	8
gene-AM1_RS14780	NC_009925.1	3286324	3287037	+	714	24	20	57	31	6	6
gene-AM1_RS14785	NC_009925.1	3287204	3288619	-	1416	111	93	241	207	104	73
gene-AM1_RS14790	NC_009925.1	3288649	3290313	-	1665	138	112	446	427	194	104
gene-AM1_RS14795	NC_009925.1	3290712	3291179	-	468	34	15	70	48	12	9
gene-AM1_RS43970	NC_009925.1	3291740	3291865	+	126	28	49	48	31	9	14
gene-AM1_RS14800	NC_009925.1	3291885	3295451	-	3567	109	208	308	221	76	59
gene-AM1_RS14805	NC_009925.1	3296013	3296465	+	453	127	117	48	38	11	9
gene-AM1_RS14810	NC_009925.1	3296489	3297049	-	561	29	31	56	20	15	14
gene-AM1_RS14815	NC_009925.1	3297269	3298093	-	825	13	19	41	30	13	10
gene-AM1_RS14820	NC_009925.1	3298218	3298772	-	555	10	17	40	28	5	7
gene-AM1_RS14825	NC_009925.1	3299049	3300725	-	1677	62	97	192	212	65	72
gene-AM1_RS14830	NC_009925.1	3300916	3304761	-	3846	388	587	1322	1688	378	481
gene-AM1_RS14835	NC_009925.1	3305527	3306876	-	1350	115	124	274	226	75	53
gene-AM1_RS14845	NC_009925.1	3307829	3309079	+	1251	42	31	99	71	25	8
gene-AM1_RS38715	NC_009925.1	3309677	3309739	-	63	7	1	6	2	3	1
gene-AM1_RS14855	NC_009925.1	3309736	3310071	-	336	7	7	12	10	1	1
gene-AM1_RS14860	NC_009925.1	3310130	3310894	-	765	6	16	47	19	15	3
gene-AM1_RS14865	NC_009925.1	3311064	3311561	-	498	4	9	24	32	6	4
gene-AM1_RS14870	NC_009925.1	3311737	3312189	-	453	30	31	37	38	9	9
gene-AM1_RS14875	NC_009925.1	3312324	3312542	-	219	24	63	66	56	16	18
gene-AM1_RS14885	NC_009925.1	3312832	3313131	-	300	10	9	21	32	5	13
gene-AM1_RS14890	NC_009925.1	3313562	3313888	+	327	32	50	71	27	28	21
gene-AM1_RS14895	NC_009925.1	3314093	3314380	+	288	50	70	140	66	23	15
gene-AM1_RS14900	NC_009925.1	3314805	3315380	+	576	18	45	65	43	17	15
gene-AM1_RS14905	NC_009925.1	3315411	3316340	+	930	20	23	49	40	15	7
gene-AM1_RS14910	NC_009925.1	3316383	3317042	+	660	4	7	12	13	3	1
gene-AM1_RS14915	NC_009925.1	3317052	3318737	+	1686	7	2	51	41	3	6
gene-AM1_RS14920	NC_009925.1	3318801	3319196	-	396	20	27	63	53	17	13
gene-AM1_RS14925	NC_009925.1	3319277	3319873	-	597	39	36	122	114	25	30
gene-AM1_RS14930	NC_009925.1	3319973	3320347	-	375	44	42	104	90	25	33
gene-AM1_RS14935	NC_009925.1	3320451	3320960	-	510	23	12	53	37	13	8
gene-AM1_RS14940	NC_009925.1	3321161	3321610	-	450	14	12	37	30	19	3
gene-AM1_RS14945	NC_009925.1	3321650	3322831	-	1182	150	133	265	225	122	76
gene-AM1_RS14950	NC_009925.1	3323614	3324414	+	801	6	4	34	24	5	3
gene-AM1_RS14955	NC_009925.1	3324594	3325328	+	735	125	139	404	478	94	177
gene-AM1_RS14960	NC_009925.1	3325516	3325959	+	444	17	17	63	38	9	13
gene-AM1_RS42870	NC_009925.1	3326002	3326415	+	414	37	26	91	49	41	14
gene-AM1_RS42875	NC_009925.1	3326390	3326686	+	297	15	18	60	34	18	12
gene-AM1_RS14970	NC_009925.1	3326781	3327170	+	390	31	52	186	123	67	50
gene-AM1_RS14975	NC_009925.1	3327241	3328914	+	1674	78	61	218	131	77	60
gene-AM1_RS14980	NC_009925.1	3329555	3334555	+	5001	44	38	196	144	9	17
gene-AM1_RS14985	NC_009925.1	3334856	3335752	+	897	15	17	49	36	12	7
gene-AM1_RS14990	NC_009925.1	3335959	3336978	+	1020	106	126	318	190	60	92
gene-AM1_RS14995	NC_009925.1	3337011	3337757	-	747	48	43	124	100	39	32
gene-AM1_RS15000	NC_009925.1	3337803	3339002	-	1200	20	54	54	67	18	24
gene-AM1_RS15005	NC_009925.1	3339403	3339624	+	222	91	78	170	283	30	86
gene-AM1_RS15010	NC_009925.1	3339728	3340486	-	759	73	85	244	346	87	75
gene-AM1_RS15015	NC_009925.1	3340549	3342501	-	1953	81	124	336	292	107	68
gene-AM1_RS41030	NC_009925.1	3342799	3342957	+	159	6	5	9	5	6	1
gene-AM1_RS15020	NC_009925.1	3342993	3343697	-	705	11	21	41	30	7	6
gene-AM1_RS15025	NC_009925.1	3343694	3344866	-	1173	57	86	203	126	78	53
gene-AM1_RS15030	NC_009925.1	3344894	3345862	-	969	354	426	502	331	190	133
gene-AM1_RS15035	NC_009925.1	3345872	3346255	-	384	118	173	216	165	79	55
gene-AM1_RS15040	NC_009925.1	3346337	3348112	-	1776	429	657	664	429	544	287
gene-AM1_RS15045	NC_009925.1	3348253	3348696	+	444	38	29	60	46	18	14
gene-AM1_RS15050	NC_009925.1	3348754	3350004	-	1251	424	401	526	404	285	180
gene-AM1_RS15055	NC_009925.1	3350254	3350787	-	534	165	212	322	189	88	68
gene-AM1_RS15060	NC_009925.1	3350823	3351347	-	525	269	304	653	619	220	236
gene-AM1_RS15065	NC_009925.1	3351441	3352781	-	1341	501	699	1227	1050	352	505
gene-AM1_RS15070	NC_009925.1	3353703	3354281	+	579	7	19	32	62	14	13
gene-AM1_RS41035	NC_009925.1	3354373	3354768	+	396	7	11	19	53	5	7
gene-AM1_RS15075	NC_009925.1	3354719	3355771	+	1053	45	61	76	126	37	36
gene-AM1_RS15080	NC_009925.1	3355840	3358344	+	2505	113	190	282	452	95	106
gene-AM1_RS15085	NC_009925.1	3358626	3359645	+	1020	108	152	173	128	52	55
gene-AM1_RS15090	NC_009925.1	3359651	3360829	-	1179	119	139	192	174	87	105
gene-AM1_RS15095	NC_009925.1	3360849	3361100	-	252	42	69	50	106	26	22
gene-AM1_RS15100	NC_009925.1	3361730	3364540	+	2811	175	267	323	261	164	99
gene-AM1_RS15105	NC_009925.1	3364533	3365300	-	768	45	60	130	64	44	47
gene-AM1_RS15110	NC_009925.1	3365392	3366015	-	624	20	25	55	41	30	10
gene-AM1_RS15115	NC_009925.1	3366639	3366929	+	291	119	123	321	234	93	105
gene-AM1_RS15120	NC_009925.1	3367123	3368307	+	1185	1697	2040	3460	2710	1872	1287
gene-AM1_RS15125	NC_009925.1	3368365	3369033	+	669	101	179	245	126	101	43
gene-AM1_RS15130	NC_009925.1	3369783	3370610	+	828	83	58	49	41	11	8
gene-AM1_RS39840	NC_009925.1	3370769	3372388	-	1620	61	102	237	135	83	44
gene-AM1_RS15140	NC_009925.1	3372393	3373313	-	921	494	565	1239	408	518	297
gene-AM1_RS15145	NC_009925.1	3373324	3373542	-	219	197	285	880	465	317	270
gene-AM1_RS41040	NC_009925.1	3373622	3373978	-	357	804	1483	2306	1269	1144	1390
gene-AM1_RS15155	NC_009925.1	3374300	3375742	-	1443	189	257	777	503	236	226
gene-AM1_RS15160	NC_009925.1	3375865	3376119	-	255	12	13	29	16	4	10
gene-AM1_RS15165	NC_009925.1	3376109	3377365	-	1257	156	122	266	188	86	58
gene-AM1_RS15170	NC_009925.1	3377450	3379384	-	1935	855	717	2028	1627	912	655
gene-AM1_RS15175	NC_009925.1	3379757	3380971	+	1215	111	121	200	110	124	68
gene-AM1_RS15180	NC_009925.1	3381100	3381933	-	834	80	141	99	86	34	17
gene-AM1_RS15185	NC_009925.1	3381930	3382973	-	1044	114	178	139	137	52	52
gene-AM1_RS15190	NC_009925.1	3382970	3383995	-	1026	167	221	183	147	79	80
gene-AM1_RS15195	NC_009925.1	3384314	3385636	+	1323	29	200	96	179	23	131
gene-AM1_RS15200	NC_009925.1	3386331	3387287	-	957	112	139	328	214	146	109
gene-AM1_RS15205	NC_009925.1	3387293	3388084	-	792	17	51	108	56	21	27
gene-AM1_RS15210	NC_009925.1	3389238	3389942	+	705	54	154	119	124	16	37
gene-AM1_RS15215	NC_009925.1	3389963	3390997	-	1035	31	61	69	60	25	14
gene-AM1_RS15220	NC_009925.1	3391056	3393749	-	2694	20	30	106	70	14	10
gene-AM1_RS15225	NC_009925.1	3393995	3394978	-	984	14	14	47	27	8	3
gene-AM1_RS15230	NC_009925.1	3395087	3396178	-	1092	1	2	34	24	4	1
gene-AM1_RS15235	NC_009925.1	3396642	3397688	+	1047	15	41	49	65	6	11
gene-AM1_RS15240	NC_009925.1	3397956	3399017	+	1062	77	141	182	189	64	72
gene-AM1_RS15245	NC_009925.1	3399253	3400476	+	1224	63	115	139	119	68	34
gene-AM1_RS15250	NC_009925.1	3400645	3401256	-	612	66	64	143	90	34	27
gene-AM1_RS15255	NC_009925.1	3401651	3402052	-	402	239	213	431	451	136	144
gene-AM1_RS15260	NC_009925.1	3402147	3402335	-	189	1	0	2	3	2	0
gene-AM1_RS15265	NC_009925.1	3402351	3402797	-	447	3	7	24	7	3	1
gene-AM1_RS15270	NC_009925.1	3403076	3404116	+	1041	47	29	84	72	22	15
gene-AM1_RS15275	NC_009925.1	3404261	3404734	+	474	14	9	38	26	3	6
gene-AM1_RS15280	NC_009925.1	3405104	3405970	+	867	15	18	39	20	4	5
gene-AM1_RS39850	NC_009925.1	3406057	3407054	-	998	27	37	49	30	12	7
gene-AM1_RS15295	NC_009925.1	3407176	3407937	+	762	27	28	92	49	24	24
gene-AM1_RS15300	NC_009925.1	3408080	3408538	+	459	9	9	22	17	3	6
gene-AM1_RS15305	NC_009925.1	3408735	3409478	+	744	8	8	42	39	11	4
gene-AM1_RS15310	NC_009925.1	3409475	3409654	-	180	0	0	2	2	1	0
gene-AM1_RS15315	NC_009925.1	3409723	3410748	+	1026	5	10	39	21	10	13
gene-AM1_RS15320	NC_009925.1	3410871	3413420	+	2550	26	26	104	84	17	16
gene-AM1_RS15325	NC_009925.1	3413566	3414120	+	555	43	34	78	61	38	18
gene-AM1_RS15330	NC_009925.1	3414218	3414904	+	687	12	12	33	27	10	9
gene-AM1_RS15340	NC_009925.1	3415238	3416629	+	1392	33	60	121	111	29	31
gene-AM1_RS43975	NC_009925.1	3416752	3416874	-	123	0	2	3	0	3	0
gene-AM1_RS15345	NC_009925.1	3416995	3417483	-	489	14	10	22	23	7	2
gene-AM1_RS15350	NC_009925.1	3417865	3419139	-	1275	20	44	59	49	11	9
gene-AM1_RS15355	NC_009925.1	3419330	3420004	-	675	73	114	29	22	3	3
gene-AM1_RS15360	NC_009925.1	3419982	3421040	-	1059	170	233	24	14	7	3
gene-AM1_RS15365	NC_009925.1	3421040	3423583	-	2544	311	330	49	67	8	6
gene-AM1_RS15370	NC_009925.1	3423769	3424377	+	609	5	10	19	19	2	3
gene-AM1_RS15375	NC_009925.1	3424450	3425457	-	1008	13	23	49	46	10	6
gene-AM1_RS15380	NC_009925.1	3425597	3426727	-	1131	16	26	71	46	16	7
gene-AM1_RS15385	NC_009925.1	3426669	3429182	-	2514	44	37	138	116	14	11
gene-AM1_RS37630	NC_009925.1	3429319	3430413	-	1095	18	33	41	32	11	4
gene-AM1_RS15395	NC_009925.1	3430666	3431931	-	1266	60	76	40	50	10	5
gene-AM1_RS15400	NC_009925.1	3432162	3433223	-	1062	106	154	69	51	21	19
gene-AM1_RS15405	NC_009925.1	3433252	3434292	-	1041	188	171	63	32	8	8
gene-AM1_RS15410	NC_009925.1	3434292	3436886	-	2595	740	484	95	93	17	13
gene-AM1_RS15415	NC_009925.1	3437130	3437363	+	234	7	12	10	15	3	7
gene-AM1_RS15420	NC_009925.1	3437360	3437782	+	423	19	11	16	11	6	4
gene-AM1_RS15425	NC_009925.1	3437837	3438835	-	999	15	27	38	24	8	9
gene-AM1_RS15430	NC_009925.1	3438840	3441401	-	2562	7	33	82	65	15	11
gene-AM1_RS15435	NC_009925.1	3441562	3442089	+	528	192	201	555	285	222	125
gene-AM1_RS15440	NC_009925.1	3442101	3442505	-	405	25	42	78	23	24	31
gene-AM1_RS15445	NC_009925.1	3442489	3443142	-	654	9	22	44	20	5	5
gene-AM1_RS15450	NC_009925.1	3443551	3445176	+	1626	9	19	57	45	12	4
gene-AM1_RS15455	NC_009925.1	3445256	3446218	+	963	39	30	69	31	13	14
gene-AM1_RS15460	NC_009925.1	3446221	3447033	+	813	33	22	44	27	12	9
gene-AM1_RS15465	NC_009925.1	3447026	3447904	+	879	73	56	126	117	32	30
gene-AM1_RS15470	NC_009925.1	3448243	3449460	+	1218	33	94	68	246	33	166
gene-AM1_RS15475	NC_009925.1	3449457	3450875	+	1419	33	116	98	189	22	84
gene-AM1_RS15480	NC_009925.1	3451201	3451785	+	585	14	25	46	31	6	7
gene-AM1_RS15485	NC_009925.1	3451899	3452171	+	273	29	43	175	98	20	18
gene-AM1_RS15490	NC_009925.1	3452208	3453041	-	834	136	179	359	207	96	73
gene-AM1_RS15495	NC_009925.1	3453340	3453945	-	606	1050	1056	3152	3833	861	1111
gene-AM1_RS15500	NC_009925.1	3454239	3455201	+	963	242	231	567	416	165	142
gene-AM1_RS15505	NC_009925.1	3455254	3456420	-	1167	229	297	942	996	377	440
gene-AM1_RS15510	NC_009925.1	3456550	3457365	-	816	272	339	223	152	116	62
gene-AM1_RS15515	NC_009925.1	3457545	3458264	-	720	2543	2030	2217	1954	1363	588
gene-AM1_RS15520	NC_009925.1	3458368	3459264	-	897	5537	5272	3230	2714	2295	1219
gene-AM1_RS15525	NC_009925.1	3459636	3460427	+	792	93	182	269	252	66	106
gene-AM1_RS15530	NC_009925.1	3460406	3461470	+	1065	234	380	641	904	214	231
gene-AM1_RS15535	NC_009925.1	3461512	3462123	+	612	30	55	106	94	18	36
gene-AM1_RS41050	NC_009925.1	3462186	3462506	-	321	12	14	24	17	5	7
gene-AM1_RS15545	NC_009925.1	3462906	3463412	+	507	102	112	189	190	88	74
gene-AM1_RS15550	NC_009925.1	3463474	3464427	+	954	250	269	669	297	270	140
gene-AM1_RS15555	NC_009925.1	3464424	3465875	-	1452	1664	762	4749	3105	1490	890
gene-AM1_RS15560	NC_009925.1	3466152	3467921	+	1770	313	353	666	355	202	153
gene-AM1_RS15565	NC_009925.1	3468003	3469718	+	1716	200	1334	336	910	88	379
gene-AM1_RS42190	NC_009925.1	3469848	3470012	+	165	6	28	148	99	3	3
gene-AM1_RS15570	NC_009925.1	3470088	3470279	+	192	18	18	40	34	13	6
gene-AM1_RS15575	NC_009925.1	3470276	3470968	-	693	41	39	110	59	26	27
gene-AM1_RS15580	NC_009925.1	3471195	3471764	+	570	2989	998	2566	1183	1833	541
gene-AM1_RS15585	NC_009925.1	3472016	3472729	+	714	641	256	388	200	266	79
gene-AM1_RS15590	NC_009925.1	3472787	3474535	-	1749	2634	4459	6889	7865	3037	1785
gene-AM1_RS15595	NC_009925.1	3474655	3475539	-	885	663	920	1392	831	424	271
gene-AM1_RS15600	NC_009925.1	3475766	3476806	-	1041	1487	1699	3018	2226	1268	850
gene-AM1_RS15605	NC_009925.1	3477341	3478987	+	1647	2188	2472	5107	3269	2603	1425
gene-AM1_RS15610	NC_009925.1	3479141	3479857	+	717	2456	2526	4286	3163	1407	1097
gene-AM1_RS15615	NC_009925.1	3479867	3481210	+	1344	1832	2843	4587	4517	1646	1700
gene-AM1_RS15620	NC_009925.1	3481235	3482092	+	858	355	701	636	442	206	210
gene-AM1_RS15625	NC_009925.1	3482094	3483815	+	1722	430	1247	725	763	342	302
gene-AM1_RS15630	NC_009925.1	3483822	3485201	+	1380	275	524	393	456	200	164
gene-AM1_RS15635	NC_009925.1	3485230	3489447	-	4218	411	801	778	1746	342	604
gene-AM1_RS15640	NC_009925.1	3489620	3492004	-	2385	175	238	412	270	171	108
gene-AM1_RS15645	NC_009925.1	3492148	3492912	-	765	19	26	38	32	8	4
gene-AM1_RS15650	NC_009925.1	3492997	3494535	-	1539	35	41	89	78	21	14
gene-AM1_RS15660	NC_009925.1	3496029	3496724	-	696	90	77	146	68	46	45
gene-AM1_RS15665	NC_009925.1	3496730	3497146	-	417	26	34	39	25	14	13
gene-AM1_RS15670	NC_009925.1	3497302	3498099	+	798	111	55	46	65	30	34
gene-AM1_RS15675	NC_009925.1	3498269	3499231	+	963	28	30	40	26	1	5
gene-AM1_RS15680	NC_009925.1	3499256	3500491	-	1236	26	38	65	42	10	12
gene-AM1_RS15685	NC_009925.1	3500502	3501185	-	684	12	15	35	32	6	7
gene-AM1_RS15690	NC_009925.1	3501220	3502125	-	906	15	24	52	29	10	10
gene-AM1_RS15695	NC_009925.1	3502228	3504174	-	1947	47	66	146	138	38	41
gene-AM1_RS15700	NC_009925.1	3504528	3504962	-	435	349	49	55	42	26	3
gene-AM1_RS15705	NC_009925.1	3505165	3506133	-	969	1591	350	531	409	260	205
gene-AM1_RS15710	NC_009925.1	3506349	3507224	+	876	22	21	58	38	14	15
gene-AM1_RS15715	NC_009925.1	3507719	3509194	+	1476	447	757	852	997	361	745
gene-AM1_RS15720	NC_009925.1	3509425	3509967	+	543	64	127	104	65	29	26
gene-AM1_RS15725	NC_009925.1	3510243	3510455	+	213	6	8	18	11	4	0
gene-AM1_RS15730	NC_009925.1	3510465	3511154	-	690	10	19	39	29	11	9
gene-AM1_RS15735	NC_009925.1	3511287	3511496	+	210	1	3	3	5	3	0
gene-AM1_RS15740	NC_009925.1	3511640	3512086	+	447	115	746	411	434	154	262
gene-AM1_RS15745	NC_009925.1	3512083	3514497	+	2415	369	1375	1352	967	483	552
gene-AM1_RS37635	NC_009925.1	3514490	3517105	+	2616	261	805	1044	830	432	440
gene-AM1_RS15755	NC_009925.1	3517121	3517501	+	381	36	63	81	56	20	19
gene-AM1_RS15760	NC_009925.1	3517540	3518634	+	1095	117	211	294	196	91	98
gene-AM1_RS15765	NC_009925.1	3518796	3519107	+	312	153	575	718	396	225	141
gene-AM1_RS15770	NC_009925.1	3519211	3519447	+	237	47	246	253	97	148	85
gene-AM1_RS15775	NC_009925.1	3519455	3519739	+	285	93	361	763	424	377	214
gene-AM1_RS15780	NC_009925.1	3519743	3520051	-	309	47	203	297	130	180	97
gene-AM1_RS15785	NC_009925.1	3520374	3521354	-	981	51	101	93	105	32	31
gene-AM1_RS15790	NC_009925.1	3521492	3522301	-	810	32	42	61	45	22	6
gene-AM1_RS15795	NC_009925.1	3522298	3523152	-	855	40	70	68	67	24	24
gene-AM1_RS15800	NC_009925.1	3523154	3524005	-	852	83	93	115	101	37	50
gene-AM1_RS15805	NC_009925.1	3523986	3524846	-	861	81	97	201	203	63	91
gene-AM1_RS15810	NC_009925.1	3525217	3525519	-	303	251	257	454	534	150	240
gene-AM1_RS15815	NC_009925.1	3525713	3526231	+	519	17	18	48	22	14	6
gene-AM1_RS15820	NC_009925.1	3526268	3527377	+	1110	28	40	65	37	19	18
gene-AM1_RS15825	NC_009925.1	3527602	3529485	+	1884	50	79	202	136	41	31
gene-AM1_RS15830	NC_009925.1	3529534	3531270	-	1737	30	39	74	66	22	7
gene-AM1_RS15835	NC_009925.1	3531304	3536415	-	5112	130	162	355	295	106	69
gene-AM1_RS15840	NC_009925.1	3536791	3538095	+	1305	69	105	148	109	37	29
gene-AM1_RS15845	NC_009925.1	3538237	3540204	+	1968	60	77	240	156	46	53
gene-AM1_RS15850	NC_009925.1	3540704	3542269	+	1566	38	42	85	88	14	18
gene-AM1_RS15855	NC_009925.1	3542282	3542587	-	306	17	22	42	49	17	22
gene-AM1_RS15860	NC_009925.1	3543052	3543960	+	909	41	50	99	79	24	26
gene-AM1_RS15865	NC_009925.1	3543957	3545210	-	1254	43	36	157	117	42	31
gene-AM1_RS15870	NC_009925.1	3545313	3546110	+	798	26	26	112	59	33	42
gene-AM1_RS15875	NC_009925.1	3546132	3546806	-	675	17	19	69	63	22	21
gene-AM1_RS37640	NC_009925.1	3547618	3550206	+	2589	67	90	164	117	38	32
gene-AM1_RS15890	NC_009925.1	3550228	3550842	-	615	22	26	74	58	13	20
gene-AM1_RS15895	NC_009925.1	3551187	3552251	+	1065	311	2012	437	1673	332	1537
gene-AM1_RS15900	NC_009925.1	3552852	3553652	+	801	3790	3173	7703	7902	6674	4315
gene-AM1_RS15905	NC_009925.1	3553702	3553932	+	231	45	74	125	81	89	46
gene-AM1_RS15910	NC_009925.1	3553938	3554795	-	858	212	287	227	136	155	70
gene-AM1_RS15915	NC_009925.1	3554960	3555421	-	462	11	15	25	22	13	5
gene-AM1_RS15920	NC_009925.1	3555627	3556292	+	666	17	17	60	36	16	14
gene-AM1_RS15925	NC_009925.1	3556370	3557251	+	882	572	765	1109	679	530	412
gene-AM1_RS15930	NC_009925.1	3557333	3557971	+	639	184	290	446	281	161	189
gene-AM1_RS15935	NC_009925.1	3557976	3558383	+	408	49	72	141	104	51	47
gene-AM1_RS15940	NC_009925.1	3558468	3558998	+	531	45	58	114	117	35	51
gene-AM1_RS15945	NC_009925.1	3559331	3560728	+	1398	1050	539	920	915	539	457
gene-AM1_RS15950	NC_009925.1	3560885	3561745	+	861	301	247	559	428	216	201
gene-AM1_RS15955	NC_009925.1	3561785	3562210	-	426	26	25	50	31	16	14
gene-AM1_RS42195	NC_009925.1	3562238	3562405	-	168	6	2	9	3	0	2
gene-AM1_RS15960	NC_009925.1	3562412	3562954	-	543	7	22	23	24	4	4
gene-AM1_RS15965	NC_009925.1	3563058	3564755	+	1698	51	62	138	87	27	24
gene-AM1_RS15970	NC_009925.1	3565130	3566428	+	1299	76	148	160	110	49	39
gene-AM1_RS15975	NC_009925.1	3566433	3567452	+	1020	61	108	96	74	25	12
gene-AM1_RS38735	NC_009925.1	3567561	3567761	-	201	12	33	21	9	5	3
gene-AM1_RS15980	NC_009925.1	3568025	3568639	+	615	72	122	107	73	30	21
gene-AM1_RS15985	NC_009925.1	3568642	3570090	-	1449	714	949	1028	744	472	415
gene-AM1_RS15990	NC_009925.1	3570142	3572373	+	2232	1266	1720	2086	1523	919	658
gene-AM1_RS15995	NC_009925.1	3572503	3573960	-	1458	5632	12186	14300	28803	8407	13666
gene-AM1_RS16000	NC_009925.1	3574394	3575887	-	1494	4754	10970	14374	29137	7835	14278
gene-AM1_RS16005	NC_009925.1	3576232	3577095	+	864	385	534	513	316	256	169
gene-AM1_RS16010	NC_009925.1	3577161	3578759	-	1599	114	165	182	176	83	66
gene-AM1_RS16015	NC_009925.1	3578837	3581443	+	2607	620	1105	1409	1275	542	559
gene-AM1_RS16020	NC_009925.1	3581514	3581819	+	306	169	250	490	448	112	110
gene-AM1_RS16025	NC_009925.1	3581832	3582272	+	441	180	242	430	233	117	94
gene-AM1_RS37645	NC_009925.1	3582335	3583099	-	765	154	210	313	252	83	76
gene-AM1_RS16035	NC_009925.1	3583665	3584141	-	477	37	57	54	50	7	15
gene-AM1_RS16040	NC_009925.1	3584138	3585826	-	1689	94	160	140	151	27	64
gene-AM1_RS16045	NC_009925.1	3586020	3587684	-	1665	325	438	754	578	152	238
gene-AM1_RS16050	NC_009925.1	3588031	3589104	-	1074	118	198	689	429	125	80
gene-AM1_RS16055	NC_009925.1	3589548	3590078	+	531	251	1230	825	2770	237	1019
gene-AM1_RS16060	NC_009925.1	3590083	3590724	-	642	351	432	760	1554	289	460
gene-AM1_RS16065	NC_009925.1	3590819	3591283	-	465	36	34	83	40	21	22
gene-AM1_RS16070	NC_009925.1	3591547	3592839	+	1293	181	200	504	352	139	95
gene-AM1_RS16075	NC_009925.1	3593203	3594087	+	885	141	178	173	119	66	56
gene-AM1_RS16080	NC_009925.1	3594206	3595276	+	1071	377	366	796	512	287	267
gene-AM1_RS16085	NC_009925.1	3595326	3596879	-	1554	101	146	157	153	71	48
gene-AM1_RS41055	NC_009925.1	3597066	3597302	-	237	8	29	29	25	2	13
gene-AM1_RS16090	NC_009925.1	3597464	3597823	+	360	2281	708	3656	1813	1300	377
gene-AM1_RS16095	NC_009925.1	3597997	3598944	+	948	622	393	906	457	263	210
gene-AM1_RS16100	NC_009925.1	3599307	3600251	+	945	208	147	388	214	165	72
gene-AM1_RS16105	NC_009925.1	3600230	3601297	-	1068	150	128	497	421	147	130
gene-AM1_RS16110	NC_009925.1	3601573	3601914	+	342	20	23	31	38	7	5
gene-AM1_RS16115	NC_009925.1	3601968	3602261	-	294	18	32	55	35	14	6
gene-AM1_RS16120	NC_009925.1	3602387	3603223	+	837	47	75	145	81	44	29
gene-AM1_RS16125	NC_009925.1	3603374	3603730	-	357	34	30	36	38	14	9
gene-AM1_RS16130	NC_009925.1	3604007	3604900	-	894	104	120	261	187	122	89
gene-AM1_RS16135	NC_009925.1	3604988	3606520	-	1533	82	142	157	290	61	80
gene-AM1_RS16140	NC_009925.1	3606628	3608640	-	2013	117	300	163	506	85	216
gene-AM1_RS16145	NC_009925.1	3609322	3614835	+	5514	702	1284	848	1540	534	567
gene-AM1_RS16150	NC_009925.1	3614832	3615227	+	396	41	104	85	91	34	32
gene-AM1_RS16155	NC_009925.1	3615243	3616517	+	1275	191	344	300	254	106	128
gene-AM1_RS16160	NC_009925.1	3616504	3617766	+	1263	184	319	276	245	138	91
gene-AM1_RS16165	NC_009925.1	3617786	3618892	+	1107	111	286	239	562	79	151
gene-AM1_RS16170	NC_009925.1	3618898	3620025	-	1128	35	42	93	110	61	28
gene-AM1_RS16175	NC_009925.1	3620224	3621564	+	1341	2735	3028	5861	4081	2111	1785
gene-AM1_RS16180	NC_009925.1	3621673	3622926	-	1254	222	307	557	333	211	184
gene-AM1_RS16185	NC_009925.1	3623183	3623662	+	480	188	200	528	230	108	95
gene-AM1_RS16190	NC_009925.1	3623662	3624195	+	534	425	387	740	551	336	234
gene-AM1_RS16195	NC_009925.1	3624276	3625445	+	1170	701	673	1130	676	452	346
gene-AM1_RS16200	NC_009925.1	3625442	3626653	+	1212	578	740	955	627	342	232
gene-AM1_RS16205	NC_009925.1	3626732	3628066	+	1335	301	553	622	596	247	252
gene-AM1_RS16210	NC_009925.1	3628109	3628804	+	696	242	352	508	482	209	107
gene-AM1_RS16215	NC_009925.1	3628852	3629799	+	948	312	409	429	282	144	82
gene-AM1_RS16220	NC_009925.1	3629841	3630089	-	249	242	267	631	380	127	114
gene-AM1_RS16225	NC_009925.1	3630161	3631435	-	1275	185	418	333	245	147	108
gene-AM1_RS16230	NC_009925.1	3631486	3632811	-	1326	454	681	455	252	286	147
gene-AM1_RS16235	NC_009925.1	3633067	3634701	+	1635	720	861	939	826	519	330
gene-AM1_RS16240	NC_009925.1	3634739	3635053	-	315	20	33	55	48	12	13
gene-AM1_RS16245	NC_009925.1	3636219	3636536	+	318	338	240	852	293	352	114
gene-AM1_RS16250	NC_009925.1	3636657	3636956	+	300	695	560	1613	1083	555	353
gene-AM1_RS16255	NC_009925.1	3637043	3638386	+	1344	365	369	926	308	252	118
gene-AM1_RS16260	NC_009925.1	3638422	3639717	-	1296	196	258	577	304	144	84
gene-AM1_RS16265	NC_009925.1	3639977	3640261	+	285	1720	2190	1361	1060	701	420
gene-AM1_RS16270	NC_009925.1	3640347	3641141	+	795	2283	3298	1113	630	670	381
gene-AM1_RS16275	NC_009925.1	3641221	3644520	+	3300	9171	10830	7991	9999	5699	3188
gene-AM1_RS43980	NC_009925.1	3644614	3646485	+	1872	6566	7812	6029	6634	3755	2408
gene-AM1_RS16285	NC_009925.1	3646502	3650494	+	3993	9997	14361	10907	13306	6874	4416
gene-AM1_RS16290	NC_009925.1	3650602	3651459	+	858	291	577	331	282	184	100
gene-AM1_RS16295	NC_009925.1	3651489	3652871	-	1383	330	336	647	266	234	124
gene-AM1_RS16300	NC_009925.1	3653051	3654238	-	1188	1146	1390	2434	1617	840	995
gene-AM1_RS41060	NC_009925.1	3654422	3654592	-	171	659	22	1837	38	644	7
gene-AM1_RS16305	NC_009925.1	3654795	3655622	-	828	152	182	194	111	115	76
gene-AM1_RS16310	NC_009925.1	3655783	3656445	+	663	660	458	650	683	326	420
gene-AM1_RS16315	NC_009925.1	3656699	3657190	+	492	494	560	545	521	216	218
gene-AM1_RS16320	NC_009925.1	3657191	3658078	-	888	201	524	447	390	182	238
gene-AM1_RS16325	NC_009925.1	3658182	3658715	-	534	189	1509	256	2898	61	1075
gene-AM1_RS16330	NC_009925.1	3658850	3659899	-	1050	50	90	126	104	34	36
gene-AM1_RS16335	NC_009925.1	3660121	3660717	-	597	123	209	186	232	61	103
gene-AM1_RS16340	NC_009925.1	3660837	3661148	-	312	32	46	92	90	22	22
gene-AM1_RS38250	NC_009925.1	3661276	3661458	+	183	45733	54771	234696	217979	32753	22987
gene-AM1_RS41065	NC_009925.1	3661526	3661602	-	77	4669	3489	17968	19417	5763	5664
gene-AM1_RS16345	NC_009925.1	3662118	3663377	-	1260	229	497	325	220	127	70
gene-AM1_RS16350	NC_009925.1	3663387	3664580	-	1194	193	340	326	205	173	91
gene-AM1_RS16355	NC_009925.1	3664642	3665574	+	933	465	724	729	521	380	252
gene-AM1_RS16360	NC_009925.1	3665637	3666365	-	729	196	298	347	219	160	111
gene-AM1_RS16365	NC_009925.1	3666438	3667292	-	855	359	748	588	385	234	171
gene-AM1_RS16370	NC_009925.1	3667292	3668230	-	939	323	569	424	236	179	87
gene-AM1_RS16380	NC_009925.1	3668916	3670016	-	1101	88	185	97	75	54	40
gene-AM1_RS16385	NC_009925.1	3670048	3671427	-	1380	239	420	308	308	182	104
gene-AM1_RS16390	NC_009925.1	3671479	3672891	-	1413	417	602	503	307	193	136
gene-AM1_RS16395	NC_009925.1	3672931	3673170	-	240	71	108	167	184	79	46
gene-AM1_RS16400	NC_009925.1	3673176	3674948	-	1773	221	450	256	176	156	75
gene-AM1_RS16405	NC_009925.1	3674948	3675376	-	429	69	140	95	91	46	23
gene-AM1_RS16410	NC_009925.1	3675369	3676295	-	927	265	393	328	249	210	90
gene-AM1_RS16415	NC_009925.1	3676403	3677344	-	942	138	239	193	137	80	50
gene-AM1_RS16420	NC_009925.1	3677365	3678657	-	1293	345	589	362	327	185	99
gene-AM1_RS16425	NC_009925.1	3678682	3679836	-	1155	636	1064	963	616	493	337
gene-AM1_RS16430	NC_009925.1	3679846	3680445	-	600	239	354	326	203	141	72
gene-AM1_RS16435	NC_009925.1	3680438	3681382	-	945	276	377	334	295	182	104
gene-AM1_RS16440	NC_009925.1	3681410	3682750	-	1341	357	450	509	307	260	136
gene-AM1_RS16445	NC_009925.1	3683071	3685005	-	1935	1898	1526	2804	1490	1204	609
gene-AM1_RS42200	NC_009925.1	3686334	3686477	-	144	10483	3470	15568	7534	4206	1611
gene-AM1_RS16450	NC_009925.1	3686729	3687406	-	678	424	421	1629	953	375	439
gene-AM1_RS16455	NC_009925.1	3687534	3688844	-	1311	35	55	103	99	34	38
gene-AM1_RS16460	NC_009925.1	3688941	3689723	-	783	142	215	164	81	50	21
gene-AM1_RS16465	NC_009925.1	3689879	3690133	-	255	1215	1300	1771	1736	862	443
gene-AM1_RS16470	NC_009925.1	3690184	3690594	-	411	1959	1841	2083	1462	1050	607
gene-AM1_RS16475	NC_009925.1	3690759	3691181	-	423	378	861	322	521	87	132
gene-AM1_RS16480	NC_009925.1	3691274	3691876	-	603	54	79	101	51	26	27
gene-AM1_RS16485	NC_009925.1	3692089	3692916	-	828	741	580	1591	1390	605	691
gene-AM1_RS16490	NC_009925.1	3693173	3694123	+	951	2410	660	4348	835	2166	480
gene-AM1_RS16495	NC_009925.1	3694134	3695189	-	1056	405	378	855	374	315	168
gene-AM1_RS16500	NC_009925.1	3695272	3696129	-	858	88	99	190	104	71	72
gene-AM1_RS16505	NC_009925.1	3696351	3696896	+	546	268	725	443	1322	131	280
gene-AM1_RS16510	NC_009925.1	3697011	3698705	+	1695	170	505	572	566	257	349
gene-AM1_RS16515	NC_009925.1	3698707	3699996	-	1290	59	134	160	139	44	42
gene-AM1_RS16520	NC_009925.1	3700648	3702288	-	1641	28	64	113	96	34	14
gene-AM1_RS16525	NC_009925.1	3702429	3703343	-	915	119	196	257	188	149	119
gene-AM1_RS16530	NC_009925.1	3703502	3704758	-	1257	1697	1111	1151	1081	564	375
gene-AM1_RS16535	NC_009925.1	3705045	3706850	+	1806	246	240	316	232	102	109
gene-AM1_RS16540	NC_009925.1	3706843	3707670	+	828	93	135	140	79	38	29
gene-AM1_RS16545	NC_009925.1	3707815	3708540	+	726	77	128	142	65	50	20
gene-AM1_RS16550	NC_009925.1	3708559	3709056	-	498	68	108	108	66	41	40
gene-AM1_RS16555	NC_009925.1	3709060	3709707	-	648	130	219	324	199	117	119
gene-AM1_RS16560	NC_009925.1	3710290	3711348	+	1059	23228	20798	97627	48664	39794	17624
gene-AM1_RS16565	NC_009925.1	3711622	3712683	+	1062	18096	16781	68634	36597	29082	11541
gene-AM1_RS16575	NC_009925.1	3714416	3715423	-	1008	375	496	826	487	456	184
gene-AM1_RS16580	NC_009925.1	3715434	3716999	-	1566	108	119	335	201	93	40
gene-AM1_RS16585	NC_009925.1	3717059	3717664	-	606	72	92	146	97	43	23
gene-AM1_RS16590	NC_009925.1	3717689	3718630	-	942	155	190	392	241	161	138
gene-AM1_RS16595	NC_009925.1	3718733	3719182	-	450	142	85	210	159	78	59
gene-AM1_RS16600	NC_009925.1	3719353	3720372	-	1020	29	53	125	74	27	24
gene-AM1_RS16605	NC_009925.1	3720564	3721184	+	621	35	92	113	60	31	40
gene-AM1_RS16610	NC_009925.1	3721184	3722440	+	1257	370	558	569	273	219	143
gene-AM1_RS16615	NC_009925.1	3722571	3722954	-	384	1934	2737	3582	3069	1159	1134
gene-AM1_RS16620	NC_009925.1	3723489	3724538	+	1050	273	372	868	1121	225	408
gene-AM1_RS16625	NC_009925.1	3724652	3724846	+	195	73	104	203	114	40	45
gene-AM1_RS16630	NC_009925.1	3724913	3725512	-	600	3871	3751	4082	5788	2172	1684
gene-AM1_RS16635	NC_009925.1	3725806	3726885	-	1080	1893	670	1481	1048	897	446
gene-AM1_RS16645	NC_009925.1	3727132	3727824	+	693	125	106	114	93	63	32
gene-AM1_RS16650	NC_009925.1	3727840	3728796	-	957	343	294	361	235	234	131
gene-AM1_RS16655	NC_009925.1	3728856	3729170	-	315	14	23	30	18	9	6
gene-AM1_RS16660	NC_009925.1	3729181	3729873	-	693	119	222	287	129	112	107
gene-AM1_RS16670	NC_009925.1	3730107	3730481	-	375	85	249	155	254	81	160
gene-AM1_RS16675	NC_009925.1	3730618	3731499	+	882	38	34	91	43	19	26
gene-AM1_RS16680	NC_009925.1	3731545	3732018	-	474	29	47	63	34	13	13
gene-AM1_RS16685	NC_009925.1	3732043	3732237	-	195	15	21	29	17	9	3
gene-AM1_RS16690	NC_009925.1	3732303	3732722	-	420	245	377	516	403	133	112
gene-AM1_RS16695	NC_009925.1	3732924	3733496	+	573	406	266	1066	796	291	163
gene-AM1_RS16700	NC_009925.1	3733605	3734963	+	1359	421	349	1414	978	485	293
gene-AM1_RS16705	NC_009925.1	3735092	3735562	-	471	806	805	1496	1981	629	460
gene-AM1_RS16710	NC_009925.1	3735761	3736048	-	288	101	410	539	2052	76	223
gene-AM1_RS16715	NC_009925.1	3736485	3736961	+	477	26	56	280	311	38	50
gene-AM1_RS16720	NC_009925.1	3737122	3737433	+	312	28	48	430	651	38	35
gene-AM1_RS16725	NC_009925.1	3737502	3738002	+	501	225	360	2753	4698	282	385
gene-AM1_RS16730	NC_009925.1	3738018	3738536	+	519	178	299	1753	3028	224	267
gene-AM1_RS16735	NC_009925.1	3738547	3739065	+	519	139	285	1460	2258	157	149
gene-AM1_RS16740	NC_009925.1	3739156	3749949	-	10794	416	681	1332	1821	302	243
gene-AM1_RS16745	NC_009925.1	3750637	3752115	+	1479	836	169	2433	285	1326	126
gene-AM1_RS16750	NC_009925.1	3752100	3752543	+	444	273	82	529	97	198	42
gene-AM1_RS37650	NC_009925.1	3752601	3753197	+	597	60	28	139	29	42	10
gene-AM1_RS16760	NC_009925.1	3753326	3754576	+	1251	34	33	95	70	22	12
gene-AM1_RS16770	NC_009925.1	3755030	3755227	+	198	5	11	17	12	6	1
gene-AM1_RS16775	NC_009925.1	3755224	3756441	+	1218	27	37	78	54	13	9
gene-AM1_RS16780	NC_009925.1	3756389	3756937	-	549	6	13	23	17	2	4
gene-AM1_RS16785	NC_009925.1	3756976	3757545	-	570	7	6	25	9	1	3
gene-AM1_RS16795	NC_009925.1	3757643	3758516	+	874	41	27	83	51	23	16
gene-AM1_RS16800	NC_009925.1	3758553	3759863	-	1311	33	38	72	81	28	31
gene-AM1_RS16805	NC_009925.1	3759820	3760299	-	480	4	7	23	11	4	5
gene-AM1_RS16810	NC_009925.1	3760476	3761390	-	915	27	18	69	52	14	8
gene-AM1_RS16815	NC_009925.1	3761939	3762736	+	798	94	108	202	143	37	30
gene-AM1_RS16820	NC_009925.1	3762828	3763181	+	354	27	104	138	142	51	81
gene-AM1_RS16825	NC_009925.1	3763178	3765502	-	2325	71	163	273	200	66	67
gene-AM1_RS16830	NC_009925.1	3766072	3766731	-	660	84	134	171	80	49	22
gene-AM1_RS16835	NC_009925.1	3766728	3767838	-	1111	188	184	465	259	195	130
gene-AM1_RS16845	NC_009925.1	3768089	3768883	+	795	153	283	399	276	117	112
gene-AM1_RS16850	NC_009925.1	3768906	3769577	-	672	629	828	603	956	396	356
gene-AM1_RS16855	NC_009925.1	3770344	3770784	+	441	281	88	84	48	22	8
gene-AM1_RS16860	NC_009925.1	3770805	3771641	+	837	534	622	1284	636	285	238
gene-AM1_RS16865	NC_009925.1	3771710	3772135	-	426	40	74	287	217	26	48
gene-AM1_RS16870	NC_009925.1	3772530	3774728	+	2199	524	791	5042	5438	1142	1083
gene-AM1_RS16875	NC_009925.1	3774854	3775717	-	864	396	269	442	302	133	114
gene-AM1_RS16880	NC_009925.1	3775757	3777250	-	1494	668	491	658	389	320	155
gene-AM1_RS16885	NC_009925.1	3777702	3778595	+	894	109	141	259	173	111	72
gene-AM1_RS16890	NC_009925.1	3778549	3779337	+	789	91	100	134	97	66	30
gene-AM1_RS16895	NC_009925.1	3779377	3779955	+	579	126	100	183	102	62	43
gene-AM1_RS16900	NC_009925.1	3779958	3780932	-	975	204	83	188	70	95	36
gene-AM1_RS16905	NC_009925.1	3781118	3781879	+	762	51	116	79	77	29	25
gene-AM1_RS16910	NC_009925.1	3781998	3782798	-	801	1178	456	708	737	117	141
gene-AM1_RS16915	NC_009925.1	3782970	3783449	-	480	1000	2221	3220	4847	619	1182
gene-AM1_RS16920	NC_009925.1	3783894	3783989	-	96	675	1681	4283	5411	829	1085
gene-AM1_RS16925	NC_009925.1	3784301	3785113	+	813	706	1051	1510	1290	679	715
gene-AM1_RS16930	NC_009925.1	3785173	3785823	-	651	45	67	81	47	27	14
gene-AM1_RS16935	NC_009925.1	3785820	3786548	-	729	28	53	50	42	15	5
gene-AM1_RS16940	NC_009925.1	3786610	3787263	-	654	84	161	202	97	71	39
gene-AM1_RS16945	NC_009925.1	3787332	3787781	-	450	899	1428	1089	701	812	307
gene-AM1_RS16950	NC_009925.1	3787897	3788568	-	672	314	141	2317	372	370	87
gene-AM1_RS16955	NC_009925.1	3788674	3789066	-	393	35	28	189	135	40	40
gene-AM1_RS16965	NC_009925.1	3789614	3791227	+	1614	131	224	215	117	37	25
gene-AM1_RS16970	NC_009925.1	3791348	3792967	+	1620	118	143	229	152	64	46
gene-AM1_RS16975	NC_009925.1	3792990	3796457	-	3468	1402	606	1727	732	791	198
gene-AM1_RS16980	NC_009925.1	3796547	3798955	-	2409	1152	531	1853	781	798	220
gene-AM1_RS16985	NC_009925.1	3799028	3799591	-	564	462	192	621	266	266	85
gene-AM1_RS16990	NC_009925.1	3799592	3799957	-	366	327	84	504	222	185	53
gene-AM1_RS16995	NC_009925.1	3800074	3801300	-	1227	403	160	595	216	275	53
gene-AM1_RS17000	NC_009925.1	3801635	3802720	+	1086	37	60	93	85	37	35
gene-AM1_RS17005	NC_009925.1	3803017	3806580	+	3564	680	585	942	630	409	181
gene-AM1_RS43990	NC_009925.1	3806740	3806874	+	135	113	1307	57	504	20	202
gene-AM1_RS17010	NC_009925.1	3807560	3809200	+	1641	1815	1895	2865	4410	1923	1552
gene-AM1_RS17015	NC_009925.1	3809644	3810456	-	813	50	95	109	146	56	46
gene-AM1_RS17020	NC_009925.1	3810521	3812374	-	1854	64	139	404	377	58	61
gene-AM1_RS17025	NC_009925.1	3812521	3813444	+	924	35	40	67	69	26	20
gene-AM1_RS17030	NC_009925.1	3813437	3814897	+	1461	79	100	224	148	43	34
gene-AM1_RS17035	NC_009925.1	3815384	3816163	-	780	229	1270	339	1183	105	506
gene-AM1_RS17040	NC_009925.1	3816203	3816721	-	519	88	165	192	272	53	57
gene-AM1_RS17045	NC_009925.1	3817108	3817458	-	351	80	295	217	447	67	80
gene-AM1_RS17055	NC_009925.1	3817991	3818407	+	417	68	40	102	30	30	13
gene-AM1_RS17060	NC_009925.1	3818633	3819694	-	1062	5327	1332	7530	1568	5065	479
gene-AM1_RS17065	NC_009925.1	3820026	3820994	+	969	258	219	995	508	404	178
gene-AM1_RS17070	NC_009925.1	3821192	3821264	+	73	955	795	3650	2688	468	342
gene-AM1_RS17075	NC_009925.1	3821268	3821341	+	74	652	608	710	494	228	108
gene-AM1_RS17080	NC_009925.1	3821755	3823287	+	1533	399	429	310	184	167	50
gene-AM1_RS17085	NC_009925.1	3823327	3823770	+	444	48	46	48	44	19	10
gene-AM1_RS17090	NC_009925.1	3823767	3824528	+	762	64	82	116	74	33	16
gene-AM1_RS17095	NC_009925.1	3824525	3825082	-	558	97	146	203	202	77	127
gene-AM1_RS17100	NC_009925.1	3825128	3825568	-	441	62	152	155	111	51	59
gene-AM1_RS17105	NC_009925.1	3825656	3826162	-	507	78	90	271	152	53	39
gene-AM1_RS17110	NC_009925.1	3826306	3826845	+	540	35	73	136	90	38	47
gene-AM1_RS38740	NC_009925.1	3826929	3827045	+	117	2118	2866	14658	8657	3117	1852
gene-AM1_RS17115	NC_009925.1	3827213	3827746	-	534	699	1033	2781	1166	682	539
gene-AM1_RS17120	NC_009925.1	3827767	3828180	-	414	161	282	517	257	157	121
gene-AM1_RS17125	NC_009925.1	3828296	3828496	-	201	16	61	34	56	11	17
gene-AM1_RS17130	NC_009925.1	3828681	3829118	-	438	156	105	273	93	107	50
gene-AM1_RS17135	NC_009925.1	3829405	3830289	+	885	234	320	477	414	185	213
gene-AM1_RS17140	NC_009925.1	3830488	3831477	+	990	280	718	871	1705	364	1081
gene-AM1_RS17145	NC_009925.1	3831571	3831822	+	252	44	77	132	91	24	51
gene-AM1_RS17150	NC_009925.1	3832119	3833924	+	1806	303	466	517	634	263	300
gene-AM1_RS17155	NC_009925.1	3833942	3834934	-	993	80	92	245	191	67	50
gene-AM1_RS17160	NC_009925.1	3835093	3836310	+	1218	34	46	91	71	24	20
gene-AM1_RS17165	NC_009925.1	3836324	3838321	-	1998	84	74	119	103	45	23
gene-AM1_RS17170	NC_009925.1	3838377	3839402	-	1026	139	120	240	184	56	30
gene-AM1_RS17175	NC_009925.1	3839604	3840593	-	990	34	51	125	94	56	59
gene-AM1_RS17180	NC_009925.1	3840694	3841311	+	618	49	57	123	56	41	24
gene-AM1_RS17185	NC_009925.1	3841366	3842871	+	1506	383	407	898	630	343	234
gene-AM1_RS17190	NC_009925.1	3843301	3844725	+	1425	501	683	1620	975	557	571
gene-AM1_RS17195	NC_009925.1	3844849	3845760	+	912	61	48	157	101	32	32
gene-AM1_RS17200	NC_009925.1	3845750	3847060	-	1311	135	186	501	338	194	140
gene-AM1_RS17205	NC_009925.1	3847167	3847568	-	402	35	176	127	1049	55	129
gene-AM1_RS17210	NC_009925.1	3847862	3848698	+	837	201	374	669	461	189	177
gene-AM1_RS17215	NC_009925.1	3848887	3849336	-	450	6550	10868	13598	16404	6663	6425
gene-AM1_RS17220	NC_009925.1	3849527	3852133	-	2607	532	827	1483	1427	640	534
gene-AM1_RS17225	NC_009925.1	3852405	3853832	+	1428	89	175	272	189	67	59
gene-AM1_RS17230	NC_009925.1	3853927	3856254	-	2328	1661	2894	4851	6093	1900	2055
gene-AM1_RS38745	NC_009925.1	3856749	3856853	-	105	1292	1035	5449	1667	1125	344
gene-AM1_RS17235	NC_009925.1	3856907	3858520	-	1614	322	507	941	720	388	307
gene-AM1_RS17240	NC_009925.1	3858886	3859542	+	657	79	76	250	190	49	51
gene-AM1_RS17245	NC_009925.1	3859753	3860169	+	417	26	41	107	60	32	27
gene-AM1_RS17250	NC_009925.1	3860298	3860702	+	405	561	42	503	39	260	15
gene-AM1_RS17255	NC_009925.1	3860724	3861137	-	414	57	75	130	75	24	17
gene-AM1_RS17260	NC_009925.1	3861263	3861571	+	309	7	11	34	35	10	9
gene-AM1_RS17265	NC_009925.1	3861823	3862737	+	915	25	60	88	251	28	40
gene-AM1_RS17270	NC_009925.1	3862883	3863212	+	330	134	111	441	199	144	45
gene-AM1_RS17275	NC_009925.1	3863305	3864186	+	882	45	121	80	177	38	158
gene-AM1_RS17280	NC_009925.1	3864237	3864908	-	672	21	40	41	35	11	13
gene-AM1_RS17285	NC_009925.1	3865013	3865399	-	387	23	23	46	15	13	5
gene-AM1_RS17290	NC_009925.1	3865408	3865665	-	258	35	25	75	54	18	8
gene-AM1_RS17295	NC_009925.1	3865794	3866393	-	600	14	12	60	49	15	16
gene-AM1_RS17300	NC_009925.1	3866599	3867315	+	717	52	141	119	111	52	105
gene-AM1_RS17305	NC_009925.1	3867316	3867984	-	669	86	179	94	76	59	33
gene-AM1_RS43995	NC_009925.1	3868180	3868302	-	123	3	7	14	4	4	2
gene-AM1_RS17310	NC_009925.1	3868305	3868514	-	210	7	12	132	88	0	2
gene-AM1_RS17315	NC_009925.1	3868553	3868741	-	189	9	15	510	323	7	1
gene-AM1_RS17320	NC_009925.1	3869025	3870179	+	1155	83	128	198	196	59	86
gene-AM1_RS17325	NC_009925.1	3870205	3870795	-	591	22	51	55	42	15	14
gene-AM1_RS17330	NC_009925.1	3870925	3871437	+	513	23	29	74	48	19	19
gene-AM1_RS17335	NC_009925.1	3871519	3871839	+	321	12	22	38	21	11	8
gene-AM1_RS17340	NC_009925.1	3871836	3872546	-	711	31	68	141	138	51	54
gene-AM1_RS17345	NC_009925.1	3872583	3873428	+	846	31	34	98	63	29	30
gene-AM1_RS17350	NC_009925.1	3873512	3874385	-	874	41	50	104	86	37	21
gene-AM1_RS17360	NC_009925.1	3874553	3878176	-	3624	108	216	387	357	84	89
gene-AM1_RS17370	NC_009925.1	3878808	3879464	+	657	24	51	64	84	20	9
gene-AM1_RS17375	NC_009925.1	3879525	3881045	+	1521	110	124	211	173	78	39
gene-AM1_RS17380	NC_009925.1	3881074	3881772	-	699	61	80	101	66	37	33
gene-AM1_RS17385	NC_009925.1	3882051	3882362	+	312	82	140	417	389	100	128
gene-AM1_RS17390	NC_009925.1	3882359	3884071	-	1713	37	57	188	123	43	35
gene-AM1_RS17395	NC_009925.1	3884228	3885535	+	1308	32	42	70	62	23	10
gene-AM1_RS17400	NC_009925.1	3885882	3886538	-	657	71	85	167	62	49	27
gene-AM1_RS17405	NC_009925.1	3886779	3890489	-	3711	218	347	468	360	193	119
gene-AM1_RS17410	NC_009925.1	3890535	3891482	-	948	249	269	647	458	232	127
gene-AM1_RS17415	NC_009925.1	3891681	3892799	+	1119	40	54	102	57	17	25
gene-AM1_RS17420	NC_009925.1	3892860	3894725	-	1866	606	500	1467	658	475	210
gene-AM1_RS17425	NC_009925.1	3894900	3895565	-	666	16	27	50	53	18	23
gene-AM1_RS17430	NC_009925.1	3895562	3896743	-	1182	98	245	272	298	98	166
gene-AM1_RS17435	NC_009925.1	3896810	3897106	-	297	89	142	115	153	55	42
gene-AM1_RS17440	NC_009925.1	3897145	3897408	-	264	57	117	220	207	57	115
gene-AM1_RS17445	NC_009925.1	3897577	3899202	-	1626	371	572	1063	899	423	416
gene-AM1_RS17450	NC_009925.1	3899303	3900523	-	1221	1026	2412	4086	5451	876	1635
gene-AM1_RS17455	NC_009925.1	3901016	3901777	-	762	149	159	351	300	119	86
gene-AM1_RS17460	NC_009925.1	3901789	3902811	-	1023	116	176	425	285	116	128
gene-AM1_RS17465	NC_009925.1	3903271	3903516	+	246	1641	1593	4249	2575	764	979
gene-AM1_RS17470	NC_009925.1	3903731	3904855	+	1125	133	193	179	132	77	76
gene-AM1_RS17475	NC_009925.1	3905041	3905178	+	138	3896	2809	16281	5313	2662	983
gene-AM1_RS17480	NC_009925.1	3905329	3905769	-	441	63	67	178	58	54	37
gene-AM1_RS17485	NC_009925.1	3905954	3907117	+	1164	236	431	849	552	227	348
gene-AM1_RS17490	NC_009925.1	3907175	3908014	-	840	23	31	61	29	21	13
gene-AM1_RS17495	NC_009925.1	3908158	3908550	-	393	36	19	44	25	14	7
gene-AM1_RS17500	NC_009925.1	3909022	3909873	-	852	25	34	73	80	25	12
gene-AM1_RS17505	NC_009925.1	3910170	3911318	-	1149	49	43	91	60	36	23
gene-AM1_RS17510	NC_009925.1	3911588	3912517	+	930	22	40	72	44	13	14
gene-AM1_RS43245	NC_009925.1	3912558	3912908	-	351	17	26	31	32	15	8
gene-AM1_RS17525	NC_009925.1	3914003	3915220	-	1218	42	34	91	55	22	13
gene-AM1_RS17530	NC_009925.1	3915217	3915414	-	198	4	5	24	8	0	2
gene-AM1_RS17535	NC_009925.1	3915690	3917018	-	1329	16	28	74	37	9	10
gene-AM1_RS17540	NC_009925.1	3917018	3918166	-	1149	29	41	57	68	9	18
gene-AM1_RS17545	NC_009925.1	3918204	3920405	-	2202	108	91	215	236	86	91
gene-AM1_RS17550	NC_009925.1	3920439	3922862	-	2424	67	305	194	732	48	258
gene-AM1_RS37655	NC_009925.1	3923040	3925163	-	2124	156	255	496	353	120	102
gene-AM1_RS17560	NC_009925.1	3925260	3925682	-	423	103	109	431	225	53	66
gene-AM1_RS17565	NC_009925.1	3926624	3928450	+	1827	211	734	970	2378	321	606
gene-AM1_RS17570	NC_009925.1	3928607	3929173	+	567	23	72	87	121	23	27
gene-AM1_RS17575	NC_009925.1	3929170	3930006	-	837	45	117	153	70	49	31
gene-AM1_RS17580	NC_009925.1	3930012	3930653	-	642	118	165	222	157	110	62
gene-AM1_RS17585	NC_009925.1	3930812	3932032	-	1221	36	175	85	72	39	29
gene-AM1_RS17590	NC_009925.1	3932063	3933997	-	1935	1136	3660	2648	2677	1493	1178
gene-AM1_RS17595	NC_009925.1	3934370	3934549	-	180	27	135	86	230	23	50
gene-AM1_RS17600	NC_009925.1	3935128	3936042	+	915	1010	1351	1692	993	788	593
gene-AM1_RS17605	NC_009925.1	3936094	3936357	+	264	1114	1726	4171	1940	1194	969
gene-AM1_RS17610	NC_009925.1	3936566	3937054	+	489	5815	7200	24687	15357	8263	6298
gene-AM1_RS17615	NC_009925.1	3937062	3937640	+	579	3716	5349	12260	6399	4354	4504
gene-AM1_RS17620	NC_009925.1	3937882	3938211	+	330	7963	10571	21083	21777	8173	7585
gene-AM1_RS17625	NC_009925.1	3938363	3939262	+	900	250	332	646	302	240	145
gene-AM1_RS17630	NC_009925.1	3939279	3939584	+	306	26	30	71	24	14	10
gene-AM1_RS17635	NC_009925.1	3939676	3940407	+	732	80	121	213	200	114	74
gene-AM1_RS17640	NC_009925.1	3940521	3940934	+	414	16	25	72	115	9	15
gene-AM1_RS17645	NC_009925.1	3940952	3942052	-	1101	65	115	176	160	58	46
gene-AM1_RS17650	NC_009925.1	3942098	3943003	-	906	37	37	79	82	36	22
gene-AM1_RS17655	NC_009925.1	3943000	3945285	-	2286	211	342	608	321	133	109
gene-AM1_RS17660	NC_009925.1	3945404	3945685	-	282	21	19	33	5	17	4
gene-AM1_RS17665	NC_009925.1	3945689	3946000	-	312	35	21	36	24	14	9
gene-AM1_RS17670	NC_009925.1	3946195	3947091	+	897	47	29	116	52	55	21
gene-AM1_RS17675	NC_009925.1	3947374	3947583	+	210	98	11	217	15	62	2
gene-AM1_RS17680	NC_009925.1	3947681	3948301	+	621	110	13	168	21	38	6
gene-AM1_RS17685	NC_009925.1	3948353	3948853	+	501	20	25	57	20	12	8
gene-AM1_RS17690	NC_009925.1	3949380	3949958	+	579	50	45	126	58	67	38
gene-AM1_RS17695	NC_009925.1	3950034	3951527	+	1494	163	163	185	327	124	120
gene-AM1_RS17700	NC_009925.1	3951725	3953668	-	1944	50	926	277	5332	90	1770
gene-AM1_RS17705	NC_009925.1	3954117	3955508	+	1392	139	105	292	149	170	65
gene-AM1_RS17710	NC_009925.1	3955558	3956202	-	645	63	76	65	43	34	19
gene-AM1_RS17715	NC_009925.1	3956565	3959480	-	2916	1687	1721	2313	1842	1303	900
gene-AM1_RS17720	NC_009925.1	3959614	3961254	-	1641	107	126	263	191	109	70
gene-AM1_RS17725	NC_009925.1	3961395	3962984	-	1590	658	877	1888	2190	993	631
gene-AM1_RS17730	NC_009925.1	3963044	3964294	-	1251	229	274	917	762	373	308
gene-AM1_RS17735	NC_009925.1	3964583	3965260	-	678	185	239	476	623	192	174
gene-AM1_RS17740	NC_009925.1	3965383	3967329	-	1947	287	442	741	815	282	341
gene-AM1_RS17745	NC_009925.1	3967829	3968068	+	240	17	24	40	29	15	10
gene-AM1_RS17750	NC_009925.1	3968069	3969010	-	942	91	131	157	99	111	85
gene-AM1_RS17755	NC_009925.1	3969333	3969875	+	543	319	444	359	800	281	255
gene-AM1_RS17760	NC_009925.1	3969894	3970496	-	603	150	204	226	155	94	54
gene-AM1_RS17765	NC_009925.1	3970539	3971645	-	1107	112	162	218	125	78	35
gene-AM1_RS17770	NC_009925.1	3972029	3972808	+	780	113	799	278	853	96	385
gene-AM1_RS39860	NC_009925.1	3974264	3975138	+	875	38	27	85	78	32	14
gene-AM1_RS17795	NC_009925.1	3975226	3976536	+	1311	41	43	118	85	40	22
gene-AM1_RS17800	NC_009925.1	3976790	3977746	-	957	2427	319	6985	683	1995	149
gene-AM1_RS17805	NC_009925.1	3978038	3978778	-	741	18	19	82	39	16	17
gene-AM1_RS17810	NC_009925.1	3978893	3979375	+	483	307	243	542	379	289	130
gene-AM1_RS17815	NC_009925.1	3979508	3980083	+	576	437	484	689	862	344	332
gene-AM1_RS17820	NC_009925.1	3980527	3980781	+	255	64	76	143	64	45	22
gene-AM1_RS17825	NC_009925.1	3980778	3981542	+	765	108	134	218	89	59	23
gene-AM1_RS17830	NC_009925.1	3981742	3982263	+	522	147	210	228	105	95	42
gene-AM1_RS17835	NC_009925.1	3982260	3982727	-	468	284	409	669	468	312	218
gene-AM1_RS17840	NC_009925.1	3982743	3983300	-	558	194	318	599	369	210	250
gene-AM1_RS17845	NC_009925.1	3983492	3986539	-	3048	169	320	343	361	138	136
gene-AM1_RS17850	NC_009925.1	3986756	3987847	-	1092	56	89	100	91	36	47
gene-AM1_RS17855	NC_009925.1	3988231	3988863	-	633	79	100	149	98	72	61
gene-AM1_RS17860	NC_009925.1	3989133	3990518	+	1386	6889	4678	10517	6808	5140	2048
gene-AM1_RS17865	NC_009925.1	3990792	3991490	+	699	270	182	493	558	233	119
gene-AM1_RS17870	NC_009925.1	3991468	3991872	-	405	34	30	111	107	34	20
gene-AM1_RS17875	NC_009925.1	3991915	3992880	-	966	124	246	355	249	81	104
gene-AM1_RS17880	NC_009925.1	3993012	3993977	-	966	637	848	1173	951	723	640
gene-AM1_RS17885	NC_009925.1	3994118	3995902	-	1785	222	272	898	520	452	407
gene-AM1_RS17890	NC_009925.1	3996153	3997091	+	939	208	371	591	447	327	315
gene-AM1_RS17895	NC_009925.1	3997173	3998255	-	1083	515	670	786	499	370	316
gene-AM1_RS17900	NC_009925.1	3998568	3999188	+	621	378	515	1432	878	284	270
gene-AM1_RS17905	NC_009925.1	3999226	3999522	-	297	1129	1776	3891	4685	586	766
gene-AM1_RS17910	NC_009925.1	4000694	4002145	+	1452	1071	2153	2702	2865	771	1136
gene-AM1_RS17915	NC_009925.1	4002594	4004186	-	1593	55	129	134	199	36	49
gene-AM1_RS17920	NC_009925.1	4004424	4005659	-	1236	5783	1068	7761	5678	2881	2248
gene-AM1_RS17925	NC_009925.1	4006008	4006526	-	519	13	23	45	54	23	15
gene-AM1_RS17930	NC_009925.1	4006630	4007157	+	528	171	203	389	364	165	121
gene-AM1_RS17935	NC_009925.1	4007194	4008831	+	1638	635	908	1043	799	433	326
gene-AM1_RS17940	NC_009925.1	4008879	4009181	-	303	17	30	30	19	9	10
gene-AM1_RS17945	NC_009925.1	4009239	4010018	-	780	19	29	38	25	4	6
gene-AM1_RS17950	NC_009925.1	4010400	4010606	-	207	5	11	24	24	5	5
gene-AM1_RS17955	NC_009925.1	4010631	4011077	-	447	27	48	107	116	22	25
gene-AM1_RS17960	NC_009925.1	4011105	4011716	-	612	13	73	64	90	16	23
gene-AM1_RS17965	NC_009925.1	4012137	4012892	-	756	217	218	467	324	197	163
gene-AM1_RS17970	NC_009925.1	4012899	4013345	-	447	198	225	441	235	135	184
gene-AM1_RS17975	NC_009925.1	4013585	4014364	+	780	265	215	373	208	115	94
gene-AM1_RS17980	NC_009925.1	4014369	4016036	-	1668	327	494	703	373	281	201
gene-AM1_RS17985	NC_009925.1	4016190	4016624	-	435	10469	11019	29063	17762	9077	5912
gene-AM1_RS17990	NC_009925.1	4016764	4017930	-	1167	65	101	167	90	41	51
gene-AM1_RS17995	NC_009925.1	4017989	4018933	-	945	562	440	846	558	365	281
gene-AM1_RS18000	NC_009925.1	4019042	4019239	+	198	362	338	388	404	107	74
gene-AM1_RS18005	NC_009925.1	4019248	4019445	-	198	128	132	147	60	42	15
gene-AM1_RS18010	NC_009925.1	4019518	4020471	-	954	302	302	750	702	230	212
gene-AM1_RS18015	NC_009925.1	4020506	4020946	-	441	65	98	203	159	52	61
gene-AM1_RS18020	NC_009925.1	4021106	4023463	+	2358	433	505	999	1030	235	248
gene-AM1_RS18025	NC_009925.1	4023477	4024310	-	834	13	18	42	41	6	7
gene-AM1_RS18030	NC_009925.1	4024818	4026509	-	1692	158	282	484	348	102	133
gene-AM1_RS18040	NC_009925.1	4026955	4027170	+	216	51	60	59	55	24	35
gene-AM1_RS18045	NC_009925.1	4027290	4028171	+	882	356	596	518	402	215	144
gene-AM1_RS18050	NC_009925.1	4028222	4029502	-	1281	1141	1515	1312	878	926	558
gene-AM1_RS18055	NC_009925.1	4029700	4030125	+	426	283	311	677	419	230	123
gene-AM1_RS18060	NC_009925.1	4030609	4032372	+	1764	237591	58277	106737	77553	57632	26430
gene-AM1_RS18065	NC_009925.1	4032496	4033551	-	1056	556	425	334	215	167	79
gene-AM1_RS18070	NC_009925.1	4033720	4034328	+	609	5043	4998	4349	3939	2190	1891
gene-AM1_RS18075	NC_009925.1	4034376	4035089	-	714	245	347	483	312	142	173
gene-AM1_RS18080	NC_009925.1	4035251	4036285	+	1035	230	933	374	406	160	395
gene-AM1_RS18085	NC_009925.1	4036316	4036402	-	87	12599	13668	11553	12667	9535	6193
gene-AM1_RS18090	NC_009925.1	4036469	4036834	+	366	39	119	77	116	30	32
gene-AM1_RS18095	NC_009925.1	4036838	4037671	+	834	154	417	206	156	114	78
gene-AM1_RS18100	NC_009925.1	4037767	4038723	+	957	517	823	1417	807	436	384
gene-AM1_RS18105	NC_009925.1	4038733	4039941	+	1209	890	1205	1296	748	531	401
gene-AM1_RS18110	NC_009925.1	4039991	4040647	+	657	182	302	316	192	138	93
gene-AM1_RS18115	NC_009925.1	4040665	4041807	-	1143	183	361	302	254	122	128
gene-AM1_RS18120	NC_009925.1	4042045	4042932	+	888	223	465	1153	1030	400	559
gene-AM1_RS18125	NC_009925.1	4042969	4043895	-	927	465	544	541	489	213	190
gene-AM1_RS18130	NC_009925.1	4043938	4044612	-	675	316	371	493	719	258	217
gene-AM1_RS18135	NC_009925.1	4044691	4045860	-	1170	207	318	362	243	141	141
gene-AM1_RS42205	NC_009925.1	4045919	4046071	+	153	60	76	149	118	43	47
gene-AM1_RS18140	NC_009925.1	4046068	4046862	-	795	1388	1832	2517	3352	1250	1478
gene-AM1_RS18145	NC_009925.1	4047428	4048072	+	645	62	75	201	123	38	41
gene-AM1_RS18150	NC_009925.1	4048117	4049100	-	984	232	188	449	483	159	180
gene-AM1_RS18155	NC_009925.1	4049124	4050260	-	1137	338	366	510	254	233	123
gene-AM1_RS18160	NC_009925.1	4050417	4050489	-	73	225	302	572	385	256	143
gene-AM1_RS18165	NC_009925.1	4051207	4051464	+	258	124	84	15	16	4	2
gene-AM1_RS38750	NC_009925.1	4051864	4052109	+	246	11	17	9	11	1	0
gene-AM1_RS18170	NC_009925.1	4052692	4054026	+	1335	96	135	220	121	54	30
gene-AM1_RS18175	NC_009925.1	4054576	4055325	+	750	24	45	44	38	9	6
gene-AM1_RS18180	NC_009925.1	4055365	4058517	-	3153	118	370	192	127	58	37
gene-AM1_RS18185	NC_009925.1	4058552	4058971	-	420	14	48	21	14	16	1
gene-AM1_RS18190	NC_009925.1	4059349	4060887	-	1539	69	200	105	87	43	38
gene-AM1_RS18195	NC_009925.1	4062638	4063414	-	777	16	23	42	36	6	6
gene-AM1_RS18200	NC_009925.1	4063500	4065773	+	2274	95	128	219	167	70	70
gene-AM1_RS18205	NC_009925.1	4065945	4066862	+	918	19	40	73	89	23	31
gene-AM1_RS18215	NC_009925.1	4067155	4067946	+	792	22	31	62	50	10	9
gene-AM1_RS18220	NC_009925.1	4068022	4068858	+	837	24	42	57	66	14	8
gene-AM1_RS18225	NC_009925.1	4069095	4070339	-	1245	20	28	84	68	19	13
gene-AM1_RS18230	NC_009925.1	4070545	4071837	+	1293	11	22	342	110	34	16
gene-AM1_RS18235	NC_009925.1	4071934	4072428	+	495	63	60	180	111	61	40
gene-AM1_RS18240	NC_009925.1	4072478	4073038	-	561	71	141	160	551	64	158
gene-AM1_RS18245	NC_009925.1	4073138	4075735	-	2598	147	235	412	375	96	115
gene-AM1_RS18250	NC_009925.1	4076759	4077028	-	270	26	31	57	35	11	7
gene-AM1_RS18255	NC_009925.1	4077226	4078362	-	1137	87	160	295	186	104	102
gene-AM1_RS18260	NC_009925.1	4078422	4079150	-	729	69	98	224	82	77	62
gene-AM1_RS18265	NC_009925.1	4079195	4079605	-	411	147	199	439	290	163	148
gene-AM1_RS18270	NC_009925.1	4079678	4080115	-	438	208	215	495	241	168	110
gene-AM1_RS18275	NC_009925.1	4080115	4080477	-	363	308	318	742	615	411	248
gene-AM1_RS18280	NC_009925.1	4080709	4082016	+	1308	254	229	534	344	208	146
gene-AM1_RS18285	NC_009925.1	4082403	4083995	-	1593	316	385	860	475	242	221
gene-AM1_RS18290	NC_009925.1	4084909	4085289	+	381	2231	4249	14280	24116	1938	2777
gene-AM1_RS18295	NC_009925.1	4085417	4085504	-	88	4311	5866	3349	3381	4900	3540
gene-AM1_RS18300	NC_009925.1	4085686	4086147	+	462	69	82	233	135	46	50
gene-AM1_RS18305	NC_009925.1	4086427	4087122	+	696	3633	2499	8265	4955	3940	1651
gene-AM1_RS18310	NC_009925.1	4087395	4088420	+	1026	2119	510	3182	420	1684	213
gene-AM1_RS18315	NC_009925.1	4088494	4089645	-	1152	262	123	435	97	171	37
gene-AM1_RS18320	NC_009925.1	4089626	4090690	-	1065	161	215	183	152	108	85
gene-AM1_RS18325	NC_009925.1	4090913	4091443	+	531	213	977	312	934	64	363
gene-AM1_RS18330	NC_009925.1	4091666	4092298	-	633	90	298	174	155	43	56
gene-AM1_RS18335	NC_009925.1	4092442	4092513	+	72	905	809	772	620	857	437
gene-AM1_RS18340	NC_009925.1	4092594	4093370	+	777	124	192	188	105	86	41
gene-AM1_RS18345	NC_009925.1	4093383	4093775	-	393	93	93	173	137	70	66
gene-AM1_RS18350	NC_009925.1	4093828	4094187	-	360	39	59	92	47	25	26
gene-AM1_RS18355	NC_009925.1	4095139	4095900	+	762	2029	1678	3225	1744	1656	871
gene-AM1_RS18360	NC_009925.1	4095897	4098626	-	2730	440	515	922	522	353	199
gene-AM1_RS18365	NC_009925.1	4098706	4101867	-	3162	1162	1350	2044	3128	1014	819
gene-AM1_RS18370	NC_009925.1	4101937	4104459	-	2523	1272	1578	2668	3493	1265	1304
gene-AM1_RS18375	NC_009925.1	4104653	4105180	-	528	133	188	289	498	106	128
gene-AM1_RS18380	NC_009925.1	4105187	4105552	-	366	80	189	209	493	36	78
gene-AM1_RS18385	NC_009925.1	4106110	4107765	+	1656	750	789	1882	1616	673	580
gene-AM1_RS18390	NC_009925.1	4107838	4108536	-	699	102	167	321	233	100	72
gene-AM1_RS18395	NC_009925.1	4108626	4109171	-	546	131	335	489	468	130	242
gene-AM1_RS18400	NC_009925.1	4109255	4110733	-	1479	64	109	139	125	35	32
gene-AM1_RS42210	NC_009925.1	4110724	4110897	+	174	0	4	2	1	0	1
gene-AM1_RS18405	NC_009925.1	4110981	4112069	+	1089	1767	1150	4868	2393	1562	651
gene-AM1_RS18410	NC_009925.1	4112073	4112747	+	675	294	197	533	194	136	48
gene-AM1_RS18415	NC_009925.1	4112826	4113128	+	303	1721	2006	1424	877	933	333
gene-AM1_RS18420	NC_009925.1	4113257	4113589	-	333	423	481	1012	604	348	259
gene-AM1_RS18425	NC_009925.1	4113639	4114280	-	642	726	650	2822	2590	1027	936
gene-AM1_RS18430	NC_009925.1	4114211	4114741	-	531	325	431	1681	834	294	381
gene-AM1_RS18435	NC_009925.1	4114929	4116443	+	1515	201	230	434	276	212	115
gene-AM1_RS18440	NC_009925.1	4116421	4117398	-	978	83	125	220	115	103	76
gene-AM1_RS18450	NC_009925.1	4117913	4120501	+	2589	244	519	647	661	269	304
gene-AM1_RS18455	NC_009925.1	4120505	4121419	-	915	70	83	268	203	79	89
gene-AM1_RS18460	NC_009925.1	4121494	4122660	+	1167	306	296	566	316	170	133
gene-AM1_RS18465	NC_009925.1	4122672	4124900	+	2229	104	144	231	162	70	59
gene-AM1_RS18470	NC_009925.1	4124931	4125761	-	831	29	31	71	43	14	10
gene-AM1_RS18475	NC_009925.1	4126094	4127344	+	1251	31	38	76	78	33	12
gene-AM1_RS18485	NC_009925.1	4128639	4129073	-	435	5	6	12	15	4	1
gene-AM1_RS18490	NC_009925.1	4129259	4129804	-	546	6	7	25	9	5	2
gene-AM1_RS18495	NC_009925.1	4129833	4130669	-	837	24	25	157	60	33	8
gene-AM1_RS18500	NC_009925.1	4131304	4132359	-	1056	35893	19500	79402	24386	38875	13404
gene-AM1_RS18505	NC_009925.1	4132623	4133684	-	1062	500	704	917	472	345	242
gene-AM1_RS18525	NC_009925.1	4135533	4135961	-	429	44	52	83	53	23	10
gene-AM1_RS18530	NC_009925.1	4136320	4136988	-	669	132	128	211	146	112	60
gene-AM1_RS18535	NC_009925.1	4137068	4137616	-	549	17	21	45	23	12	4
gene-AM1_RS18540	NC_009925.1	4137660	4138328	-	669	37	33	114	50	42	19
gene-AM1_RS42215	NC_009925.1	4138517	4138666	-	150	9	9	22	7	7	0
gene-AM1_RS18550	NC_009925.1	4139676	4139930	+	255	1737	2041	1459	913	647	206
gene-AM1_RS18555	NC_009925.1	4139942	4140265	+	324	1240	1597	987	655	404	174
gene-AM1_RS18560	NC_009925.1	4140393	4141346	+	954	204	543	130	57	60	18
gene-AM1_RS18565	NC_009925.1	4141392	4142291	-	900	243	164	200	151	95	61
gene-AM1_RS18570	NC_009925.1	4142883	4143299	-	417	51	60	280	356	74	142
gene-AM1_RS18575	NC_009925.1	4143526	4144122	+	597	8	7	28	20	1	1
gene-AM1_RS18580	NC_009925.1	4144119	4144826	-	708	22	17	61	26	22	9
gene-AM1_RS18585	NC_009925.1	4144958	4145812	-	855	72	89	274	193	115	82
gene-AM1_RS18590	NC_009925.1	4146678	4147127	+	450	14	10	37	37	12	7
gene-AM1_RS18595	NC_009925.1	4147216	4147956	+	741	10	10	43	26	2	2
gene-AM1_RS18600	NC_009925.1	4148176	4148553	+	378	2	2	14	15	3	2
gene-AM1_RS18605	NC_009925.1	4148708	4148998	+	291	5	5	17	11	3	1
gene-AM1_RS18610	NC_009925.1	4150214	4150663	+	450	34	14	74	80	13	13
gene-AM1_RS18615	NC_009925.1	4150752	4151492	+	741	29	23	77	44	16	9
gene-AM1_RS18620	NC_009925.1	4151759	4152130	+	372	20	12	79	43	15	10
gene-AM1_RS18625	NC_009925.1	4152313	4152603	+	291	0	0	5	8	6	1
gene-AM1_RS18630	NC_009925.1	4152841	4153497	+	657	317	230	562	388	160	131
gene-AM1_RS18635	NC_009925.1	4153652	4154344	+	693	201	281	265	281	80	80
gene-AM1_RS18640	NC_009925.1	4154347	4154595	-	249	6	6	18	9	2	7
gene-AM1_RS18645	NC_009925.1	4154682	4156844	+	2163	158	188	457	354	182	129
gene-AM1_RS18650	NC_009925.1	4156938	4157177	-	240	4	5	16	9	5	1
gene-AM1_RS18655	NC_009925.1	4157404	4159776	+	2373	51	62	151	160	50	32
gene-AM1_RS18660	NC_009925.1	4159815	4160507	-	693	49	72	243	129	40	47
gene-AM1_RS18665	NC_009925.1	4160654	4163041	-	2388	205	246	593	531	210	159
gene-AM1_RS18670	NC_009925.1	4163535	4164227	+	693	565	446	1187	922	456	253
gene-AM1_RS18675	NC_009925.1	4164310	4166478	-	2169	575	577	832	592	383	192
gene-AM1_RS18680	NC_009925.1	4166644	4167021	+	378	293	522	673	756	183	276
gene-AM1_RS18685	NC_009925.1	4167034	4167588	-	555	117	182	306	221	87	66
gene-AM1_RS18690	NC_009925.1	4167937	4168848	+	912	60	108	180	205	60	72
gene-AM1_RS18695	NC_009925.1	4168949	4170475	+	1527	101	149	230	169	81	80
gene-AM1_RS18700	NC_009925.1	4170524	4171234	+	711	150	159	283	180	105	104
gene-AM1_RS18705	NC_009925.1	4171237	4172628	+	1392	124	139	243	167	116	81
gene-AM1_RS18710	NC_009925.1	4172807	4173973	+	1167	311	435	1071	479	624	382
gene-AM1_RS18715	NC_009925.1	4174027	4175457	+	1431	1050	1062	2282	1707	1094	662
gene-AM1_RS18720	NC_009925.1	4175559	4175999	-	441	25	46	60	23	24	5
gene-AM1_RS18725	NC_009925.1	4176019	4176642	-	624	20	38	59	50	29	20
gene-AM1_RS18730	NC_009925.1	4176896	4177804	+	909	402	311	239	165	150	63
gene-AM1_RS18735	NC_009925.1	4177998	4178210	+	213	75	81	71	35	33	19
gene-AM1_RS41085	NC_009925.1	4178499	4178693	+	195	34	39	34	11	11	3
gene-AM1_RS37660	NC_009925.1	4179084	4179719	+	636	34	46	40	27	20	12
gene-AM1_RS18750	NC_009925.1	4179826	4180752	-	927	19	43	68	56	18	9
gene-AM1_RS18755	NC_009925.1	4181185	4181508	+	324	7	2	21	28	2	3
gene-AM1_RS18760	NC_009925.1	4181647	4182180	+	534	18	12	50	40	18	7
gene-AM1_RS18765	NC_009925.1	4182264	4185758	-	3495	500	363	636	433	337	122
gene-AM1_RS18770	NC_009925.1	4185982	4186683	-	702	54	40	107	61	49	23
gene-AM1_RS18775	NC_009925.1	4186993	4187607	-	615	31	28	59	30	6	10
gene-AM1_RS18780	NC_009925.1	4187672	4187947	-	276	9	13	18	8	8	2
gene-AM1_RS18785	NC_009925.1	4187999	4188436	-	438	10	10	62	39	14	13
gene-AM1_RS18790	NC_009925.1	4188472	4189323	-	852	19	21	86	54	13	15
gene-AM1_RS18795	NC_009925.1	4189484	4190152	-	669	23	16	47	32	22	10
gene-AM1_RS18800	NC_009925.1	4190178	4190903	-	726	149	130	604	462	179	153
gene-AM1_RS18805	NC_009925.1	4191052	4191330	+	279	60	49	315	156	66	59
gene-AM1_RS18810	NC_009925.1	4191330	4191848	+	519	127	136	642	290	192	149
gene-AM1_RS18815	NC_009925.1	4191872	4192933	+	1062	181	227	802	518	221	200
gene-AM1_RS18820	NC_009925.1	4192936	4193700	+	765	166	170	554	415	170	141
gene-AM1_RS18825	NC_009925.1	4193701	4194690	+	990	74	87	177	81	65	71
gene-AM1_RS18830	NC_009925.1	4194727	4196112	-	1386	48	44	163	109	50	34
gene-AM1_RS37665	NC_009925.1	4196340	4196852	+	513	87	74	173	100	40	21
gene-AM1_RS18840	NC_009925.1	4197555	4198649	+	1095	899	21	69	83	22	11
gene-AM1_RS18845	NC_009925.1	4198762	4199094	+	333	137	9	20	16	8	2
gene-AM1_RS18850	NC_009925.1	4199264	4199761	+	498	144	20	45	26	17	8
gene-AM1_RS41090	NC_009925.1	4200678	4200953	+	276	12	16	51	41	6	2
gene-AM1_RS44270	NC_009925.1	4201008	4201376	-	369	12	12	28	24	11	10
gene-AM1_RS18865	NC_009925.1	4201903	4202283	-	381	58	43	99	88	24	28
gene-AM1_RS18870	NC_009925.1	4202350	4202997	-	648	254	193	352	535	116	145
gene-AM1_RS18875	NC_009925.1	4203164	4204072	+	909	13	5	45	29	10	12
gene-AM1_RS18880	NC_009925.1	4204111	4204419	-	309	9	5	21	18	4	2
gene-AM1_RS18885	NC_009925.1	4204658	4205275	+	618	54	66	114	63	34	16
gene-AM1_RS18890	NC_009925.1	4205580	4206107	-	528	19	33	116	57	24	22
gene-AM1_RS18895	NC_009925.1	4206237	4207502	-	1266	4	9	38	38	5	3
gene-AM1_RS41095	NC_009925.1	4208086	4208376	+	291	60	85	156	130	26	41
gene-AM1_RS18900	NC_009925.1	4208423	4209214	+	792	285	372	591	1141	205	279
gene-AM1_RS18905	NC_009925.1	4209396	4209827	+	432	7	13	40	25	9	6
gene-AM1_RS18910	NC_009925.1	4209940	4210668	+	729	54	27	402	191	123	32
gene-AM1_RS42220	NC_009925.1	4210965	4211114	+	150	9	10	49	20	17	2
gene-AM1_RS18915	NC_009925.1	4211145	4211780	-	636	32	24	104	47	16	9
gene-AM1_RS18920	NC_009925.1	4212002	4212427	+	426	7	3	16	22	5	10
gene-AM1_RS18925	NC_009925.1	4212519	4212899	+	381	33	47	129	97	25	17
gene-AM1_RS18930	NC_009925.1	4213002	4213316	-	315	28	35	80	41	22	20
gene-AM1_RS18935	NC_009925.1	4213475	4214983	-	1509	166	108	483	155	220	96
gene-AM1_RS18940	NC_009925.1	4215289	4216542	+	1254	110	82	319	211	128	65
gene-AM1_RS18950	NC_009925.1	4216785	4217658	+	874	49	53	94	60	32	28
gene-AM1_RS18955	NC_009925.1	4217903	4218247	+	345	25	38	73	50	10	10
gene-AM1_RS18970	NC_009925.1	4219460	4220878	-	1419	29	48	87	64	9	19
gene-AM1_RS18985	NC_009925.1	4222159	4222515	-	357	19	42	36	50	11	28
gene-AM1_RS18990	NC_009925.1	4222811	4223293	-	483	36	92	83	170	19	56
gene-AM1_RS18995	NC_009925.1	4223440	4223763	-	324	18	17	42	104	6	24
gene-AM1_RS19000	NC_009925.1	4224181	4225191	+	1011	60	85	102	73	26	16
gene-AM1_RS19010	NC_009925.1	4225867	4226739	+	873	27	29	89	58	29	11
gene-AM1_RS42225	NC_009925.1	4226745	4226885	+	141	6	3	9	3	0	2
gene-AM1_RS39870	NC_009925.1	4226963	4228080	+	1118	21	14	60	34	14	14
gene-AM1_RS19025	NC_009925.1	4228254	4229621	-	1368	37	41	137	110	29	24
gene-AM1_RS19030	NC_009925.1	4230486	4232546	+	2061	243	206	798	795	192	154
gene-AM1_RS19035	NC_009925.1	4232839	4233174	-	336	260	231	498	289	109	76
gene-AM1_RS19040	NC_009925.1	4233275	4234096	-	822	345	381	813	535	222	194
gene-AM1_RS19045	NC_009925.1	4234121	4234267	-	147	2	1	6	3	0	2
gene-AM1_RS19050	NC_009925.1	4234396	4236285	+	1890	643	748	2031	1350	668	541
gene-AM1_RS19055	NC_009925.1	4236291	4236884	-	594	287	476	562	437	275	138
gene-AM1_RS19060	NC_009925.1	4236937	4239243	-	2307	1387	2445	2651	2271	1557	777
gene-AM1_RS19065	NC_009925.1	4239730	4240401	-	672	1336	592	540	470	251	128
gene-AM1_RS19070	NC_009925.1	4240820	4241500	+	681	80	214	291	244	75	100
gene-AM1_RS19075	NC_009925.1	4241632	4242324	+	693	929	1514	3019	4050	696	1476
gene-AM1_RS19080	NC_009925.1	4242502	4243443	-	942	27	52	105	92	22	29
gene-AM1_RS19085	NC_009925.1	4243493	4244263	-	771	177	240	423	176	95	81
gene-AM1_RS19090	NC_009925.1	4244335	4244991	-	657	8	11	25	25	8	3
gene-AM1_RS19095	NC_009925.1	4245032	4245328	-	297	8	2	11	17	4	1
gene-AM1_RS19100	NC_009925.1	4245469	4246491	+	1023	36	49	123	94	23	22
gene-AM1_RS19105	NC_009925.1	4246708	4247073	+	366	4	3	34	14	4	1
gene-AM1_RS19110	NC_009925.1	4247075	4249291	+	2217	269	213	682	442	209	111
gene-AM1_RS19115	NC_009925.1	4249733	4250125	-	393	51	47	91	50	10	12
gene-AM1_RS19120	NC_009925.1	4250628	4251938	+	1311	39	48	104	105	38	27
gene-AM1_RS19135	NC_009925.1	4253294	4254493	+	1200	503	480	603	369	434	242
gene-AM1_RS19140	NC_009925.1	4254514	4254993	-	480	52	78	93	45	25	15
gene-AM1_RS19145	NC_009925.1	4255300	4256097	+	798	111	182	388	162	125	80
gene-AM1_RS19150	NC_009925.1	4256148	4256534	+	387	63	119	200	76	79	44
gene-AM1_RS19155	NC_009925.1	4256583	4257689	+	1107	465	368	727	421	418	146
gene-AM1_RS19160	NC_009925.1	4257873	4258871	+	999	143	175	356	229	146	109
gene-AM1_RS19165	NC_009925.1	4258940	4259617	+	678	168	189	489	311	146	147
gene-AM1_RS19170	NC_009925.1	4259748	4260125	+	378	10	21	39	21	10	6
gene-AM1_RS19175	NC_009925.1	4260226	4260597	+	372	21	20	24	14	6	5
gene-AM1_RS19180	NC_009925.1	4260735	4262657	-	1923	8	23	82	65	16	5
gene-AM1_RS19185	NC_009925.1	4263632	4265125	-	1494	113	208	181	128	84	43
gene-AM1_RS19190	NC_009925.1	4265125	4265502	-	378	32	52	80	46	27	21
gene-AM1_RS19195	NC_009925.1	4265542	4266750	-	1209	193	215	550	387	160	146
gene-AM1_RS19200	NC_009925.1	4266856	4267371	-	516	22	29	67	39	15	21
gene-AM1_RS19205	NC_009925.1	4267478	4267550	+	73	3329	6241	3737	2720	4344	5143
gene-AM1_RS19210	NC_009925.1	4267805	4268845	+	1041	100	130	161	100	43	33
gene-AM1_RS19215	NC_009925.1	4268890	4269777	+	888	69	92	114	111	58	36
gene-AM1_RS19225	NC_009925.1	4270487	4271065	+	579	16	33	27	32	11	5
gene-AM1_RS19230	NC_009925.1	4271140	4274199	+	3060	148	160	165	181	69	30
gene-AM1_RS19235	NC_009925.1	4274402	4274914	+	513	57	60	36	37	19	7
gene-AM1_RS19240	NC_009925.1	4275325	4275762	+	438	29	21	52	36	13	11
gene-AM1_RS19245	NC_009925.1	4275755	4276309	+	555	20	19	45	45	17	12
gene-AM1_RS19250	NC_009925.1	4276321	4277751	+	1431	21	34	61	55	4	5
gene-AM1_RS19255	NC_009925.1	4277986	4278366	+	381	102	143	229	129	99	53
gene-AM1_RS19260	NC_009925.1	4278395	4278823	+	429	159	183	184	156	86	51
gene-AM1_RS19265	NC_009925.1	4278827	4279207	+	381	169	228	170	99	71	37
gene-AM1_RS19270	NC_009925.1	4279447	4279788	-	342	81	135	88	78	38	23
gene-AM1_RS19275	NC_009925.1	4279754	4280686	-	933	83	145	182	196	42	56
gene-AM1_RS41105	NC_009925.1	4280944	4281303	-	360	30	91	130	238	42	84
gene-AM1_RS19290	NC_009925.1	4282550	4282828	-	279	7	15	36	22	7	2
gene-AM1_RS19295	NC_009925.1	4283148	4283378	+	231	144	100	318	216	89	101
gene-AM1_RS19300	NC_009925.1	4285499	4287241	+	1743	86	268	212	513	326	151
gene-AM1_RS19305	NC_009925.1	4287747	4288613	-	867	25	58	103	84	37	21
gene-AM1_RS19310	NC_009925.1	4288732	4289529	-	798	182	168	221	177	129	68
gene-AM1_RS19315	NC_009925.1	4289519	4290955	-	1437	558	679	1077	684	499	372
gene-AM1_RS19320	NC_009925.1	4291137	4292726	+	1590	859	1448	2538	2436	984	908
gene-AM1_RS19325	NC_009925.1	4292902	4293804	+	903	12	31	45	88	10	24
gene-AM1_RS19330	NC_009925.1	4293829	4294728	-	900	14	17	44	42	7	9
gene-AM1_RS19335	NC_009925.1	4294802	4295221	+	420	16	34	118	55	17	16
gene-AM1_RS19340	NC_009925.1	4295339	4296097	+	759	26	32	119	66	39	31
gene-AM1_RS19345	NC_009925.1	4296214	4296771	+	558	20	33	46	60	21	14
gene-AM1_RS19350	NC_009925.1	4296768	4297823	-	1056	53	47	161	109	33	28
gene-AM1_RS19355	NC_009925.1	4297958	4298518	+	561	10	15	30	32	5	6
gene-AM1_RS19360	NC_009925.1	4298542	4299171	+	630	9	9	27	29	10	10
gene-AM1_RS19365	NC_009925.1	4299180	4299752	-	573	11	10	27	20	6	2
gene-AM1_RS19370	NC_009925.1	4299928	4302300	+	2373	34	42	77	102	15	14
gene-AM1_RS19375	NC_009925.1	4303153	4303638	-	486	44	179	96	237	30	119
gene-AM1_RS19380	NC_009925.1	4303837	4304751	-	915	46	48	146	100	68	39
gene-AM1_RS19385	NC_009925.1	4305064	4306860	+	1797	258	254	445	371	202	141
gene-AM1_RS19390	NC_009925.1	4306862	4307344	-	483	131	280	251	140	45	23
gene-AM1_RS39885	NC_009925.1	4307981	4309040	-	1060	58	273	215	456	28	90
gene-AM1_RS37670	NC_009925.1	4309092	4309736	+	645	5	6	25	21	2	3
gene-AM1_RS19410	NC_009925.1	4309862	4310179	-	318	3	1	11	21	1	0
gene-AM1_RS19415	NC_009925.1	4310388	4311122	+	735	41	74	132	121	31	51
gene-AM1_RS19420	NC_009925.1	4311119	4312216	-	1098	94	283	163	198	56	132
gene-AM1_RS19425	NC_009925.1	4312317	4312901	+	585	42	221	84	181	39	71
gene-AM1_RS19430	NC_009925.1	4313103	4313834	-	732	61	62	94	106	37	46
gene-AM1_RS19435	NC_009925.1	4314130	4317477	-	3348	414	406	571	424	161	134
gene-AM1_RS19440	NC_009925.1	4317678	4318043	+	366	109	194	399	521	100	149
gene-AM1_RS19445	NC_009925.1	4318441	4318647	-	207	45	56	61	48	19	11
gene-AM1_RS19450	NC_009925.1	4318743	4319603	-	861	127	133	240	193	109	100
gene-AM1_RS39890	NC_009925.1	4319677	4320521	-	845	64	133	72	62	15	17
gene-AM1_RS19465	NC_009925.1	4320678	4321322	-	645	365	705	248	471	63	156
gene-AM1_RS19470	NC_009925.1	4321404	4321802	-	399	422	732	254	449	65	195
gene-AM1_RS19480	NC_009925.1	4322626	4324020	-	1395	790	982	208	191	82	84
gene-AM1_RS19485	NC_009925.1	4324512	4326539	+	2028	281	327	193	237	65	64
gene-AM1_RS19490	NC_009925.1	4326614	4327456	+	843	61	91	47	41	13	5
gene-AM1_RS19495	NC_009925.1	4327588	4329912	-	2325	652	707	757	581	362	219
gene-AM1_RS19500	NC_009925.1	4329918	4331039	-	1122	326	469	555	331	182	210
gene-AM1_RS19505	NC_009925.1	4331396	4332004	-	609	43	73	114	78	31	14
gene-AM1_RS19510	NC_009925.1	4332135	4332512	-	378	37	69	206	176	39	31
gene-AM1_RS41115	NC_009925.1	4332626	4333090	+	465	116	262	135	284	47	170
gene-AM1_RS19515	NC_009925.1	4333004	4334293	-	1290	286	504	546	520	219	208
gene-AM1_RS19520	NC_009925.1	4334414	4335223	-	810	551	471	643	444	249	206
gene-AM1_RS19525	NC_009925.1	4335688	4337004	+	1317	264	444	424	190	87	86
gene-AM1_RS19530	NC_009925.1	4337001	4339442	-	2442	805	1150	1026	792	642	387
gene-AM1_RS19535	NC_009925.1	4339794	4340018	+	225	16	37	30	22	11	6
gene-AM1_RS19540	NC_009925.1	4340054	4340260	+	207	48	84	75	44	21	24
gene-AM1_RS19550	NC_009925.1	4341213	4342595	+	1383	92	163	200	215	68	63
gene-AM1_RS19555	NC_009925.1	4342690	4344069	+	1380	138	269	285	271	74	99
gene-AM1_RS19560	NC_009925.1	4344160	4345536	+	1377	94	135	180	116	46	37
gene-AM1_RS19565	NC_009925.1	4345653	4347002	+	1350	60	54	108	59	39	32
gene-AM1_RS19570	NC_009925.1	4347098	4348462	+	1365	20	35	57	54	10	12
gene-AM1_RS19575	NC_009925.1	4348555	4349976	+	1422	103	156	254	136	83	68
gene-AM1_RS19580	NC_009925.1	4350150	4351631	+	1482	102	115	213	150	49	56
gene-AM1_RS19585	NC_009925.1	4351635	4352924	-	1290	59	213	157	388	50	237
gene-AM1_RS19590	NC_009925.1	4353167	4353532	+	366	58	47	270	454	231	213
gene-AM1_RS19595	NC_009925.1	4354126	4354500	+	375	1058	3212	1455	6340	1148	3908
gene-AM1_RS19600	NC_009925.1	4354748	4355551	+	804	3742	3645	4280	6226	2657	3186
gene-AM1_RS19605	NC_009925.1	4355520	4356458	+	939	113	167	122	94	44	62
gene-AM1_RS19610	NC_009925.1	4356492	4356887	+	396	35	23	81	74	22	14
gene-AM1_RS19615	NC_009925.1	4356911	4358008	+	1098	72	60	290	192	43	41
gene-AM1_RS19620	NC_009925.1	4358076	4358903	+	828	83	115	285	176	108	86
gene-AM1_RS19625	NC_009925.1	4358912	4359676	+	765	45	58	62	35	24	16
gene-AM1_RS19630	NC_009925.1	4359766	4360152	+	387	4	13	14	6	7	3
gene-AM1_RS19635	NC_009925.1	4360308	4360682	+	375	17	20	39	27	5	11
gene-AM1_RS19640	NC_009925.1	4361040	4361912	-	873	112	121	258	338	76	85
gene-AM1_RS19645	NC_009925.1	4362015	4363214	+	1200	49	59	176	123	42	53
gene-AM1_RS19650	NC_009925.1	4363458	4366604	+	3147	180	306	650	702	207	172
gene-AM1_RS19655	NC_009925.1	4366686	4369232	+	2547	488	1223	593	624	308	320
gene-AM1_RS19660	NC_009925.1	4369229	4371895	-	2667	509	581	633	536	297	173
gene-AM1_RS19665	NC_009925.1	4372156	4373769	+	1614	210	267	486	383	156	160
gene-AM1_RS19670	NC_009925.1	4373916	4374461	+	546	52	74	95	103	15	30
gene-AM1_RS19675	NC_009925.1	4374659	4375153	+	495	205	143	426	101	261	29
gene-AM1_RS19680	NC_009925.1	4375944	4377560	+	1617	2771	4626	3774	5128	1843	1774
gene-AM1_RS19685	NC_009925.1	4377641	4379065	+	1425	3653	6988	4877	8392	2155	2191
gene-AM1_RS19690	NC_009925.1	4379248	4379931	+	684	142	255	156	121	53	33
gene-AM1_RS19695	NC_009925.1	4379977	4380771	+	795	141	220	156	88	59	43
gene-AM1_RS19700	NC_009925.1	4380776	4381336	+	561	102	149	103	49	47	30
gene-AM1_RS19705	NC_009925.1	4381340	4381774	-	435	62	50	58	36	34	20
gene-AM1_RS19710	NC_009925.1	4381891	4383111	+	1221	596	587	1141	927	382	326
gene-AM1_RS19715	NC_009925.1	4383112	4384506	+	1395	248	372	582	333	168	109
gene-AM1_RS19720	NC_009925.1	4384503	4385327	-	825	1232	1602	3411	3608	1263	1329
gene-AM1_RS19725	NC_009925.1	4385308	4386117	-	810	455	953	817	962	213	360
gene-AM1_RS19730	NC_009925.1	4386269	4386940	-	672	61	95	146	96	50	28
gene-AM1_RS19735	NC_009925.1	4387029	4388276	-	1248	268	282	684	571	232	276
gene-AM1_RS19740	NC_009925.1	4388406	4388639	-	234	49	61	72	81	31	16
gene-AM1_RS19745	NC_009925.1	4388751	4389662	-	912	450	518	808	450	245	195
gene-AM1_RS19750	NC_009925.1	4389751	4391190	-	1440	905	1108	2485	1821	1010	866
gene-AM1_RS19755	NC_009925.1	4391298	4392653	-	1356	59	209	223	422	59	146
gene-AM1_RS19760	NC_009925.1	4392772	4393095	-	324	99	299	366	2025	92	292
gene-AM1_RS19765	NC_009925.1	4393476	4395380	+	1905	1896	2048	3685	2834	1528	1311
gene-AM1_RS19770	NC_009925.1	4395404	4396126	+	723	261	345	353	211	119	61
gene-AM1_RS19775	NC_009925.1	4396155	4396952	+	798	618	419	407	587	130	194
gene-AM1_RS19780	NC_009925.1	4396986	4397708	+	723	101	141	124	108	61	39
gene-AM1_RS19785	NC_009925.1	4397889	4398620	+	732	66	143	156	198	40	56
gene-AM1_RS19790	NC_009925.1	4398773	4399777	+	1005	13644	14178	19364	14309	9823	6453
gene-AM1_RS19795	NC_009925.1	4399915	4401501	-	1587	822	448	2198	540	768	192
gene-AM1_RS19800	NC_009925.1	4401841	4402200	+	360	3986	2438	5831	6180	1265	932
gene-AM1_RS19805	NC_009925.1	4402324	4404051	+	1728	187	259	327	221	102	89
gene-AM1_RS19810	NC_009925.1	4404105	4405160	-	1056	151	135	261	135	69	48
gene-AM1_RS19815	NC_009925.1	4405365	4406048	-	684	63	49	88	36	17	11
gene-AM1_RS19820	NC_009925.1	4406189	4408486	-	2298	116	149	271	179	68	50
gene-AM1_RS19825	NC_009925.1	4408598	4409473	-	876	74	208	69	130	29	40
gene-AM1_RS19830	NC_009925.1	4409907	4411058	+	1152	84	141	271	211	95	115
gene-AM1_RS19835	NC_009925.1	4411350	4412717	+	1368	142	1097	181	1758	99	711
gene-AM1_RS19840	NC_009925.1	4412731	4413945	+	1215	122	858	162	2382	104	733
gene-AM1_RS19845	NC_009925.1	4414475	4415656	+	1182	353	525	313	233	140	92
gene-AM1_RS19850	NC_009925.1	4415661	4416143	-	483	353	310	302	210	163	77
gene-AM1_RS19855	NC_009925.1	4416148	4416753	-	606	109	133	120	66	25	17
gene-AM1_RS19860	NC_009925.1	4416813	4417865	-	1053	269	340	307	153	108	82
gene-AM1_RS19865	NC_009925.1	4417949	4418878	-	930	386	264	336	258	127	116
gene-AM1_RS19875	NC_009925.1	4419271	4419996	+	726	528	831	663	362	504	278
gene-AM1_RS19880	NC_009925.1	4420105	4420677	+	573	152	280	230	120	97	60
gene-AM1_RS19885	NC_009925.1	4420706	4422469	-	1764	407	524	816	488	302	211
gene-AM1_RS19890	NC_009925.1	4422834	4423436	+	603	1199	680	2460	1068	917	684
gene-AM1_RS19895	NC_009925.1	4423518	4423778	-	261	53	119	66	107	41	40
gene-AM1_RS19900	NC_009925.1	4423784	4424368	-	585	234	498	506	695	236	451
gene-AM1_RS19905	NC_009925.1	4424631	4424924	-	294	56	93	75	70	24	24
gene-AM1_RS19910	NC_009925.1	4424945	4425535	-	591	242	269	379	330	216	144
gene-AM1_RS19915	NC_009925.1	4425614	4426039	-	426	237	147	330	221	91	150
gene-AM1_RS19920	NC_009925.1	4426255	4426590	+	336	610	201	383	396	154	119
gene-AM1_RS19925	NC_009925.1	4426799	4427299	+	501	59	85	139	230	36	89
gene-AM1_RS19930	NC_009925.1	4427311	4427766	-	456	19	9	43	30	9	7
gene-AM1_RS19935	NC_009925.1	4428204	4429949	+	1746	810	487	878	434	556	415
gene-AM1_RS19940	NC_009925.1	4429949	4431649	+	1701	551	307	639	366	426	257
gene-AM1_RS19945	NC_009925.1	4431700	4432626	+	927	93	75	154	58	70	48
gene-AM1_RS42235	NC_009925.1	4432823	4432984	+	162	106	46	282	65	76	46
gene-AM1_RS19950	NC_009925.1	4433191	4434207	+	1017	406	136	667	155	308	209
gene-AM1_RS19955	NC_009925.1	4434227	4434874	+	648	197	77	235	61	85	51
gene-AM1_RS19960	NC_009925.1	4434871	4435653	+	783	485	228	488	117	266	212
gene-AM1_RS19965	NC_009925.1	4435704	4436357	+	654	1189	548	2762	1313	1241	955
gene-AM1_RS19970	NC_009925.1	4436497	4437105	+	609	243	136	339	86	163	117
gene-AM1_RS19975	NC_009925.1	4437180	4438811	-	1632	3870	6686	2702	6424	4038	1875
gene-AM1_RS19980	NC_009925.1	4438914	4439225	-	312	525	1077	635	1218	716	266
gene-AM1_RS19985	NC_009925.1	4439398	4439940	-	543	44	54	81	56	39	30
gene-AM1_RS19990	NC_009925.1	4440106	4440414	+	309	43	80	151	99	19	26
gene-AM1_RS19995	NC_009925.1	4440463	4441893	-	1431	410	640	794	622	276	268
gene-AM1_RS20000	NC_009925.1	4441930	4442121	-	192	34	61	105	89	24	21
gene-AM1_RS20005	NC_009925.1	4442243	4443139	-	897	265	436	813	608	256	379
gene-AM1_RS20010	NC_009925.1	4443325	4443717	-	393	269	525	1282	2230	522	1307
gene-AM1_RS20015	NC_009925.1	4445017	4446003	-	987	89	125	100	78	34	30
gene-AM1_RS20020	NC_009925.1	4446190	4447977	-	1788	518	908	622	472	387	349
gene-AM1_RS20025	NC_009925.1	4448498	4448698	-	201	117	136	384	404	97	112
gene-AM1_RS20030	NC_009925.1	4448754	4449410	-	657	24	25	72	43	12	17
gene-AM1_RS20035	NC_009925.1	4449514	4450155	+	642	67	105	73	63	25	27
gene-AM1_RS20040	NC_009925.1	4450245	4450409	-	165	185	181	387	147	98	51
gene-AM1_RS20045	NC_009925.1	4450434	4450844	-	411	1149	1124	1285	978	1022	478
gene-AM1_RS20050	NC_009925.1	4450977	4452125	+	1149	57	111	113	51	33	20
gene-AM1_RS20055	NC_009925.1	4452270	4453895	+	1626	2010	2368	1616	2445	801	1089
gene-AM1_RS20060	NC_009925.1	4453975	4454286	+	312	80	151	173	136	45	27
gene-AM1_RS20065	NC_009925.1	4454310	4456517	-	2208	761	1835	3294	3540	976	1613
gene-AM1_RS20070	NC_009925.1	4456829	4460635	+	3807	260	364	424	283	189	96
gene-AM1_RS39895	NC_009925.1	4460718	4461835	-	1118	24	29	59	45	17	13
gene-AM1_RS37675	NC_009925.1	4461971	4464742	-	2772	33	51	167	126	19	11
gene-AM1_RS20090	NC_009925.1	4464687	4465070	-	384	9	18	20	11	5	9
gene-AM1_RS20095	NC_009925.1	4465027	4466688	-	1662	21	22	85	51	15	14
gene-AM1_RS39900	NC_009925.1	4466735	4467794	-	1060	35	64	92	129	30	19
gene-AM1_RS20110	NC_009925.1	4468640	4469002	-	363	52	55	94	55	28	30
gene-AM1_RS20115	NC_009925.1	4469075	4469467	+	393	11	34	48	32	14	8
gene-AM1_RS20120	NC_009925.1	4469490	4470848	+	1359	64	68	104	94	32	20
gene-AM1_RS20125	NC_009925.1	4470914	4471387	+	474	19	36	50	26	18	7
gene-AM1_RS20130	NC_009925.1	4471408	4474029	-	2622	456	680	1085	1179	522	363
gene-AM1_RS20135	NC_009925.1	4474234	4474923	+	690	58	89	159	120	28	35
gene-AM1_RS20140	NC_009925.1	4475322	4475825	-	504	383	300	546	377	279	159
gene-AM1_RS20150	NC_009925.1	4476597	4478414	+	1818	6791	1144	612	475	245	163
gene-AM1_RS20155	NC_009925.1	4478486	4479811	-	1326	464	511	714	935	216	137
gene-AM1_RS20160	NC_009925.1	4480067	4481014	-	948	8164	7247	17134	8497	8721	3681
gene-AM1_RS20165	NC_009925.1	4481088	4481627	-	540	4268	4026	10451	4442	4565	2041
gene-AM1_RS20170	NC_009925.1	4481937	4482254	+	318	62	72	130	72	70	42
gene-AM1_RS20175	NC_009925.1	4482261	4483034	-	774	273	231	547	244	209	137
gene-AM1_RS20180	NC_009925.1	4483168	4483578	+	411	73	94	305	197	92	97
gene-AM1_RS20185	NC_009925.1	4483661	4484410	+	750	296	416	851	579	338	321
gene-AM1_RS20190	NC_009925.1	4484472	4485227	-	756	558	408	1337	744	518	216
gene-AM1_RS20195	NC_009925.1	4485283	4486185	-	903	237	245	1149	741	312	288
gene-AM1_RS20200	NC_009925.1	4486381	4487103	+	723	92	118	250	226	116	83
gene-AM1_RS20205	NC_009925.1	4487178	4488413	+	1236	174	187	296	195	100	67
gene-AM1_RS20210	NC_009925.1	4488713	4489444	-	732	76	145	283	141	66	61
gene-AM1_RS20215	NC_009925.1	4489437	4489799	-	363	9	5	26	15	7	2
gene-AM1_RS20220	NC_009925.1	4489803	4491317	-	1515	241	332	666	421	206	182
gene-AM1_RS20225	NC_009925.1	4491414	4492067	-	654	53	70	149	172	38	38
gene-AM1_RS20230	NC_009925.1	4492684	4493397	+	714	59	114	205	576	82	159
gene-AM1_RS20235	NC_009925.1	4493394	4493747	+	354	25	44	65	142	35	58
gene-AM1_RS20240	NC_009925.1	4493756	4494241	+	486	36	97	171	557	74	110
gene-AM1_RS20245	NC_009925.1	4494260	4494931	+	672	87	177	310	1059	123	192
gene-AM1_RS20250	NC_009925.1	4494980	4495462	+	483	41	76	138	403	43	106
gene-AM1_RS20255	NC_009925.1	4495490	4495957	+	468	43	104	183	501	51	104
gene-AM1_RS20260	NC_009925.1	4496003	4497019	+	1017	173	337	480	1401	164	234
gene-AM1_RS20265	NC_009925.1	4497100	4497603	-	504	169	216	497	389	200	134
gene-AM1_RS20270	NC_009925.1	4497665	4498240	-	576	71	128	381	393	83	83
gene-AM1_RS20275	NC_009925.1	4498361	4499500	-	1140	59	157	183	235	50	141
gene-AM1_RS20280	NC_009925.1	4499664	4500665	-	1002	15	26	56	80	8	24
gene-AM1_RS20285	NC_009925.1	4500704	4501879	-	1176	17	72	75	197	15	74
gene-AM1_RS20290	NC_009925.1	4502102	4502647	+	546	4	6	13	21	5	1
gene-AM1_RS20295	NC_009925.1	4502670	4503725	-	1056	49	95	156	156	63	64
gene-AM1_RS20300	NC_009925.1	4503694	4505751	-	2058	88	271	327	376	79	168
gene-AM1_RS20305	NC_009925.1	4505999	4507447	+	1449	148	199	417	275	139	121
gene-AM1_RS20315	NC_009925.1	4508060	4511470	-	3411	131	154	311	222	94	65
gene-AM1_RS20320	NC_009925.1	4511762	4512280	+	519	239	311	348	339	143	94
gene-AM1_RS20325	NC_009925.1	4512368	4512850	-	483	78	126	99	57	42	40
gene-AM1_RS20330	NC_009925.1	4512967	4513338	-	372	29	26	51	26	17	12
gene-AM1_RS20335	NC_009925.1	4513335	4513610	-	276	48	75	172	114	33	28
gene-AM1_RS20340	NC_009925.1	4513837	4514787	-	951	17	22	70	46	14	11
gene-AM1_RS20345	NC_009925.1	4514904	4516232	-	1329	20	33	72	52	17	5
gene-AM1_RS20350	NC_009925.1	4516412	4518538	+	2127	27	31	121	103	23	17
gene-AM1_RS20355	NC_009925.1	4518535	4519350	+	816	4	4	20	23	6	5
gene-AM1_RS20360	NC_009925.1	4519347	4520027	+	681	10	8	24	26	10	5
gene-AM1_RS20365	NC_009925.1	4520364	4521389	+	1026	103	294	339	535	77	189
gene-AM1_RS20370	NC_009925.1	4521606	4522106	-	501	101	98	411	478	144	168
gene-AM1_RS20375	NC_009925.1	4522341	4522934	+	594	35	74	106	94	14	25
gene-AM1_RS20380	NC_009925.1	4523545	4524369	+	825	131	261	348	558	134	294
gene-AM1_RS20385	NC_009925.1	4524372	4524890	-	519	84	163	148	137	62	87
gene-AM1_RS20390	NC_009925.1	4524970	4525878	-	909	20	42	47	35	18	19
gene-AM1_RS20395	NC_009925.1	4526040	4527980	+	1941	757	2137	2497	3332	1140	1330
gene-AM1_RS20400	NC_009925.1	4527989	4528555	+	567	86	196	421	395	83	107
gene-AM1_RS20405	NC_009925.1	4528647	4528829	-	183	22	40	75	42	17	18
gene-AM1_RS20410	NC_009925.1	4528852	4529553	-	702	20	47	126	64	43	43
gene-AM1_RS20415	NC_009925.1	4529793	4531457	-	1665	40	91	166	235	30	69
gene-AM1_RS20420	NC_009925.1	4531807	4532268	+	462	92	97	136	161	54	24
gene-AM1_RS20425	NC_009925.1	4532440	4533855	-	1416	425	401	535	333	300	149
gene-AM1_RS20430	NC_009925.1	4533967	4534308	+	342	46	38	52	42	19	20
gene-AM1_RS20435	NC_009925.1	4534376	4534717	-	342	39	35	82	31	15	9
gene-AM1_RS20440	NC_009925.1	4534827	4535048	-	222	38	34	73	28	15	18
gene-AM1_RS20445	NC_009925.1	4535084	4535157	-	74	229	246	532	426	416	201
gene-AM1_RS20450	NC_009925.1	4535189	4535551	-	363	14	21	26	12	4	0
gene-AM1_RS20455	NC_009925.1	4535561	4535845	-	285	25	38	39	28	8	11
gene-AM1_RS20460	NC_009925.1	4535945	4536799	-	855	19	38	87	112	32	36
gene-AM1_RS20465	NC_009925.1	4537636	4538931	+	1296	13	12	48	50	14	8
gene-AM1_RS20470	NC_009925.1	4538940	4541090	+	2151	48	75	143	92	40	20
gene-AM1_RS20475	NC_009925.1	4541097	4541654	-	558	23	38	143	90	35	28
gene-AM1_RS20480	NC_009925.1	4541915	4542865	+	951	169	269	615	737	227	299
gene-AM1_RS20485	NC_009925.1	4542892	4544205	+	1314	63	93	243	156	57	33
gene-AM1_RS20490	NC_009925.1	4544202	4545044	+	843	123	137	240	165	88	56
gene-AM1_RS20495	NC_009925.1	4545083	4546525	-	1443	732	663	935	735	412	357
gene-AM1_RS20500	NC_009925.1	4546846	4547358	+	513	34	97	116	133	29	37
gene-AM1_RS20505	NC_009925.1	4547371	4549329	+	1959	231	428	627	573	223	218
gene-AM1_RS20510	NC_009925.1	4549342	4549770	+	429	79	85	124	119	36	41
gene-AM1_RS20515	NC_009925.1	4550003	4550398	-	396	29	50	60	49	16	13
gene-AM1_RS20520	NC_009925.1	4550573	4552216	-	1644	153	155	287	361	125	96
gene-AM1_RS20525	NC_009925.1	4552251	4555487	-	3237	241	298	586	589	176	179
gene-AM1_RS20530	NC_009925.1	4555685	4557007	-	1323	379	403	813	518	229	193
gene-AM1_RS20535	NC_009925.1	4556994	4557296	-	303	223	266	786	659	172	167
gene-AM1_RS20540	NC_009925.1	4557860	4565410	-	7551	225	310	623	516	148	118
gene-AM1_RS42890	NC_009925.1	4565746	4566315	+	570	49	55	98	47	14	10
gene-AM1_RS20550	NC_009925.1	4566745	4569045	-	2301	63	129	199	396	46	91
gene-AM1_RS20555	NC_009925.1	4569213	4569914	-	702	66	99	151	516	35	46
gene-AM1_RS20560	NC_009925.1	4569907	4572291	-	2385	103	303	256	953	41	67
gene-AM1_RS20565	NC_009925.1	4573206	4574960	-	1755	1005	1661	1109	517	594	323
gene-AM1_RS42240	NC_009925.1	4574965	4575117	-	153	249	300	308	144	156	86
gene-AM1_RS20570	NC_009925.1	4575156	4575245	-	90	148	151	282	173	108	56
gene-AM1_RS20575	NC_009925.1	4575354	4576196	+	843	64	89	146	99	48	43
gene-AM1_RS20580	NC_009925.1	4576193	4577164	+	972	141	164	174	110	65	31
gene-AM1_RS20585	NC_009925.1	4577202	4578800	-	1599	329	654	685	1020	309	320
gene-AM1_RS20590	NC_009925.1	4578991	4579458	+	468	10	8	17	23	3	2
gene-AM1_RS20595	NC_009925.1	4579649	4581664	-	2016	72	151	119	156	34	56
gene-AM1_RS20600	NC_009925.1	4581893	4581964	-	72	149	200	848	640	407	178
gene-AM1_RS20605	NC_009925.1	4582020	4583270	-	1251	150	287	288	406	144	164
gene-AM1_RS20610	NC_009925.1	4583633	4584604	+	972	91	202	245	443	117	193
gene-AM1_RS20615	NC_009925.1	4584609	4585655	-	1047	177	234	411	258	154	122
gene-AM1_RS37685	NC_009925.1	4585811	4586218	+	408	28	45	47	37	6	6
gene-AM1_RS20625	NC_009925.1	4586469	4587536	+	1068	43	128	147	118	25	50
gene-AM1_RS42245	NC_009925.1	4587544	4587711	-	168	7	11	27	14	3	2
gene-AM1_RS20635	NC_009925.1	4588355	4589413	-	1059	185	372	240	111	110	46
gene-AM1_RS20640	NC_009925.1	4589458	4590435	-	978	3962	5500	5192	3053	2809	1365
gene-AM1_RS20645	NC_009925.1	4590681	4591211	-	531	62	147	148	145	38	69
gene-AM1_RS20650	NC_009925.1	4591297	4591704	-	408	67	242	232	661	32	254
gene-AM1_RS42250	NC_009925.1	4591819	4591968	-	150	134	689	1310	5670	124	1484
gene-AM1_RS20655	NC_009925.1	4592246	4592318	+	73	192	216	248	227	252	168
gene-AM1_RS20660	NC_009925.1	4592357	4595395	-	3039	1146	1514	2214	2019	1049	729
gene-AM1_RS42255	NC_009925.1	4595635	4595802	+	168	34	37	84	60	20	9
gene-AM1_RS20665	NC_009925.1	4595785	4595994	-	210	40	58	123	150	35	21
gene-AM1_RS20670	NC_009925.1	4596016	4597464	-	1449	414	549	761	674	395	313
gene-AM1_RS20675	NC_009925.1	4597585	4598751	+	1167	2115	575	2534	578	1563	294
gene-AM1_RS20680	NC_009925.1	4598857	4601160	+	2304	619	639	1228	767	520	317
gene-AM1_RS20685	NC_009925.1	4601225	4601824	-	600	136	445	336	325	79	117
gene-AM1_RS20690	NC_009925.1	4601824	4602534	-	711	725	2315	2000	4129	813	1604
gene-AM1_RS20695	NC_009925.1	4602774	4603229	+	456	13	41	42	40	14	14
gene-AM1_RS20700	NC_009925.1	4603381	4605267	+	1887	520	677	817	778	397	365
gene-AM1_RS20705	NC_009925.1	4605277	4606785	-	1509	95	109	165	116	69	43
gene-AM1_RS20710	NC_009925.1	4606843	4608474	-	1632	51	134	104	134	16	16
gene-AM1_RS20720	NC_009925.1	4609178	4610785	-	1608	10	28	66	114	4	6
gene-AM1_RS20735	NC_009925.1	4612718	4614100	-	1383	1489	938	3842	1117	1105	381
gene-AM1_RS20740	NC_009925.1	4614093	4615067	-	975	794	400	3029	842	1036	411
gene-AM1_RS20745	NC_009925.1	4615314	4615694	+	381	237	262	304	301	135	113
gene-AM1_RS20750	NC_009925.1	4615721	4616809	+	1089	365	373	907	432	361	223
gene-AM1_RS20755	NC_009925.1	4616861	4617106	+	246	17	21	32	14	7	4
gene-AM1_RS20760	NC_009925.1	4617244	4618080	+	837	208	225	440	230	192	157
gene-AM1_RS20765	NC_009925.1	4618134	4618952	+	819	303	283	402	308	202	103
gene-AM1_RS20770	NC_009925.1	4619338	4619481	+	144	151	51	169	54	27	27
gene-AM1_RS20775	NC_009925.1	4619546	4619695	+	150	96	39	147	46	31	13
gene-AM1_RS20780	NC_009925.1	4620034	4620186	+	153	101	2	67	11	23	2
gene-AM1_RS20785	NC_009925.1	4620308	4621264	+	957	43	7	44	31	16	3
gene-AM1_RS20790	NC_009925.1	4621781	4621978	+	198	287	9	25	9	0	2
gene-AM1_RS20795	NC_009925.1	4622121	4622372	+	252	348	68	104	82	39	35
gene-AM1_RS20800	NC_009925.1	4622383	4624278	+	1896	2620	491	1176	1317	448	312
gene-AM1_RS20805	NC_009925.1	4624348	4626897	-	2550	597	525	1804	1206	578	476
gene-AM1_RS41120	NC_009925.1	4627258	4628928	+	1671	325	349	528	350	272	209
gene-AM1_RS20815	NC_009925.1	4628957	4629322	-	366	20	33	71	53	30	18
gene-AM1_RS20820	NC_009925.1	4629334	4629753	-	420	3	13	20	14	7	9
gene-AM1_RS20825	NC_009925.1	4629861	4630388	-	528	7	7	28	23	5	2
gene-AM1_RS20830	NC_009925.1	4630410	4630751	-	342	16	17	39	14	9	8
gene-AM1_RS20835	NC_009925.1	4630964	4631623	+	660	99	99	133	62	34	46
gene-AM1_RS20840	NC_009925.1	4631637	4632920	+	1284	76	140	207	147	58	36
gene-AM1_RS20845	NC_009925.1	4632983	4633408	+	426	52	70	146	74	47	37
gene-AM1_RS20850	NC_009925.1	4633452	4634633	+	1182	140	205	348	219	106	102
gene-AM1_RS20855	NC_009925.1	4635382	4635777	+	396	930	1258	1677	2285	4197	6042
gene-AM1_RS20860	NC_009925.1	4635843	4636568	+	726	598	1045	975	1223	1707	3615
gene-AM1_RS20865	NC_009925.1	4636867	4637211	+	345	72	168	142	142	240	295
gene-AM1_RS20870	NC_009925.1	4637291	4637791	+	501	189	194	193	102	150	128
gene-AM1_RS20875	NC_009925.1	4637812	4638234	-	423	814	641	650	379	540	171
gene-AM1_RS20880	NC_009925.1	4638336	4639073	+	738	133	125	250	165	58	60
gene-AM1_RS20885	NC_009925.1	4639181	4639726	+	546	39	61	82	40	27	10
gene-AM1_RS20890	NC_009925.1	4640084	4640266	-	183	41	28	83	58	13	8
gene-AM1_RS20895	NC_009925.1	4640414	4640899	-	486	137	116	77	68	43	39
gene-AM1_RS20900	NC_009925.1	4641139	4642536	+	1398	139	156	174	93	75	40
gene-AM1_RS20905	NC_009925.1	4642517	4646020	+	3504	198	293	394	272	97	81
gene-AM1_RS20910	NC_009925.1	4646039	4646605	-	567	69	134	224	183	59	73
gene-AM1_RS20915	NC_009925.1	4646802	4647326	-	525	37	104	75	89	16	24
gene-AM1_RS20920	NC_009925.1	4647323	4648432	-	1110	97	386	253	341	77	149
gene-AM1_RS20925	NC_009925.1	4648445	4649935	-	1491	139	600	398	512	145	216
gene-AM1_RS20930	NC_009925.1	4649962	4650951	-	990	239	868	1061	1153	296	710
gene-AM1_RS20935	NC_009925.1	4651219	4652085	-	867	278	514	584	394	184	96
gene-AM1_RS20940	NC_009925.1	4652091	4652717	-	627	700	984	1847	1808	591	461
gene-AM1_RS20945	NC_009925.1	4652760	4654424	-	1665	1216	1845	2823	2394	1016	762
gene-AM1_RS20950	NC_009925.1	4654492	4655478	-	987	1275	2038	2543	2207	820	732
gene-AM1_RS20955	NC_009925.1	4656043	4656927	+	885	1452	2408	3599	2590	1293	1072
gene-AM1_RS20960	NC_009925.1	4656991	4657965	+	975	1493	2686	3273	2748	1351	1012
gene-AM1_RS20965	NC_009925.1	4658297	4659316	+	1020	579	1133	1556	854	585	418
gene-AM1_RS20970	NC_009925.1	4659399	4660286	+	888	1167	1697	1985	1719	1080	654
gene-AM1_RS20975	NC_009925.1	4660289	4660621	-	333	121	211	239	176	104	61
gene-AM1_RS20980	NC_009925.1	4660730	4662319	-	1590	210	419	495	386	163	182
gene-AM1_RS41125	NC_009925.1	4662651	4662860	+	210	10	24	67	64	18	13
gene-AM1_RS20985	NC_009925.1	4662897	4663244	-	348	98	92	250	390	63	47
gene-AM1_RS20990	NC_009925.1	4663471	4664775	-	1305	2498	2251	5096	3726	2861	1506
gene-AM1_RS20995	NC_009925.1	4665228	4666175	+	948	152	111	287	226	107	115
gene-AM1_RS21000	NC_009925.1	4666290	4666988	+	699	164	249	615	341	183	145
gene-AM1_RS21005	NC_009925.1	4667094	4667975	+	882	199	276	652	344	169	117
gene-AM1_RS21010	NC_009925.1	4667972	4669456	+	1485	654	789	1970	1353	554	431
gene-AM1_RS21015	NC_009925.1	4669462	4670643	+	1182	162	237	559	227	191	140
gene-AM1_RS21020	NC_009925.1	4670654	4671763	-	1110	104	149	361	176	96	71
gene-AM1_RS21025	NC_009925.1	4671951	4672340	+	390	1936	3038	1793	1672	836	607
gene-AM1_RS21030	NC_009925.1	4673017	4673688	+	672	199	315	359	162	110	63
gene-AM1_RS21035	NC_009925.1	4673907	4674680	+	774	198	289	304	271	106	195
gene-AM1_RS21040	NC_009925.1	4674677	4676266	-	1590	667	787	823	626	583	356
gene-AM1_RS21045	NC_009925.1	4676373	4677764	-	1392	502	740	1302	737	441	457
gene-AM1_RS44280	NC_009925.1	4678053	4678460	-	408	201	162	522	332	140	91
gene-AM1_RS21055	NC_009925.1	4678555	4679352	-	798	738	780	1343	697	559	466
gene-AM1_RS21060	NC_009925.1	4679429	4680244	-	816	813	1133	1325	1229	447	475
gene-AM1_RS21065	NC_009925.1	4680257	4681159	-	903	1264	1989	1990	3190	1006	1286
gene-AM1_RS21070	NC_009925.1	4681358	4682458	+	1101	201	220	399	276	153	102
gene-AM1_RS21075	NC_009925.1	4682494	4683474	-	981	1318	1236	3699	2778	1336	947
gene-AM1_RS21080	NC_009925.1	4683680	4684705	-	1026	591	747	786	651	306	243
gene-AM1_RS21085	NC_009925.1	4684714	4686363	-	1650	1455	1643	3023	2424	1357	842
gene-AM1_RS21090	NC_009925.1	4686547	4687239	-	693	1047	1379	2138	5018	1063	1483
gene-AM1_RS21095	NC_009925.1	4687446	4689074	+	1629	211	385	493	520	135	218
gene-AM1_RS21100	NC_009925.1	4689071	4691551	-	2481	279	465	702	515	227	189
gene-AM1_RS21105	NC_009925.1	4691696	4692259	+	564	64	74	116	67	40	31
gene-AM1_RS21110	NC_009925.1	4692256	4692747	+	492	105	104	208	188	141	58
gene-AM1_RS21115	NC_009925.1	4692735	4693205	+	471	239	95	335	169	180	52
gene-AM1_RS21120	NC_009925.1	4693189	4693737	-	549	923	124	943	66	704	26
gene-AM1_RS21125	NC_009925.1	4693740	4694792	-	1053	6298	650	9961	497	6894	221
gene-AM1_RS21130	NC_009925.1	4695150	4696514	+	1365	691	756	1224	733	516	324
gene-AM1_RS42260	NC_009925.1	4696548	4696721	-	174	22	15	33	24	10	5
gene-AM1_RS21135	NC_009925.1	4696786	4697916	-	1131	164	223	283	115	89	59
gene-AM1_RS21140	NC_009925.1	4698045	4698614	-	570	479	538	1155	940	357	268
gene-AM1_RS21145	NC_009925.1	4699717	4700202	-	486	4469	4385	10868	9264	4009	2397
gene-AM1_RS21150	NC_009925.1	4700320	4700967	-	648	8160	9000	13707	9687	6499	4484
gene-AM1_RS21155	NC_009925.1	4701176	4702408	+	1233	433	421	1252	829	271	257
gene-AM1_RS21160	NC_009925.1	4702392	4703663	+	1272	273	390	457	264	132	87
gene-AM1_RS21165	NC_009925.1	4703909	4704325	+	417	825	621	1494	874	547	372
gene-AM1_RS21170	NC_009925.1	4704418	4705191	-	774	109	115	201	130	63	61
gene-AM1_RS21175	NC_009925.1	4705284	4705859	+	576	66	97	153	130	79	45
gene-AM1_RS21180	NC_009925.1	4705856	4706383	-	528	132	150	291	109	82	68
gene-AM1_RS21185	NC_009925.1	4706490	4707260	-	771	126	151	487	264	129	119
gene-AM1_RS21190	NC_009925.1	4707281	4707733	+	453	18	54	56	78	20	25
gene-AM1_RS21195	NC_009925.1	4707730	4708641	-	912	186	294	379	319	133	130
gene-AM1_RS21200	NC_009925.1	4708710	4709825	-	1116	78	141	166	126	79	70
gene-AM1_RS21205	NC_009925.1	4710589	4711500	+	912	117	198	334	240	92	97
gene-AM1_RS21210	NC_009925.1	4711576	4713543	+	1968	131	209	253	195	97	57
gene-AM1_RS21215	NC_009925.1	4713630	4714295	+	666	41	57	81	53	36	11
gene-AM1_RS21220	NC_009925.1	4714358	4715056	+	699	25	33	68	32	13	18
gene-AM1_RS39920	NC_009925.1	4715042	4716174	-	1133	51	64	147	103	39	21
gene-AM1_RS41130	NC_009925.1	4716251	4716424	+	174	2	1	1	2	0	0
gene-AM1_RS21230	NC_009925.1	4716426	4717346	-	921	1	7	24	19	3	1
gene-AM1_RS21235	NC_009925.1	4717495	4718589	+	1095	25	29	64	38	16	10
gene-AM1_RS21240	NC_009925.1	4718592	4721405	+	2814	79	91	225	147	58	42
gene-AM1_RS21245	NC_009925.1	4721427	4723265	-	1839	109	130	167	138	78	55
gene-AM1_RS21250	NC_009925.1	4723553	4724260	+	708	59	55	70	43	21	10
gene-AM1_RS21255	NC_009925.1	4724571	4725044	+	474	25	37	101	43	14	10
gene-AM1_RS21260	NC_009925.1	4725235	4725879	+	645	93	93	214	77	86	58
gene-AM1_RS21265	NC_009925.1	4725890	4726414	+	525	187	189	461	335	218	111
gene-AM1_RS21270	NC_009925.1	4726434	4727726	+	1293	71	97	200	86	56	27
gene-AM1_RS21275	NC_009925.1	4727819	4728274	+	456	15	13	37	15	10	3
gene-AM1_RS21280	NC_009925.1	4728336	4728857	+	522	57	46	94	49	24	11
gene-AM1_RS21285	NC_009925.1	4729211	4729849	+	639	4995	5510	1492	776	1949	697
gene-AM1_RS21290	NC_009925.1	4729891	4730523	+	633	8107	7165	2498	2111	3576	1078
gene-AM1_RS21295	NC_009925.1	4730516	4730818	+	303	2410	1857	1044	877	880	282
gene-AM1_RS21300	NC_009925.1	4730857	4731720	+	864	9925	9680	3719	3245	3784	1384
gene-AM1_RS21305	NC_009925.1	4731762	4732040	+	279	2564	2734	976	724	924	302
gene-AM1_RS21310	NC_009925.1	4732050	4732412	+	363	3239	3057	1296	997	1228	376
gene-AM1_RS21315	NC_009925.1	4732448	4733173	+	726	8734	9417	3155	2740	3787	1276
gene-AM1_RS21320	NC_009925.1	4733237	4733656	+	420	4358	4275	1618	1475	1877	548
gene-AM1_RS21325	NC_009925.1	4733660	4733854	+	195	1185	1271	637	529	521	158
gene-AM1_RS21330	NC_009925.1	4733908	4734159	+	252	1646	1646	819	764	784	247
gene-AM1_RS21335	NC_009925.1	4734171	4734539	+	369	2970	2989	1191	1116	1265	440
gene-AM1_RS21340	NC_009925.1	4734539	4734886	+	348	2624	2627	1093	1248	1244	365
gene-AM1_RS21345	NC_009925.1	4734937	4735482	+	546	5723	5520	1750	1770	1809	621
gene-AM1_RS21350	NC_009925.1	4735518	4735919	+	402	3033	3248	1241	1239	1241	452
gene-AM1_RS21355	NC_009925.1	4735958	4736497	+	540	3669	3895	1473	1276	1458	563
gene-AM1_RS21360	NC_009925.1	4736497	4736853	+	357	2467	2000	870	853	846	350
gene-AM1_RS21365	NC_009925.1	4736868	4737401	+	534	7861	7786	2390	2397	2754	948
gene-AM1_RS21370	NC_009925.1	4737461	4737910	+	450	2503	2675	1160	937	1157	416
gene-AM1_RS21375	NC_009925.1	4737953	4739260	+	1308	10213	12875	5877	5592	4909	2577
gene-AM1_RS21380	NC_009925.1	4739260	4739820	+	561	2222	3095	997	791	875	309
gene-AM1_RS21385	NC_009925.1	4739903	4740127	+	225	705	934	428	257	282	91
gene-AM1_RS21390	NC_009925.1	4740193	4740951	+	759	411	857	198	87	91	31
gene-AM1_RS21395	NC_009925.1	4741066	4742952	+	1887	60	150	155	198	37	65
gene-AM1_RS21400	NC_009925.1	4744292	4746907	+	2616	53	61	153	122	46	38
gene-AM1_RS21405	NC_009925.1	4747012	4747572	+	561	13	15	21	22	8	6
gene-AM1_RS21410	NC_009925.1	4747815	4749350	+	1536	7	9	55	64	12	7
gene-AM1_RS21415	NC_009925.1	4749347	4753411	+	4065	35	53	124	119	9	12
gene-AM1_RS21420	NC_009925.1	4753535	4755247	+	1713	11	15	49	49	9	6
gene-AM1_RS21425	NC_009925.1	4755364	4757823	+	2460	32	39	106	76	19	15
gene-AM1_RS43270	NC_009925.1	4758236	4761295	+	3060	62	103	181	416	25	77
gene-AM1_RS21435	NC_009925.1	4761430	4761861	-	432	234	1046	377	3559	59	957
gene-AM1_RS21440	NC_009925.1	4762117	4762599	-	483	14	17	64	52	9	9
gene-AM1_RS21445	NC_009925.1	4762661	4763362	-	702	30	35	116	117	16	37
gene-AM1_RS21450	NC_009925.1	4763456	4764289	+	834	10	12	37	26	4	6
gene-AM1_RS21455	NC_009925.1	4764515	4769344	-	4830	191	349	554	548	166	153
gene-AM1_RS21460	NC_009925.1	4769341	4770666	-	1326	51	103	169	225	44	120
gene-AM1_RS21465	NC_009925.1	4770902	4771327	-	426	15	39	67	70	15	27
gene-AM1_RS21470	NC_009925.1	4771843	4773171	+	1329	24	24	82	73	11	11
gene-AM1_RS21475	NC_009925.1	4773158	4775755	+	2598	26	38	81	78	18	14
gene-AM1_RS21480	NC_009925.1	4775900	4776181	+	282	37	29	73	65	7	14
gene-AM1_RS21485	NC_009925.1	4776169	4776672	+	504	31	32	87	79	17	18
gene-AM1_RS21490	NC_009925.1	4776751	4777755	-	1005	51	38	90	60	27	25
gene-AM1_RS37695	NC_009925.1	4778002	4778352	+	351	2	1	5	4	0	0
gene-AM1_RS21500	NC_009925.1	4778425	4779108	+	684	9	5	27	22	9	5
gene-AM1_RS21505	NC_009925.1	4779105	4780646	+	1542	5	10	42	46	10	9
gene-AM1_RS21510	NC_009925.1	4780651	4781091	+	441	16	17	57	28	9	6
gene-AM1_RS38770	NC_009925.1	4781294	4785643	+	4350	499	582	1265	746	308	267
gene-AM1_RS21530	NC_009925.1	4785684	4787615	-	1932	42	64	134	92	33	18
gene-AM1_RS21535	NC_009925.1	4787725	4789734	-	2010	86	102	186	143	61	42
gene-AM1_RS21540	NC_009925.1	4789796	4791712	-	1917	66	101	176	136	44	45
gene-AM1_RS21545	NC_009925.1	4792135	4792623	-	489	148	84	456	474	121	106
gene-AM1_RS21550	NC_009925.1	4792678	4793343	-	666	86	53	169	135	49	46
gene-AM1_RS21555	NC_009925.1	4793436	4794563	-	1128	475	162	355	209	115	88
gene-AM1_RS21560	NC_009925.1	4794622	4795806	-	1185	1285	94	274	178	47	53
gene-AM1_RS21565	NC_009925.1	4796130	4797575	+	1446	133	215	333	304	88	97
gene-AM1_RS21575	NC_009925.1	4798718	4799515	-	798	239	590	757	3990	264	1333
gene-AM1_RS21580	NC_009925.1	4799953	4800684	+	732	1980	2719	5223	8488	1846	2498
gene-AM1_RS21585	NC_009925.1	4800817	4801404	+	588	227	316	437	410	178	184
gene-AM1_RS21590	NC_009925.1	4801406	4802317	-	912	392	651	850	783	269	363
gene-AM1_RS21595	NC_009925.1	4802333	4803526	-	1194	136	158	271	146	91	70
gene-AM1_RS21600	NC_009925.1	4803542	4803976	-	435	52	74	115	80	42	26
gene-AM1_RS21605	NC_009925.1	4804068	4805591	-	1524	240	294	510	470	249	187
gene-AM1_RS21610	NC_009925.1	4805854	4806408	+	555	50	139	203	445	23	95
gene-AM1_RS21615	NC_009925.1	4806668	4807258	+	591	121	123	342	178	58	71
gene-AM1_RS21620	NC_009925.1	4807218	4807799	-	582	175	203	503	420	153	146
gene-AM1_RS21625	NC_009925.1	4808066	4809736	+	1671	364	466	2345	1843	641	772
gene-AM1_RS21630	NC_009925.1	4809765	4810697	+	933	69	78	301	243	74	83
gene-AM1_RS21635	NC_009925.1	4810964	4812121	+	1158	195	481	572	455	142	189
gene-AM1_RS42265	NC_009925.1	4812135	4812287	-	153	24	69	43	160	5	45
gene-AM1_RS21640	NC_009925.1	4812420	4812926	-	507	8	7	26	12	1	0
gene-AM1_RS21645	NC_009925.1	4812926	4814503	-	1578	196	188	553	383	146	152
gene-AM1_RS21650	NC_009925.1	4814711	4814781	+	71	71	115	151	119	122	68
gene-AM1_RS44665	NC_009925.1	4815164	4815304	+	141	19	201	49	77	11	57
gene-AM1_RS21655	NC_009925.1	4815958	4816896	-	939	24	27	64	50	17	12
gene-AM1_RS21660	NC_009925.1	4816796	4817368	-	573	18	11	41	54	8	10
gene-AM1_RS21665	NC_009925.1	4817379	4817714	-	336	8	5	29	17	6	3
gene-AM1_RS21670	NC_009925.1	4817711	4817971	-	261	17	20	65	49	22	14
gene-AM1_RS21675	NC_009925.1	4818076	4818627	-	552	36	28	96	65	13	13
gene-AM1_RS37700	NC_009925.1	4818694	4819635	-	942	27	31	42	25	14	1
gene-AM1_RS42270	NC_009925.1	4819575	4819976	-	402	35	46	97	63	36	17
gene-AM1_RS21690	NC_009925.1	4820072	4820410	-	339	11	16	54	35	13	6
gene-AM1_RS21695	NC_009925.1	4820398	4820811	-	414	13	10	26	34	8	1
gene-AM1_RS21700	NC_009925.1	4820804	4823227	-	2424	120	147	431	328	131	120
gene-AM1_RS21705	NC_009925.1	4823403	4823660	+	258	4	2	8	10	0	2
gene-AM1_RS21710	NC_009925.1	4824245	4824619	-	375	77	104	91	65	24	28
gene-AM1_RS21720	NC_009925.1	4825262	4825813	+	552	18	26	27	33	7	8
gene-AM1_RS21725	NC_009925.1	4825896	4826405	+	510	21	25	51	33	15	7
gene-AM1_RS21730	NC_009925.1	4826885	4828315	+	1431	129	208	246	266	99	84
gene-AM1_RS21735	NC_009925.1	4828299	4829720	-	1422	120	187	350	457	150	105
gene-AM1_RS21740	NC_009925.1	4829830	4832496	-	2667	154	192	348	422	81	83
gene-AM1_RS21745	NC_009925.1	4832493	4832888	-	396	10	21	15	75	3	11
gene-AM1_RS21750	NC_009925.1	4832931	4834487	-	1557	23	92	129	557	21	83
gene-AM1_RS21755	NC_009925.1	4834441	4835004	-	564	16	70	88	565	15	61
gene-AM1_RS21760	NC_009925.1	4835970	4836737	+	768	858	401	7263	1443	1080	253
gene-AM1_RS21765	NC_009925.1	4836734	4837444	+	711	637	236	5810	1594	855	276
gene-AM1_RS21770	NC_009925.1	4837605	4838660	+	1056	594	283	3699	653	463	165
gene-AM1_RS21775	NC_009925.1	4838711	4840402	-	1692	78	102	484	119	63	53
gene-AM1_RS21780	NC_009925.1	4840620	4841600	+	981	428	924	921	1914	420	929
gene-AM1_RS21785	NC_009925.1	4841677	4842417	-	741	142	81	198	74	67	29
gene-AM1_RS21790	NC_009925.1	4842508	4843764	-	1257	557	570	1149	1002	484	536
gene-AM1_RS21795	NC_009925.1	4844095	4844649	+	555	34	54	77	61	18	12
gene-AM1_RS21800	NC_009925.1	4844835	4845092	+	258	9	20	54	27	8	10
gene-AM1_RS21805	NC_009925.1	4845089	4845511	+	423	32	36	94	36	21	16
gene-AM1_RS21810	NC_009925.1	4846220	4846891	+	672	387	432	787	410	321	226
gene-AM1_RS21815	NC_009925.1	4846879	4848921	-	2043	1198	2474	711	491	485	340
gene-AM1_RS21820	NC_009925.1	4849007	4849222	-	216	786	998	589	338	327	147
gene-AM1_RS38775	NC_009925.1	4849255	4849443	-	189	875	1042	514	389	288	126
gene-AM1_RS21825	NC_009925.1	4849545	4850906	-	1362	117	150	183	126	69	44
gene-AM1_RS21830	NC_009925.1	4850906	4851454	-	549	43	61	44	51	29	13
gene-AM1_RS21835	NC_009925.1	4851712	4852206	+	495	5953	2253	10181	7840	5264	1803
gene-AM1_RS21840	NC_009925.1	4852333	4852935	-	603	506	587	432	993	262	436
gene-AM1_RS21845	NC_009925.1	4853101	4854099	+	999	215	205	256	180	146	85
gene-AM1_RS21850	NC_009925.1	4854093	4854992	+	900	143	137	165	111	53	36
gene-AM1_RS21855	NC_009925.1	4855005	4855337	-	333	66	96	164	116	60	47
gene-AM1_RS21860	NC_009925.1	4855359	4855679	-	321	94	147	247	138	91	78
gene-AM1_RS21865	NC_009925.1	4855970	4858129	+	2160	70	101	215	270	32	50
gene-AM1_RS21870	NC_009925.1	4858378	4860009	+	1632	344	225	496	185	173	69
gene-AM1_RS21875	NC_009925.1	4860046	4860921	-	876	846	301	2027	685	773	188
gene-AM1_RS21880	NC_009925.1	4861026	4861967	-	942	1019	663	1761	719	637	436
gene-AM1_RS21885	NC_009925.1	4861951	4863393	-	1443	2786	854	3788	869	1784	377
gene-AM1_RS21890	NC_009925.1	4863641	4864180	+	540	18	36	42	28	7	8
gene-AM1_RS21895	NC_009925.1	4864367	4865353	+	987	363	289	796	312	333	219
gene-AM1_RS21900	NC_009925.1	4865391	4866557	-	1167	167	125	241	150	118	90
gene-AM1_RS21910	NC_009925.1	4866867	4868027	+	1161	100	127	111	73	44	38
gene-AM1_RS21915	NC_009925.1	4868100	4869485	+	1386	118	147	242	156	71	40
gene-AM1_RS21920	NC_009925.1	4869603	4870718	+	1116	100	117	170	156	88	51
gene-AM1_RS21925	NC_009925.1	4870715	4872076	+	1362	50	61	62	67	18	19
gene-AM1_RS21930	NC_009925.1	4872073	4873206	+	1134	123	139	189	77	91	34
gene-AM1_RS21935	NC_009925.1	4873324	4874484	-	1161	695	531	858	307	817	383
gene-AM1_RS21940	NC_009925.1	4876829	4879324	+	2496	307	535	753	561	328	251
gene-AM1_RS21945	NC_009925.1	4879366	4879677	-	312	18	11	52	35	14	13
gene-AM1_RS21950	NC_009925.1	4879757	4880080	+	324	565	132	65	93	29	84
gene-AM1_RS21955	NC_009925.1	4880199	4881299	+	1101	4509	1045	386	750	226	381
gene-AM1_RS21960	NC_009925.1	4881439	4881915	-	477	360	294	192	110	127	72
gene-AM1_RS44020	NC_009925.1	4882151	4882282	-	132	11	10	22	12	5	6
gene-AM1_RS21965	NC_009925.1	4882281	4883537	+	1257	62	59	163	131	33	29
gene-AM1_RS21970	NC_009925.1	4883577	4885685	+	2109	106	114	280	177	72	28
gene-AM1_RS21975	NC_009925.1	4885716	4887635	-	1920	1124	441	694	463	392	181
gene-AM1_RS21980	NC_009925.1	4887956	4888822	+	867	130	116	184	138	101	60
gene-AM1_RS21985	NC_009925.1	4888907	4889917	-	1011	118	77	140	88	107	67
gene-AM1_RS21990	NC_009925.1	4890040	4890582	+	543	25	14	34	32	7	10
gene-AM1_RS21995	NC_009925.1	4891161	4892483	+	1323	210	255	400	253	159	114
gene-AM1_RS22000	NC_009925.1	4892710	4893810	-	1101	127	130	90	93	31	28
gene-AM1_RS22005	NC_009925.1	4894328	4898113	-	3786	1097	692	2128	1037	827	313
gene-AM1_RS22010	NC_009925.1	4898270	4898734	-	465	91	111	183	72	64	35
gene-AM1_RS22015	NC_009925.1	4898776	4899726	-	951	644	830	2036	1347	758	635
gene-AM1_RS22020	NC_009925.1	4899840	4900727	-	888	133	146	269	144	99	79
gene-AM1_RS22025	NC_009925.1	4900865	4901092	+	228	18	17	39	30	17	11
gene-AM1_RS22030	NC_009925.1	4901089	4902408	-	1320	80	88	188	117	53	53
gene-AM1_RS22035	NC_009925.1	4902414	4903721	-	1308	84	120	192	179	30	62
gene-AM1_RS22040	NC_009925.1	4903950	4904879	+	930	178	91	239	128	79	45
gene-AM1_RS22045	NC_009925.1	4904928	4907267	-	2340	2338	1054	3928	2490	1639	986
gene-AM1_RS22050	NC_009925.1	4908247	4909120	-	874	42	44	101	77	29	19
gene-AM1_RS22060	NC_009925.1	4909526	4911949	-	2424	847	1119	1148	3130	387	400
gene-AM1_RS41140	NC_009925.1	4911964	4912155	-	192	21	32	22	52	11	2
gene-AM1_RS22065	NC_009925.1	4912176	4916810	-	4635	1510	1865	1752	3489	522	471
gene-AM1_RS22070	NC_009925.1	4916893	4918371	-	1479	377	620	1182	4766	282	452
gene-AM1_RS22075	NC_009925.1	4918585	4920591	-	2007	34	58	113	151	6	18
gene-AM1_RS22080	NC_009925.1	4920709	4922076	-	1368	195	207	359	282	190	120
gene-AM1_RS22085	NC_009925.1	4922971	4923348	+	378	1313	2089	7217	5087	1756	1342
gene-AM1_RS22090	NC_009925.1	4923851	4925983	+	2133	142	214	304	285	112	75
gene-AM1_RS22095	NC_009925.1	4926300	4926563	-	264	7	8	9	9	0	1
gene-AM1_RS22100	NC_009925.1	4926701	4928425	+	1725	88	118	118	146	21	50
gene-AM1_RS22105	NC_009925.1	4928478	4929074	+	597	8	80	31	84	5	30
gene-AM1_RS42275	NC_009925.1	4929116	4929259	+	144	38	68	107	66	13	16
gene-AM1_RS22120	NC_009925.1	4930314	4930859	+	546	21	27	43	32	3	7
gene-AM1_RS22125	NC_009925.1	4931110	4931601	-	492	26	35	49	22	7	6
gene-AM1_RS22130	NC_009925.1	4932043	4933386	-	1344	26	51	111	90	26	40
gene-AM1_RS22140	NC_009925.1	4936168	4936539	+	372	104	149	270	191	87	127
gene-AM1_RS22145	NC_009925.1	4936569	4937654	-	1086	144	166	356	197	100	89
gene-AM1_RS22150	NC_009925.1	4937664	4938248	-	585	109	136	307	192	68	80
gene-AM1_RS22155	NC_009925.1	4938357	4939004	-	648	20	32	49	22	9	15
gene-AM1_RS22160	NC_009925.1	4939025	4939987	-	963	392	334	779	379	287	161
gene-AM1_RS22165	NC_009925.1	4940012	4940755	-	744	503	428	1262	553	610	243
gene-AM1_RS22170	NC_009925.1	4941131	4942153	+	1023	679	999	968	1121	442	392
gene-AM1_RS22175	NC_009925.1	4942205	4942528	-	324	300	204	830	519	253	92
gene-AM1_RS22180	NC_009925.1	4942586	4942858	-	273	39	43	220	74	55	12
gene-AM1_RS22185	NC_009925.1	4942957	4943601	-	645	195	118	529	272	204	123
gene-AM1_RS22190	NC_009925.1	4943929	4945311	+	1383	309	168	569	373	209	116
gene-AM1_RS22195	NC_009925.1	4945352	4945984	+	633	106	48	167	102	66	21
gene-AM1_RS22200	NC_009925.1	4946023	4946676	+	654	132	68	210	155	71	35
gene-AM1_RS22205	NC_009925.1	4946686	4948395	+	1710	514	419	878	842	377	321
gene-AM1_RS22210	NC_009925.1	4948415	4948843	-	429	155	470	719	2262	382	1251
gene-AM1_RS22215	NC_009925.1	4949176	4950210	+	1035	88	129	228	130	83	86
gene-AM1_RS22220	NC_009925.1	4950221	4950823	-	603	342	329	584	338	246	174
gene-AM1_RS22225	NC_009925.1	4950857	4951525	-	669	346	353	738	591	438	330
gene-AM1_RS22230	NC_009925.1	4951825	4952127	+	303	68	97	142	171	39	25
gene-AM1_RS22235	NC_009925.1	4952170	4952607	+	438	19	27	51	27	12	12
gene-AM1_RS22240	NC_009925.1	4953086	4954390	+	1305	76	135	129	168	61	46
gene-AM1_RS22245	NC_009925.1	4954529	4955542	-	1014	1563	2405	3069	1895	1835	1287
gene-AM1_RS22250	NC_009925.1	4955692	4956288	-	597	314	127	693	174	214	61
gene-AM1_RS22255	NC_009925.1	4956342	4957313	-	972	1580	357	2806	348	1280	117
gene-AM1_RS22260	NC_009925.1	4957431	4958801	-	1371	78	55	263	101	87	29
gene-AM1_RS22265	NC_009925.1	4958948	4959295	+	348	28	25	71	35	30	21
gene-AM1_RS22270	NC_009925.1	4959537	4960541	+	1005	3828	3740	10166	7620	4376	2597
gene-AM1_RS22275	NC_009925.1	4960611	4961366	-	756	314	424	577	261	144	86
gene-AM1_RS22280	NC_009925.1	4961582	4961941	+	360	27	28	59	26	22	17
gene-AM1_RS22285	NC_009925.1	4962146	4962304	+	159	570	170	1265	320	317	88
gene-AM1_RS22290	NC_009925.1	4962892	4964787	+	1896	1642	285	1047	853	343	189
gene-AM1_RS22295	NC_009925.1	4964990	4965352	+	363	57	73	588	456	136	103
gene-AM1_RS22300	NC_009925.1	4965479	4966117	-	639	30	57	132	96	37	25
gene-AM1_RS22305	NC_009925.1	4966255	4966671	+	417	91	329	421	376	128	142
gene-AM1_RS22310	NC_009925.1	4966668	4967060	-	393	25	34	123	60	27	29
gene-AM1_RS22315	NC_009925.1	4967354	4967641	+	288	11	13	21	18	8	3
gene-AM1_RS22320	NC_009925.1	4967733	4968083	+	351	32	35	69	54	13	12
gene-AM1_RS22325	NC_009925.1	4968231	4968641	+	411	10	21	58	31	5	11
gene-AM1_RS22330	NC_009925.1	4968638	4969165	+	528	23	40	88	80	30	18
gene-AM1_RS22335	NC_009925.1	4969311	4970063	+	753	28	43	68	61	33	11
gene-AM1_RS22340	NC_009925.1	4970173	4970469	+	297	5	9	24	10	6	5
gene-AM1_RS42280	NC_009925.1	4970608	4970859	+	252	3	3	2	2	2	1
gene-AM1_RS44455	NC_009925.1	4970828	4970935	+	108	1	0	1	0	0	0
gene-AM1_RS22350	NC_009925.1	4971022	4971840	+	819	32	36	57	45	18	16
gene-AM1_RS22355	NC_009925.1	4972475	4972747	+	273	80	63	214	115	76	87
gene-AM1_RS22360	NC_009925.1	4972775	4973236	-	462	59	41	154	47	73	40
gene-AM1_RS22365	NC_009925.1	4973279	4973920	-	642	269	236	616	184	221	109
gene-AM1_RS22370	NC_009925.1	4974029	4974355	-	327	46	41	141	85	42	41
gene-AM1_RS22375	NC_009925.1	4974501	4974758	+	258	18	25	129	77	28	17
gene-AM1_RS22380	NC_009925.1	4974801	4975601	+	801	76	70	215	107	44	24
gene-AM1_RS22385	NC_009925.1	4975918	4976721	+	804	47	47	104	90	26	25
gene-AM1_RS22395	NC_009925.1	4977151	4978632	+	1482	282	345	493	355	233	167
gene-AM1_RS22400	NC_009925.1	4978648	4979511	+	864	120	90	148	111	58	32
gene-AM1_RS22405	NC_009925.1	4979528	4979818	-	291	75	31	225	128	61	34
gene-AM1_RS22410	NC_009925.1	4979891	4981117	-	1227	36	25	75	49	16	22
gene-AM1_RS22415	NC_009925.1	4981162	4982649	-	1488	66	101	124	113	65	51
gene-AM1_RS22420	NC_009925.1	4982828	4984585	-	1758	52	88	166	187	35	61
gene-AM1_RS22425	NC_009925.1	4984593	4984814	-	222	24	32	48	125	9	27
gene-AM1_RS22430	NC_009925.1	4985093	4985680	+	588	292	1188	385	1339	291	591
gene-AM1_RS37705	NC_009925.1	4986028	4987047	+	1020	123	165	371	202	172	155
gene-AM1_RS22440	NC_009925.1	4987059	4987622	+	564	159	169	228	144	111	77
gene-AM1_RS22445	NC_009925.1	4987642	4988889	-	1248	832	889	2188	1879	941	783
gene-AM1_RS22450	NC_009925.1	4989059	4989907	-	849	77	34	106	53	39	31
gene-AM1_RS22455	NC_009925.1	4989929	4990672	-	744	164	80	327	158	121	101
gene-AM1_RS22460	NC_009925.1	4990847	4991824	+	978	102	67	298	169	138	80
gene-AM1_RS22465	NC_009925.1	4991857	4992609	-	753	103	123	131	80	64	46
gene-AM1_RS22470	NC_009925.1	4992606	4993340	-	735	104	180	186	245	83	72
gene-AM1_RS22475	NC_009925.1	4993402	4995699	-	2298	282	660	535	530	246	204
gene-AM1_RS22480	NC_009925.1	4996019	4996396	+	378	49	275	53	81	19	37
gene-AM1_RS22485	NC_009925.1	4996500	4996709	-	210	126	525	130	173	18	164
gene-AM1_RS22490	NC_009925.1	4997196	4997429	-	234	189	329	149	352	38	100
gene-AM1_RS22495	NC_009925.1	4997739	4998140	+	402	8	22	29	41	6	9
gene-AM1_RS22500	NC_009925.1	4998855	4999445	+	591	93	133	217	355	117	181
gene-AM1_RS22505	NC_009925.1	4999450	5001402	-	1953	80	103	161	131	62	58
gene-AM1_RS22510	NC_009925.1	5002499	5005390	+	2892	261	327	808	657	221	220
gene-AM1_RS37710	NC_009925.1	5006156	5007391	+	1236	115	243	158	184	44	45
gene-AM1_RS22520	NC_009925.1	5007424	5008065	+	642	175	358	395	556	132	161
gene-AM1_RS22525	NC_009925.1	5008340	5011324	+	2985	312	715	594	816	207	269
gene-AM1_RS41145	NC_009925.1	5011453	5012805	+	1353	220	414	753	609	332	282
gene-AM1_RS41150	NC_009925.1	5012929	5014080	+	1152	129	148	224	144	61	50
gene-AM1_RS22535	NC_009925.1	5014100	5014172	-	73	263	497	95	48	232	221
gene-AM1_RS22540	NC_009925.1	5014387	5015679	-	1293	1521	1518	4780	5324	1631	1586
gene-AM1_RS22545	NC_009925.1	5015812	5017548	-	1737	486	476	1400	655	392	280
gene-AM1_RS22550	NC_009925.1	5017860	5018759	+	900	139	21	408	56	183	15
gene-AM1_RS22555	NC_009925.1	5018817	5020736	-	1920	123	75	168	120	49	21
gene-AM1_RS22560	NC_009925.1	5021070	5022260	+	1191	23	42	97	121	22	23
gene-AM1_RS22565	NC_009925.1	5022474	5022830	+	357	44	248	155	768	45	367
gene-AM1_RS22570	NC_009925.1	5023226	5024221	+	996	72	149	192	199	58	77
gene-AM1_RS37715	NC_009925.1	5024262	5026076	-	1815	59	70	141	122	20	25
gene-AM1_RS22580	NC_009925.1	5026195	5027997	-	1803	26	37	115	99	18	14
gene-AM1_RS22585	NC_009925.1	5028607	5029461	-	855	25	59	136	76	24	13
gene-AM1_RS22590	NC_009925.1	5029477	5030883	-	1407	81	111	368	304	100	99
gene-AM1_RS22595	NC_009925.1	5031055	5031855	-	801	50	72	159	151	37	48
gene-AM1_RS22600	NC_009925.1	5032112	5033455	+	1344	9	11	42	29	7	2
gene-AM1_RS37720	NC_009925.1	5033573	5034820	-	1248	25	20	78	44	20	1
gene-AM1_RS22610	NC_009925.1	5035285	5037474	+	2190	76	84	301	190	49	34
gene-AM1_RS22615	NC_009925.1	5037488	5041315	+	3828	273	412	736	537	189	101
gene-AM1_RS22620	NC_009925.1	5041648	5042502	+	855	18	20	44	37	9	2
gene-AM1_RS22625	NC_009925.1	5042539	5042790	+	252	2	2	6	3	0	1
gene-AM1_RS22630	NC_009925.1	5042818	5043282	+	465	25	29	42	41	27	21
gene-AM1_RS22635	NC_009925.1	5043300	5044286	-	987	26	29	57	65	20	38
gene-AM1_RS22640	NC_009925.1	5044587	5046323	+	1737	42	123	157	305	53	162
gene-AM1_RS22645	NC_009925.1	5046492	5046701	+	210	0	3	3	5	0	1
gene-AM1_RS22650	NC_009925.1	5046724	5047101	+	378	2	0	10	12	0	0
gene-AM1_RS22655	NC_009925.1	5047186	5047437	+	252	2	1	1	1	0	1
gene-AM1_RS22660	NC_009925.1	5047516	5047980	+	465	4	5	9	5	4	1
gene-AM1_RS22665	NC_009925.1	5047983	5050799	-	2817	49	64	223	163	51	39
gene-AM1_RS22670	NC_009925.1	5050837	5051970	-	1134	43	67	83	74	35	24
gene-AM1_RS22675	NC_009925.1	5052019	5053023	-	1005	16	25	77	66	15	16
gene-AM1_RS22680	NC_009925.1	5053378	5053560	-	183	7	15	41	28	6	9
gene-AM1_RS22685	NC_009925.1	5053763	5054917	+	1155	12	36	37	83	11	38
gene-AM1_RS22690	NC_009925.1	5055255	5055410	+	156	66	6	102	8	16	1
gene-AM1_RS22695	NC_009925.1	5055728	5056264	+	537	39	49	104	90	44	32
gene-AM1_RS43285	NC_009925.1	5056374	5056976	+	603	33	41	80	44	18	26
gene-AM1_RS22705	NC_009925.1	5057022	5057723	+	702	5	30	45	36	13	10
gene-AM1_RS22710	NC_009925.1	5057780	5058514	+	735	11	19	31	33	7	7
gene-AM1_RS22715	NC_009925.1	5058605	5059375	-	771	5	9	27	20	2	5
gene-AM1_RS22720	NC_009925.1	5059601	5061718	+	2118	30	31	84	61	21	25
gene-AM1_RS22725	NC_009925.1	5061772	5062269	-	498	5	22	37	33	9	16
gene-AM1_RS22730	NC_009925.1	5062408	5062884	+	477	70	63	137	213	35	23
gene-AM1_RS44025	NC_009925.1	5062953	5063087	-	135	13	11	18	14	4	4
gene-AM1_RS22735	NC_009925.1	5063722	5064765	+	1044	30	44	85	70	14	27
gene-AM1_RS22740	NC_009925.1	5064837	5066042	+	1206	146	173	339	460	124	114
gene-AM1_RS22745	NC_009925.1	5066102	5067514	+	1413	69	103	159	156	42	39
gene-AM1_RS22750	NC_009925.1	5067523	5068944	+	1422	194	289	435	300	92	104
gene-AM1_RS37725	NC_009925.1	5069185	5069826	-	642	17	33	50	39	14	7
gene-AM1_RS22760	NC_009925.1	5069866	5070804	-	939	54	65	99	82	47	15
gene-AM1_RS22765	NC_009925.1	5071257	5072288	+	1032	34	42	71	65	12	13
gene-AM1_RS22770	NC_009925.1	5072347	5077269	-	4923	322	429	679	585	240	189
gene-AM1_RS22775	NC_009925.1	5077271	5077702	-	432	12	15	34	28	7	7
gene-AM1_RS22780	NC_009925.1	5077792	5077995	-	204	9	8	16	16	4	3
gene-AM1_RS22785	NC_009925.1	5078111	5079169	+	1059	903	707	1520	1873	643	550
gene-AM1_RS22790	NC_009925.1	5079246	5079626	+	381	78	71	231	214	47	71
gene-AM1_RS22795	NC_009925.1	5079780	5080556	+	777	268	240	756	944	225	254
gene-AM1_RS22800	NC_009925.1	5080585	5082816	+	2232	117	103	341	220	75	68
gene-AM1_RS22805	NC_009925.1	5082941	5084437	-	1497	107	129	310	158	84	59
gene-AM1_RS22810	NC_009925.1	5084760	5085368	+	609	185	131	408	315	123	93
gene-AM1_RS22815	NC_009925.1	5085433	5086935	+	1503	86	47	173	119	50	33
gene-AM1_RS22820	NC_009925.1	5086938	5088200	+	1263	32	27	77	70	15	13
gene-AM1_RS22825	NC_009925.1	5088225	5088908	+	684	30	35	64	62	10	8
gene-AM1_RS22830	NC_009925.1	5089304	5089879	-	576	12	24	72	44	8	8
gene-AM1_RS22835	NC_009925.1	5089943	5090263	-	321	7	11	33	21	8	7
gene-AM1_RS38780	NC_009925.1	5090357	5090557	-	201	1	8	12	14	5	1
gene-AM1_RS22845	NC_009925.1	5091694	5092113	+	420	5	334	1577	325	278	217
gene-AM1_RS22850	NC_009925.1	5092243	5093427	+	1185	37	452	1441	286	242	168
gene-AM1_RS22855	NC_009925.1	5093911	5095005	-	1095	139	89	308	178	95	39
gene-AM1_RS22860	NC_009925.1	5095397	5095894	+	498	25	18	77	57	25	23
gene-AM1_RS22865	NC_009925.1	5096024	5096605	-	582	7	10	37	19	7	6
gene-AM1_RS38785	NC_009925.1	5096973	5097113	+	141	4	1	9	5	1	2
gene-AM1_RS22870	NC_009925.1	5097295	5098743	-	1449	36	37	85	69	21	19
gene-AM1_RS22875	NC_009925.1	5098782	5099498	-	717	33	43	129	91	35	25
gene-AM1_RS22880	NC_009925.1	5099543	5100505	-	963	12	13	36	32	13	7
gene-AM1_RS22885	NC_009925.1	5100514	5100954	-	441	8	3	25	17	7	1
gene-AM1_RS22890	NC_009925.1	5101191	5102111	+	921	30	23	44	55	23	13
gene-AM1_RS22895	NC_009925.1	5102326	5102757	+	432	21	25	66	37	18	10
gene-AM1_RS22900	NC_009925.1	5102766	5104010	+	1245	32	28	72	45	14	17
gene-AM1_RS22905	NC_009925.1	5104030	5105097	+	1068	21	34	59	41	9	11
gene-AM1_RS22910	NC_009925.1	5105319	5105618	+	300	17	12	34	34	19	9
gene-AM1_RS22915	NC_009925.1	5105702	5106604	+	903	43	47	94	63	28	26
gene-AM1_RS37730	NC_009925.1	5106980	5108290	-	1311	92	87	176	117	48	38
gene-AM1_RS42900	NC_009925.1	5108795	5113414	-	4620	244	357	478	374	134	129
gene-AM1_RS22935	NC_009925.1	5113843	5115258	-	1416	73	73	119	102	24	24
gene-AM1_RS39930	NC_009925.1	5115336	5119019	-	3684	84	85	273	209	44	60
gene-AM1_RS22950	NC_009925.1	5119472	5120146	+	675	22	31	58	52	17	19
gene-AM1_RS22955	NC_009925.1	5120194	5121903	+	1710	159	211	352	214	102	89
gene-AM1_RS44460	NC_009925.1	5122226	5122390	-	165	6	10	14	13	0	2
gene-AM1_RS22960	NC_009925.1	5122524	5122706	-	183	3	6	6	13	0	0
gene-AM1_RS22965	NC_009925.1	5124861	5124932	-	72	1645	1733	265	333	320	207
gene-AM1_RS22970	NC_009925.1	5125155	5125547	+	393	18	108	156	681	44	218
gene-AM1_RS22975	NC_009925.1	5125653	5126573	+	921	398	559	746	769	372	403
gene-AM1_RS22980	NC_009925.1	5126573	5127784	+	1212	220	379	474	363	186	155
gene-AM1_RS22985	NC_009925.1	5127788	5128204	-	417	104	202	227	656	90	133
gene-AM1_RS22990	NC_009925.1	5128201	5130534	-	2334	428	1079	736	1524	354	559
gene-AM1_RS22995	NC_009925.1	5130646	5132004	-	1359	572	1273	1200	3171	586	816
gene-AM1_RS23000	NC_009925.1	5132108	5133385	-	1278	247	595	382	741	191	280
gene-AM1_RS39935	NC_009925.1	5133419	5134576	-	1158	142	332	304	515	110	245
gene-AM1_RS23010	NC_009925.1	5134940	5136106	-	1167	51	99	129	294	23	66
gene-AM1_RS23015	NC_009925.1	5136739	5137707	+	969	311	388	405	356	353	222
gene-AM1_RS23020	NC_009925.1	5137741	5138736	+	996	238	347	405	314	192	142
gene-AM1_RS23025	NC_009925.1	5138765	5139517	+	753	282	307	500	659	218	190
gene-AM1_RS23030	NC_009925.1	5139517	5140197	+	681	138	159	273	199	83	81
gene-AM1_RS23035	NC_009925.1	5140220	5140609	-	390	46	43	106	63	36	18
gene-AM1_RS23040	NC_009925.1	5140748	5143015	-	2268	144	279	337	316	128	168
gene-AM1_RS23045	NC_009925.1	5143277	5144281	-	1005	111	164	239	171	102	76
gene-AM1_RS23050	NC_009925.1	5144322	5145296	-	975	158	276	407	288	201	212
gene-AM1_RS23055	NC_009925.1	5145506	5145578	+	73	1468	1711	2654	2466	1564	805
gene-AM1_RS38810	NC_009925.1	5145825	5145971	+	147	11	8	6	4	2	1
gene-AM1_RS23060	NC_009925.1	5146000	5146329	-	330	12	18	41	36	6	11
gene-AM1_RS23065	NC_009925.1	5146622	5147203	+	582	20	25	71	52	16	14
gene-AM1_RS23070	NC_009925.1	5147343	5148398	+	1056	59	63	178	120	34	24
gene-AM1_RS23075	NC_009925.1	5148528	5150342	+	1815	96	71	270	191	72	52
gene-AM1_RS23080	NC_009925.1	5150732	5151460	+	729	284	19	1640	36	443	8
gene-AM1_RS23085	NC_009925.1	5151777	5152214	+	438	119	53	332	95	167	41
gene-AM1_RS23090	NC_009925.1	5152365	5154035	+	1671	65	51	131	47	63	29
gene-AM1_RS23095	NC_009925.1	5154083	5155312	-	1230	19	25	124	64	16	15
gene-AM1_RS23100	NC_009925.1	5155511	5156416	+	906	77	191	201	210	49	66
gene-AM1_RS23105	NC_009925.1	5156490	5156696	-	207	28	131	120	315	14	60
gene-AM1_RS23110	NC_009925.1	5156926	5157777	+	852	40	111	98	130	29	49
gene-AM1_RS23115	NC_009925.1	5157791	5158093	+	303	17	19	69	91	22	26
gene-AM1_RS23120	NC_009925.1	5158124	5159176	+	1053	98	254	223	217	49	74
gene-AM1_RS23125	NC_009925.1	5159253	5159558	+	306	27	51	181	121	39	52
gene-AM1_RS23130	NC_009925.1	5159815	5169744	+	9930	535	709	2018	1710	360	278
gene-AM1_RS23135	NC_009925.1	5169734	5171371	+	1638	70	78	233	195	48	53
gene-AM1_RS23140	NC_009925.1	5171518	5173227	+	1710	176	445	471	755	201	312
gene-AM1_RS23150	NC_009925.1	5174112	5174360	-	249	3	19	23	23	5	5
gene-AM1_RS23155	NC_009925.1	5174586	5174828	+	243	14	13	17	10	3	2
gene-AM1_RS23160	NC_009925.1	5174804	5175633	-	830	22	35	38	29	15	5
gene-AM1_RS39940	NC_009925.1	5176034	5177031	+	998	22	31	68	47	15	12
gene-AM1_RS23180	NC_009925.1	5177282	5179156	-	1875	145	212	446	331	112	155
gene-AM1_RS23185	NC_009925.1	5179606	5180082	+	477	71	105	169	136	45	45
gene-AM1_RS23190	NC_009925.1	5180070	5181983	-	1914	350	365	1043	515	269	179
gene-AM1_RS23195	NC_009925.1	5182141	5183133	+	993	112	187	373	300	84	113
gene-AM1_RS23200	NC_009925.1	5183228	5184862	+	1635	1000	1381	1436	1358	1008	514
gene-AM1_RS23215	NC_009925.1	5186061	5186390	+	330	35	56	81	35	17	17
gene-AM1_RS23220	NC_009925.1	5186502	5187554	+	1053	138	119	65	42	18	8
gene-AM1_RS23225	NC_009925.1	5187556	5189013	-	1458	570	745	832	454	502	226
gene-AM1_RS23230	NC_009925.1	5189118	5189191	-	74	1777	3415	928	611	2076	1112
gene-AM1_RS23235	NC_009925.1	5189285	5189632	-	348	266	1478	1456	2957	337	998
gene-AM1_RS23240	NC_009925.1	5190008	5191123	+	1116	90	222	319	238	101	85
gene-AM1_RS23245	NC_009925.1	5191120	5191797	-	678	133	240	465	369	123	154
gene-AM1_RS23250	NC_009925.1	5192400	5198522	+	6123	286	656	582	810	190	305
gene-AM1_RS23255	NC_009925.1	5198579	5199814	-	1236	81	108	112	83	55	46
gene-AM1_RS23260	NC_009925.1	5199925	5200587	+	663	49	40	190	140	44	53
gene-AM1_RS23265	NC_009925.1	5200584	5201693	-	1110	38	86	68	56	31	15
gene-AM1_RS23270	NC_009925.1	5201697	5202344	-	648	68	163	122	78	50	40
gene-AM1_RS23275	NC_009925.1	5202509	5203210	-	702	635	907	973	647	316	338
gene-AM1_RS23280	NC_009925.1	5203849	5204262	+	414	2299	2510	4748	3235	2831	1604
gene-AM1_RS23285	NC_009925.1	5204259	5204600	-	342	355	483	479	328	272	180
gene-AM1_RS23290	NC_009925.1	5204603	5206147	-	1545	739	2182	942	1153	433	780
gene-AM1_RS23295	NC_009925.1	5206310	5206729	-	420	2480	9291	9637	38720	3270	12578
gene-AM1_RS23300	NC_009925.1	5206849	5208849	-	2001	140	844	273	739	76	351
gene-AM1_RS23305	NC_009925.1	5208973	5209446	+	474	22	41	79	55	19	17
gene-AM1_RS23310	NC_009925.1	5209551	5210705	+	1155	62	84	181	140	48	61
gene-AM1_RS23315	NC_009925.1	5210785	5211975	-	1191	810	881	1702	1419	781	701
gene-AM1_RS23320	NC_009925.1	5212149	5213615	+	1467	162	305	534	313	89	81
gene-AM1_RS23325	NC_009925.1	5213769	5213987	+	219	182	216	405	306	121	83
gene-AM1_RS23330	NC_009925.1	5213989	5214345	-	357	161	269	272	191	110	107
gene-AM1_RS37740	NC_009925.1	5214478	5217213	-	2736	152	194	383	240	142	82
gene-AM1_RS23340	NC_009925.1	5217536	5218879	+	1344	156	129	282	226	161	88
gene-AM1_RS23345	NC_009925.1	5218968	5219309	+	342	22	24	56	31	12	5
gene-AM1_RS44670	NC_009925.1	5219657	5222413	+	2757	197	262	611	501	191	172
gene-AM1_RS23355	NC_009925.1	5222569	5223933	-	1365	555	482	940	1072	347	295
gene-AM1_RS23360	NC_009925.1	5223930	5225369	-	1440	252	313	538	435	203	188
gene-AM1_RS23365	NC_009925.1	5225783	5226454	+	672	65	64	172	99	40	50
gene-AM1_RS23370	NC_009925.1	5226709	5227134	+	426	20	21	34	21	8	3
gene-AM1_RS23375	NC_009925.1	5227250	5228545	+	1296	529	621	593	346	405	203
gene-AM1_RS23380	NC_009925.1	5228550	5228993	-	444	123	82	167	140	104	56
gene-AM1_RS23385	NC_009925.1	5229051	5229929	-	879	116	96	166	131	119	54
gene-AM1_RS23390	NC_009925.1	5229926	5230756	-	831	131	110	172	155	121	69
gene-AM1_RS23395	NC_009925.1	5230768	5232408	-	1641	397	310	392	465	368	244
gene-AM1_RS23400	NC_009925.1	5232753	5233526	-	774	100	55	103	110	29	30
gene-AM1_RS23405	NC_009925.1	5233698	5234930	+	1233	38	38	77	51	16	19
gene-AM1_RS23410	NC_009925.1	5234945	5235265	-	321	5	9	21	59	3	5
gene-AM1_RS23415	NC_009925.1	5235634	5237655	+	2022	51	48	176	125	40	48
gene-AM1_RS23420	NC_009925.1	5237723	5238565	+	843	13	40	89	88	41	32
gene-AM1_RS23425	NC_009925.1	5238571	5239191	+	621	79	100	110	58	36	15
gene-AM1_RS23430	NC_009925.1	5239370	5239978	+	609	16	15	39	28	4	22
gene-AM1_RS23440	NC_009925.1	5240112	5240985	+	874	17	13	57	33	10	5
gene-AM1_RS23445	NC_009925.1	5241022	5242332	-	1311	24	57	95	80	28	20
gene-AM1_RS23455	NC_009925.1	5243555	5244214	-	660	99	65	185	74	68	43
gene-AM1_RS23460	NC_009925.1	5244435	5246186	-	1752	118	164	1419	1097	55	63
gene-AM1_RS23470	NC_009925.1	5246659	5247324	+	666	55	68	123	77	49	24
gene-AM1_RS23475	NC_009925.1	5247376	5248365	-	990	223	269	352	202	136	77
gene-AM1_RS23480	NC_009925.1	5248402	5249469	-	1068	444	545	936	472	422	286
gene-AM1_RS23485	NC_009925.1	5249504	5251411	-	1908	2217	3217	7571	6745	3240	3324
gene-AM1_RS23490	NC_009925.1	5251574	5252131	-	558	47	65	135	41	36	38
gene-AM1_RS23495	NC_009925.1	5252085	5252861	-	777	121	170	323	171	115	55
gene-AM1_RS23500	NC_009925.1	5253072	5254109	-	1038	2999	3218	5500	4050	2218	1800
gene-AM1_RS23505	NC_009925.1	5254248	5255174	-	927	212	276	826	404	180	190
gene-AM1_RS23510	NC_009925.1	5255256	5255648	-	393	71	56	270	68	56	30
gene-AM1_RS23515	NC_009925.1	5255941	5256891	+	951	125	252	236	200	76	104
gene-AM1_RS23520	NC_009925.1	5256932	5258089	+	1158	186	285	318	213	127	84
gene-AM1_RS23525	NC_009925.1	5258105	5258959	+	855	310	210	182	80	60	34
gene-AM1_RS23530	NC_009925.1	5258940	5259245	-	306	445	178	326	158	118	40
gene-AM1_RS23535	NC_009925.1	5259347	5260276	-	930	508	546	428	291	145	86
gene-AM1_RS23540	NC_009925.1	5260342	5260773	-	432	382	446	419	189	101	65
gene-AM1_RS23545	NC_009925.1	5260881	5261246	-	366	1107	1019	1223	1023	385	424
gene-AM1_RS23550	NC_009925.1	5261496	5262233	-	738	326	402	713	482	190	129
gene-AM1_RS23555	NC_009925.1	5262471	5263598	+	1128	112	176	212	191	157	131
gene-AM1_RS23560	NC_009925.1	5263730	5263993	+	264	29	31	71	54	19	16
gene-AM1_RS23565	NC_009925.1	5264070	5264546	+	477	131	146	320	326	99	58
gene-AM1_RS23570	NC_009925.1	5264971	5265549	-	579	405	285	468	256	168	141
gene-AM1_RS23575	NC_009925.1	5265644	5266015	-	372	522	347	1025	687	299	171
gene-AM1_RS23580	NC_009925.1	5266197	5266742	+	546	31	28	60	26	12	11
gene-AM1_RS23585	NC_009925.1	5266847	5267524	+	678	32	120	95	344	25	113
gene-AM1_RS23590	NC_009925.1	5267616	5269301	-	1686	158	326	545	862	198	373
gene-AM1_RS23595	NC_009925.1	5269668	5271335	+	1668	402	210	611	490	226	168
gene-AM1_RS23600	NC_009925.1	5271370	5271840	-	471	53	45	95	55	29	21
gene-AM1_RS23605	NC_009925.1	5272127	5273605	+	1479	37	91	112	114	38	42
gene-AM1_RS23610	NC_009925.1	5273686	5275596	-	1911	178	843	349	1276	107	472
gene-AM1_RS23615	NC_009925.1	5275924	5276295	-	372	3	13	21	22	7	9
gene-AM1_RS23620	NC_009925.1	5276369	5280553	-	4185	164	314	421	744	99	114
gene-AM1_RS23630	NC_009925.1	5281634	5284024	+	2391	147	195	331	360	74	70
gene-AM1_RS23635	NC_009925.1	5284073	5285284	-	1212	99	97	295	197	102	65
gene-AM1_RS23640	NC_009925.1	5285429	5285719	+	291	15	35	56	31	12	17
gene-AM1_RS42290	NC_009925.1	5285829	5286116	-	288	21	28	47	21	9	13
gene-AM1_RS23645	NC_009925.1	5286361	5286657	+	297	8	10	23	12	7	4
gene-AM1_RS23650	NC_009925.1	5286658	5286954	+	297	10	14	42	18	8	5
gene-AM1_RS23655	NC_009925.1	5287154	5287585	+	432	24	19	50	38	10	7
gene-AM1_RS23660	NC_009925.1	5287673	5287945	-	273	43	37	81	80	32	20
gene-AM1_RS23665	NC_009925.1	5288252	5290729	-	2478	116	139	492	348	105	98
gene-AM1_RS23670	NC_009925.1	5290764	5291294	-	531	6	9	24	19	6	3
gene-AM1_RS23675	NC_009925.1	5291336	5294032	-	2697	21	38	100	78	17	12
gene-AM1_RS23680	NC_009925.1	5294187	5296145	-	1959	67	132	202	180	53	40
gene-AM1_RS23685	NC_009925.1	5296266	5296760	-	495	70	90	398	164	110	114
gene-AM1_RS39945	NC_009925.1	5296842	5297940	+	1099	73	110	99	95	32	26
gene-AM1_RS23700	NC_009925.1	5298013	5298828	+	816	17	6	49	37	6	8
gene-AM1_RS23705	NC_009925.1	5299065	5300249	+	1185	128	106	243	147	92	72
gene-AM1_RS23710	NC_009925.1	5300235	5301797	-	1563	118	172	298	127	108	35
gene-AM1_RS23715	NC_009925.1	5302124	5303854	-	1731	706	743	1482	1065	520	279
gene-AM1_RS23720	NC_009925.1	5304194	5305087	+	894	16	22	48	36	13	6
gene-AM1_RS23725	NC_009925.1	5305152	5306051	+	900	12	17	46	47	7	3
gene-AM1_RS23730	NC_009925.1	5306160	5306759	+	600	88	97	267	133	106	60
gene-AM1_RS23735	NC_009925.1	5306840	5307217	+	378	50	25	28	14	11	5
gene-AM1_RS23740	NC_009925.1	5307898	5308632	+	735	391	573	929	352	285	154
gene-AM1_RS23745	NC_009925.1	5308677	5309096	+	420	146	234	183	44	45	17
gene-AM1_RS23750	NC_009925.1	5309414	5310337	+	924	144	256	181	98	84	40
gene-AM1_RS23760	NC_009925.1	5310614	5310916	-	303	27	92	30	79	10	19
gene-AM1_RS23765	NC_009925.1	5311020	5312711	-	1692	242	956	507	1768	202	696
gene-AM1_RS23770	NC_009925.1	5312716	5312979	-	264	3	55	16	93	10	38
gene-AM1_RS23775	NC_009925.1	5313477	5315492	-	2016	297	1229	991	3156	319	807
gene-AM1_RS37745	NC_009925.1	5316220	5317905	-	1686	50	136	156	306	34	89
gene-AM1_RS23785	NC_009925.1	5318330	5319781	+	1452	56	80	272	318	69	94
gene-AM1_RS23790	NC_009925.1	5319968	5321434	+	1467	91	116	197	141	38	42
gene-AM1_RS42295	NC_009925.1	5321443	5321601	-	159	13	12	35	20	2	1
gene-AM1_RS23795	NC_009925.1	5321661	5323553	-	1893	211	338	511	455	147	194
gene-AM1_RS23800	NC_009925.1	5323769	5324104	-	336	46	197	140	292	57	202
gene-AM1_RS23805	NC_009925.1	5324673	5326484	+	1812	617	473	1386	757	600	250
gene-AM1_RS23810	NC_009925.1	5326700	5327170	-	471	32	49	65	52	24	9
gene-AM1_RS23815	NC_009925.1	5327390	5327980	+	591	192	244	465	275	144	108
gene-AM1_RS23820	NC_009925.1	5327989	5328822	+	834	216	337	399	244	155	134
gene-AM1_RS23825	NC_009925.1	5329779	5330585	+	807	113	172	181	208	72	55
gene-AM1_RS23830	NC_009925.1	5330595	5331986	-	1392	153	213	1022	541	273	137
gene-AM1_RS23835	NC_009925.1	5332030	5332788	-	759	494	623	3532	1592	984	464
gene-AM1_RS23840	NC_009925.1	5332906	5333928	-	1023	648	365	2475	597	744	208
gene-AM1_RS23845	NC_009925.1	5334060	5335250	-	1191	175	322	288	177	97	72
gene-AM1_RS23850	NC_009925.1	5335247	5336683	-	1437	248	537	439	321	182	155
gene-AM1_RS42300	NC_009925.1	5337583	5337747	+	165	8	19	50	25	13	9
gene-AM1_RS23855	NC_009925.1	5338008	5338837	-	830	29	28	53	30	9	7
gene-AM1_RS23860	NC_009925.1	5339370	5339555	+	186	4	2	14	16	0	1
gene-AM1_RS37750	NC_009925.1	5340122	5340904	-	783	4	9	56	44	3	5
gene-AM1_RS23870	NC_009925.1	5341004	5341312	-	309	8	7	21	7	2	0
gene-AM1_RS39950	NC_009925.1	5341400	5342498	+	1099	74	131	109	87	33	30
gene-AM1_RS23885	NC_009925.1	5342730	5343671	+	942	32	74	97	65	25	20
gene-AM1_RS23890	NC_009925.1	5343675	5344637	+	963	21	27	40	36	11	4
gene-AM1_RS23895	NC_009925.1	5344641	5345972	+	1332	34	66	50	50	11	7
gene-AM1_RS23900	NC_009925.1	5345969	5348734	+	2766	101	145	180	164	51	44
gene-AM1_RS23905	NC_009925.1	5348780	5350198	-	1419	26	39	70	45	12	15
gene-AM1_RS37755	NC_009925.1	5350419	5350799	+	381	7	15	32	18	5	4
gene-AM1_RS23915	NC_009925.1	5350869	5352032	+	1164	22	37	66	41	13	5
gene-AM1_RS23925	NC_009925.1	5352546	5353856	+	1311	29	43	97	102	23	24
gene-AM1_RS23930	NC_009925.1	5354155	5354984	-	830	26	23	58	41	13	7
gene-AM1_RS23940	NC_009925.1	5355648	5356496	-	849	11	13	41	49	6	4
gene-AM1_RS23945	NC_009925.1	5356633	5357376	-	744	57	61	142	137	32	15
gene-AM1_RS23950	NC_009925.1	5357404	5357949	-	546	0	1	15	12	2	1
gene-AM1_RS23955	NC_009925.1	5358075	5358611	+	537	46	51	119	92	32	42
gene-AM1_RS43300	NC_009925.1	5358721	5359323	+	603	24	34	85	55	30	14
gene-AM1_RS23965	NC_009925.1	5359298	5359981	-	684	18	37	77	50	15	18
gene-AM1_RS23970	NC_009925.1	5360317	5361588	-	1272	12	17	94	68	12	14
gene-AM1_RS42305	NC_009925.1	5362035	5362205	+	171	4	8	13	11	1	0
gene-AM1_RS23975	NC_009925.1	5362305	5362766	-	462	2	1	14	20	1	1
gene-AM1_RS23980	NC_009925.1	5362921	5363664	-	744	6	10	34	42	3	4
gene-AM1_RS23985	NC_009925.1	5364089	5365369	+	1281	95	85	252	193	55	37
gene-AM1_RS23990	NC_009925.1	5365377	5366513	+	1137	67	52	152	80	35	26
gene-AM1_RS23995	NC_009925.1	5366508	5367740	-	1233	37	57	139	107	40	34
gene-AM1_RS24000	NC_009925.1	5367938	5369104	+	1167	12	15	235	107	28	17
gene-AM1_RS24005	NC_009925.1	5369141	5369413	+	273	8	6	45	34	6	4
gene-AM1_RS24010	NC_009925.1	5369410	5369748	-	339	18	26	52	87	8	37
gene-AM1_RS24015	NC_009925.1	5370093	5373323	-	3231	108	146	380	671	58	90
gene-AM1_RS24020	NC_009925.1	5373323	5373601	-	279	16	22	40	84	4	6
gene-AM1_RS24025	NC_009925.1	5374480	5374731	+	252	95	148	1199	238	203	82
gene-AM1_RS24030	NC_009925.1	5374932	5375645	-	714	42	65	301	54	54	19
gene-AM1_RS24035	NC_009925.1	5375711	5376898	+	1188	73	190	348	317	109	319
gene-AM1_RS24040	NC_009925.1	5377048	5378790	+	1743	184	180	496	380	247	165
gene-AM1_RS24045	NC_009925.1	5378852	5379244	-	393	117	59	191	144	123	63
gene-AM1_RS24050	NC_009925.1	5380015	5381604	-	1590	73	79	165	90	45	38
gene-AM1_RS24055	NC_009925.1	5381671	5382726	-	1056	229	105	465	247	145	77
gene-AM1_RS24060	NC_009925.1	5382958	5383425	+	468	4	3	10	7	1	0
gene-AM1_RS24065	NC_009925.1	5383499	5383783	+	285	40	78	123	56	40	33
gene-AM1_RS24070	NC_009925.1	5383812	5384690	-	879	90	64	203	105	71	28
gene-AM1_RS24075	NC_009925.1	5384700	5386418	-	1719	153	188	563	335	170	115
gene-AM1_RS24080	NC_009925.1	5386574	5388160	+	1587	124	108	271	144	114	53
gene-AM1_RS24085	NC_009925.1	5388182	5388901	-	720	220	203	292	230	150	126
gene-AM1_RS24090	NC_009925.1	5389238	5390278	-	1041	57	43	121	109	35	31
gene-AM1_RS24095	NC_009925.1	5390335	5390907	-	573	21	19	59	27	6	5
gene-AM1_RS24100	NC_009925.1	5391771	5392172	-	402	230	87	174	72	87	17
gene-AM1_RS24105	NC_009925.1	5392102	5392518	-	417	5220	1374	5448	1072	2746	398
gene-AM1_RS24110	NC_009925.1	5392528	5393982	-	1455	18157	4823	24480	5726	17210	2473
gene-AM1_RS24115	NC_009925.1	5394191	5395018	-	828	24	29	80	47	22	7
gene-AM1_RS24120	NC_009925.1	5395086	5396045	+	960	83	60	103	71	35	25
gene-AM1_RS24125	NC_009925.1	5396414	5397025	-	612	492	558	911	993	297	536
gene-AM1_RS24130	NC_009925.1	5397348	5398034	+	687	77	74	185	103	49	35
gene-AM1_RS24135	NC_009925.1	5398031	5398906	-	876	23	19	72	34	18	17
gene-AM1_RS24140	NC_009925.1	5399026	5399565	+	540	65	53	75	55	26	20
gene-AM1_RS24145	NC_009925.1	5399620	5400027	+	408	124	141	208	171	59	54
gene-AM1_RS24150	NC_009925.1	5400161	5400373	-	213	3058	1131	2580	2979	747	775
gene-AM1_RS24155	NC_009925.1	5400900	5401952	-	1053	106	106	274	239	89	62
gene-AM1_RS24160	NC_009925.1	5402090	5402530	-	441	53	51	115	78	24	23
gene-AM1_RS24165	NC_009925.1	5402988	5403806	+	819	79	108	124	152	56	37
gene-AM1_RS24170	NC_009925.1	5403932	5404537	+	606	32	41	75	55	14	17
gene-AM1_RS24175	NC_009925.1	5404634	5405146	+	513	6	8	19	24	3	2
gene-AM1_RS24180	NC_009925.1	5405335	5405919	+	585	13	16	48	41	6	14
gene-AM1_RS24185	NC_009925.1	5405963	5406676	-	714	54	17	147	31	29	8
gene-AM1_RS24190	NC_009925.1	5406765	5407232	+	468	60	23	115	20	32	12
gene-AM1_RS24195	NC_009925.1	5407288	5407761	+	474	281	80	790	106	244	26
gene-AM1_RS24200	NC_009925.1	5407829	5409190	-	1362	678	936	890	579	438	297
gene-AM1_RS24205	NC_009925.1	5409261	5409719	-	459	1527	1900	1176	992	677	422
gene-AM1_RS24210	NC_009925.1	5409912	5409993	+	82	1620	1927	265	207	414	211
gene-AM1_RS24215	NC_009925.1	5410007	5410078	+	72	278	311	263	206	232	170
gene-AM1_RS24220	NC_009925.1	5410463	5411200	+	738	220	212	242	251	95	42
gene-AM1_RS24225	NC_009925.1	5412060	5412512	-	453	22	20	62	38	4	11
gene-AM1_RS24230	NC_009925.1	5412953	5413282	-	330	19	26	35	30	27	13
gene-AM1_RS24235	NC_009925.1	5413453	5414064	+	612	146	167	328	207	133	80
gene-AM1_RS24240	NC_009925.1	5414089	5414688	-	600	51	66	59	99	32	41
gene-AM1_RS24245	NC_009925.1	5414777	5416156	-	1380	35	54	91	235	21	53
gene-AM1_RS24250	NC_009925.1	5416268	5417494	-	1227	113	237	218	153	55	40
gene-AM1_RS24255	NC_009925.1	5417536	5419635	-	2100	309	489	893	717	178	245
gene-AM1_RS24260	NC_009925.1	5419865	5420461	-	597	80	106	103	58	28	29
gene-AM1_RS24265	NC_009925.1	5420704	5421678	+	975	155	236	290	176	57	57
gene-AM1_RS24270	NC_009925.1	5421701	5423113	+	1413	188	227	143	94	35	30
gene-AM1_RS24275	NC_009925.1	5423493	5423762	+	270	42	62	74	37	14	16
gene-AM1_RS24280	NC_009925.1	5423762	5424448	+	687	93	126	113	98	55	27
gene-AM1_RS24285	NC_009925.1	5424947	5425543	+	597	3252	3063	10195	12997	3486	3675
gene-AM1_RS24290	NC_009925.1	5425657	5426472	+	816	2115	2564	3517	2578	1184	858
gene-AM1_RS24295	NC_009925.1	5426476	5427951	-	1476	170	156	291	175	94	61
gene-AM1_RS24300	NC_009925.1	5428060	5429418	+	1359	320	285	613	341	160	147
gene-AM1_RS24305	NC_009925.1	5429679	5430020	+	342	552	441	205	228	82	86
gene-AM1_RS24310	NC_009925.1	5430228	5431121	+	894	1053	1393	1224	996	579	524
gene-AM1_RS24315	NC_009925.1	5431173	5431448	+	276	88	104	107	64	39	28
gene-AM1_RS24320	NC_009925.1	5431566	5432684	-	1119	205	186	220	146	115	93
gene-AM1_RS24325	NC_009925.1	5433060	5434220	+	1161	162	182	281	299	97	130
gene-AM1_RS24330	NC_009925.1	5434224	5435513	-	1290	300	377	397	527	161	171
gene-AM1_RS24335	NC_009925.1	5435712	5435969	+	258	101	62	163	68	49	12
gene-AM1_RS24340	NC_009925.1	5436113	5437246	-	1134	636	529	2401	530	1060	133
gene-AM1_RS24345	NC_009925.1	5437296	5438885	-	1590	1756	1646	6402	1246	2889	432
gene-AM1_RS24350	NC_009925.1	5438934	5440832	-	1899	1609	1191	6392	1219	2827	414
gene-AM1_RS24360	NC_009925.1	5441567	5441875	+	309	9759	1411	1629	2884	828	940
gene-AM1_RS24365	NC_009925.1	5441984	5442331	+	348	12386	1454	1407	2581	736	926
gene-AM1_RS24370	NC_009925.1	5442344	5442631	+	288	5692	775	599	872	297	502
gene-AM1_RS24375	NC_009925.1	5442853	5445264	+	2412	37010	5343	4160	9440	2898	3869
gene-AM1_RS24380	NC_009925.1	5445337	5445897	+	561	2372	385	229	337	101	136
gene-AM1_RS24385	NC_009925.1	5445989	5446741	+	753	905	307	640	278	192	155
gene-AM1_RS24390	NC_009925.1	5446911	5448251	+	1341	1218	1459	1474	678	1122	573
gene-AM1_RS24395	NC_009925.1	5448381	5449112	+	732	67	85	137	60	39	26
gene-AM1_RS24400	NC_009925.1	5449117	5450829	-	1713	206	277	672	810	145	139
gene-AM1_RS24405	NC_009925.1	5450804	5452246	-	1443	135	187	413	350	89	70
gene-AM1_RS24410	NC_009925.1	5452356	5453003	-	648	21	17	37	18	5	9
gene-AM1_RS24415	NC_009925.1	5453070	5453735	-	666	41	31	49	46	3	16
gene-AM1_RS24420	NC_009925.1	5453990	5455297	+	1308	75	76	135	123	55	46
gene-AM1_RS41205	NC_009925.1	5455319	5455657	-	339	9	19	42	38	6	3
gene-AM1_RS24430	NC_009925.1	5455862	5457268	+	1407	165	170	175	158	76	42
gene-AM1_RS24435	NC_009925.1	5457421	5458131	-	711	20	30	45	28	6	6
gene-AM1_RS24440	NC_009925.1	5458172	5458705	-	534	9	8	22	11	0	1
gene-AM1_RS39955	NC_009925.1	5459350	5459649	-	300	7	14	26	41	9	8
gene-AM1_RS24450	NC_009925.1	5460054	5460392	-	339	17	35	76	56	12	17
gene-AM1_RS42310	NC_009925.1	5460658	5461218	+	561	1374	1383	4053	3531	2094	1347
gene-AM1_RS24460	NC_009925.1	5461271	5461744	-	474	23	41	42	45	23	14
gene-AM1_RS24465	NC_009925.1	5461974	5462975	+	1002	15	20	37	47	11	5
gene-AM1_RS24470	NC_009925.1	5463053	5463865	+	813	26	24	53	25	11	7
gene-AM1_RS24475	NC_009925.1	5463892	5464416	+	525	123	199	232	111	56	24
gene-AM1_RS24480	NC_009925.1	5464527	5465096	-	570	1099	1341	2603	3090	864	653
gene-AM1_RS24485	NC_009925.1	5465302	5465904	-	603	37	31	69	62	16	10
gene-AM1_RS24490	NC_009925.1	5466084	5466548	+	465	109	97	268	280	55	36
gene-AM1_RS24495	NC_009925.1	5466647	5467273	+	627	86	72	164	99	22	38
gene-AM1_RS41215	NC_009925.1	5467894	5468238	+	345	16	35	48	30	11	11
gene-AM1_RS24505	NC_009925.1	5468694	5469605	+	912	494	363	1961	2134	458	557
gene-AM1_RS24510	NC_009925.1	5469621	5472863	-	3243	683	946	1253	954	651	462
gene-AM1_RS24515	NC_009925.1	5473221	5474147	-	927	184	213	303	161	152	119
gene-AM1_RS24520	NC_009925.1	5474332	5474562	+	231	9	14	23	7	4	2
gene-AM1_RS24525	NC_009925.1	5474604	5475032	-	429	29	39	75	33	12	12
gene-AM1_RS24530	NC_009925.1	5475081	5475728	+	648	78	80	65	46	26	13
gene-AM1_RS24535	NC_009925.1	5475902	5476420	-	519	46	45	74	55	23	14
gene-AM1_RS24540	NC_009925.1	5476654	5477478	-	825	134	194	381	236	74	76
gene-AM1_RS24545	NC_009925.1	5477611	5477880	+	270	924	1026	710	497	339	187
gene-AM1_RS24550	NC_009925.1	5477899	5478519	+	621	2161	2670	2184	1697	1008	850
gene-AM1_RS24555	NC_009925.1	5478530	5479591	+	1062	1325	1952	1353	811	515	514
gene-AM1_RS24560	NC_009925.1	5479613	5480212	+	600	92	124	90	50	34	7
gene-AM1_RS24565	NC_009925.1	5480242	5481330	-	1089	271	58	304	47	189	11
gene-AM1_RS24570	NC_009925.1	5481595	5483631	+	2037	701	577	762	460	352	187
gene-AM1_RS24575	NC_009925.1	5483759	5483956	-	198	45	40	54	54	16	8
gene-AM1_RS24580	NC_009925.1	5484920	5485474	-	555	16	28	48	43	6	15
gene-AM1_RS24585	NC_009925.1	5485714	5486631	-	918	42	58	88	99	26	37
gene-AM1_RS24595	NC_009925.1	5487815	5488738	-	924	233	605	223	250	88	121
gene-AM1_RS41225	NC_009925.1	5488749	5489135	-	387	22	66	51	61	10	24
gene-AM1_RS24600	NC_009925.1	5489368	5490696	-	1329	101	395	187	375	83	116
gene-AM1_RS24605	NC_009925.1	5490806	5493847	-	3042	163	665	277	386	86	130
gene-AM1_RS24615	NC_009925.1	5495030	5495467	-	438	680	314	877	539	448	135
gene-AM1_RS24620	NC_009925.1	5495563	5497905	-	2343	528	721	796	636	253	199
gene-AM1_RS24625	NC_009925.1	5498129	5499055	-	927	33	35	95	53	15	18
gene-AM1_RS24630	NC_009925.1	5499142	5499525	+	384	46	42	87	67	22	25
gene-AM1_RS24635	NC_009925.1	5499542	5500516	-	975	184	224	397	277	154	108
gene-AM1_RS24640	NC_009925.1	5500573	5500926	-	354	72	91	204	124	42	36
gene-AM1_RS24645	NC_009925.1	5501312	5501611	+	300	21	70	84	92	47	66
gene-AM1_RS24650	NC_009925.1	5501626	5501946	+	321	21	44	116	149	48	59
gene-AM1_RS24655	NC_009925.1	5501982	5502254	+	273	28	34	28	49	24	31
gene-AM1_RS24660	NC_009925.1	5502323	5502778	+	456	36	52	85	139	52	52
gene-AM1_RS24665	NC_009925.1	5502796	5504262	-	1467	83	99	172	162	99	58
gene-AM1_RS24670	NC_009925.1	5504340	5505878	-	1539	35	49	95	93	31	30
gene-AM1_RS24675	NC_009925.1	5506056	5507732	+	1677	514	507	1408	1024	567	398
gene-AM1_RS24680	NC_009925.1	5507845	5508831	+	987	39	36	55	63	20	14
gene-AM1_RS39965	NC_009925.1	5508886	5509730	-	845	40	42	46	28	11	6
gene-AM1_RS24695	NC_009925.1	5509740	5511011	-	1272	14	9	69	64	19	21
gene-AM1_RS42910	NC_009925.1	5511118	5512089	+	972	9	7	29	17	5	1
gene-AM1_RS42915	NC_009925.1	5512062	5513324	+	1263	7	9	27	35	5	5
gene-AM1_RS24705	NC_009925.1	5513377	5513808	+	432	7	7	20	12	6	1
gene-AM1_RS24710	NC_009925.1	5514110	5514787	-	678	83	109	189	103	42	22
gene-AM1_RS24715	NC_009925.1	5514863	5516416	-	1554	260	259	406	263	207	116
gene-AM1_RS24720	NC_009925.1	5516611	5516946	-	336	19	34	37	26	9	18
gene-AM1_RS24725	NC_009925.1	5517272	5518666	-	1395	33	53	102	64	15	26
gene-AM1_RS24730	NC_009925.1	5519076	5520173	+	1098	44	250	107	180	24	59
gene-AM1_RS24735	NC_009925.1	5520139	5521467	-	1329	116	176	139	95	58	24
gene-AM1_RS24740	NC_009925.1	5521553	5521633	-	81	2392	3043	4562	4701	2865	1782
gene-AM1_RS24750	NC_009925.1	5522684	5523616	-	933	51	104	166	113	41	25
gene-AM1_RS24755	NC_009925.1	5523824	5524960	-	1137	44	66	90	55	21	22
gene-AM1_RS24760	NC_009925.1	5525275	5526123	-	849	12	14	38	29	2	4
gene-AM1_RS24765	NC_009925.1	5526150	5529776	-	3627	84	120	306	231	62	56
gene-AM1_RS42325	NC_009925.1	5529787	5529942	+	156	0	0	1	1	0	1
gene-AM1_RS24770	NC_009925.1	5530092	5530928	+	837	13	14	28	23	5	5
gene-AM1_RS24775	NC_009925.1	5531050	5531823	+	774	42	48	151	88	37	17
gene-AM1_RS24780	NC_009925.1	5531853	5532476	-	624	44	65	150	144	28	47
gene-AM1_RS42330	NC_009925.1	5532507	5532659	+	153	1	1	11	3	1	2
gene-AM1_RS24785	NC_009925.1	5532756	5532953	+	198	2	5	18	7	0	2
gene-AM1_RS24790	NC_009925.1	5533089	5533274	+	186	4	4	21	18	3	1
gene-AM1_RS24795	NC_009925.1	5533690	5535105	+	1416	83	151	261	164	105	91
gene-AM1_RS24800	NC_009925.1	5535287	5536585	+	1299	331	728	593	1001	293	521
gene-AM1_RS24805	NC_009925.1	5536574	5538100	-	1527	138	198	269	251	125	97
gene-AM1_RS24810	NC_009925.1	5538246	5539457	-	1212	45	60	99	72	34	43
gene-AM1_RS24815	NC_009925.1	5539650	5540456	+	807	288	418	1159	1750	376	865
gene-AM1_RS24820	NC_009925.1	5540510	5541562	-	1053	753	480	1163	1170	447	442
gene-AM1_RS24825	NC_009925.1	5541672	5541869	+	198	4	6	22	12	2	4
gene-AM1_RS24830	NC_009925.1	5541872	5542522	+	651	21	20	59	58	20	23
gene-AM1_RS24835	NC_009925.1	5542539	5543606	+	1068	13	7	65	50	14	13
gene-AM1_RS24840	NC_009925.1	5543652	5544035	+	384	9	17	45	29	12	8
gene-AM1_RS24845	NC_009925.1	5544151	5544786	-	636	19	24	76	53	25	21
gene-AM1_RS24850	NC_009925.1	5544938	5546248	+	1311	55	69	141	120	37	41
gene-AM1_RS24855	NC_009925.1	5546356	5546694	-	339	10	42	33	34	4	8
gene-AM1_RS24860	NC_009925.1	5546865	5547638	+	774	199	321	1088	610	197	192
gene-AM1_RS24865	NC_009925.1	5547781	5548416	-	636	686	8047	1046	6825	719	2627
gene-AM1_RS24870	NC_009925.1	5548660	5549163	-	504	80	147	202	125	70	59
gene-AM1_RS24875	NC_009925.1	5549160	5549717	-	558	195	305	616	372	152	116
gene-AM1_RS24880	NC_009925.1	5549978	5550244	-	267	1322	1632	3456	3327	959	850
gene-AM1_RS24885	NC_009925.1	5550584	5552326	+	1743	204	315	615	449	237	167
gene-AM1_RS24890	NC_009925.1	5552461	5552784	-	324	106	135	260	290	53	61
gene-AM1_RS24900	NC_009925.1	5554491	5555036	-	546	138	210	330	217	114	79
gene-AM1_RS24905	NC_009925.1	5555094	5555891	-	798	292	254	742	381	266	162
gene-AM1_RS24910	NC_009925.1	5556198	5556926	+	729	120	227	433	198	179	147
gene-AM1_RS24915	NC_009925.1	5556913	5557461	+	549	290	492	691	699	430	269
gene-AM1_RS24920	NC_009925.1	5557463	5558593	+	1131	355	487	455	296	292	144
gene-AM1_RS24925	NC_009925.1	5558642	5560075	+	1434	76	144	148	73	62	26
gene-AM1_RS24930	NC_009925.1	5560085	5561644	-	1560	378	322	757	311	318	126
gene-AM1_RS24935	NC_009925.1	5561736	5561876	-	141	120	51	635	153	129	31
gene-AM1_RS24940	NC_009925.1	5561953	5562168	+	216	5030	4368	25276	9124	4192	2439
gene-AM1_RS24945	NC_009925.1	5562351	5562671	+	321	141	124	352	215	112	76
gene-AM1_RS24950	NC_009925.1	5562672	5563292	+	621	166	204	281	154	102	53
gene-AM1_RS24955	NC_009925.1	5563740	5564039	+	300	13819	2116	14797	6888	8173	1305
gene-AM1_RS24960	NC_009925.1	5564173	5565168	+	996	238	143	279	182	151	67
gene-AM1_RS37775	NC_009925.1	5565304	5565936	+	633	88	74	136	65	34	23
gene-AM1_RS24970	NC_009925.1	5565933	5566316	-	384	37	29	70	42	13	11
gene-AM1_RS24975	NC_009925.1	5566465	5567415	-	951	70	72	170	127	46	33
gene-AM1_RS24980	NC_009925.1	5567731	5569737	-	2007	8394	9622	11618	10216	7487	4697
gene-AM1_RS24985	NC_009925.1	5569884	5571137	-	1254	3181	4006	5777	3998	2573	1690
gene-AM1_RS24990	NC_009925.1	5571221	5571466	-	246	848	995	1792	1063	645	320
gene-AM1_RS24995	NC_009925.1	5571715	5572665	-	951	42	61	169	107	60	81
gene-AM1_RS25000	NC_009925.1	5572829	5573737	+	909	121	438	265	634	96	268
gene-AM1_RS25005	NC_009925.1	5573934	5575499	+	1566	85	253	260	380	58	108
gene-AM1_RS25010	NC_009925.1	5575534	5577678	-	2145	371	515	679	497	207	178
gene-AM1_RS25015	NC_009925.1	5577955	5579961	-	2007	247	304	705	451	223	144
gene-AM1_RS25020	NC_009925.1	5580181	5580561	+	381	17	100	42	45	14	16
gene-AM1_RS25025	NC_009925.1	5580648	5582132	-	1485	567	2153	1088	2660	464	987
gene-AM1_RS25030	NC_009925.1	5582753	5583595	+	843	28	186	133	828	23	306
gene-AM1_RS25040	NC_009925.1	5584934	5585455	+	522	115	212	408	606	114	139
gene-AM1_RS25045	NC_009925.1	5585853	5586077	+	225	54	104	102	103	13	35
gene-AM1_RS25050	NC_009925.1	5586390	5587208	+	819	168	210	310	221	118	49
gene-AM1_RS25055	NC_009925.1	5587253	5588572	-	1320	199	512	565	593	236	295
gene-AM1_RS25060	NC_009925.1	5588625	5589302	-	678	224	593	537	579	223	254
gene-AM1_RS37780	NC_009925.1	5589449	5590708	-	1260	533	139	1836	1002	1562	442
gene-AM1_RS25070	NC_009925.1	5590990	5591283	-	294	194	67	673	370	641	189
gene-AM1_RS25075	NC_009925.1	5591462	5592406	-	945	80	180	199	125	56	61
gene-AM1_RS25080	NC_009925.1	5592540	5594393	+	1854	542	745	785	554	240	229
gene-AM1_RS25085	NC_009925.1	5594485	5595795	-	1311	189	320	528	375	174	122
gene-AM1_RS25090	NC_009925.1	5595892	5597055	-	1164	324	443	568	356	208	159
gene-AM1_RS25095	NC_009925.1	5597233	5598363	-	1131	158	217	311	241	138	77
gene-AM1_RS25100	NC_009925.1	5598428	5599672	-	1245	159	300	293	184	87	90
gene-AM1_RS25105	NC_009925.1	5599688	5600824	-	1137	276	388	512	398	218	186
gene-AM1_RS25110	NC_009925.1	5600981	5603626	-	2646	549	649	964	808	403	288
gene-AM1_RS25115	NC_009925.1	5603781	5604608	+	828	102	91	285	216	112	122
gene-AM1_RS25120	NC_009925.1	5604842	5605177	+	336	733	221	1259	252	678	96
gene-AM1_RS25125	NC_009925.1	5605343	5606716	-	1374	848	1009	1668	1991	710	706
gene-AM1_RS25130	NC_009925.1	5607521	5608018	+	498	132	263	116	108	57	44
gene-AM1_RS25135	NC_009925.1	5608166	5609161	-	996	2509	3388	2799	2032	1807	871
gene-AM1_RS25140	NC_009925.1	5609413	5609592	-	180	826	1126	1866	1605	578	377
gene-AM1_RS25145	NC_009925.1	5609853	5610113	-	261	1000	1580	1645	1388	832	557
gene-AM1_RS25150	NC_009925.1	5610424	5611491	+	1068	278	332	506	304	172	119
gene-AM1_RS25155	NC_009925.1	5611508	5612218	-	711	301	244	908	410	408	80
gene-AM1_RS25160	NC_009925.1	5612545	5613012	-	468	399	558	597	289	287	129
gene-AM1_RS25165	NC_009925.1	5613037	5614977	-	1941	1092	1351	2553	3816	671	941
gene-AM1_RS25170	NC_009925.1	5615108	5615644	-	537	230	107	130	90	35	27
gene-AM1_RS25175	NC_009925.1	5616138	5620115	+	3978	3747	6152	8264	8672	3741	2574
gene-AM1_RS25180	NC_009925.1	5620462	5620842	+	381	41	73	51	36	16	7
gene-AM1_RS25185	NC_009925.1	5621528	5623450	+	1923	97	245	264	216	64	59
gene-AM1_RS25190	NC_009925.1	5623434	5624852	-	1419	28	51	112	84	18	25
gene-AM1_RS25195	NC_009925.1	5625069	5627711	-	2643	83	293	308	642	79	192
gene-AM1_RS25200	NC_009925.1	5627969	5629228	+	1260	1034	2512	3097	3462	1003	1995
gene-AM1_RS25205	NC_009925.1	5629225	5629983	-	759	152	358	200	193	78	66
gene-AM1_RS25210	NC_009925.1	5629986	5630453	-	468	375	637	607	918	274	341
gene-AM1_RS25215	NC_009925.1	5631063	5632076	+	1014	1627	754	3581	1753	1410	568
gene-AM1_RS25220	NC_009925.1	5632089	5632349	+	261	104	56	269	87	81	30
gene-AM1_RS25225	NC_009925.1	5632358	5633335	+	978	991	756	1257	544	444	238
gene-AM1_RS25230	NC_009925.1	5633346	5634338	+	993	506	614	656	337	274	133
gene-AM1_RS25235	NC_009925.1	5634339	5635691	-	1353	627	849	1960	1520	494	491
gene-AM1_RS25240	NC_009925.1	5636173	5637675	+	1503	13612	11720	29040	18456	17523	14659
gene-AM1_RS25245	NC_009925.1	5637846	5637919	+	74	505	659	781	485	408	264
gene-AM1_RS25250	NC_009925.1	5637934	5638009	+	76	457	556	781	417	205	105
gene-AM1_RS25255	NC_009925.1	5638207	5641084	+	2878	35965	35467	300483	195925	55537	39475
gene-AM1_RS25260	NC_009925.1	5641150	5641266	+	117	226	248	2188	1586	366	301
gene-AM1_RS25265	NC_009925.1	5641403	5642323	+	921	960	1486	748	482	422	198
gene-AM1_RS25270	NC_009925.1	5642324	5643928	+	1605	591	1476	862	637	281	200
gene-AM1_RS25275	NC_009925.1	5644034	5644921	-	888	261	846	301	363	99	201
gene-AM1_RS25280	NC_009925.1	5645595	5646791	-	1197	209	230	318	199	117	58
gene-AM1_RS25285	NC_009925.1	5646844	5648529	-	1686	165	220	252	193	69	44
gene-AM1_RS25290	NC_009925.1	5648594	5649055	-	462	263	344	351	249	158	141
gene-AM1_RS25295	NC_009925.1	5649251	5651461	+	2211	104	150	283	218	99	86
gene-AM1_RS25300	NC_009925.1	5651544	5651861	+	318	224	273	296	185	126	121
gene-AM1_RS43305	NC_009925.1	5652425	5652778	+	354	48	78	61	23	16	9
gene-AM1_RS43310	NC_009925.1	5652738	5653334	+	597	16	26	48	25	6	5
gene-AM1_RS25320	NC_009925.1	5653963	5656614	+	2652	280	309	675	495	264	216
gene-AM1_RS25325	NC_009925.1	5656722	5657465	+	744	28	27	54	18	10	14
gene-AM1_RS42335	NC_009925.1	5657656	5657820	+	165	74	85	237	311	74	53
gene-AM1_RS25330	NC_009925.1	5657810	5660152	+	2343	241	374	688	463	219	227
gene-AM1_RS25335	NC_009925.1	5660228	5661181	+	954	11	17	48	31	5	3
gene-AM1_RS42340	NC_009925.1	5661195	5661620	+	426	15	15	27	29	12	7
gene-AM1_RS25340	NC_009925.1	5661786	5662916	-	1131	368	65	631	138	250	30
gene-AM1_RS25345	NC_009925.1	5662919	5665537	-	2619	1806	267	1998	356	968	132
gene-AM1_RS25350	NC_009925.1	5665537	5666286	-	750	174	31	290	35	150	10
gene-AM1_RS25355	NC_009925.1	5667105	5668358	+	1254	56	76	130	129	48	31
gene-AM1_RS25360	NC_009925.1	5668538	5669539	+	1002	165	322	213	246	128	112
gene-AM1_RS25365	NC_009925.1	5669536	5670345	-	810	998	1264	1265	663	635	289
gene-AM1_RS25370	NC_009925.1	5670477	5672207	-	1731	714	731	1294	592	604	299
gene-AM1_RS25375	NC_009925.1	5672207	5672524	-	318	177	115	488	247	187	79
gene-AM1_RS25380	NC_009925.1	5672865	5673146	+	282	135	154	302	231	59	56
gene-AM1_RS25385	NC_009925.1	5673297	5673665	-	369	12	34	34	33	10	16
gene-AM1_RS25390	NC_009925.1	5673774	5674151	-	378	6	29	26	56	7	50
gene-AM1_RS25395	NC_009925.1	5674298	5675629	-	1332	95	126	257	179	54	75
gene-AM1_RS44295	NC_009925.1	5675782	5676069	+	288	6	6	9	3	2	1
gene-AM1_RS25405	NC_009925.1	5676244	5676570	+	327	5	4	21	10	5	2
gene-AM1_RS25410	NC_009925.1	5676742	5677866	+	1125	54	83	150	140	55	53
gene-AM1_RS25415	NC_009925.1	5677997	5678326	+	330	87	99	213	193	56	63
gene-AM1_RS25420	NC_009925.1	5678335	5680050	+	1716	135	246	271	228	115	80
gene-AM1_RS25425	NC_009925.1	5680147	5681085	+	939	90	141	310	160	129	98
gene-AM1_RS25430	NC_009925.1	5681118	5682464	+	1347	110	149	203	130	72	32
gene-AM1_RS25435	NC_009925.1	5682853	5684637	+	1785	281	682	821	1255	232	374
gene-AM1_RS25440	NC_009925.1	5684804	5685835	+	1032	226	282	529	339	222	133
gene-AM1_RS25445	NC_009925.1	5685891	5686541	-	651	75	204	108	90	44	38
gene-AM1_RS25450	NC_009925.1	5686526	5686984	-	459	39	159	58	39	13	22
gene-AM1_RS25455	NC_009925.1	5687339	5689252	+	1914	126	323	245	642	101	299
gene-AM1_RS25460	NC_009925.1	5689290	5690447	-	1158	469	382	888	504	353	234
gene-AM1_RS25465	NC_009925.1	5690559	5691335	-	777	600	464	1009	652	409	221
gene-AM1_RS25470	NC_009925.1	5691631	5692815	+	1185	692	101	2306	184	1020	63
gene-AM1_RS25475	NC_009925.1	5692884	5693627	+	744	224	215	399	195	211	128
gene-AM1_RS25480	NC_009925.1	5693842	5694819	+	978	686	416	1204	404	537	199
gene-AM1_RS25485	NC_009925.1	5695038	5695763	+	726	560	379	725	181	347	59
gene-AM1_RS25490	NC_009925.1	5695870	5696523	+	654	675	369	733	226	562	73
gene-AM1_RS25495	NC_009925.1	5696630	5697085	+	456	159	206	169	295	100	87
gene-AM1_RS25500	NC_009925.1	5697101	5698378	-	1278	109	177	235	265	80	78
gene-AM1_RS25505	NC_009925.1	5698390	5700807	-	2418	70	114	261	191	75	72
gene-AM1_RS41245	NC_009925.1	5701019	5701201	+	183	1	3	7	3	2	0
gene-AM1_RS25510	NC_009925.1	5701215	5701409	+	195	5	10	31	18	8	6
gene-AM1_RS25515	NC_009925.1	5701520	5702326	+	807	59	54	145	115	49	52
gene-AM1_RS25520	NC_009925.1	5702379	5708657	+	6279	142	174	499	316	130	99
gene-AM1_RS25525	NC_009925.1	5708680	5709717	-	1038	101	89	178	102	70	49
gene-AM1_RS25530	NC_009925.1	5709926	5710564	+	639	36	78	101	84	18	9
gene-AM1_RS25535	NC_009925.1	5710852	5711379	+	528	46	43	90	70	28	17
gene-AM1_RS25540	NC_009925.1	5711590	5715795	+	4206	85	123	279	256	49	35
gene-AM1_RS25545	NC_009925.1	5716226	5716807	+	582	34	18	42	48	16	5
gene-AM1_RS43315	NC_009925.1	5716782	5717384	-	603	33	44	88	57	16	17
gene-AM1_RS25555	NC_009925.1	5717494	5718030	-	537	34	53	106	122	42	38
gene-AM1_RS39980	NC_009925.1	5719174	5719879	-	706	34	28	76	49	13	12
gene-AM1_RS25570	NC_009925.1	5719904	5720209	+	306	3	0	10	6	0	2
gene-AM1_RS25575	NC_009925.1	5720351	5720944	+	594	1699	718	1042	1690	404	243
gene-AM1_RS25580	NC_009925.1	5721194	5722612	+	1419	30	36	71	51	22	12
gene-AM1_RS25585	NC_009925.1	5722619	5723656	-	1038	34	51	62	54	19	10
gene-AM1_RS25590	NC_009925.1	5723712	5724389	-	678	29	39	41	43	11	12
gene-AM1_RS25595	NC_009925.1	5724527	5725243	-	717	89	145	151	68	62	39
gene-AM1_RS25600	NC_009925.1	5725233	5725523	-	291	26	33	65	46	41	15
gene-AM1_RS25605	NC_009925.1	5725710	5727182	-	1473	198	335	475	419	199	141
gene-AM1_RS25610	NC_009925.1	5727341	5728072	+	732	1232	1283	2642	2168	1352	566
gene-AM1_RS25615	NC_009925.1	5728150	5728932	-	783	7	25	31	36	9	8
gene-AM1_RS25620	NC_009925.1	5728982	5729986	+	1005	60	55	215	194	67	75
gene-AM1_RS25625	NC_009925.1	5730109	5732637	+	2529	115	181	479	489	116	171
gene-AM1_RS37785	NC_009925.1	5732948	5735452	+	2505	38	75	139	236	28	49
gene-AM1_RS42345	NC_009925.1	5735497	5735643	-	147	15	17	53	41	6	6
gene-AM1_RS25635	NC_009925.1	5736156	5736947	-	792	16	18	91	42	14	8
gene-AM1_RS25640	NC_009925.1	5737101	5737622	+	522	471	111	1314	136	577	72
gene-AM1_RS25645	NC_009925.1	5737631	5738257	+	627	675	165	1763	208	922	80
gene-AM1_RS25650	NC_009925.1	5738261	5739130	-	870	724	144	1490	372	711	119
gene-AM1_RS25655	NC_009925.1	5739260	5739913	-	654	13	36	46	33	13	17
gene-AM1_RS41250	NC_009925.1	5740534	5741241	+	708	11	30	43	38	8	35
gene-AM1_RS25670	NC_009925.1	5741282	5742418	+	1137	14	71	41	106	9	58
gene-AM1_RS25675	NC_009925.1	5742457	5743551	+	1095	27	64	73	85	15	36
gene-AM1_RS25680	NC_009925.1	5743964	5745274	-	1311	42	74	114	102	37	25
gene-AM1_RS25685	NC_009925.1	5745348	5746403	-	1056	140	166	375	260	101	98
gene-AM1_RS25690	NC_009925.1	5746686	5746973	-	288	23	40	41	32	12	9
gene-AM1_RS39985	NC_009925.1	5747213	5748057	+	845	60	60	107	72	21	10
gene-AM1_RS38865	NC_009925.1	5748136	5748543	-	408	16	12	32	11	8	6
gene-AM1_RS25705	NC_009925.1	5748652	5749008	-	357	8	13	37	25	4	7
gene-AM1_RS25710	NC_009925.1	5749493	5750830	+	1338	67	85	118	95	31	22
gene-AM1_RS25715	NC_009925.1	5750849	5753824	+	2976	139	187	336	329	104	130
gene-AM1_RS25720	NC_009925.1	5753934	5756414	-	2481	89	104	259	210	72	59
gene-AM1_RS25725	NC_009925.1	5756540	5757352	+	813	44	43	110	69	45	26
gene-AM1_RS25730	NC_009925.1	5757342	5758640	+	1299	143	146	224	135	131	50
gene-AM1_RS25735	NC_009925.1	5758727	5759845	+	1119	353	320	634	283	267	142
gene-AM1_RS25740	NC_009925.1	5760122	5762134	+	2013	927	852	1772	1295	798	570
gene-AM1_RS25745	NC_009925.1	5762184	5763128	+	945	107	109	289	184	87	69
gene-AM1_RS25750	NC_009925.1	5763163	5764317	-	1155	213	229	271	192	150	141
gene-AM1_RS25755	NC_009925.1	5764495	5764947	+	453	201	154	576	638	175	340
gene-AM1_RS25760	NC_009925.1	5764969	5766429	-	1461	109	76	296	209	95	99
gene-AM1_RS37790	NC_009925.1	5766624	5768519	+	1896	49	46	117	115	24	35
gene-AM1_RS25770	NC_009925.1	5768537	5769664	-	1128	32	42	81	64	32	28
gene-AM1_RS37795	NC_009925.1	5769789	5771714	-	1926	300	322	859	536	328	270
gene-AM1_RS25780	NC_009925.1	5771919	5773922	-	2004	86	91	248	127	93	57
gene-AM1_RS25785	NC_009925.1	5774047	5774802	+	756	113	127	77	28	64	35
gene-AM1_RS25790	NC_009925.1	5774799	5776055	-	1257	3590	3072	4655	3582	3308	2436
gene-AM1_RS25795	NC_009925.1	5776196	5776936	-	741	21	16	36	26	7	6
gene-AM1_RS25800	NC_009925.1	5777441	5781397	+	3957	60	45	196	191	31	32
gene-AM1_RS25805	NC_009925.1	5781453	5782058	+	606	25	36	61	43	25	12
gene-AM1_RS25810	NC_009925.1	5782102	5782689	-	588	17	17	32	25	5	5
gene-AM1_RS25815	NC_009925.1	5782832	5783425	-	594	1	6	21	18	3	3
gene-AM1_RS25820	NC_009925.1	5784058	5784684	+	627	51	182	141	283	22	78
gene-AM1_RS25825	NC_009925.1	5784876	5786180	+	1305	21	25	53	66	13	11
gene-AM1_RS25830	NC_009925.1	5786871	5790131	+	3261	14	25	81	98	4	2
gene-AM1_RS25835	NC_009925.1	5790136	5791209	-	1074	9	19	31	39	9	2
gene-AM1_RS25840	NC_009925.1	5791325	5792206	-	882	22	42	68	46	14	11
gene-AM1_RS25845	NC_009925.1	5792245	5793153	-	909	37	33	59	44	15	9
gene-AM1_RS25850	NC_009925.1	5793186	5794415	-	1230	38	57	70	56	24	8
gene-AM1_RS25855	NC_009925.1	5794495	5795379	-	885	41	42	76	76	30	21
gene-AM1_RS25860	NC_009925.1	5795429	5796325	-	897	25	27	43	22	13	8
gene-AM1_RS25865	NC_009925.1	5796385	5797608	-	1224	63	84	131	115	54	25
gene-AM1_RS25870	NC_009925.1	5797671	5798579	-	909	21	21	36	17	10	4
gene-AM1_RS25875	NC_009925.1	5798828	5800669	-	1842	52	62	104	85	20	20
gene-AM1_RS25880	NC_009925.1	5800679	5801662	-	984	9	28	34	29	6	5
gene-AM1_RS25885	NC_009925.1	5801838	5802386	-	549	11	22	52	40	14	4
gene-AM1_RS25890	NC_009925.1	5802410	5803321	-	912	11	30	35	34	13	12
gene-AM1_RS39990	NC_009925.1	5803363	5803941	-	579	5	11	10	7	3	3
gene-AM1_RS39995	NC_009925.1	5803893	5804726	-	834	12	19	17	19	9	5
gene-AM1_RS25900	NC_009925.1	5804760	5806883	-	2124	63	71	116	67	29	22
gene-AM1_RS25905	NC_009925.1	5807054	5808235	-	1182	43	56	91	44	21	24
gene-AM1_RS25910	NC_009925.1	5808602	5809831	-	1230	102	72	125	62	23	16
gene-AM1_RS25915	NC_009925.1	5810477	5811361	+	885	25	17	63	38	19	15
gene-AM1_RS25920	NC_009925.1	5811440	5812717	+	1278	140	150	573	347	123	133
gene-AM1_RS42350	NC_009925.1	5812755	5812928	-	174	29	34	786	427	19	8
gene-AM1_RS25925	NC_009925.1	5813036	5814136	-	1101	294	307	338	265	232	109
gene-AM1_RS25930	NC_009925.1	5814133	5815305	-	1173	125	172	204	121	117	66
gene-AM1_RS25935	NC_009925.1	5815744	5818218	-	2475	444	814	1399	1864	649	840
gene-AM1_RS37805	NC_009925.1	5818313	5818693	+	381	47	47	112	72	21	26
gene-AM1_RS25945	NC_009925.1	5818755	5819177	-	423	227	404	798	610	132	201
gene-AM1_RS25950	NC_009925.1	5819288	5819863	-	576	14	11	73	41	11	8
gene-AM1_RS25955	NC_009925.1	5820023	5820946	+	924	297	352	543	326	240	139
gene-AM1_RS25960	NC_009925.1	5821006	5821332	-	327	111	148	317	228	94	93
gene-AM1_RS25965	NC_009925.1	5821362	5821760	-	399	232	286	882	1091	220	279
gene-AM1_RS25970	NC_009925.1	5822131	5823900	-	1770	533	1157	1230	1465	464	832
gene-AM1_RS25975	NC_009925.1	5824017	5824382	-	366	351	337	948	892	391	294
gene-AM1_RS25980	NC_009925.1	5824756	5825442	+	687	191	216	353	234	81	114
gene-AM1_RS25985	NC_009925.1	5825846	5827009	+	1164	591	819	1245	882	409	374
gene-AM1_RS25990	NC_009925.1	5827105	5828190	+	1086	624	693	1369	1525	513	416
gene-AM1_RS25995	NC_009925.1	5828257	5828892	+	636	145	182	243	152	73	72
gene-AM1_RS26000	NC_009925.1	5828931	5829914	+	984	87	120	263	162	59	40
gene-AM1_RS26005	NC_009925.1	5829911	5830699	+	789	77	83	177	113	50	30
gene-AM1_RS26010	NC_009925.1	5830704	5831750	-	1047	50	123	264	315	75	103
gene-AM1_RS26015	NC_009925.1	5831970	5834219	+	2250	695	608	898	570	425	224
gene-AM1_RS26020	NC_009925.1	5834462	5836501	-	2040	878	1073	1860	1681	797	648
gene-AM1_RS26025	NC_009925.1	5836569	5837180	+	612	115	150	257	125	73	54
gene-AM1_RS26030	NC_009925.1	5837441	5838487	+	1047	7900	8112	17782	11222	7973	4508
gene-AM1_RS26035	NC_009925.1	5838559	5839860	+	1302	4258	4480	9342	7380	3661	2300
gene-AM1_RS26040	NC_009925.1	5839857	5840597	-	741	258	312	583	311	196	97
gene-AM1_RS26045	NC_009925.1	5841025	5842383	+	1359	102	174	262	358	93	115
gene-AM1_RS26050	NC_009925.1	5842516	5843529	+	1014	196	304	359	813	190	156
gene-AM1_RS26055	NC_009925.1	5843526	5844671	+	1146	126	171	194	358	94	86
gene-AM1_RS26060	NC_009925.1	5844675	5846558	+	1884	113	230	220	291	94	68
gene-AM1_RS26065	NC_009925.1	5846558	5847595	+	1038	41	77	97	101	34	18
gene-AM1_RS37810	NC_009925.1	5847599	5848276	+	678	37	57	49	45	20	14
gene-AM1_RS26075	NC_009925.1	5848278	5849654	+	1377	56	139	98	120	40	30
gene-AM1_RS37815	NC_009925.1	5849693	5850007	+	315	13	21	14	25	5	4
gene-AM1_RS37820	NC_009925.1	5850193	5851005	+	813	39	74	66	90	36	29
gene-AM1_RS26085	NC_009925.1	5851005	5852438	+	1434	58	105	82	97	35	17
gene-AM1_RS26090	NC_009925.1	5852425	5853303	+	879	35	59	59	85	4	25
gene-AM1_RS26095	NC_009925.1	5853361	5854452	+	1092	97	234	178	302	36	95
gene-AM1_RS26100	NC_009925.1	5854797	5855963	+	1167	18	66	25	95	14	23
gene-AM1_RS37825	NC_009925.1	5855998	5856945	+	948	55	188	84	217	47	46
gene-AM1_RS26110	NC_009925.1	5856964	5857845	+	882	71	174	111	244	38	48
gene-AM1_RS26115	NC_009925.1	5857984	5858919	-	936	70	208	97	140	32	40
gene-AM1_RS26120	NC_009925.1	5859383	5859727	+	345	151	228	356	318	136	121
gene-AM1_RS26125	NC_009925.1	5859814	5861388	+	1575	380	741	779	612	428	283
gene-AM1_RS26130	NC_009925.1	5861401	5862777	-	1377	188	222	597	447	146	99
gene-AM1_RS26135	NC_009925.1	5862914	5863834	+	921	55	52	121	75	54	24
gene-AM1_RS26140	NC_009925.1	5863975	5864919	+	945	47	51	115	64	52	28
gene-AM1_RS26145	NC_009925.1	5864935	5866314	-	1380	26	46	64	53	22	21
gene-AM1_RS26150	NC_009925.1	5866420	5867298	-	879	13	14	40	14	12	8
gene-AM1_RS26155	NC_009925.1	5867384	5869312	+	1929	160	184	412	262	129	83
gene-AM1_RS26160	NC_009925.1	5869458	5869676	+	219	229	221	564	330	213	109
gene-AM1_RS26165	NC_009925.1	5869687	5870802	+	1116	1135	1491	1151	659	759	516
gene-AM1_RS26170	NC_009925.1	5870820	5871593	-	774	110	145	143	126	81	71
gene-AM1_RS26175	NC_009925.1	5871764	5873782	+	2019	42	42	94	77	18	14
gene-AM1_RS26180	NC_009925.1	5873852	5874619	+	768	80	134	243	203	82	65
gene-AM1_RS26185	NC_009925.1	5874692	5874943	+	252	195	58	404	81	127	33
gene-AM1_RS26190	NC_009925.1	5876019	5877170	-	1152	121	180	276	183	74	51
gene-AM1_RS26195	NC_009925.1	5877194	5877955	-	762	82	181	118	77	53	37
gene-AM1_RS26200	NC_009925.1	5878024	5878899	-	876	149	181	242	179	51	32
gene-AM1_RS26205	NC_009925.1	5878930	5879799	-	870	469	444	827	931	208	128
gene-AM1_RS26210	NC_009925.1	5879939	5881375	-	1437	1318	1125	2306	1900	897	609
gene-AM1_RS26215	NC_009925.1	5881722	5882993	+	1272	185	183	314	176	115	94
gene-AM1_RS26220	NC_009925.1	5883101	5884228	+	1128	529	673	1262	1166	551	542
gene-AM1_RS26225	NC_009925.1	5884305	5884377	+	73	271	279	231	226	369	198
gene-AM1_RS26230	NC_009925.1	5884557	5885720	+	1164	3	6	23	26	2	2
gene-AM1_RS26235	NC_009925.1	5885717	5886019	-	303	8	2	13	8	6	1
gene-AM1_RS40000	NC_009925.1	5886016	5888463	-	2448	15	14	113	71	12	8
gene-AM1_RS26245	NC_009925.1	5888624	5889295	+	672	3	7	25	17	5	3
gene-AM1_RS26250	NC_009925.1	5889454	5889927	-	474	7	8	25	20	2	1
gene-AM1_RS26255	NC_009925.1	5889980	5890924	-	945	27	36	51	64	17	15
gene-AM1_RS26260	NC_009925.1	5891043	5891510	-	468	10	21	23	33	4	9
gene-AM1_RS26265	NC_009925.1	5891534	5892016	-	483	8	25	15	37	3	3
gene-AM1_RS26270	NC_009925.1	5892077	5892754	-	678	6	21	11	52	5	8
gene-AM1_RS26275	NC_009925.1	5892774	5893262	-	489	16	40	24	50	6	15
gene-AM1_RS26280	NC_009925.1	5893635	5894351	-	717	5	16	26	39	5	10
gene-AM1_RS26285	NC_009925.1	5895370	5895687	+	318	22	61	39	22	9	5
gene-AM1_RS26290	NC_009925.1	5896004	5897587	+	1584	82	130	111	148	20	46
gene-AM1_RS26295	NC_009925.1	5897983	5898198	+	216	4	4	18	21	1	3
gene-AM1_RS26300	NC_009925.1	5898718	5900184	+	1467	38	39	68	70	23	13
gene-AM1_RS26305	NC_009925.1	5900187	5900774	+	588	4	12	31	23	7	5
gene-AM1_RS26310	NC_009925.1	5901332	5902165	+	834	0	9	27	17	1	4
gene-AM1_RS26315	NC_009925.1	5902189	5903220	+	1032	16	15	32	42	8	1
gene-AM1_RS40005	NC_009925.1	5903360	5904243	+	884	7	10	41	30	5	3
gene-AM1_RS26330	NC_009925.1	5904420	5904776	+	357	6	15	32	18	4	6
gene-AM1_RS41270	NC_009925.1	5905363	5905506	-	144	9	13	29	16	3	4
gene-AM1_RS26335	NC_009925.1	5906105	5906371	+	267	2	4	28	14	3	3
gene-AM1_RS26340	NC_009925.1	5906350	5906868	+	519	15	21	61	79	21	14
gene-AM1_RS26345	NC_009925.1	5906992	5907927	+	936	56	85	115	101	30	27
gene-AM1_RS26350	NC_009925.1	5907924	5908187	+	264	26	30	48	41	27	22
gene-AM1_RS40010	NC_009925.1	5908257	5909254	+	998	22	29	44	33	5	9
gene-AM1_RS26365	NC_009925.1	5909391	5910071	+	681	2	1	14	12	0	0
gene-AM1_RS26370	NC_009925.1	5910058	5911155	+	1098	10	8	18	16	2	0
gene-AM1_RS26375	NC_009925.1	5911157	5911444	+	288	1	1	3	2	2	0
gene-AM1_RS26380	NC_009925.1	5911393	5912214	+	822	90	159	300	121	47	41
gene-AM1_RS26385	NC_009925.1	5912269	5913213	-	945	22	24	71	45	13	16
gene-AM1_RS26390	NC_009925.1	5913223	5914182	-	960	22	20	80	63	25	14
gene-AM1_RS26395	NC_009925.1	5914287	5915165	-	879	19	43	71	33	19	19
gene-AM1_RS26400	NC_009925.1	5915390	5915644	+	255	9	20	35	25	3	5
gene-AM1_RS44475	NC_009925.1	5915800	5915892	+	93	1	0	1	8	0	0
gene-AM1_RS26405	NC_009925.1	5916051	5917295	+	1245	33	57	80	77	22	11
gene-AM1_RS26410	NC_009925.1	5917868	5919250	+	1383	38	40	94	79	33	23
gene-AM1_RS43325	NC_009925.1	5919455	5919631	-	177	3	5	24	10	5	1
gene-AM1_RS43330	NC_009925.1	5919643	5919963	-	321	1	4	9	12	2	1
gene-AM1_RS43335	NC_009925.1	5920057	5920548	-	492	10	9	16	11	4	2
gene-AM1_RS26420	NC_009925.1	5920545	5921402	-	858	10	11	41	17	2	3
gene-AM1_RS41285	NC_009925.1	5921474	5921656	+	183	7	8	18	11	3	3
gene-AM1_RS26425	NC_009925.1	5921909	5922496	-	588	21	36	71	65	9	18
gene-AM1_RS26430	NC_009925.1	5922590	5923939	-	1350	53	86	131	103	36	25
gene-AM1_RS26435	NC_009925.1	5923951	5926302	-	2352	30	39	111	86	24	12
gene-AM1_RS44485	NC_009925.1	5927610	5927864	-	255	15	27	84	48	11	8
gene-AM1_RS41290	NC_009925.1	5928324	5928665	-	342	11	21	19	13	3	3
gene-AM1_RS26445	NC_009925.1	5928706	5928996	+	291	8	8	15	13	2	0
gene-AM1_RS26450	NC_009925.1	5929255	5929527	+	273	11	24	68	25	9	8
gene-AM1_RS26455	NC_009925.1	5929611	5930549	-	939	30	15	103	65	24	16
gene-AM1_RS44035	NC_009925.1	5930626	5930760	+	135	3	5	9	2	4	8
gene-AM1_RS26460	NC_009925.1	5930780	5931034	-	255	3	3	2	7	0	2
gene-AM1_RS26465	NC_009925.1	5931186	5931374	-	189	9	14	20	12	5	3
gene-AM1_RS42360	NC_009925.1	5931575	5931712	+	138	31	30	9	9	4	1
gene-AM1_RS26470	NC_009925.1	5931963	5932313	+	351	9	30	8	14	2	0
gene-AM1_RS26475	NC_009925.1	5932344	5932646	+	303	4	19	15	1	3	1
gene-AM1_RS26480	NC_009925.1	5932748	5933659	+	912	6	10	25	25	16	12
gene-AM1_RS26485	NC_009925.1	5933842	5934093	+	252	22	16	137	112	30	27
gene-AM1_RS26490	NC_009925.1	5934086	5934583	+	498	34	38	108	103	24	30
gene-AM1_RS41300	NC_009925.1	5934676	5934785	+	110	84	79	68	53	124	60
gene-AM1_RS26495	NC_009925.1	5934956	5935864	-	909	111	145	283	270	101	141
gene-AM1_RS26500	NC_009925.1	5936260	5937963	+	1704	85	86	218	177	86	52
gene-AM1_RS26505	NC_009925.1	5938062	5938670	-	609	7	24	21	29	5	16
gene-AM1_RS26510	NC_009925.1	5938691	5939212	-	522	33	44	57	43	13	18
gene-AM1_RS26515	NC_009925.1	5939190	5939927	-	738	7	31	49	32	11	11
gene-AM1_RS26520	NC_009925.1	5939985	5941334	-	1350	33	103	92	111	45	59
gene-AM1_RS26525	NC_009925.1	5942025	5942854	+	830	7	26	24	20	5	3
gene-AM1_RS26530	NC_009925.1	5943046	5943861	-	816	24	30	45	43	7	3
gene-AM1_RS26535	NC_009925.1	5944006	5945520	-	1515	45	50	99	60	30	21
gene-AM1_RS26540	NC_009925.1	5945791	5947209	-	1419	34	52	65	52	19	22
gene-AM1_RS26545	NC_009925.1	5947369	5947842	-	474	16	35	70	59	7	11
gene-AM1_RS26555	NC_009925.1	5948493	5949089	-	597	23	115	238	265	25	26
gene-AM1_RS37835	NC_009925.1	5949104	5953612	-	4509	663	2230	5326	10613	639	1302
gene-AM1_RS26565	NC_009925.1	5954224	5956767	+	2544	130	334	1445	1241	165	190
gene-AM1_RS26570	NC_009925.1	5956782	5957189	+	408	44	60	221	205	30	17
gene-AM1_RS26575	NC_009925.1	5957217	5957645	-	429	68	94	247	200	33	35
gene-AM1_RS26580	NC_009925.1	5957806	5959995	-	2190	117	132	340	299	44	33
gene-AM1_RS26585	NC_009925.1	5960640	5961131	-	492	79	54	98	48	9	15
gene-AM1_RS26590	NC_009925.1	5961258	5962133	+	876	73	61	139	121	34	46
gene-AM1_RS26595	NC_009925.1	5962408	5962698	+	291	79	207	245	386	46	159
gene-AM1_RS26600	NC_009925.1	5962751	5963110	-	360	204	336	905	1482	204	369
gene-AM1_RS26605	NC_009925.1	5963387	5964388	+	1002	30	164	133	369	36	168
gene-AM1_RS26610	NC_009925.1	5964427	5965713	-	1287	205	547	555	610	162	211
gene-AM1_RS26615	NC_009925.1	5965747	5966850	-	1104	2584	5257	6974	9290	2255	4290
gene-AM1_RS26620	NC_009925.1	5966881	5967162	-	282	3395	4618	6673	11561	2509	3243
gene-AM1_RS26630	NC_009925.1	5968276	5968839	+	564	136	201	787	819	127	102
gene-AM1_RS26635	NC_009925.1	5968852	5976108	+	7257	488	942	4341	4122	533	396
gene-AM1_RS26640	NC_009925.1	5976138	5976713	+	576	51	83	251	344	31	36
gene-AM1_RS26645	NC_009925.1	5976739	5978697	+	1959	72	127	586	605	91	81
gene-AM1_RS26650	NC_009925.1	5978720	5979112	+	393	28	65	190	265	35	25
gene-AM1_RS26655	NC_009925.1	5979153	5979335	-	183	10	13	36	32	13	9
gene-AM1_RS26660	NC_009925.1	5979332	5980219	-	888	100	110	332	449	101	152
gene-AM1_RS26665	NC_009925.1	5980360	5980719	+	360	4	16	28	26	4	14
gene-AM1_RS26675	NC_009925.1	5981406	5981987	-	582	12	104	57	37	7	14
gene-AM1_RS26680	NC_009925.1	5982466	5983506	+	1041	47	101	99	106	51	28
gene-AM1_RS26685	NC_009925.1	5983436	5985586	-	2151	2841	4386	5224	5370	3088	1944
gene-AM1_RS26690	NC_009925.1	5985998	5989273	+	3276	443	690	980	833	485	321
gene-AM1_RS26695	NC_009925.1	5989327	5990928	-	1602	437	603	1946	1605	575	548
gene-AM1_RS26700	NC_009925.1	5991223	5992149	-	927	99	114	333	226	87	65
gene-AM1_RS26705	NC_009925.1	5992278	5993333	+	1056	40	55	180	96	40	18
gene-AM1_RS26710	NC_009925.1	5993330	5993581	-	252	24	38	100	74	12	13
gene-AM1_RS26715	NC_009925.1	5994015	5996021	+	2007	1087	1846	2283	3119	1157	769
gene-AM1_RS26720	NC_009925.1	5996144	5996632	-	489	57	91	224	189	36	30
gene-AM1_RS26725	NC_009925.1	5997100	5997441	+	342	9	23	31	35	9	1
gene-AM1_RS26730	NC_009925.1	5997610	5998275	+	666	89	103	287	162	83	76
gene-AM1_RS26735	NC_009925.1	5998447	5998857	-	411	838	573	4276	2363	877	785
gene-AM1_RS26740	NC_009925.1	5998997	6001096	-	2100	121	155	358	222	72	55
gene-AM1_RS26745	NC_009925.1	6001251	6002555	-	1305	84	96	187	131	46	34
gene-AM1_RS42365	NC_009925.1	6003083	6003472	+	390	69	73	113	101	20	20
gene-AM1_RS26760	NC_009925.1	6003589	6004950	-	1362	424	666	669	529	371	231
gene-AM1_RS26765	NC_009925.1	6004991	6005545	-	555	110	215	275	165	79	120
gene-AM1_RS26770	NC_009925.1	6005622	6006467	-	846	22	152	61	124	38	158
gene-AM1_RS44490	NC_009925.1	6006650	6006709	-	60	4	2	22	4	3	2
gene-AM1_RS26775	NC_009925.1	6007115	6008242	+	1128	66	86	281	165	99	64
gene-AM1_RS26780	NC_009925.1	6008231	6009112	-	882	152	142	465	325	150	90
gene-AM1_RS26785	NC_009925.1	6009198	6010943	+	1746	352	305	739	422	244	135
gene-AM1_RS26790	NC_009925.1	6011048	6011386	+	339	12	10	19	13	7	5
gene-AM1_RS42925	NC_009925.1	6011419	6011640	+	222	13	15	17	8	4	2
gene-AM1_RS26800	NC_009925.1	6011902	6012204	+	303	55	68	70	52	30	19
gene-AM1_RS26805	NC_009925.1	6012325	6012609	+	285	57	44	207	97	37	43
gene-AM1_RS26810	NC_009925.1	6012617	6012928	+	312	53	65	199	124	43	43
gene-AM1_RS26815	NC_009925.1	6013005	6013490	-	486	33	41	85	71	18	20
gene-AM1_RS43340	NC_009925.1	6013578	6014180	-	603	22	49	79	58	19	14
gene-AM1_RS26825	NC_009925.1	6014290	6014826	-	537	42	49	132	101	41	34
gene-AM1_RS26830	NC_009925.1	6015059	6015295	-	237	4	4	21	24	3	3
gene-AM1_RS26835	NC_009925.1	6015446	6015766	+	321	2	2	13	21	1	4
gene-AM1_RS26845	NC_009925.1	6017030	6019984	-	2955	3753	1426	5935	1662	3205	574
gene-AM1_RS26850	NC_009925.1	6020197	6020270	-	74	231	239	444	394	284	184
gene-AM1_RS26860	NC_009925.1	6020530	6021387	+	858	88	117	207	161	77	62
gene-AM1_RS26865	NC_009925.1	6021445	6022332	-	888	98	155	162	166	46	55
gene-AM1_RS26870	NC_009925.1	6022555	6023880	+	1326	117	272	374	366	98	185
gene-AM1_RS26875	NC_009925.1	6024236	6024829	+	594	23	52	97	96	23	32
gene-AM1_RS26880	NC_009925.1	6024867	6025712	+	846	91	188	279	290	95	114
gene-AM1_RS26885	NC_009925.1	6025709	6026764	+	1056	186	281	298	202	133	89
gene-AM1_RS26890	NC_009925.1	6026770	6027831	-	1062	582	750	597	418	701	252
gene-AM1_RS26895	NC_009925.1	6027860	6028531	-	672	411	724	778	495	560	368
gene-AM1_RS26900	NC_009925.1	6028692	6030098	-	1407	19	21	72	75	14	24
gene-AM1_RS26905	NC_009925.1	6030887	6033469	+	2583	74	1094	380	2184	95	657
gene-AM1_RS26910	NC_009925.1	6033706	6034356	+	651	186	1698	826	8003	214	1769
gene-AM1_RS26915	NC_009925.1	6034748	6037516	+	2769	137	1026	407	1659	115	503
gene-AM1_RS26920	NC_009925.1	6037621	6038307	-	687	94	214	214	371	78	186
gene-AM1_RS26925	NC_009925.1	6038369	6040840	-	2472	82	190	379	376	78	115
gene-AM1_RS26930	NC_009925.1	6040837	6042132	-	1296	58	176	197	252	63	81
gene-AM1_RS26935	NC_009925.1	6042136	6043470	-	1335	115	240	287	294	98	146
gene-AM1_RS26940	NC_009925.1	6043838	6048586	-	4749	175	319	478	1326	136	170
gene-AM1_RS26945	NC_009925.1	6048632	6051748	-	3117	67	136	208	728	44	80
gene-AM1_RS26950	NC_009925.1	6052193	6054298	+	2106	74	148	221	459	52	91
gene-AM1_RS26955	NC_009925.1	6054627	6055253	+	627	12	8	38	35	5	9
gene-AM1_RS26960	NC_009925.1	6055468	6056157	+	690	12	11	49	35	12	10
gene-AM1_RS26965	NC_009925.1	6056240	6057511	-	1272	51	56	179	132	50	69
gene-AM1_RS26970	NC_009925.1	6057782	6059005	+	1224	14	40	58	149	16	144
gene-AM1_RS40020	NC_009925.1	6059050	6059933	-	884	17	26	42	32	7	17
gene-AM1_RS38900	NC_009925.1	6062725	6063714	-	990	31	45	62	71	11	17
gene-AM1_RS27005	NC_009925.1	6063908	6064621	-	714	49	104	91	73	19	20
gene-AM1_RS27010	NC_009925.1	6064632	6065387	-	756	17	25	35	22	7	8
gene-AM1_RS27015	NC_009925.1	6065415	6066521	-	1107	12	14	43	35	8	5
gene-AM1_RS27020	NC_009925.1	6066570	6067547	-	978	6	10	14	20	3	2
gene-AM1_RS27025	NC_009925.1	6067649	6069004	-	1356	19	12	58	42	11	6
gene-AM1_RS27030	NC_009925.1	6069658	6070749	+	1092	16	21	74	39	14	5
gene-AM1_RS27035	NC_009925.1	6071439	6072653	+	1215	40	161	123	1082	37	100
gene-AM1_RS27040	NC_009925.1	6072782	6073060	+	279	3	19	14	52	3	4
gene-AM1_RS27045	NC_009925.1	6073108	6074718	+	1611	43	68	159	159	23	22
gene-AM1_RS37840	NC_009925.1	6075510	6080804	+	5295	52	240	763	1409	66	110
gene-AM1_RS38905	NC_009925.1	6080959	6081489	+	531	3	5	26	21	2	4
gene-AM1_RS27065	NC_009925.1	6081557	6081886	+	330	12	14	63	49	14	7
gene-AM1_RS27070	NC_009925.1	6081888	6082826	+	939	116	132	374	330	110	90
gene-AM1_RS27075	NC_009925.1	6082868	6083434	-	567	102	190	312	218	76	164
gene-AM1_RS27080	NC_009925.1	6083900	6084145	-	246	14	18	190	76	27	11
gene-AM1_RS27085	NC_009925.1	6084847	6085968	+	1122	65	51	144	113	39	33
gene-AM1_RS27090	NC_009925.1	6086111	6086623	+	513	7	6	36	22	6	4
gene-AM1_RS27095	NC_009925.1	6086710	6087456	+	747	39	26	109	49	29	16
gene-AM1_RS27100	NC_009925.1	6087527	6088075	+	549	4	22	40	35	15	2
gene-AM1_RS27105	NC_009925.1	6088127	6088591	-	465	60	93	169	128	56	41
gene-AM1_RS27110	NC_009925.1	6088780	6090243	-	1464	45	67	206	134	53	78
gene-AM1_RS27115	NC_009925.1	6090507	6091640	-	1134	55	82	80	40	28	13
gene-AM1_RS27120	NC_009925.1	6091901	6092839	-	939	84	82	95	70	22	20
gene-AM1_RS27125	NC_009925.1	6093367	6094563	-	1197	117	95	276	300	109	103
gene-AM1_RS42370	NC_009925.1	6094912	6095238	+	327	5	5	18	15	2	1
gene-AM1_RS27135	NC_009925.1	6095573	6096778	+	1206	89	90	274	124	89	50
gene-AM1_RS27140	NC_009925.1	6097175	6100750	+	3576	156	236	388	269	98	97
gene-AM1_RS27145	NC_009925.1	6100797	6101642	+	846	63	94	187	108	36	45
gene-AM1_RS27150	NC_009925.1	6103438	6103917	+	480	33	35	79	52	11	17
gene-AM1_RS37845	NC_009925.1	6103898	6104263	-	366	6	11	32	24	5	4
gene-AM1_RS27165	NC_009925.1	6104458	6105331	+	874	53	48	113	120	49	36
gene-AM1_RS27170	NC_009925.1	6105660	6107147	+	1488	263	294	970	761	191	170
gene-AM1_RS27175	NC_009925.1	6107158	6108126	+	969	76	107	214	163	47	20
gene-AM1_RS27180	NC_009925.1	6108132	6108389	+	258	35	32	80	33	17	4
gene-AM1_RS40030	NC_009925.1	6108877	6109721	+	845	33	50	68	37	9	7
gene-AM1_RS27195	NC_009925.1	6110377	6111198	+	822	11	35	31	31	7	10
gene-AM1_RS27200	NC_009925.1	6111308	6112324	-	1017	78	146	168	251	49	92
gene-AM1_RS27205	NC_009925.1	6112335	6113777	-	1443	290	443	578	937	178	263
gene-AM1_RS27210	NC_009925.1	6113913	6114818	-	906	69	86	89	58	30	13
gene-AM1_RS27215	NC_009925.1	6115084	6116184	-	1101	1137	1311	1257	527	514	314
gene-AM1_RS27220	NC_009925.1	6116191	6116388	-	198	243	237	452	300	210	91
gene-AM1_RS27225	NC_009925.1	6116511	6116807	-	297	9	8	37	28	7	2
gene-AM1_RS27230	NC_009925.1	6117058	6117474	+	417	8	10	30	15	2	4
gene-AM1_RS27235	NC_009925.1	6117614	6119704	+	2091	298	223	706	471	302	155
gene-AM1_RS42790	NC_009925.1	6119784	6120734	-	951	17	21	62	34	11	10
gene-AM1_RS27245	NC_009925.1	6121050	6122003	+	954	8	14	55	40	1	2
gene-AM1_RS27250	NC_009925.1	6122004	6123692	+	1689	52	96	176	100	27	40
gene-AM1_RS27255	NC_009925.1	6123724	6124686	-	963	28	32	57	39	15	11
gene-AM1_RS27260	NC_009925.1	6124686	6125381	-	696	17	14	32	26	16	11
gene-AM1_RS27265	NC_009925.1	6125431	6125676	-	246	21	24	34	15	19	19
gene-AM1_RS27270	NC_009925.1	6126345	6126626	+	282	45	45	104	87	38	22
gene-AM1_RS27275	NC_009925.1	6126627	6127331	+	705	100	111	191	109	60	41
gene-AM1_RS27280	NC_009925.1	6127480	6128535	-	1056	67	167	694	322	158	113
gene-AM1_RS42375	NC_009925.1	6128931	6129092	+	162	149	576	867	623	56	76
gene-AM1_RS27285	NC_009925.1	6129256	6131370	+	2115	150	373	445	544	150	220
gene-AM1_RS27290	NC_009925.1	6131711	6134134	-	2424	408	835	1373	1608	255	680
gene-AM1_RS27295	NC_009925.1	6134291	6134644	-	354	7180	6110	37538	53781	3892	13645
gene-AM1_RS27300	NC_009925.1	6134771	6136273	-	1503	1716	810	6052	3571	510	1711
gene-AM1_RS27305	NC_009925.1	6136355	6136681	-	327	1455	504	3439	1224	227	721
gene-AM1_RS27310	NC_009925.1	6136801	6137493	-	693	33	36	60	28	25	19
gene-AM1_RS27315	NC_009925.1	6137554	6138438	-	885	49	55	102	92	10	15
gene-AM1_RS27320	NC_009925.1	6138710	6140428	-	1719	74	70	170	116	56	49
gene-AM1_RS27325	NC_009925.1	6140570	6143197	-	2628	252	370	397	304	71	88
gene-AM1_RS27330	NC_009925.1	6143606	6144286	+	681	866	1258	64	48	8	8
gene-AM1_RS27345	NC_009925.1	6146208	6147872	+	1665	89	103	343	438	57	102
gene-AM1_RS27350	NC_009925.1	6148014	6148421	+	408	17	19	52	44	9	6
gene-AM1_RS27355	NC_009925.1	6148626	6149180	-	555	24	17	65	50	17	8
gene-AM1_RS27360	NC_009925.1	6149495	6149752	-	258	32	48	115	67	30	28
gene-AM1_RS27365	NC_009925.1	6150219	6151637	+	1419	23	33	58	52	24	24
gene-AM1_RS27370	NC_009925.1	6151663	6153801	-	2139	261	242	563	566	233	181
gene-AM1_RS27375	NC_009925.1	6154347	6155180	-	834	7	12	43	39	9	5
gene-AM1_RS27380	NC_009925.1	6155564	6155923	-	360	16	12	34	33	13	8
gene-AM1_RS27385	NC_009925.1	6156191	6156640	-	450	8	7	30	19	9	6
gene-AM1_RS27390	NC_009925.1	6156660	6158315	-	1656	25	34	124	110	21	22
gene-AM1_RS27395	NC_009925.1	6158312	6161821	-	3510	91	124	325	219	84	55
gene-AM1_RS27400	NC_009925.1	6162255	6162629	-	375	38	30	104	48	10	22
gene-AM1_RS27405	NC_009925.1	6162777	6163550	-	774	25	21	85	45	12	18
gene-AM1_RS27410	NC_009925.1	6163711	6164322	-	612	10	5	18	25	4	2
gene-AM1_RS27415	NC_009925.1	6164561	6165796	+	1236	103	95	374	158	117	79
gene-AM1_RS27420	NC_009925.1	6165811	6166290	-	480	11	20	29	32	5	6
gene-AM1_RS27425	NC_009925.1	6166347	6167930	-	1584	89	92	137	135	21	41
gene-AM1_RS27430	NC_009925.1	6168225	6168698	+	474	9	12	28	21	4	5
gene-AM1_RS27435	NC_009925.1	6169052	6169591	+	540	10	10	41	21	18	17
gene-AM1_RS27440	NC_009925.1	6170185	6171168	-	984	54	58	234	277	82	56
gene-AM1_RS27445	NC_009925.1	6171183	6173219	-	2037	94	93	308	152	46	37
gene-AM1_RS27450	NC_009925.1	6173206	6173577	-	372	3	2	10	5	2	2
gene-AM1_RS27455	NC_009925.1	6173630	6176362	-	2733	171	215	470	427	133	160
gene-AM1_RS27460	NC_009925.1	6176392	6179166	-	2775	84	173	308	217	117	93
gene-AM1_RS27465	NC_009925.1	6179529	6179939	-	411	5	4	19	19	5	6
gene-AM1_RS27470	NC_009925.1	6180055	6180699	-	645	17	15	47	36	10	12
gene-AM1_RS27475	NC_009925.1	6180706	6181350	-	645	21	16	74	79	21	21
gene-AM1_RS27480	NC_009925.1	6181355	6181897	-	543	7	13	50	36	12	17
gene-AM1_RS27485	NC_009925.1	6182021	6182608	-	588	28	27	78	66	14	10
gene-AM1_RS27490	NC_009925.1	6182697	6183137	-	441	15	13	37	50	14	5
gene-AM1_RS42380	NC_009925.1	6183236	6183508	+	273	1	1	19	11	2	1
gene-AM1_RS27500	NC_009925.1	6183623	6185278	-	1656	83	69	186	260	78	95
gene-AM1_RS27505	NC_009925.1	6185423	6186061	+	639	29	18	94	24	28	11
gene-AM1_RS27510	NC_009925.1	6186120	6187202	-	1083	52	55	111	83	47	28
gene-AM1_RS27515	NC_009925.1	6187213	6188322	-	1110	36	22	69	55	20	6
gene-AM1_RS27520	NC_009925.1	6188394	6188975	-	582	11	24	46	25	4	5
gene-AM1_RS27525	NC_009925.1	6189094	6190065	-	972	61	53	176	177	79	44
gene-AM1_RS42385	NC_009925.1	6190283	6190441	-	159	7	4	16	4	4	1
gene-AM1_RS27535	NC_009925.1	6190522	6190908	-	387	13	15	28	19	6	6
gene-AM1_RS44495	NC_009925.1	6191132	6191407	+	276	10	8	22	6	3	4
gene-AM1_RS27540	NC_009925.1	6191353	6191808	+	456	1	6	5	4	3	0
gene-AM1_RS27545	NC_009925.1	6191864	6192577	+	714	19	27	45	45	11	17
gene-AM1_RS41330	NC_009925.1	6192607	6192804	+	198	8	8	18	23	7	9
gene-AM1_RS27555	NC_009925.1	6192833	6193399	+	567	13	28	50	30	8	10
gene-AM1_RS27560	NC_009925.1	6193610	6194476	-	867	100	72	99	114	21	29
gene-AM1_RS27565	NC_009925.1	6194642	6195265	+	624	6	14	16	21	7	3
gene-AM1_RS27570	NC_009925.1	6195390	6195881	+	492	39	55	82	37	21	23
gene-AM1_RS27575	NC_009925.1	6195949	6196449	+	501	12	12	50	25	14	4
gene-AM1_RS27580	NC_009925.1	6196713	6197804	-	1092	88	85	192	135	40	51
gene-AM1_RS27585	NC_009925.1	6197920	6198483	-	564	27	11	79	80	19	9
gene-AM1_RS27590	NC_009925.1	6198540	6199172	-	633	37	26	82	44	16	14
gene-AM1_RS27595	NC_009925.1	6199279	6199803	+	525	7	4	25	15	4	0
gene-AM1_RS27600	NC_009925.1	6200167	6200730	+	564	25	26	74	32	20	13
gene-AM1_RS27605	NC_009925.1	6200836	6201321	+	486	3	3	9	15	4	0
gene-AM1_RS27610	NC_009925.1	6201318	6202175	+	858	4	4	24	18	7	5
gene-AM1_RS42390	NC_009925.1	6202175	6202915	+	741	11	6	17	19	4	8
gene-AM1_RS27620	NC_009925.1	6202954	6203820	+	867	10	12	35	20	6	2
gene-AM1_RS27625	NC_009925.1	6203876	6205549	-	1674	16	13	46	38	18	10
gene-AM1_RS27630	NC_009925.1	6205694	6207367	-	1674	25	15	58	37	16	7
gene-AM1_RS27635	NC_009925.1	6207759	6208403	-	645	25	19	39	41	3	9
gene-AM1_RS27640	NC_009925.1	6208446	6209375	-	930	24	31	58	52	16	7
gene-AM1_RS27645	NC_009925.1	6209406	6209885	-	480	9	4	36	19	6	3
gene-AM1_RS27650	NC_009925.1	6210034	6210249	+	216	10	16	45	23	7	15
gene-AM1_RS27655	NC_009925.1	6210236	6210457	+	222	15	18	27	26	6	7
gene-AM1_RS27660	NC_009925.1	6210462	6210941	+	480	13	13	32	36	12	8
gene-AM1_RS27665	NC_009925.1	6210955	6211620	+	666	6	5	29	26	7	2
gene-AM1_RS27670	NC_009925.1	6211734	6211985	+	252	4	9	11	9	1	3
gene-AM1_RS27675	NC_009925.1	6212289	6213656	+	1368	62	52	162	132	43	41
gene-AM1_RS27680	NC_009925.1	6213971	6214471	-	501	64	85	151	88	20	29
gene-AM1_RS27685	NC_009925.1	6214735	6215625	+	891	92	127	176	135	55	57
gene-AM1_RS27690	NC_009925.1	6215757	6216680	-	924	54	51	51	40	31	31
gene-AM1_RS27695	NC_009925.1	6217904	6219268	+	1365	89	83	48	42	26	5
gene-AM1_RS27700	NC_009925.1	6219268	6222531	+	3264	333	461	183	135	92	43
gene-AM1_RS27705	NC_009925.1	6222643	6222840	+	198	4	7	11	6	3	2
gene-AM1_RS27710	NC_009925.1	6222933	6223739	+	807	108	120	64	69	41	31
gene-AM1_RS27715	NC_009925.1	6223796	6224473	+	678	71	56	33	17	23	10
gene-AM1_RS27720	NC_009925.1	6224570	6225313	+	744	77	116	100	89	42	26
gene-AM1_RS27725	NC_009925.1	6225519	6226403	+	885	58	63	53	69	24	18
gene-AM1_RS27730	NC_009925.1	6226418	6227434	+	1017	70	103	69	60	33	8
gene-AM1_RS27735	NC_009925.1	6227582	6228265	+	684	12	24	18	23	5	4
gene-AM1_RS27740	NC_009925.1	6228281	6228934	+	654	52	55	66	62	24	18
gene-AM1_RS27745	NC_009925.1	6229056	6230480	+	1425	141	191	160	144	80	30
gene-AM1_RS27750	NC_009925.1	6230521	6231144	+	624	59	66	61	56	13	15
gene-AM1_RS27755	NC_009925.1	6231221	6231628	+	408	48	60	69	79	30	22
gene-AM1_RS27760	NC_009925.1	6231813	6232631	-	819	3	5	21	15	1	4
gene-AM1_RS27770	NC_009925.1	6234262	6234621	+	360	0	1	8	6	1	0
gene-AM1_RS27775	NC_009925.1	6234618	6235019	+	402	0	0	4	12	0	0
gene-AM1_RS27780	NC_009925.1	6235006	6235695	+	690	3	1	19	13	1	2
gene-AM1_RS27785	NC_009925.1	6235704	6235970	+	267	7	4	18	12	2	0
gene-AM1_RS27790	NC_009925.1	6236637	6236861	+	225	12	15	26	11	8	2
gene-AM1_RS27795	NC_009925.1	6237084	6237626	+	543	10	13	56	41	3	6
gene-AM1_RS40050	NC_009925.1	6238005	6239002	-	998	20	35	66	37	16	10
gene-AM1_RS27810	NC_009925.1	6239301	6239699	+	399	11	12	33	23	5	2
gene-AM1_RS27815	NC_009925.1	6240411	6240590	+	180	53	19	102	33	17	5
gene-AM1_RS27820	NC_009925.1	6240834	6241247	-	414	50	20	55	29	11	7
gene-AM1_RS42395	NC_009925.1	6241580	6241750	-	171	5	2	19	2	0	1
gene-AM1_RS42400	NC_009925.1	6241743	6241973	-	231	8	6	24	18	2	0
gene-AM1_RS27830	NC_009925.1	6242791	6243597	-	807	2	3	28	19	2	5
gene-AM1_RS27835	NC_009925.1	6243719	6245383	+	1665	104	136	124	179	30	43
gene-AM1_RS27840	NC_009925.1	6245483	6245758	-	276	25	148	161	677	14	89
gene-AM1_RS27845	NC_009925.1	6245962	6246342	-	381	26	174	46	178	18	35
gene-AM1_RS27850	NC_009925.1	6246627	6246890	+	264	11	48	63	309	13	39
gene-AM1_RS27855	NC_009925.1	6247090	6247410	-	321	94	100	125	203	49	44
gene-AM1_RS27860	NC_009925.1	6247407	6247637	-	231	12	7	42	29	5	4
gene-AM1_RS27865	NC_009925.1	6247864	6248241	+	378	2	8	11	5	2	0
gene-AM1_RS27870	NC_009925.1	6248312	6249181	+	870	6	12	35	22	2	3
gene-AM1_RS27875	NC_009925.1	6249471	6252500	-	3030	7	17	73	86	6	4
gene-AM1_RS27880	NC_009925.1	6252505	6252978	-	474	3	1	9	7	1	1
gene-AM1_RS27885	NC_009925.1	6253059	6253955	+	897	3	3	30	28	6	4
gene-AM1_RS40055	NC_009925.1	6254130	6254609	+	480	6	10	28	19	5	5
gene-AM1_RS27895	NC_009925.1	6254701	6255081	+	381	0	6	23	11	6	0
gene-AM1_RS27900	NC_009925.1	6255155	6255487	+	333	3	3	6	8	0	0
gene-AM1_RS27905	NC_009925.1	6255520	6255930	+	411	7	7	8	11	5	0
gene-AM1_RS27910	NC_009925.1	6255930	6256316	+	387	12	16	23	20	4	5
gene-AM1_RS27915	NC_009925.1	6256349	6256666	-	318	5	11	33	16	11	2
gene-AM1_RS41340	NC_009925.1	6257187	6257498	+	312	7	9	24	18	0	3
gene-AM1_RS37850	NC_009925.1	6258481	6259068	+	588	5	1	18	9	1	1
gene-AM1_RS27925	NC_009925.1	6259347	6260291	+	945	11	19	33	37	8	1
gene-AM1_RS27930	NC_009925.1	6260482	6261270	-	789	12	17	37	31	9	13
gene-AM1_RS27935	NC_009925.1	6261508	6261717	+	210	25	49	19	23	7	4
gene-AM1_RS27940	NC_009925.1	6261916	6263034	-	1119	7	23	19	30	2	2
gene-AM1_RS27945	NC_009925.1	6263604	6264848	+	1245	11	23	74	83	15	14
gene-AM1_RS41345	NC_009925.1	6265030	6265206	-	177	5	0	5	7	0	0
gene-AM1_RS27955	NC_009925.1	6265469	6266653	+	1185	33	39	105	58	12	7
gene-AM1_RS27960	NC_009925.1	6266956	6268629	-	1674	104	99	289	225	53	51
gene-AM1_RS27965	NC_009925.1	6268885	6269733	-	849	16	20	30	44	5	7
gene-AM1_RS38940	NC_009925.1	6270235	6270450	-	216	3	2	7	4	0	0
gene-AM1_RS44040	NC_009925.1	6270461	6270583	-	123	0	0	2	4	2	0
gene-AM1_RS27975	NC_009925.1	6270662	6271024	-	363	6	6	9	8	1	4
gene-AM1_RS27980	NC_009925.1	6271348	6272028	-	681	7	4	20	18	2	3
gene-AM1_RS27985	NC_009925.1	6272000	6273463	-	1464	90	69	178	112	35	40
gene-AM1_RS27990	NC_009925.1	6273460	6273885	-	426	11	15	39	31	12	7
gene-AM1_RS27995	NC_009925.1	6273941	6275242	-	1302	42	42	134	84	19	13
gene-AM1_RS28000	NC_009925.1	6275512	6276249	-	738	93	70	334	394	106	86
gene-AM1_RS28005	NC_009925.1	6276435	6276716	-	282	4	2	8	11	0	0
gene-AM1_RS28010	NC_009925.1	6276955	6277962	-	1008	30	89	93	200	30	125
gene-AM1_RS28015	NC_009925.1	6278208	6279311	+	1104	22	15	51	51	8	5
gene-AM1_RS28020	NC_009925.1	6279564	6280808	-	1245	13	25	59	68	17	28
gene-AM1_RS44500	NC_009925.1	6281379	6281495	+	117	2	1	8	7	1	1
gene-AM1_RS28025	NC_009925.1	6281710	6282042	+	333	13	10	55	32	5	6
gene-AM1_RS28030	NC_009925.1	6282032	6282322	+	291	14	6	49	30	13	6
gene-AM1_RS28035	NC_009925.1	6282469	6283389	-	921	8	5	30	31	3	2
gene-AM1_RS28040	NC_009925.1	6284168	6285289	-	1122	10	5	41	29	3	3
gene-AM1_RS28045	NC_009925.1	6285564	6286700	-	1137	8	5	67	43	13	2
gene-AM1_RS28050	NC_009925.1	6287408	6291046	+	3639	78	138	257	253	49	55
gene-AM1_RS28055	NC_009925.1	6291743	6295375	+	3633	62	182	248	242	43	70
gene-AM1_RS42405	NC_009925.1	6298345	6298545	-	201	25	25	87	53	6	10
gene-AM1_RS28065	NC_009925.1	6298454	6300184	+	1731	99	118	211	170	41	52
gene-AM1_RS28075	NC_009925.1	6301245	6301493	+	249	4	10	13	17	5	3
gene-AM1_RS28080	NC_009925.1	6301916	6302158	+	243	6	6	13	12	1	1
gene-AM1_RS28085	NC_009925.1	6302264	6302671	+	408	8	7	13	31	4	4
gene-AM1_RS28090	NC_009925.1	6302741	6303622	-	882	27	29	80	52	24	14
gene-AM1_RS28095	NC_009925.1	6303822	6304253	+	432	0	3	7	9	1	1
gene-AM1_RS28100	NC_009925.1	6304330	6305304	+	975	17	14	34	46	9	12
gene-AM1_RS28105	NC_009925.1	6305611	6306195	-	585	21	16	48	33	7	3
gene-AM1_RS28115	NC_009925.1	6307855	6308673	+	819	4	3	27	20	2	0
gene-AM1_RS28120	NC_009925.1	6309133	6313566	-	4434	57	98	212	211	25	42
gene-AM1_RS44505	NC_009925.1	6313972	6314181	-	210	25	18	23	23	10	7
gene-AM1_RS28130	NC_009925.1	6315480	6316898	+	1419	39	53	67	55	16	17
gene-AM1_RS42410	NC_009925.1	6316882	6317022	-	141	4	5	2	1	1	1
gene-AM1_RS42415	NC_009925.1	6317112	6317345	-	234	16	33	19	18	1	5
gene-AM1_RS28140	NC_009925.1	6318002	6319429	+	1428	17	47	69	70	13	16
gene-AM1_RS43365	NC_009925.1	6319956	6321842	+	1887	86	150	721	940	62	124
gene-AM1_RS28150	NC_009925.1	6322711	6323913	+	1203	30	158	185	1212	29	148
gene-AM1_RS28155	NC_009925.1	6323996	6325555	+	1560	30	196	151	1047	33	97
gene-AM1_RS28160	NC_009925.1	6325811	6327133	-	1323	5	44	36	919	7	70
gene-AM1_RS41355	NC_009925.1	6327185	6327607	-	423	1	15	15	157	0	15
gene-AM1_RS42425	NC_009925.1	6328205	6331066	+	2862	87	110	321	351	61	56
gene-AM1_RS28170	NC_009925.1	6331247	6331891	+	645	30	25	54	33	11	7
gene-AM1_RS28175	NC_009925.1	6332103	6332354	-	252	8	12	25	8	4	6
gene-AM1_RS28180	NC_009925.1	6332424	6333224	-	801	25	17	37	25	4	6
gene-AM1_RS28185	NC_009925.1	6333292	6334194	-	903	33	93	57	62	11	26
gene-AM1_RS28190	NC_009925.1	6334319	6335563	-	1245	18	13	56	62	10	19
gene-AM1_RS28195	NC_009925.1	6335872	6336927	+	1056	31	54	198	113	34	28
gene-AM1_RS28200	NC_009925.1	6336950	6338260	-	1311	26	33	80	93	30	18
gene-AM1_RS28205	NC_009925.1	6338217	6339116	-	900	50	87	119	65	15	22
gene-AM1_RS28210	NC_009925.1	6339477	6339962	+	486	26	45	160	130	31	23
gene-AM1_RS28215	NC_009925.1	6340232	6340711	+	480	37	29	61	46	13	7
gene-AM1_RS28220	NC_009925.1	6341280	6341750	-	471	7	13	22	26	6	3
gene-AM1_RS28225	NC_009925.1	6342544	6343023	+	480	1	6	23	22	0	2
gene-AM1_RS28240	NC_009925.1	6344730	6345059	-	330	9	10	27	22	5	5
gene-AM1_RS28245	NC_009925.1	6345101	6345298	+	198	7	6	11	8	4	1
gene-AM1_RS28250	NC_009925.1	6345295	6346512	+	1218	17	29	78	58	28	12
gene-AM1_RS28255	NC_009925.1	6346649	6347578	-	930	29	35	64	37	12	12
gene-AM1_RS28260	NC_009925.1	6347767	6347976	-	210	6	2	14	7	3	1
gene-AM1_RS28265	NC_009925.1	6347961	6348957	-	997	417	515	1288	659	230	236
gene-AM1_RS28275	NC_009925.1	6349034	6349600	-	567	20	24	66	41	12	10
gene-AM1_RS44045	NC_009925.1	6350555	6351091	+	537	22	25	73	59	17	19
gene-AM1_RS44050	NC_009925.1	6351096	6351965	+	870	19	15	33	23	5	5
gene-AM1_RS28290	NC_009925.1	6351949	6352530	+	582	11	8	20	11	4	3
gene-AM1_RS28295	NC_009925.1	6352548	6358490	-	5943	271	220	762	669	243	176
gene-AM1_RS28300	NC_009925.1	6358635	6359384	-	750	4	12	24	20	5	1
gene-AM1_RS28310	NC_009925.1	6360278	6361282	-	1005	37	26	66	64	30	17
gene-AM1_RS28320	NC_009925.1	6362279	6363076	+	798	13	17	39	56	5	10
gene-AM1_RS28325	NC_009925.1	6363637	6364149	+	513	10	8	52	27	12	9
gene-AM1_RS28330	NC_009925.1	6364432	6365286	+	855	59	59	84	72	28	18
gene-AM1_RS37860	NC_009925.1	6365912	6366805	-	894	6	22	71	55	3	14
gene-AM1_RS28340	NC_009925.1	6366916	6368292	-	1377	58	59	145	152	36	73
gene-AM1_RS28345	NC_009925.1	6368526	6369161	+	636	6	22	33	44	7	15
gene-AM1_RS28350	NC_009925.1	6370243	6371514	+	1272	21	42	63	132	9	18
gene-AM1_RS42430	NC_009925.1	6371675	6371815	-	141	11	7	26	19	13	3
gene-AM1_RS28355	NC_009925.1	6372178	6372549	-	372	5	8	24	17	3	3
gene-AM1_RS38975	NC_009925.1	6372703	6372870	+	168	115	89	348	319	85	118
gene-AM1_RS28360	NC_009925.1	6373608	6376322	+	2715	63	86	247	198	55	61
gene-AM1_RS28365	NC_009925.1	6376347	6376817	+	471	13	10	36	31	7	4
gene-AM1_RS28370	NC_009925.1	6376868	6377518	-	651	73	36	142	139	35	35
gene-AM1_RS28375	NC_009925.1	6377783	6378154	-	372	1	1	10	8	0	0
gene-AM1_RS28380	NC_009925.1	6378293	6379093	-	801	15	29	30	20	8	7
gene-AM1_RS41375	NC_009925.1	6379161	6379400	-	240	1	4	10	9	2	1
gene-AM1_RS28385	NC_009925.1	6379493	6380188	+	696	2	3	22	19	1	1
gene-AM1_RS28390	NC_009925.1	6380298	6380759	-	462	12	18	50	26	10	3
gene-AM1_RS28395	NC_009925.1	6380872	6381498	+	627	10	6	23	24	8	1
gene-AM1_RS28400	NC_009925.1	6381754	6382290	+	537	87	13	53	40	43	26
gene-AM1_RS28405	NC_009925.1	6382521	6383357	+	837	47	16	56	29	18	16
gene-AM1_RS28410	NC_009925.1	6383510	6384445	+	936	9	6	51	24	10	4
gene-AM1_RS28415	NC_009925.1	6385089	6387968	+	2880	8	15	81	87	9	5
gene-AM1_RS28420	NC_009925.1	6388103	6389074	+	972	9	10	17	17	4	3
gene-AM1_RS28425	NC_009925.1	6389085	6390635	+	1551	4	9	39	45	1	1
gene-AM1_RS28430	NC_009925.1	6390645	6391640	+	996	9	9	32	26	3	4
gene-AM1_RS28435	NC_009925.1	6391773	6392171	+	399	10	14	44	17	9	5
gene-AM1_RS28440	NC_009925.1	6392405	6392833	+	429	65	67	111	80	48	42
gene-AM1_RS28445	NC_009925.1	6392866	6394143	+	1278	31	43	201	212	59	79
gene-AM1_RS38985	NC_009925.1	6394148	6394540	-	393	1	8	26	11	9	2
gene-AM1_RS28450	NC_009925.1	6394543	6395472	-	930	31	27	63	44	8	11
gene-AM1_RS28455	NC_009925.1	6395739	6396866	-	1128	28	26	139	173	31	30
gene-AM1_RS28460	NC_009925.1	6397036	6401088	-	4053	49	61	210	194	43	32
gene-AM1_RS28465	NC_009925.1	6401304	6405344	-	4041	90	88	306	311	77	74
gene-AM1_RS28470	NC_009925.1	6405831	6406547	+	717	20	22	40	48	9	12
gene-AM1_RS28475	NC_009925.1	6406541	6407653	+	1113	68	87	132	108	22	25
gene-AM1_RS28480	NC_009925.1	6407912	6408415	+	504	34	27	72	39	12	8
gene-AM1_RS28485	NC_009925.1	6408681	6411401	+	2721	64	60	191	117	52	33
gene-AM1_RS28490	NC_009925.1	6411460	6411897	+	438	14	11	51	48	10	9
gene-AM1_RS28495	NC_009925.1	6412119	6412787	-	669	83	56	303	217	71	65
gene-AM1_RS28500	NC_009925.1	6412834	6415314	-	2481	35	40	138	103	27	21
gene-AM1_RS28505	NC_009925.1	6415391	6416527	-	1137	10	10	60	50	6	9
gene-AM1_RS28510	NC_009925.1	6416524	6417711	-	1188	39	45	163	83	17	23
gene-AM1_RS28515	NC_009925.1	6418275	6418496	+	222	2	5	11	9	0	0
gene-AM1_RS28520	NC_009925.1	6418602	6418790	+	189	5	5	19	13	0	0
gene-AM1_RS28525	NC_009925.1	6419216	6421264	+	2049	280	373	1463	1239	212	205
gene-AM1_RS28530	NC_009925.1	6421637	6422344	+	708	37	47	106	71	19	14
gene-AM1_RS28535	NC_009925.1	6422397	6423350	+	954	5	8	34	26	3	5
gene-AM1_RS28540	NC_009925.1	6423369	6424379	+	1011	42	38	99	58	15	11
gene-AM1_RS37865	NC_009925.1	6424489	6425313	-	825	33	44	128	105	15	9
gene-AM1_RS28550	NC_009925.1	6425418	6426185	-	768	168	303	907	1358	90	226
gene-AM1_RS28555	NC_009925.1	6426691	6427173	+	483	43	48	135	45	28	26
gene-AM1_RS28560	NC_009925.1	6427181	6428407	-	1227	82	83	220	147	62	34
gene-AM1_RS28565	NC_009925.1	6428951	6430018	-	1068	1777	2144	4033	3362	1901	1326
gene-AM1_RS28570	NC_009925.1	6430144	6430608	-	465	159	188	477	427	97	98
gene-AM1_RS28575	NC_009925.1	6430843	6431328	+	486	59	108	219	89	54	38
gene-AM1_RS28580	NC_009925.1	6431332	6431541	-	210	49	76	173	108	62	32
gene-AM1_RS28585	NC_009925.1	6431590	6433074	-	1485	745	1194	2818	2383	1006	807
gene-AM1_RS28590	NC_009925.1	6433480	6434745	-	1266	70	93	304	193	43	46
gene-AM1_RS28595	NC_009925.1	6434923	6439905	-	4983	536	647	1529	1682	343	365
gene-AM1_RS28600	NC_009925.1	6440049	6442124	-	2076	139	316	534	836	97	201
gene-AM1_RS28605	NC_009925.1	6442664	6443092	+	429	47	100	125	275	29	38
gene-AM1_RS28610	NC_009925.1	6443192	6444502	-	1311	1208	609	2279	1850	1100	519
gene-AM1_RS28615	NC_009925.1	6444699	6445964	+	1266	115	188	294	211	94	83
gene-AM1_RS28620	NC_009925.1	6446514	6447320	+	807	46	34	102	82	22	22
gene-AM1_RS28625	NC_009925.1	6447684	6449504	+	1821	122	69	95	79	18	22
gene-AM1_RS28630	NC_009925.1	6449702	6454291	+	4590	2595	2921	4548	4940	2384	2079
gene-AM1_RS28635	NC_009925.1	6454467	6454787	-	321	72	82	109	70	31	11
gene-AM1_RS28640	NC_009925.1	6454793	6455158	-	366	31	33	54	24	16	15
gene-AM1_RS28645	NC_009925.1	6455480	6455707	+	228	22	26	21	27	7	5
gene-AM1_RS28650	NC_009925.1	6455770	6456171	-	402	303	15	65	25	22	10
gene-AM1_RS28655	NC_009925.1	6456251	6457546	-	1296	1023	31	178	97	66	21
gene-AM1_RS28660	NC_009925.1	6457596	6459143	-	1548	2640	23	279	75	102	17
gene-AM1_RS28665	NC_009925.1	6459216	6461051	-	1836	3220	26	391	119	153	16
gene-AM1_RS28670	NC_009925.1	6461298	6462761	-	1464	40	33	129	80	36	28
gene-AM1_RS28675	NC_009925.1	6462790	6464115	-	1326	23	12	52	53	15	6
gene-AM1_RS28680	NC_009925.1	6464105	6465307	-	1203	9	7	31	33	12	8
gene-AM1_RS28685	NC_009925.1	6465264	6466340	-	1077	20	9	58	51	18	23
gene-AM1_RS28690	NC_009925.1	6466592	6467536	-	945	22	24	61	75	19	15
gene-AM1_RS28695	NC_009925.1	6467858	6468055	+	198	15	6	14	8	4	5
gene-AM1_RS28700	NC_009925.1	6468052	6469227	-	1176	20	17	64	56	22	19
gene-AM1_RS28705	NC_009925.1	6469372	6471207	-	1836	20	17	101	72	19	24
gene-AM1_RS28710	NC_009925.1	6471257	6472468	-	1212	14	16	40	35	23	17
gene-AM1_RS28715	NC_009925.1	6472494	6473663	-	1170	39	41	73	58	24	16
gene-AM1_RS28720	NC_009925.1	6473681	6474865	-	1185	12	7	28	44	22	19
gene-AM1_RS28725	NC_009925.1	6474908	6476098	-	1191	11	13	47	30	9	18
gene-AM1_RS28730	NC_009925.1	6476456	6476812	-	357	5	9	22	16	2	3
gene-AM1_RS28735	NC_009925.1	6476941	6477609	-	669	52	70	90	89	19	25
gene-AM1_RS28740	NC_009925.1	6477769	6478050	-	282	49	46	56	55	11	20
gene-AM1_RS28745	NC_009925.1	6478686	6479495	+	810	112	88	220	152	67	37
gene-AM1_RS28750	NC_009925.1	6479682	6482807	-	3126	336	525	606	764	229	262
gene-AM1_RS43375	NC_009925.1	6483088	6483498	+	411	7	14	27	31	2	7
gene-AM1_RS43380	NC_009925.1	6483576	6484103	+	528	35	62	90	92	13	34
gene-AM1_RS28765	NC_009925.1	6484447	6485166	-	720	29	89	47	104	10	40
gene-AM1_RS28770	NC_009925.1	6485833	6486822	-	990	47	106	106	286	19	79
gene-AM1_RS28775	NC_009925.1	6487122	6488045	+	924	59	53	80	68	19	25
gene-AM1_RS28780	NC_009925.1	6488225	6488791	-	567	38	102	157	156	21	71
gene-AM1_RS28785	NC_009925.1	6488867	6491329	-	2463	569	776	2345	3382	473	330
gene-AM1_RS28790	NC_009925.1	6491346	6493589	-	2244	336	616	1391	1565	287	204
gene-AM1_RS28795	NC_009925.1	6493593	6495326	-	1734	540	696	1575	1848	268	279
gene-AM1_RS28800	NC_009925.1	6495331	6496713	-	1383	721	942	1570	2075	415	353
gene-AM1_RS28805	NC_009925.1	6496811	6497866	-	1056	252	272	757	943	136	112
gene-AM1_RS28810	NC_009925.1	6497897	6500074	-	2178	842	1107	2236	2548	602	467
gene-AM1_RS28815	NC_009925.1	6500082	6500486	-	405	111	171	330	311	58	50
gene-AM1_RS28820	NC_009925.1	6500962	6501306	+	345	124	194	412	219	125	94
gene-AM1_RS28830	NC_009925.1	6501672	6502088	+	417	118	308	285	338	75	124
gene-AM1_RS28835	NC_009925.1	6502135	6502626	+	492	45	127	172	266	33	64
gene-AM1_RS28840	NC_009925.1	6502701	6503480	-	780	16	21	64	48	14	9
gene-AM1_RS42435	NC_009926.1	241	381	+	141	12	26	47	41	15	23
gene-AM1_RS28855	NC_009926.1	533	1318	-	786	29	35	54	38	15	12
gene-AM1_RS28860	NC_009926.1	1515	2012	-	498	8	7	30	31	4	8
gene-AM1_RS41390	NC_009926.1	2205	2501	-	297	1	3	7	10	0	0
gene-AM1_RS28870	NC_009926.1	2745	3191	-	447	3	4	9	11	2	2
gene-AM1_RS28875	NC_009926.1	3340	3681	-	342	5	5	16	16	4	2
gene-AM1_RS42440	NC_009926.1	3724	3879	-	156	0	0	5	6	0	0
gene-AM1_RS28885	NC_009926.1	5074	5418	-	345	1	1	7	8	1	1
gene-AM1_RS28890	NC_009926.1	5483	5776	-	294	2	4	8	15	1	2
gene-AM1_RS37895	NC_009926.1	6129	6497	+	369	29	27	84	51	15	10
gene-AM1_RS28900	NC_009926.1	6836	8581	+	1746	35	50	165	258	47	72
gene-AM1_RS28905	NC_009926.1	8739	9557	-	819	3	4	19	26	1	0
gene-AM1_RS28915	NC_009926.1	11188	13125	+	1938	7	2	52	55	2	1
gene-AM1_RS28920	NC_009926.1	13386	14546	+	1161	65	93	102	88	47	27
gene-AM1_RS28925	NC_009926.1	14710	16881	+	2172	130	256	249	183	103	55
gene-AM1_RS28930	NC_009926.1	16883	18049	+	1167	143	251	252	248	86	37
gene-AM1_RS28935	NC_009926.1	19044	19424	-	381	15	21	29	36	7	13
gene-AM1_RS28940	NC_009926.1	19430	22636	-	3207	11	18	95	111	12	5
gene-AM1_RS28945	NC_009926.1	22919	25456	+	2538	92	76	268	239	59	39
gene-AM1_RS28950	NC_009926.1	25600	27051	-	1452	25	31	62	68	14	5
gene-AM1_RS28955	NC_009926.1	27054	27773	-	720	5	0	9	21	5	0
gene-AM1_RS28960	NC_009926.1	27787	29067	-	1281	11	7	29	26	6	4
gene-AM1_RS28965	NC_009926.1	29075	30226	-	1152	5	0	15	29	3	1
gene-AM1_RS28970	NC_009926.1	30216	33362	-	3147	19	13	88	71	10	7
gene-AM1_RS28975	NC_009926.1	33375	33926	-	552	0	1	5	8	1	1
gene-AM1_RS43390	NC_009926.1	33959	34765	-	807	4	1	21	15	3	1
gene-AM1_RS43395	NC_009926.1	34848	36050	-	1203	0	0	19	29	0	1
gene-AM1_RS28985	NC_009926.1	36165	36596	-	432	1	1	6	8	0	0
gene-AM1_RS28990	NC_009926.1	36932	37144	-	213	5	2	12	6	2	1
gene-AM1_RS28995	NC_009926.1	37131	39170	-	2040	30	79	89	87	15	38
gene-AM1_RS29000	NC_009926.1	39944	42067	-	2124	88	148	130	156	52	63
gene-AM1_RS29005	NC_009926.1	42274	43341	-	1068	38	44	59	46	19	18
gene-AM1_RS29010	NC_009926.1	43472	44029	-	558	11	16	38	31	8	9
gene-AM1_RS29015	NC_009926.1	44400	46973	+	2574	55	141	115	115	27	23
gene-AM1_RS29020	NC_009926.1	47081	47809	-	729	22	99	39	56	11	21
gene-AM1_RS29030	NC_009926.1	48497	49573	+	1077	21	56	82	76	7	15
gene-AM1_RS29035	NC_009926.1	49570	50043	+	474	7	7	14	11	1	1
gene-AM1_RS38995	NC_009926.1	50156	50434	+	279	4	2	5	12	1	2
gene-AM1_RS29040	NC_009926.1	50462	51013	+	552	2	11	63	59	9	19
gene-AM1_RS29045	NC_009926.1	51042	52601	-	1560	42	42	102	119	15	13
gene-AM1_RS29050	NC_009926.1	53012	53401	+	390	14	30	15	20	8	1
gene-AM1_RS43400	NC_009926.1	53424	53744	-	321	1	2	8	5	0	1
gene-AM1_RS29060	NC_009926.1	53870	54691	+	822	19	64	74	183	16	61
gene-AM1_RS29065	NC_009926.1	54743	55012	-	270	11	33	53	67	14	21
gene-AM1_RS29070	NC_009926.1	55256	55555	+	300	14	16	31	34	4	2
gene-AM1_RS29075	NC_009926.1	55728	56300	+	573	89	93	187	101	43	15
gene-AM1_RS29080	NC_009926.1	56392	56958	-	567	39	25	84	40	13	12
gene-AM1_RS29085	NC_009926.1	57060	57617	+	558	483	332	1267	1275	403	143
gene-AM1_RS29090	NC_009926.1	57962	58861	-	900	166	151	286	153	64	29
gene-AM1_RS29095	NC_009926.1	59755	59967	+	213	25	24	28	22	8	7
gene-AM1_RS29100	NC_009926.1	59967	60440	+	474	22	30	28	77	1	11
gene-AM1_RS42445	NC_009926.1	60432	61205	-	774	11	89	90	501	13	81
gene-AM1_RS29110	NC_009926.1	61470	62132	+	663	28	39	66	54	20	25
gene-AM1_RS29115	NC_009926.1	62279	62560	+	282	26	24	57	44	21	17
gene-AM1_RS29120	NC_009926.1	62593	63378	-	786	99	104	171	143	119	75
gene-AM1_RS29125	NC_009926.1	63900	64475	+	576	14	15	66	54	6	10
gene-AM1_RS29130	NC_009926.1	64839	66317	+	1479	80	74	232	190	71	79
gene-AM1_RS29135	NC_009926.1	66619	67269	-	651	24	34	41	27	9	5
gene-AM1_RS29140	NC_009926.1	67539	67826	-	288	15	13	26	23	4	3
gene-AM1_RS29145	NC_009926.1	68273	68884	+	612	17	29	71	213	13	66
gene-AM1_RS29150	NC_009926.1	68948	69859	-	912	13	36	26	46	5	14
gene-AM1_RS29155	NC_009926.1	69936	70550	-	615	4	6	20	15	3	4
gene-AM1_RS29160	NC_009926.1	70977	72041	+	1065	40	22	55	52	16	10
gene-AM1_RS29165	NC_009926.1	72223	72933	-	711	9	20	30	30	8	6
gene-AM1_RS29170	NC_009926.1	73272	74744	+	1473	36	42	115	95	17	21
gene-AM1_RS29175	NC_009926.1	74923	76380	-	1458	75	112	192	218	65	86
gene-AM1_RS29180	NC_009926.1	76799	77674	+	876	34	63	88	138	9	41
gene-AM1_RS29190	NC_009926.1	78125	78454	-	330	17	13	52	36	8	12
gene-AM1_RS29195	NC_009926.1	78706	79518	-	813	24	30	74	50	20	15
gene-AM1_RS29200	NC_009926.1	80174	80413	-	240	45	58	50	172	19	50
gene-AM1_RS29205	NC_009926.1	80912	81667	-	756	209	171	246	225	174	107
gene-AM1_RS29210	NC_009926.1	81808	83718	-	1911	29	46	60	58	12	26
gene-AM1_RS29215	NC_009926.1	83939	86200	-	2262	84	116	219	251	51	33
gene-AM1_RS29220	NC_009926.1	86293	87366	-	1074	144	142	334	301	88	113
gene-AM1_RS29225	NC_009926.1	87396	87686	+	291	11	16	67	17	6	3
gene-AM1_RS29230	NC_009926.1	87683	88459	+	777	38	33	104	57	20	18
gene-AM1_RS29235	NC_009926.1	88541	90844	+	2304	135	159	254	240	102	90
gene-AM1_RS29240	NC_009926.1	90919	91206	-	288	48	189	64	202	9	13
gene-AM1_RS29245	NC_009926.1	91793	92005	+	213	90	239	24	44	12	15
gene-AM1_RS43410	NC_009926.1	92148	92399	+	252	22	66	7	7	1	2
gene-AM1_RS43415	NC_009926.1	92400	92555	+	156	3	14	4	3	0	1
gene-AM1_RS29255	NC_009926.1	92638	92853	+	216	22	44	73	48	8	9
gene-AM1_RS29260	NC_009926.1	93491	94957	+	1467	29	46	80	55	10	11
gene-AM1_RS29265	NC_009926.1	94960	95526	+	567	7	7	13	14	2	2
gene-AM1_RS29270	NC_009926.1	96085	96951	+	867	2	4	31	26	1	0
gene-AM1_RS29275	NC_009926.1	96975	98006	+	1032	6	4	45	38	2	2
gene-AM1_RS29280	NC_009926.1	98263	98619	+	357	4	8	16	17	0	1
gene-AM1_RS29285	NC_009926.1	99082	99399	+	318	6	1	10	11	1	2
gene-AM1_RS29290	NC_009926.1	99449	99730	-	282	0	4	2	3	0	0
gene-AM1_RS29295	NC_009926.1	99952	100698	-	747	8	9	34	33	9	4
gene-AM1_RS29315	NC_009926.1	103513	104052	-	540	15	16	55	36	14	5
gene-AM1_RS29320	NC_009926.1	104137	105093	+	957	186	108	363	318	203	113
gene-AM1_RS29325	NC_009926.1	105324	106145	+	822	156	105	318	387	163	99
gene-AM1_RS44055	NC_009926.1	106685	106819	+	135	8	9	11	8	3	4
gene-AM1_RS44060	NC_009926.1	106915	107082	+	168	5	1	8	7	3	2
gene-AM1_RS29335	NC_009926.1	107218	108678	-	1461	164	322	189	183	48	58
gene-AM1_RS29340	NC_009926.1	108675	111797	-	3123	106	110	274	205	57	56
gene-AM1_RS29345	NC_009926.1	112328	113719	-	1392	40	64	98	82	12	9
gene-AM1_RS44065	NC_009926.1	113932	114057	-	126	10	8	9	13	4	2
gene-AM1_RS29350	NC_009926.1	114230	115342	-	1113	202	175	163	105	50	58
gene-AM1_RS29355	NC_009926.1	115452	116372	-	921	38	26	80	76	15	16
gene-AM1_RS29360	NC_009926.1	116486	117151	-	666	6	8	14	25	6	3
gene-AM1_RS29365	NC_009926.1	117165	117644	-	480	5	4	16	16	7	2
gene-AM1_RS29370	NC_009926.1	117649	117870	-	222	3	7	7	14	6	2
gene-AM1_RS29375	NC_009926.1	117857	118072	-	216	7	5	11	19	2	2
gene-AM1_RS29380	NC_009926.1	118276	118506	+	231	5	0	14	18	2	1
gene-AM1_RS29385	NC_009926.1	118506	118928	+	423	4	4	17	16	1	2
gene-AM1_RS29390	NC_009926.1	118965	120014	+	1050	7	7	44	45	5	5
gene-AM1_RS29395	NC_009926.1	120779	121225	-	447	6	3	20	18	4	3
gene-AM1_RS29400	NC_009926.1	121348	122028	-	681	18	14	34	29	6	7
gene-AM1_RS29405	NC_009926.1	122075	124387	-	2313	42	41	87	115	27	22
gene-AM1_RS29410	NC_009926.1	124682	125374	+	693	12	4	32	28	4	2
gene-AM1_RS29420	NC_009926.1	126771	127274	+	504	0	0	8	8	0	3
gene-AM1_RS29425	NC_009926.1	127277	129640	+	2364	27	22	91	76	11	10
gene-AM1_RS40125	NC_009926.1	129733	130119	+	387	2	0	10	6	4	1
gene-AM1_RS29435	NC_009926.1	130142	130417	+	276	13	21	15	10	5	2
gene-AM1_RS29440	NC_009926.1	130938	131465	-	528	1499	1069	1786	1456	788	563
gene-AM1_RS29445	NC_009926.1	131834	132097	+	264	10	6	15	11	5	3
gene-AM1_RS29450	NC_009926.1	132118	132576	+	459	10	10	9	14	3	4
gene-AM1_RS29455	NC_009926.1	132675	133478	-	804	32	37	46	36	17	10
gene-AM1_RS29460	NC_009926.1	133475	134131	-	657	30	38	51	33	13	5
gene-AM1_RS29465	NC_009926.1	134577	135851	-	1275	40	53	101	55	20	9
gene-AM1_RS29470	NC_009926.1	135861	136802	-	942	16	36	83	34	17	8
gene-AM1_RS29475	NC_009926.1	136835	139429	-	2595	23	34	96	78	9	15
gene-AM1_RS29480	NC_009926.1	139652	140749	-	1098	9	9	29	45	6	3
gene-AM1_RS29485	NC_009926.1	140959	141945	-	987	5	3	26	26	3	1
gene-AM1_RS29490	NC_009926.1	141942	142775	-	834	9	7	21	11	2	1
gene-AM1_RS29495	NC_009926.1	142772	143815	-	1044	6	8	48	23	5	1
gene-AM1_RS29500	NC_009926.1	143812	144741	-	930	6	8	26	24	3	1
gene-AM1_RS29505	NC_009926.1	144883	145287	-	405	4	2	3	4	2	1
gene-AM1_RS29510	NC_009926.1	145271	145924	-	654	14	15	48	29	12	6
gene-AM1_RS44070	NC_009926.1	146346	147875	+	1530	23	15	48	50	2	2
gene-AM1_RS29520	NC_009926.1	148068	149390	+	1323	27	53	146	102	38	35
gene-AM1_RS37905	NC_009926.1	149740	150735	+	996	35	55	84	80	20	46
gene-AM1_RS29530	NC_009926.1	150862	153507	+	2646	31	56	115	83	13	18
gene-AM1_RS29535	NC_009926.1	153513	154763	+	1251	10	10	31	43	3	2
gene-AM1_RS29540	NC_009926.1	154923	156692	+	1770	12	42	89	82	22	16
gene-AM1_RS29545	NC_009926.1	156622	158400	+	1779	16	15	66	51	11	4
gene-AM1_RS29550	NC_009926.1	158827	159744	+	918	43	59	130	89	20	26
gene-AM1_RS29555	NC_009926.1	160075	160707	-	633	18	23	59	57	21	13
gene-AM1_RS29560	NC_009926.1	161085	161675	+	591	166	181	323	268	53	70
gene-AM1_RS29565	NC_009926.1	162111	162524	+	414	8	21	27	16	6	1
gene-AM1_RS29570	NC_009926.1	162588	163034	+	447	17	36	14	8	3	1
gene-AM1_RS29575	NC_009926.1	163069	164331	-	1263	187	419	33	30	9	4
gene-AM1_RS29580	NC_009926.1	164562	165623	-	1062	653	958	40	29	10	6
gene-AM1_RS29585	NC_009926.1	165652	166695	-	1044	736	1262	32	32	8	2
gene-AM1_RS29590	NC_009926.1	166695	169262	-	2568	3287	4166	127	103	33	23
gene-AM1_RS40130	NC_009926.1	170342	171186	+	845	21	29	50	33	8	5
gene-AM1_RS42450	NC_009926.1	171168	171323	-	156	2	2	1	2	1	0
gene-AM1_RS44075	NC_009926.1	171316	171450	-	135	2	3	1	4	0	0
gene-AM1_RS29620	NC_009926.1	172924	173286	-	363	58	58	130	85	19	22
gene-AM1_RS29625	NC_009926.1	173287	174144	-	858	50	69	64	47	21	8
gene-AM1_RS29635	NC_009926.1	175788	176156	-	369	1	11	24	11	0	0
gene-AM1_RS29640	NC_009926.1	176261	176725	-	465	15	18	20	11	5	1
gene-AM1_RS29645	NC_009926.1	176786	179353	-	2568	272	294	115	99	24	15
gene-AM1_RS29650	NC_009926.1	179498	180505	-	1008	30	26	34	35	16	12
gene-AM1_RS43425	NC_009926.1	180631	181140	-	510	8	10	32	14	1	5
gene-AM1_RS29665	NC_009926.1	182666	183289	+	624	114	145	86	47	10	10
gene-AM1_RS29670	NC_009926.1	183544	183828	-	285	7	4	23	6	5	1
gene-AM1_RS44080	NC_009926.1	183798	183929	-	132	1	1	0	1	0	0
gene-AM1_RS29675	NC_009926.1	184013	184639	-	627	6	11	20	8	1	1
gene-AM1_RS44085	NC_009926.1	184646	184771	-	126	3	3	6	3	1	2
gene-AM1_RS29700	NC_009926.1	188729	190462	+	1734	221	269	458	280	176	120
gene-AM1_RS29710	NC_009926.1	192229	192993	+	765	142	157	298	140	90	64
gene-AM1_RS29730	NC_009926.1	195317	196396	+	1080	26	33	69	62	7	5
gene-AM1_RS29735	NC_009926.1	196655	198205	+	1551	39	45	36	38	6	7
gene-AM1_RS29740	NC_009926.1	198213	201824	+	3612	66	107	104	98	20	8
gene-AM1_RS29745	NC_009926.1	201842	206839	+	4998	363	577	790	407	176	167
gene-AM1_RS29750	NC_009926.1	206823	208628	+	1806	57	53	84	59	12	7
gene-AM1_RS29755	NC_009926.1	208625	212977	+	4353	123	153	226	189	43	30
gene-AM1_RS29760	NC_009926.1	213257	217915	+	4659	160	226	225	145	50	27
gene-AM1_RS29765	NC_009926.1	217912	226071	+	8160	279	365	466	401	149	71
gene-AM1_RS29770	NC_009926.1	226077	227525	+	1449	33	52	99	60	21	12
gene-AM1_RS29775	NC_009926.1	227512	228762	+	1251	72	78	79	57	20	16
gene-AM1_RS29780	NC_009926.1	228848	238093	+	9246	378	471	619	486	188	101
gene-AM1_RS29785	NC_009926.1	238090	242811	+	4722	269	335	402	397	147	70
gene-AM1_RS29790	NC_009926.1	242847	243734	+	888	68	113	118	97	35	22
gene-AM1_RS29805	NC_009926.1	245207	246682	+	1476	48	40	63	46	10	5
gene-AM1_RS29810	NC_009926.1	246679	247143	+	465	7	6	14	13	1	0
gene-AM1_RS29815	NC_009926.1	247161	247742	+	582	43	32	56	26	8	6
gene-AM1_RS29820	NC_009926.1	247761	248024	+	264	2	2	6	1	0	1
gene-AM1_RS29825	NC_009926.1	248014	248478	+	465	19	10	8	13	1	1
gene-AM1_RS29830	NC_009926.1	248489	250030	+	1542	41	47	83	64	20	6
gene-AM1_RS29835	NC_009926.1	250075	251394	+	1320	86	85	110	109	25	19
gene-AM1_RS29840	NC_009926.1	251404	251844	+	441	11	11	15	9	5	0
gene-AM1_RS29845	NC_009926.1	251914	252999	+	1086	336	501	67	54	3	6
gene-AM1_RS29850	NC_009926.1	253018	254367	+	1350	222	361	85	70	25	14
gene-AM1_RS29855	NC_009926.1	255155	255982	+	828	30	47	64	46	18	27
gene-AM1_RS29860	NC_009926.1	255979	256938	+	960	70	87	185	139	96	54
gene-AM1_RS29865	NC_009926.1	257037	257261	+	225	39	41	55	48	32	12
gene-AM1_RS29870	NC_009926.1	257477	257722	-	246	29	42	34	32	6	8
gene-AM1_RS29880	NC_009926.1	258796	260526	-	1731	105	117	201	134	39	54
gene-AM1_RS42490	NC_009926.1	260435	260635	+	201	21	22	69	50	15	7
gene-AM1_RS29890	NC_009926.1	263447	264007	+	561	0	1	8	18	2	0
gene-AM1_RS29895	NC_009926.1	264086	264904	-	819	2	5	22	28	2	1
gene-AM1_RS29905	NC_009926.1	266578	267135	+	558	4	10	28	15	1	2
gene-AM1_RS44525	NC_009926.1	267269	267346	-	78	2	0	3	0	1	0
gene-AM1_RS29910	NC_009926.1	267397	267762	-	366	64	95	180	105	37	32
gene-AM1_RS29915	NC_009926.1	267774	268457	-	684	9	4	27	27	9	5
gene-AM1_RS39035	NC_009926.1	268576	268716	-	141	2	0	2	1	0	1
gene-AM1_RS29920	NC_009926.1	268789	269334	-	546	3	6	16	9	5	6
gene-AM1_RS29925	NC_009926.1	269405	270031	+	627	53	47	134	140	32	41
gene-AM1_RS29930	NC_009926.1	270437	270886	+	450	9	10	40	32	4	2
gene-AM1_RS29935	NC_009926.1	271500	272117	+	618	18	12	28	25	3	3
gene-AM1_RS42495	NC_009926.1	272223	272762	-	540	7	13	29	11	3	1
gene-AM1_RS29945	NC_009926.1	272793	273605	-	813	25	28	55	43	19	15
gene-AM1_RS29950	NC_009926.1	273985	274326	-	342	5	14	41	36	4	3
gene-AM1_RS29955	NC_009926.1	274376	275653	-	1278	61	77	141	88	24	24
gene-AM1_RS29960	NC_009926.1	275668	278232	-	2565	98	112	329	185	61	45
gene-AM1_RS37915	NC_009926.1	278369	279370	-	1002	40	28	79	45	13	6
gene-AM1_RS29975	NC_009926.1	279837	280805	-	969	59	60	123	101	24	14
gene-AM1_RS29980	NC_009926.1	281239	282105	-	867	52	46	139	138	19	18
gene-AM1_RS29985	NC_009926.1	282229	282471	+	243	13	8	17	19	3	3
gene-AM1_RS29990	NC_009926.1	282590	284176	-	1587	35	27	67	70	19	15
gene-AM1_RS29995	NC_009926.1	284173	287130	-	2958	63	67	235	174	50	42
gene-AM1_RS30000	NC_009926.1	287127	287879	-	753	5	7	22	12	1	0
gene-AM1_RS42500	NC_009926.1	288012	288149	-	138	34	23	90	53	5	11
gene-AM1_RS30010	NC_009926.1	288500	292597	-	4098	98	109	264	255	43	42
gene-AM1_RS30015	NC_009926.1	292832	293362	-	531	72	56	121	107	23	18
gene-AM1_RS43435	NC_009926.1	293674	294090	-	417	57	73	113	57	13	12
gene-AM1_RS43440	NC_009926.1	294151	294321	-	171	9	11	12	7	2	0
gene-AM1_RS30030	NC_009926.1	294691	299961	-	5271	102	132	334	267	68	54
gene-AM1_RS30035	NC_009926.1	300066	300971	-	906	27	48	72	66	19	21
gene-AM1_RS40150	NC_009926.1	301561	301875	-	315	5	5	20	20	3	1
gene-AM1_RS30040	NC_009926.1	302220	303953	-	1734	48	46	95	76	14	8
gene-AM1_RS30045	NC_009926.1	304897	308544	-	3648	50	68	248	181	34	34
gene-AM1_RS30050	NC_009926.1	308931	309440	+	510	17	17	46	20	3	0
gene-AM1_RS30055	NC_009926.1	309817	310452	+	636	77	81	141	185	52	52
gene-AM1_RS30060	NC_009926.1	310505	311737	+	1233	33	28	66	50	15	6
gene-AM1_RS30065	NC_009926.1	311833	312537	+	705	10	13	20	22	6	2
gene-AM1_RS30070	NC_009926.1	312547	313557	+	1011	8	8	55	54	3	5
gene-AM1_RS30075	NC_009926.1	313869	315491	-	1623	71	155	249	272	43	52
gene-AM1_RS37920	NC_009926.1	315845	316300	-	456	10	12	48	22	3	2
gene-AM1_RS30090	NC_009926.1	316448	317032	+	585	19	14	41	27	12	12
gene-AM1_RS30095	NC_009926.1	317162	317470	+	309	7	10	23	26	2	5
gene-AM1_RS30100	NC_009926.1	317583	317798	+	216	9	15	16	32	4	8
gene-AM1_RS30105	NC_009926.1	318100	318612	+	513	51	55	98	63	16	23
gene-AM1_RS30110	NC_009926.1	318891	320135	+	1245	16	20	71	71	12	19
gene-AM1_RS44090	NC_009926.1	320160	321071	-	912	109	126	179	154	67	38
gene-AM1_RS30120	NC_009926.1	321071	321823	-	753	69	94	152	105	41	40
gene-AM1_RS30125	NC_009926.1	321906	322103	-	198	11	15	20	15	4	5
gene-AM1_RS30130	NC_009926.1	322103	322588	-	486	29	46	97	106	22	33
gene-AM1_RS30135	NC_009926.1	322632	323036	-	405	10	4	21	14	3	2
gene-AM1_RS30140	NC_009926.1	323112	323768	-	657	38	39	119	127	53	38
gene-AM1_RS30145	NC_009926.1	324104	324742	-	639	8	13	31	29	4	1
gene-AM1_RS37925	NC_009926.1	324889	325371	-	483	10	15	42	21	6	7
gene-AM1_RS30155	NC_009926.1	325525	326010	-	486	17	20	40	38	4	10
gene-AM1_RS30165	NC_009926.1	326550	327320	-	771	3	6	38	18	6	2
gene-AM1_RS30170	NC_009926.1	327310	327759	-	450	0	3	10	2	0	1
gene-AM1_RS30175	NC_009926.1	327756	328016	-	261	0	0	1	3	0	1
gene-AM1_RS30180	NC_009926.1	328161	328691	-	531	3	3	19	16	1	2
gene-AM1_RS42505	NC_009926.1	329547	329762	-	216	2	3	12	14	0	0
gene-AM1_RS41460	NC_009926.1	330109	330393	-	285	1	0	8	14	3	0
gene-AM1_RS30195	NC_009926.1	330627	331082	-	456	22	16	32	32	5	10
gene-AM1_RS43455	NC_009926.1	331265	331441	-	177	4	6	14	7	2	1
gene-AM1_RS43460	NC_009926.1	331478	331702	-	225	5	2	12	5	2	0
gene-AM1_RS43465	NC_009926.1	331901	332128	-	228	0	4	5	6	2	0
gene-AM1_RS30205	NC_009926.1	332277	332795	-	519	29	36	74	49	21	21
gene-AM1_RS41465	NC_009926.1	332776	333036	-	261	0	3	2	5	0	0
gene-AM1_RS42510	NC_009926.1	333207	333362	-	156	3	3	16	15	6	3
gene-AM1_RS30215	NC_009926.1	333648	333893	-	246	14	30	42	51	10	6
gene-AM1_RS42515	NC_009926.1	333979	334131	-	153	2	2	8	7	1	0
gene-AM1_RS30220	NC_009926.1	334134	334478	-	345	3	2	16	11	5	0
gene-AM1_RS30225	NC_009926.1	334545	334811	-	267	1	2	13	8	0	0
gene-AM1_RS30230	NC_009926.1	335109	335342	+	234	13	17	64	69	10	8
gene-AM1_RS30235	NC_009926.1	335394	335684	+	291	28	21	56	41	12	14
gene-AM1_RS30240	NC_009926.1	335839	336894	-	1056	15	24	50	41	10	5
gene-AM1_RS30245	NC_009926.1	336918	337115	-	198	4	7	21	30	4	2
gene-AM1_RS30250	NC_009926.1	337238	337489	+	252	8	8	41	35	10	12
gene-AM1_RS30255	NC_009926.1	337686	338147	-	462	11	8	32	23	5	9
gene-AM1_RS30265	NC_009926.1	338747	339013	-	267	7	49	36	42	11	5
gene-AM1_RS30270	NC_009926.1	339156	339542	+	387	75	85	200	146	57	38
gene-AM1_RS30275	NC_009926.1	339743	340018	+	276	29	41	183	125	31	41
gene-AM1_RS30280	NC_009926.1	340194	341000	+	807	20	47	31	92	6	55
gene-AM1_RS30285	NC_009926.1	341023	341628	-	606	8	31	38	51	1	14
gene-AM1_RS38270	NC_009926.1	341678	342022	-	345	3	2	7	9	1	1
gene-AM1_RS30295	NC_009926.1	342266	342757	+	492	8	29	27	24	4	2
gene-AM1_RS30300	NC_009926.1	342953	343300	-	348	20	22	65	108	21	18
gene-AM1_RS30305	NC_009926.1	343540	343938	+	399	8	9	29	19	7	11
gene-AM1_RS30310	NC_009926.1	344011	344493	+	483	16	8	31	30	0	11
gene-AM1_RS30315	NC_009926.1	344854	345291	-	438	11	14	44	29	3	13
gene-AM1_RS30320	NC_009926.1	346124	346447	+	324	6	11	48	31	6	5
gene-AM1_RS43475	NC_009926.1	347700	348977	+	1278	40	84	182	235	41	95
gene-AM1_RS30335	NC_009926.1	349068	351812	+	2745	152	368	689	861	164	280
gene-AM1_RS30340	NC_009926.1	352247	355078	+	2832	172	196	420	345	70	54
gene-AM1_RS30345	NC_009926.1	355227	356087	-	861	10	9	76	60	18	12
gene-AM1_RS39070	NC_009926.1	356196	356405	-	210	1	3	15	12	2	1
gene-AM1_RS42520	NC_009926.1	356428	356574	+	147	6	0	7	6	2	0
gene-AM1_RS30350	NC_009926.1	356755	358005	-	1251	25	21	70	74	13	8
gene-AM1_RS42525	NC_009926.1	358228	358365	-	138	1	0	11	2	0	0
gene-AM1_RS42530	NC_009926.1	358659	358796	-	138	1	1	4	5	0	0
gene-AM1_RS30360	NC_009926.1	358835	359350	-	516	4	1	14	11	3	2
gene-AM1_RS30365	NC_009926.1	359496	359870	-	375	4	5	7	10	2	4
gene-AM1_RS30370	NC_009926.1	359840	360688	-	849	7	6	35	36	3	3
gene-AM1_RS30375	NC_009926.1	360681	361118	-	438	1	1	4	10	0	0
gene-AM1_RS30380	NC_009926.1	361118	362254	-	1137	4	4	29	26	0	1
gene-AM1_RS37940	NC_009926.1	362705	368410	+	5706	131	149	316	248	107	61
gene-AM1_RS30390	NC_009926.1	368407	368628	-	222	24	17	106	101	20	12
gene-AM1_RS30395	NC_009926.1	368690	370885	-	2196	44	39	140	153	46	29
gene-AM1_RS30400	NC_009926.1	370938	371294	-	357	1	2	6	11	2	0
gene-AM1_RS30405	NC_009926.1	371291	373018	-	1728	9	10	41	48	6	3
gene-AM1_RS30410	NC_009926.1	373192	373521	-	330	17	13	45	33	4	6
gene-AM1_RS28850	NC_009926.1	373616	374335	+	720	33	33	83	91	22	23
gene-AM1_RS30420	NC_009927.1	1369	2187	-	819	3	6	16	24	2	3
gene-AM1_RS30430	NC_009927.1	4089	4343	+	255	0	0	1	1	0	0
gene-AM1_RS30435	NC_009927.1	4356	5213	+	858	0	1	1	3	8	6
gene-AM1_RS30440	NC_009927.1	5430	7103	-	1674	18	15	34	33	12	9
gene-AM1_RS30445	NC_009927.1	7423	7962	-	540	4	8	23	11	10	10
gene-AM1_RS30455	NC_009927.1	9804	10553	+	750	0	0	1	0	2	1
gene-AM1_RS30465	NC_009927.1	11018	12238	-	1221	0	4	13	2	4	1
gene-AM1_RS30470	NC_009927.1	12573	13772	-	1200	0	0	0	1	2	1
gene-AM1_RS44545	NC_009927.1	13769	13837	-	69	0	0	0	0	0	0
gene-AM1_RS30475	NC_009927.1	13869	15227	-	1359	0	0	3	1	2	2
gene-AM1_RS43490	NC_009927.1	15197	15592	-	396	0	0	1	1	0	0
gene-AM1_RS30485	NC_009927.1	15686	16039	-	354	1	0	2	0	1	0
gene-AM1_RS41505	NC_009927.1	16071	16217	-	147	0	0	1	0	3	3
gene-AM1_RS30490	NC_009927.1	16336	16674	+	339	1	0	7	2	7	5
gene-AM1_RS30500	NC_009927.1	17087	17710	+	624	8	16	39	23	12	11
gene-AM1_RS44310	NC_009927.1	17838	18182	+	345	0	0	4	3	6	2
gene-AM1_RS44315	NC_009927.1	18195	18413	+	219	0	0	0	0	2	0
gene-AM1_RS30510	NC_009927.1	18459	18716	-	258	0	2	3	2	3	5
gene-AM1_RS30515	NC_009927.1	19206	19853	+	648	0	1	0	1	3	9
gene-AM1_RS30520	NC_009927.1	19846	20796	+	951	4	2	11	10	49	25
gene-AM1_RS30535	NC_009927.1	22497	22967	+	471	0	0	0	2	0	0
gene-AM1_RS30540	NC_009927.1	22992	23510	+	519	0	0	0	0	1	1
gene-AM1_RS30545	NC_009927.1	23691	24281	+	591	1	1	1	7	7	8
gene-AM1_RS30550	NC_009927.1	24390	24797	+	408	0	1	0	0	3	2
gene-AM1_RS30555	NC_009927.1	24893	25516	+	624	0	0	5	0	2	0
gene-AM1_RS30560	NC_009927.1	25638	26090	+	453	0	0	0	2	6	1
gene-AM1_RS30565	NC_009927.1	26188	26925	+	738	0	0	6	6	8	5
gene-AM1_RS30570	NC_009927.1	27424	28518	+	1095	0	0	2	0	4	3
gene-AM1_RS30575	NC_009927.1	28769	29176	-	408	0	0	1	1	5	3
gene-AM1_RS30580	NC_009927.1	29499	29756	+	258	0	0	1	1	7	2
gene-AM1_RS30585	NC_009927.1	30204	30623	+	420	0	0	0	0	1	0
gene-AM1_RS30590	NC_009927.1	30670	31224	+	555	1	0	2	0	3	2
gene-AM1_RS30595	NC_009927.1	31467	32441	+	975	6	0	1	1	5	4
gene-AM1_RS30600	NC_009927.1	32617	33333	-	717	4	0	2	0	3	1
gene-AM1_RS30605	NC_009927.1	33349	34404	+	1056	42	42	175	109	39	22
gene-AM1_RS30610	NC_009927.1	34478	35788	+	1311	26	40	98	82	17	24
gene-AM1_RS38275	NC_009927.1	35760	36503	-	744	0	0	1	0	3	0
gene-AM1_RS30620	NC_009927.1	36567	37238	+	672	0	0	0	2	3	2
gene-AM1_RS44095	NC_009927.1	37243	37779	+	537	0	1	0	0	0	0
gene-AM1_RS44555	NC_009927.1	37796	38038	+	243	0	0	0	0	0	0
gene-AM1_RS30630	NC_009927.1	38084	38911	+	828	0	0	2	0	2	5
gene-AM1_RS30635	NC_009927.1	38960	39508	+	549	0	0	0	0	1	4
gene-AM1_RS30640	NC_009927.1	39660	40262	+	603	0	0	1	3	8	11
gene-AM1_RS30645	NC_009927.1	40306	41457	-	1152	1	0	7	2	30	29
gene-AM1_RS30650	NC_009927.1	41577	42299	+	723	0	2	3	1	7	22
gene-AM1_RS30655	NC_009927.1	42496	43740	+	1245	9	17	54	48	12	14
gene-AM1_RS43510	NC_009927.1	43765	44835	-	1071	0	0	3	4	6	4
gene-AM1_RS30670	NC_009927.1	45182	46267	-	1086	0	0	8	3	14	9
gene-AM1_RS30675	NC_009927.1	46598	47008	+	411	0	1	2	3	14	6
gene-AM1_RS30680	NC_009927.1	47053	47565	+	513	0	0	1	5	6	13
gene-AM1_RS30685	NC_009927.1	47577	47936	+	360	0	1	1	5	10	7
gene-AM1_RS30690	NC_009927.1	48400	49860	+	1461	2	5	9	13	16	15
gene-AM1_RS42540	NC_009927.1	49857	50072	-	216	1	0	0	0	1	0
gene-AM1_RS30695	NC_009927.1	50302	50766	-	465	0	0	4	2	7	3
gene-AM1_RS30700	NC_009927.1	50766	51143	-	378	1	0	0	1	5	2
gene-AM1_RS30705	NC_009927.1	51377	51910	-	534	0	1	8	1	12	13
gene-AM1_RS30710	NC_009927.1	52613	52828	-	216	4	1	3	2	9	6
gene-AM1_RS30715	NC_009927.1	52905	53087	-	183	1	1	3	4	5	5
gene-AM1_RS30720	NC_009927.1	53376	53780	+	405	1	0	4	3	6	11
gene-AM1_RS30725	NC_009927.1	53865	54932	+	1068	0	0	3	2	0	1
gene-AM1_RS44320	NC_009927.1	55101	55274	-	174	0	0	1	0	0	2
gene-AM1_RS30730	NC_009927.1	55532	56002	+	471	2	0	8	3	9	9
gene-AM1_RS30735	NC_009927.1	56111	56539	+	429	0	1	0	0	4	2
gene-AM1_RS30740	NC_009927.1	56586	56828	+	243	0	0	0	0	0	2
gene-AM1_RS30745	NC_009927.1	57003	57380	+	378	2	5	2	3	5	2
gene-AM1_RS30750	NC_009927.1	57583	57858	+	276	1	3	17	16	11	19
gene-AM1_RS30755	NC_009927.1	58034	58840	+	807	0	1	2	12	6	28
gene-AM1_RS30760	NC_009927.1	59351	59674	+	324	0	0	0	0	0	1
gene-AM1_RS39100	NC_009927.1	59796	60083	+	288	1	0	1	0	1	1
gene-AM1_RS30765	NC_009927.1	60010	60360	-	351	0	0	0	0	0	0
gene-AM1_RS43520	NC_009927.1	60502	60747	-	246	0	0	0	1	0	3
gene-AM1_RS39105	NC_009927.1	61439	61618	+	180	0	0	0	0	0	0
gene-AM1_RS39110	NC_009927.1	61624	61830	+	207	0	0	0	0	6	0
gene-AM1_RS30775	NC_009927.1	61913	62947	+	1035	3	1	2	1	3	5
gene-AM1_RS30780	NC_009927.1	63061	63762	-	702	0	1	1	1	5	3
gene-AM1_RS30785	NC_009927.1	64536	64721	-	186	0	0	1	0	1	0
gene-AM1_RS39115	NC_009927.1	65529	65732	+	204	0	0	0	0	0	1
gene-AM1_RS30790	NC_009927.1	65882	66565	-	684	4	4	3	3	5	11
gene-AM1_RS30795	NC_009927.1	67224	67565	-	342	0	0	7	2	6	1
gene-AM1_RS38285	NC_009927.1	67607	68026	-	420	0	2	3	0	3	3
gene-AM1_RS30805	NC_009927.1	68023	68499	-	477	0	1	3	1	3	1
gene-AM1_RS30810	NC_009927.1	68669	69169	+	501	0	3	5	1	23	13
gene-AM1_RS30815	NC_009927.1	69284	69673	+	390	1	1	2	3	13	5
gene-AM1_RS30820	NC_009927.1	69711	70019	+	309	0	0	1	4	6	2
gene-AM1_RS30825	NC_009927.1	70022	70564	+	543	0	3	2	2	5	4
gene-AM1_RS30830	NC_009927.1	70615	71577	+	963	0	0	2	3	2	0
gene-AM1_RS30835	NC_009927.1	71580	72191	+	612	0	0	1	0	3	8
gene-AM1_RS30840	NC_009927.1	72267	72881	+	615	8	14	35	38	25	27
gene-AM1_RS30845	NC_009927.1	73419	74522	+	1104	22	25	82	88	32	21
gene-AM1_RS30850	NC_009927.1	74753	75148	+	396	11	11	57	45	14	9
gene-AM1_RS30855	NC_009927.1	75493	77346	-	1854	29	67	98	86	13	15
gene-AM1_RS30860	NC_009927.1	77845	78888	-	1044	18	25	87	90	7	12
gene-AM1_RS44100	NC_009927.1	79061	79195	-	135	0	0	0	4	0	0
gene-AM1_RS40230	NC_009927.1	79194	79367	+	174	5	0	3	5	3	0
gene-AM1_RS30865	NC_009927.1	79539	79943	-	405	10	11	24	17	1	6
gene-AM1_RS30870	NC_009927.1	79927	80580	-	654	37	32	71	64	22	16
gene-AM1_RS30875	NC_009927.1	80796	81872	-	1077	14	20	53	52	6	5
gene-AM1_RS30880	NC_009927.1	81882	82661	-	780	20	19	41	32	9	4
gene-AM1_RS30885	NC_009927.1	82658	83974	-	1317	24	13	71	45	13	7
gene-AM1_RS30890	NC_009927.1	83937	84824	-	888	25	30	62	45	20	12
gene-AM1_RS30895	NC_009927.1	84849	86915	-	2067	79	94	314	153	46	35
gene-AM1_RS40235	NC_009927.1	87272	87460	+	189	5	6	25	12	1	2
gene-AM1_RS30905	NC_009927.1	87840	88799	-	960	69	81	251	166	37	56
gene-AM1_RS30910	NC_009927.1	88836	89435	-	600	55	50	315	330	48	69
gene-AM1_RS30915	NC_009927.1	89547	89822	-	276	6	6	55	52	17	12
gene-AM1_RS30920	NC_009927.1	89864	90841	-	978	25	24	192	167	37	59
gene-AM1_RS30925	NC_009927.1	91136	91702	+	567	15	10	41	42	14	8
gene-AM1_RS30930	NC_009927.1	92192	92698	-	507	3	10	27	31	5	0
gene-AM1_RS30935	NC_009927.1	92889	93284	-	396	7	13	14	19	4	4
gene-AM1_RS30940	NC_009927.1	93593	94714	-	1122	4	4	45	33	4	4
gene-AM1_RS30945	NC_009927.1	95101	95529	+	429	31	36	73	58	19	12
gene-AM1_RS30950	NC_009927.1	95683	96108	-	426	31	23	59	66	22	13
gene-AM1_RS30955	NC_009927.1	96630	97838	+	1209	26	48	87	77	28	35
gene-AM1_RS30960	NC_009927.1	98087	98572	+	486	6	8	17	15	0	1
gene-AM1_RS30965	NC_009927.1	98744	100771	+	2028	14	28	130	75	15	8
gene-AM1_RS30970	NC_009927.1	101141	101461	+	321	7	16	41	35	6	6
gene-AM1_RS30975	NC_009927.1	101498	103063	+	1566	20	18	93	59	22	10
gene-AM1_RS30980	NC_009927.1	103088	104332	-	1245	15	18	70	68	22	16
gene-AM1_RS39125	NC_009927.1	105426	105593	-	168	179	104	839	680	194	186
gene-AM1_RS30990	NC_009927.1	105747	106118	+	372	17	23	51	65	8	12
gene-AM1_RS30995	NC_009927.1	106311	108191	-	1881	185	204	146	141	113	45
gene-AM1_RS31000	NC_009927.1	108583	109629	-	1047	361	357	129	92	154	47
gene-AM1_RS31005	NC_009927.1	109688	110095	-	408	68	63	17	15	18	4
gene-AM1_RS42545	NC_009927.1	110103	110279	-	177	7	7	9	3	8	1
gene-AM1_RS31010	NC_009927.1	110269	110733	-	465	56	55	21	10	25	3
gene-AM1_RS44105	NC_009927.1	110717	111001	-	285	23	15	12	20	14	4
gene-AM1_RS31020	NC_009927.1	111896	112654	-	759	16	12	40	45	9	9
gene-AM1_RS31030	NC_009927.1	113230	114720	-	1491	75	78	241	158	86	35
gene-AM1_RS31035	NC_009927.1	115457	116680	+	1224	31	35	90	54	25	21
gene-AM1_RS42550	NC_009927.1	116670	116894	-	225	0	0	8	11	4	3
gene-AM1_RS31045	NC_009927.1	117169	118101	+	933	15	20	59	60	9	12
gene-AM1_RS31050	NC_009927.1	118336	119400	-	1065	9	20	43	49	7	7
gene-AM1_RS31055	NC_009927.1	119671	120303	+	633	1	0	14	17	3	3
gene-AM1_RS31060	NC_009927.1	120447	120791	+	345	7	4	13	19	5	2
gene-AM1_RS31065	NC_009927.1	121091	122167	+	1077	36	35	136	97	23	21
gene-AM1_RS31070	NC_009927.1	122386	123330	+	945	23	27	38	37	19	9
gene-AM1_RS31075	NC_009927.1	123525	124868	+	1344	23	32	74	56	20	5
gene-AM1_RS31080	NC_009927.1	125028	125492	-	465	5	8	25	31	4	0
gene-AM1_RS31090	NC_009927.1	129421	130071	-	651	10	6	44	30	9	9
gene-AM1_RS31095	NC_009927.1	130055	130582	-	528	10	15	35	41	8	11
gene-AM1_RS42555	NC_009927.1	130830	132791	-	1962	167	291	417	383	173	150
gene-AM1_RS43540	NC_009927.1	133233	135197	+	1965	29	38	131	113	32	26
gene-AM1_RS31110	NC_009927.1	135185	135385	-	201	12	5	26	14	5	4
gene-AM1_RS31115	NC_009927.1	135386	135715	-	330	16	12	53	51	13	14
gene-AM1_RS31120	NC_009927.1	135715	135960	-	246	13	16	30	26	10	8
gene-AM1_RS31125	NC_009927.1	136425	137735	+	1311	69	222	177	500	51	196
gene-AM1_RS31130	NC_009927.1	137732	143224	+	5493	179	867	787	1655	197	632
gene-AM1_RS31135	NC_009927.1	143424	143792	+	369	5	14	44	39	11	19
gene-AM1_RS31140	NC_009927.1	143798	144121	+	324	22	16	62	59	17	9
gene-AM1_RS31145	NC_009927.1	144263	145237	+	975	19	16	67	53	14	14
gene-AM1_RS31150	NC_009927.1	145253	146704	-	1452	34	48	174	108	32	34
gene-AM1_RS31155	NC_009927.1	146819	147253	-	435	10	11	27	11	6	5
gene-AM1_RS31160	NC_009927.1	147335	147937	-	603	12	25	62	45	15	12
gene-AM1_RS41560	NC_009927.1	147943	148380	-	438	17	18	40	30	8	1
gene-AM1_RS31170	NC_009927.1	148540	148737	+	198	12	10	43	36	12	20
gene-AM1_RS31175	NC_009927.1	148752	149387	+	636	23	24	97	54	29	17
gene-AM1_RS44685	NC_009927.1	149530	150063	+	534	11	10	36	18	2	10
gene-AM1_RS31185	NC_009927.1	150105	150893	+	789	10	21	38	51	15	17
gene-AM1_RS31190	NC_009927.1	150904	151278	-	375	10	15	49	33	23	6
gene-AM1_RS31195	NC_009927.1	151310	151585	-	276	6	6	29	18	8	6
gene-AM1_RS31200	NC_009927.1	151648	151938	-	291	6	7	20	13	8	3
gene-AM1_RS31205	NC_009927.1	152075	153325	-	1251	22	34	100	87	33	22
gene-AM1_RS31210	NC_009927.1	153578	154366	-	789	31	59	128	141	43	38
gene-AM1_RS31215	NC_009927.1	154363	155880	-	1518	41	70	193	204	70	59
gene-AM1_RS31220	NC_009927.1	156048	156623	-	576	8	8	27	34	4	2
gene-AM1_RS31225	NC_009927.1	156620	156880	-	261	0	2	5	6	3	0
gene-AM1_RS31230	NC_009927.1	156877	157254	-	378	1	2	10	4	4	1
gene-AM1_RS31235	NC_009927.1	157254	157664	-	411	7	4	9	10	2	1
gene-AM1_RS31240	NC_009927.1	157697	158029	-	333	2	6	10	8	1	0
gene-AM1_RS31245	NC_009927.1	158103	158483	-	381	4	8	19	16	6	2
gene-AM1_RS43555	NC_009927.1	158575	159231	-	657	2	5	35	39	7	7
gene-AM1_RS31255	NC_009927.1	159295	159621	-	327	0	2	3	9	0	0
gene-AM1_RS31260	NC_009927.1	159798	160175	-	378	0	1	4	8	1	0
gene-AM1_RS31265	NC_009927.1	160246	160548	-	303	0	1	7	4	1	0
gene-AM1_RS31270	NC_009927.1	160782	160937	+	156	7	5	13	10	3	8
gene-AM1_RS31275	NC_009927.1	160986	161231	+	246	15	10	46	33	28	11
gene-AM1_RS39140	NC_009927.1	161235	161453	+	219	12	12	37	18	13	7
gene-AM1_RS31280	NC_009927.1	161422	161844	-	423	11	11	51	39	9	7
gene-AM1_RS31285	NC_009927.1	161954	163282	+	1329	65	64	196	163	50	44
gene-AM1_RS31290	NC_009927.1	164585	165127	+	543	7	7	24	49	10	8
gene-AM1_RS31295	NC_009927.1	165135	165743	+	609	4	6	13	11	3	2
gene-AM1_RS31300	NC_009927.1	165746	167197	+	1452	4	6	43	59	5	3
gene-AM1_RS31305	NC_009927.1	167454	167873	+	420	8	19	36	32	10	8
gene-AM1_RS31310	NC_009927.1	167920	170421	-	2502	91	114	275	201	61	61
gene-AM1_RS37960	NC_009927.1	170665	171159	+	495	7	19	29	44	8	14
gene-AM1_RS31320	NC_009927.1	171494	171907	-	414	29	15	24	21	8	6
gene-AM1_RS31325	NC_009927.1	171904	172197	-	294	9	10	12	9	5	5
gene-AM1_RS31330	NC_009927.1	172333	172554	-	222	5	5	11	13	3	1
gene-AM1_RS31335	NC_009927.1	172745	172957	+	213	2	1	11	1	2	1
gene-AM1_RS31340	NC_009927.1	173014	173358	+	345	1	2	6	10	1	2
gene-AM1_RS31345	NC_009927.1	173374	173697	+	324	38	41	125	124	23	18
gene-AM1_RS31350	NC_009927.1	173799	174065	+	267	6	15	15	10	11	9
gene-AM1_RS31355	NC_009927.1	174072	174872	-	801	18	31	35	15	6	3
gene-AM1_RS41575	NC_009927.1	175995	176234	-	240	71	78	257	241	33	30
gene-AM1_RS31370	NC_009927.1	176503	177621	+	1119	26	38	81	73	23	22
gene-AM1_RS40255	NC_009927.1	177607	177792	-	186	1	7	12	8	1	4
gene-AM1_RS31375	NC_009927.1	177863	178474	+	612	57	182	99	138	44	50
gene-AM1_RS31380	NC_009927.1	178690	179169	-	480	75	270	144	278	59	163
gene-AM1_RS31385	NC_009927.1	179700	180101	-	402	41	35	100	78	15	17
gene-AM1_RS31395	NC_009927.1	180588	180899	+	312	2	2	19	15	1	0
gene-AM1_RS31400	NC_009927.1	180967	181269	+	303	40	29	96	65	28	27
gene-AM1_RS31405	NC_009927.1	181353	181721	-	369	0	1	17	9	0	0
gene-AM1_RS42560	NC_009927.1	181778	181942	-	165	0	3	13	8	1	4
gene-AM1_RS31415	NC_009927.1	182609	183316	-	708	25	41	142	128	28	44
gene-AM1_RS31420	NC_009927.1	183477	184721	+	1245	5041	5625	30951	36480	4200	3981
gene-AM1_RS31425	NC_009927.1	184789	185073	-	285	10	11	38	13	6	7
gene-AM1_RS31430	NC_009927.1	185201	185623	-	423	4	3	15	14	9	3
gene-AM1_RS31435	NC_009927.1	185613	186620	-	1008	8	8	43	57	9	7
gene-AM1_RS31440	NC_009927.1	187222	188004	-	783	34	63	247	147	64	78
gene-AM1_RS42565	NC_009927.1	188069	188269	-	201	1723	1968	11719	9169	2229	1916
gene-AM1_RS31445	NC_009927.1	188558	189394	-	837	107	167	164	126	75	49
gene-AM1_RS43565	NC_009927.1	189437	193042	-	3606	264	476	640	566	252	181
gene-AM1_RS31455	NC_009927.1	193057	194238	-	1182	112	165	283	243	127	109
gene-AM1_RS37970	NC_009927.1	194265	196196	-	1932	123	215	398	294	196	127
gene-AM1_RS31465	NC_009927.1	196299	196853	+	555	176	148	345	282	179	84
gene-AM1_RS31470	NC_009927.1	196909	197709	-	801	135	156	293	174	120	106
gene-AM1_RS31475	NC_009927.1	197856	201809	+	3954	101	202	313	320	83	100
gene-AM1_RS31480	NC_009927.1	201806	202180	-	375	63	64	231	128	71	76
gene-AM1_RS31485	NC_009927.1	202267	203802	-	1536	76	98	308	394	97	109
gene-AM1_RS31490	NC_009927.1	203854	204297	-	444	2	5	28	27	5	4
gene-AM1_RS31495	NC_009927.1	204330	206183	-	1854	9	18	89	70	20	13
gene-AM1_RS31500	NC_009927.1	206311	206628	-	318	25	35	522	329	106	112
gene-AM1_RS43570	NC_009927.1	206754	209855	-	3102	26	47	370	204	53	61
gene-AM1_RS31510	NC_009927.1	209916	211352	-	1437	52	78	223	221	72	74
gene-AM1_RS31515	NC_009927.1	211349	212077	-	729	6	3	40	40	5	15
gene-AM1_RS31520	NC_009927.1	212083	212775	-	693	12	19	41	58	15	18
gene-AM1_RS31525	NC_009927.1	212857	213348	-	492	111	137	287	297	107	116
gene-AM1_RS31530	NC_009927.1	213353	214681	-	1329	54	87	207	171	53	49
gene-AM1_RS31535	NC_009927.1	214678	215940	-	1263	12	27	56	61	18	13
gene-AM1_RS31540	NC_009927.1	215945	219076	-	3132	32	55	136	153	31	34
gene-AM1_RS31545	NC_009927.1	219109	219624	-	516	4	6	21	24	1	9
gene-AM1_RS31550	NC_009927.1	219836	220729	-	894	7	17	41	53	9	12
gene-AM1_RS31555	NC_009927.1	220632	222158	-	1527	1	8	36	36	2	7
gene-AM1_RS31565	NC_009927.1	222396	222596	-	201	1	9	6	12	1	0
gene-AM1_RS31570	NC_009927.1	222725	223444	+	720	7	10	19	42	5	13
gene-AM1_RS43575	NC_009927.1	223473	223712	-	240	22	23	47	19	20	8
gene-AM1_RS31580	NC_009927.1	223978	225708	-	1731	306	446	909	678	295	230
gene-AM1_RS31585	NC_009927.1	226061	229807	-	3747	17	134	121	198	21	85
gene-AM1_RS31590	NC_009927.1	230335	231600	-	1266	63	134	118	165	34	60
gene-AM1_RS41585	NC_009927.1	232370	232651	+	282	57	93	124	127	40	41
gene-AM1_RS31600	NC_009927.1	233274	234638	+	1365	52	72	127	137	31	41
gene-AM1_RS31605	NC_009927.1	234638	236350	+	1713	78	139	126	164	44	60
gene-AM1_RS31610	NC_009927.1	236533	237321	+	789	25	22	80	32	27	7
gene-AM1_RS31615	NC_009927.1	237285	239678	-	2394	83	115	247	235	62	43
gene-AM1_RS31620	NC_009927.1	239691	242195	-	2505	97	147	288	189	68	44
gene-AM1_RS31630	NC_009927.1	242199	243521	-	1323	221	276	632	411	267	158
gene-AM1_RS31635	NC_009927.1	243934	244692	+	759	31	89	145	133	42	30
gene-AM1_RS31640	NC_009927.1	244861	246336	-	1476	369	521	868	955	310	347
gene-AM1_RS31645	NC_009927.1	246608	247240	-	633	33	46	145	79	29	28
gene-AM1_RS31650	NC_009927.1	247544	251422	-	3879	317	318	656	553	100	77
gene-AM1_RS31660	NC_009927.1	252395	253183	-	789	75	92	290	236	63	52
gene-AM1_RS31665	NC_009927.1	253250	253777	-	528	20	23	93	78	23	28
gene-AM1_RS31670	NC_009927.1	253781	254116	-	336	54	69	273	227	56	72
gene-AM1_RS31675	NC_009927.1	254123	254464	-	342	42	87	325	213	53	140
gene-AM1_RS31680	NC_009927.1	254670	255101	+	432	21	18	85	40	19	2
gene-AM1_RS31685	NC_009927.1	255098	256363	+	1266	29	44	157	136	28	13
gene-AM1_RS37985	NC_009927.1	256433	257626	-	1194	192	223	662	410	152	117
gene-AM1_RS39155	NC_009927.1	257741	257947	-	207	31	84	227	92	25	20
gene-AM1_RS37990	NC_009927.1	258536	260143	+	1608	484	1149	1246	944	498	425
gene-AM1_RS31700	NC_009927.1	260292	264746	-	4455	1304	4223	2618	4922	1209	2700
gene-AM1_RS31705	NC_009927.1	264976	265548	-	573	26	35	133	112	25	23
gene-AM1_RS31710	NC_009927.1	265904	266200	-	297	46	54	173	172	46	43
gene-AM1_RS31715	NC_009927.1	266190	266798	-	609	50	54	126	124	21	26
gene-AM1_RS39160	NC_009927.1	267222	267365	+	144	13	15	24	33	9	2
gene-AM1_RS31720	NC_009927.1	267417	268295	-	879	55	20	94	104	9	18
gene-AM1_RS31725	NC_009927.1	268311	269240	-	930	131	72	203	165	32	38
gene-AM1_RS44110	NC_009927.1	269406	269528	-	123	24	78	36	54	6	21
gene-AM1_RS31735	NC_009927.1	270536	270964	-	429	321	1297	416	1529	52	408
gene-AM1_RS31740	NC_009927.1	271013	271495	-	483	15	62	55	72	10	15
gene-AM1_RS31745	NC_009927.1	271577	272473	+	897	8	6	62	58	9	10
gene-AM1_RS31750	NC_009927.1	272697	274862	+	2166	21	25	93	127	17	24
gene-AM1_RS42570	NC_009927.1	275365	275565	-	201	26	24	59	48	10	11
gene-AM1_RS31755	NC_009927.1	275474	277204	+	1731	114	115	224	155	32	67
gene-AM1_RS31765	NC_009927.1	278230	278568	-	339	29	40	93	64	13	16
gene-AM1_RS44565	NC_009927.1	279021	279245	-	225	52	90	221	193	44	40
gene-AM1_RS31775	NC_009927.1	279356	279697	-	342	16	79	54	74	14	36
gene-AM1_RS31780	NC_009927.1	279694	279948	-	255	6	16	13	24	3	6
gene-AM1_RS31785	NC_009927.1	280025	280672	-	648	4	9	29	26	3	2
gene-AM1_RS31790	NC_009927.1	280656	281186	-	531	20	17	52	66	15	20
gene-AM1_RS31795	NC_009927.1	281188	281598	-	411	5	22	25	30	11	12
gene-AM1_RS31800	NC_009927.1	281595	281837	-	243	12	16	17	31	5	6
gene-AM1_RS31805	NC_009927.1	282034	284133	-	2100	53	47	124	132	22	23
gene-AM1_RS31810	NC_009927.1	284525	284848	+	324	13	30	60	128	12	29
gene-AM1_RS31815	NC_009927.1	284838	285281	+	444	17	28	44	90	16	20
gene-AM1_RS43580	NC_009927.1	285281	286936	+	1656	59	108	138	149	57	60
gene-AM1_RS31825	NC_009927.1	286936	287829	+	894	18	42	47	53	15	10
gene-AM1_RS31830	NC_009927.1	288169	291237	-	3069	34	65	123	136	23	46
gene-AM1_RS31835	NC_009927.1	292098	293771	-	1674	15	10	33	23	14	11
gene-AM1_RS44570	NC_009927.1	293806	293940	-	135	0	0	0	0	0	0
gene-AM1_RS31840	NC_009927.1	294720	296378	+	1659	0	19	2	61	11	171
gene-AM1_RS31845	NC_009927.1	296583	297029	-	447	0	4	7	8	9	11
gene-AM1_RS31850	NC_009927.1	297202	298668	-	1467	4	3	53	104	95	136
gene-AM1_RS43585	NC_009927.1	299188	299421	+	234	0	0	2	1	1	0
gene-AM1_RS31860	NC_009927.1	300291	300956	+	666	0	1	1	4	0	17
gene-AM1_RS31870	NC_009927.1	301371	301925	+	555	1	0	1	4	3	9
gene-AM1_RS31875	NC_009927.1	302328	302621	+	294	0	0	2	1	0	2
gene-AM1_RS31880	NC_009927.1	302674	303150	+	477	0	0	1	3	1	0
gene-AM1_RS31885	NC_009927.1	303171	304007	+	837	0	0	2	2	2	2
gene-AM1_RS31890	NC_009927.1	304083	304292	-	210	0	0	3	1	4	4
gene-AM1_RS31895	NC_009927.1	304374	305261	-	888	2	6	28	40	108	87
gene-AM1_RS31900	NC_009927.1	305699	308515	-	2817	1	3	9	3	14	6
gene-AM1_RS31910	NC_009927.1	310189	310950	-	762	0	0	3	1	0	4
gene-AM1_RS31915	NC_009927.1	311175	311489	-	315	1	0	6	1	8	9
gene-AM1_RS31920	NC_009927.1	311489	311764	-	276	0	0	4	5	6	1
gene-AM1_RS31930	NC_009927.1	312539	313357	-	819	1	2	11	13	0	1
gene-AM1_RS31945	NC_009927.1	315514	316563	-	1050	1	0	3	7	14	7
gene-AM1_RS43595	NC_009927.1	317293	318834	+	1542	0	0	3	1	2	0
gene-AM1_RS31955	NC_009927.1	319459	321867	+	2409	2	2	10	17	36	40
gene-AM1_RS31960	NC_009927.1	322522	323766	+	1245	13	15	56	54	17	19
gene-AM1_RS31965	NC_009927.1	324050	325087	-	1038	0	2	6	4	7	19
gene-AM1_RS31970	NC_009927.1	325822	327507	-	1686	4	10	21	36	81	99
gene-AM1_RS31975	NC_009927.1	327512	328498	-	987	2	3	19	23	33	82
gene-AM1_RS31980	NC_009927.1	329105	332911	-	3807	0	0	5	7	8	5
gene-AM1_RS31985	NC_009927.1	333360	333761	+	402	0	0	0	1	4	1
gene-AM1_RS31990	NC_009927.1	334254	334610	+	357	1	0	2	3	5	4
gene-AM1_RS31995	NC_009927.1	335420	337381	+	1962	1	0	7	4	26	21
gene-AM1_RS32000	NC_009927.1	337949	338488	+	540	1	1	10	8	27	25
gene-AM1_RS44115	NC_009927.1	338679	338810	-	132	0	1	0	1	4	3
gene-AM1_RS38005	NC_009927.1	338833	339315	+	483	0	1	3	0	4	4
gene-AM1_RS32010	NC_009927.1	340379	341428	+	1050	0	3	3	3	18	10
gene-AM1_RS32025	NC_009927.1	342911	343723	-	813	1	0	4	3	17	13
gene-AM1_RS32030	NC_009927.1	344190	345251	-	1062	1	0	3	2	6	7
gene-AM1_RS32035	NC_009927.1	345604	345963	+	360	1	0	1	4	4	4
gene-AM1_RS32040	NC_009927.1	345993	346886	-	894	12	7	33	22	104	52
gene-AM1_RS32045	NC_009927.1	347027	348937	-	1911	27	48	62	59	16	34
gene-AM1_RS32050	NC_009927.1	349158	351419	-	2262	0	0	6	4	14	5
gene-AM1_RS32055	NC_009927.1	351487	352560	-	1074	3	5	16	24	68	56
gene-AM1_RS32060	NC_009927.1	352678	352881	+	204	0	0	1	0	2	5
gene-AM1_RS32065	NC_009927.1	352878	353702	+	825	1	2	11	6	25	12
gene-AM1_RS32070	NC_009927.1	353735	356053	+	2319	14	23	37	25	31	26
gene-AM1_RS42585	NC_009928.1	330	467	+	138	58	45	113	88	23	29
gene-AM1_RS32080	NC_009928.1	475	1260	-	786	48	47	114	96	32	13
gene-AM1_RS32085	NC_009928.1	1457	1954	-	498	17	23	91	66	12	11
gene-AM1_RS41605	NC_009928.1	2147	2443	-	297	2	7	34	36	4	6
gene-AM1_RS32095	NC_009928.1	2686	3132	-	447	3	1	35	38	0	1
gene-AM1_RS32100	NC_009928.1	3293	3634	-	342	31	55	120	84	18	20
gene-AM1_RS42590	NC_009928.1	3677	3832	-	156	2	0	9	16	1	0
gene-AM1_RS32105	NC_009928.1	4020	4778	-	759	36	57	88	100	26	17
gene-AM1_RS32110	NC_009928.1	4853	5197	-	345	0	4	13	23	1	3
gene-AM1_RS32115	NC_009928.1	5263	5556	-	294	2	4	25	22	2	1
gene-AM1_RS32120	NC_009928.1	5909	6154	+	246	55	91	164	134	41	57
gene-AM1_RS32125	NC_009928.1	6861	10283	+	3423	156	130	515	416	79	74
gene-AM1_RS32130	NC_009928.1	10624	12657	-	2034	158	255	405	328	99	93
gene-AM1_RS32135	NC_009928.1	13046	14137	-	1092	187	289	374	246	106	104
gene-AM1_RS32140	NC_009928.1	14446	15729	+	1284	63	89	244	174	57	65
gene-AM1_RS32145	NC_009928.1	15735	16382	+	648	33	47	140	125	41	19
gene-AM1_RS32150	NC_009928.1	16787	18298	+	1512	11	20	146	141	20	8
gene-AM1_RS32155	NC_009928.1	18298	21555	+	3258	172	230	685	505	142	78
gene-AM1_RS32160	NC_009928.1	21749	22207	+	459	38	47	75	68	27	10
gene-AM1_RS44575	NC_009928.1	22327	22545	+	219	2	5	17	11	4	0
gene-AM1_RS44120	NC_009928.1	22556	22822	+	267	3	4	30	28	1	2
gene-AM1_RS32170	NC_009928.1	23424	26213	+	2790	220	340	727	707	157	190
gene-AM1_RS42595	NC_009928.1	26476	26700	-	225	50	66	159	94	24	30
gene-AM1_RS32180	NC_009928.1	26697	27077	-	381	107	107	408	370	121	82
gene-AM1_RS44125	NC_009928.1	27088	30066	-	2979	144	121	412	350	52	47
gene-AM1_RS42600	NC_009928.1	30203	30343	-	141	5	2	34	23	3	4
gene-AM1_RS32195	NC_009928.1	30344	31792	-	1449	30	22	138	206	16	15
gene-AM1_RS32200	NC_009928.1	31792	32511	-	720	6	5	45	66	6	6
gene-AM1_RS32205	NC_009928.1	32541	33821	-	1281	32	39	127	139	22	13
gene-AM1_RS32210	NC_009928.1	33829	34980	-	1152	6	14	73	113	6	4
gene-AM1_RS32215	NC_009928.1	34970	38116	-	3147	42	38	247	329	33	24
gene-AM1_RS32220	NC_009928.1	38129	38680	-	552	3	5	32	66	1	6
gene-AM1_RS32225	NC_009928.1	38716	40809	-	2094	8	9	157	191	8	13
gene-AM1_RS42605	NC_009928.1	40843	41013	-	171	0	0	0	3	0	0
gene-AM1_RS32230	NC_009928.1	41050	42276	-	1227	11	9	98	120	5	9
gene-AM1_RS32235	NC_009928.1	42364	42804	-	441	30	44	100	136	25	25
gene-AM1_RS32240	NC_009928.1	43387	46794	-	3408	568	438	756	2145	252	739
gene-AM1_RS32245	NC_009928.1	47591	48664	-	1074	44	89	151	190	18	46
gene-AM1_RS32250	NC_009928.1	48768	49229	-	462	26	35	93	80	19	15
gene-AM1_RS32255	NC_009928.1	49780	50832	+	1053	21	44	73	94	16	16
gene-AM1_RS32260	NC_009928.1	50837	51295	+	459	43	78	89	121	31	30
gene-AM1_RS32265	NC_009928.1	51334	52143	+	810	49	77	129	94	34	26
gene-AM1_RS32270	NC_009928.1	52244	52558	-	315	9	26	62	52	16	5
gene-AM1_RS32275	NC_009928.1	52684	53505	+	822	9	15	70	78	16	113
gene-AM1_RS32280	NC_009928.1	53557	53802	-	246	3	1	19	11	1	10
gene-AM1_RS32285	NC_009928.1	54103	54990	+	888	6	5	43	28	7	4
gene-AM1_RS32290	NC_009928.1	54990	55871	+	882	25	32	132	79	25	15
gene-AM1_RS32295	NC_009928.1	55983	56918	-	936	71	102	223	198	82	71
gene-AM1_RS32300	NC_009928.1	57058	57591	+	534	21	23	56	91	25	26
gene-AM1_RS32305	NC_009928.1	57675	58619	+	945	56	50	211	289	71	54
gene-AM1_RS32310	NC_009928.1	58753	59661	-	909	19	20	75	61	19	16
gene-AM1_RS32315	NC_009928.1	59946	60371	+	426	5	2	14	11	4	4
gene-AM1_RS32320	NC_009928.1	60417	61085	+	669	29	20	76	84	25	20
gene-AM1_RS32325	NC_009928.1	61935	62501	-	567	71	58	181	135	53	45
gene-AM1_RS32330	NC_009928.1	62603	63160	+	558	783	516	2064	2108	577	277
gene-AM1_RS32335	NC_009928.1	63505	64404	-	900	270	223	487	318	107	74
gene-AM1_RS32340	NC_009928.1	65300	65512	+	213	50	41	61	56	19	20
gene-AM1_RS32345	NC_009928.1	65512	65946	+	435	129	97	123	80	31	33
gene-AM1_RS32355	NC_009928.1	65983	66979	+	997	50	63	95	82	22	25
gene-AM1_RS39225	NC_009928.1	67174	67452	+	279	10	17	50	22	12	15
gene-AM1_RS32360	NC_009928.1	67480	68097	+	618	626	954	2147	1379	368	416
gene-AM1_RS32365	NC_009928.1	68417	69235	-	819	1	5	19	22	1	2
gene-AM1_RS32375	NC_009928.1	71092	71457	+	366	28	40	87	49	21	20
gene-AM1_RS41620	NC_009928.1	71578	71823	-	246	58	92	126	95	22	31
gene-AM1_RS44130	NC_009928.1	72074	72199	-	126	18	17	32	29	3	12
gene-AM1_RS32385	NC_009928.1	72752	73027	-	276	83	118	337	322	100	119
gene-AM1_RS32390	NC_009928.1	73270	74109	-	840	40	77	108	76	34	33
gene-AM1_RS32395	NC_009928.1	74220	75284	-	1065	9	13	53	48	9	10
gene-AM1_RS32410	NC_009928.1	77474	78223	+	750	16	26	58	52	28	13
gene-AM1_RS32415	NC_009928.1	78542	79689	-	1148	40	58	135	149	42	31
gene-AM1_RS44325	NC_009928.1	81504	81635	+	132	26	50	215	180	36	52
gene-AM1_RS32430	NC_009928.1	81825	82574	-	750	92	170	337	406	98	164
gene-AM1_RS32435	NC_009928.1	82752	83498	+	747	105	209	152	462	35	194
gene-AM1_RS32440	NC_009928.1	83562	83924	+	363	125	242	131	468	40	151
gene-AM1_RS32450	NC_009928.1	84438	85217	-	780	401	1459	334	3152	128	1567
gene-AM1_RS32455	NC_009928.1	85815	86519	+	705	1529	3967	575	22245	426	8441
gene-AM1_RS38290	NC_009928.1	86786	87064	-	279	492	1172	3648	4851	1133	1951
gene-AM1_RS32465	NC_009928.1	87205	88077	-	873	1488	4062	12876	18461	5645	9365
gene-AM1_RS32470	NC_009928.1	88597	89085	-	489	2749	6979	29760	46921	13906	20906
gene-AM1_RS32475	NC_009928.1	89170	89688	-	519	2788	8832	25345	41579	12654	25885
gene-AM1_RS32480	NC_009928.1	90316	90804	-	489	443	9870	2355	38070	1281	18423
gene-AM1_RS32485	NC_009928.1	90873	91391	-	519	389	7015	1486	26862	846	13773
gene-AM1_RS32490	NC_009928.1	91704	92417	-	714	37	160	155	220	76	159
gene-AM1_RS32495	NC_009928.1	92763	93581	-	819	1831	5385	10648	23605	5857	12457
gene-AM1_RS32500	NC_009928.1	95613	96647	+	1035	104	524	352	1394	104	502
gene-AM1_RS32505	NC_009928.1	97176	98336	+	1161	114	1145	315	2196	104	1480
gene-AM1_RS32510	NC_009928.1	98498	99214	+	717	513	4127	1200	17063	677	8878
gene-AM1_RS32515	NC_009928.1	99516	99926	+	411	123	205	428	294	103	153
gene-AM1_RS32525	NC_009928.1	101252	101812	+	561	101	261	187	385	54	127
gene-AM1_RS32540	NC_009928.1	103435	104259	+	825	150	278	228	290	271	351
gene-AM1_RS32545	NC_009928.1	104760	105353	+	594	84	441	224	723	166	464
gene-AM1_RS32550	NC_009928.1	105763	106686	+	924	92	399	227	809	161	475
gene-AM1_RS32555	NC_009928.1	106701	107144	+	444	90	378	250	715	134	306
gene-AM1_RS40345	NC_009928.1	107167	108265	-	1099	90	257	162	243	55	97
gene-AM1_RS32575	NC_009928.1	110286	110729	+	444	37	19	40	52	15	14
gene-AM1_RS32580	NC_009928.1	110788	111498	-	711	35	73	139	127	22	72
gene-AM1_RS32585	NC_009928.1	111731	112396	-	666	6	11	38	31	6	2
gene-AM1_RS32590	NC_009928.1	112410	112889	-	480	17	16	45	33	5	4
gene-AM1_RS32595	NC_009928.1	112894	113115	-	222	8	15	37	18	5	7
gene-AM1_RS32600	NC_009928.1	113102	113317	-	216	10	10	40	29	9	10
gene-AM1_RS32605	NC_009928.1	113478	114524	+	1047	26	41	79	77	16	14
gene-AM1_RS32610	NC_009928.1	114731	115426	-	696	155	182	366	287	77	93
gene-AM1_RS32615	NC_009928.1	115523	115741	-	219	8	21	14	19	3	5
gene-AM1_RS32620	NC_009928.1	116352	116663	+	312	5	17	33	37	10	12
gene-AM1_RS32625	NC_009928.1	116741	117013	-	273	18	26	53	56	4	21
gene-AM1_RS32630	NC_009928.1	117110	118771	-	1662	17	23	105	106	18	33
gene-AM1_RS43640	NC_009928.1	119299	119562	-	264	6	14	25	38	3	5
gene-AM1_RS32640	NC_009928.1	120290	121258	+	969	24	394	133	1390	33	1197
gene-AM1_RS32645	NC_009928.1	121263	121568	+	306	7	54	30	285	9	125
gene-AM1_RS42610	NC_009928.1	121563	121715	-	153	0	9	7	50	0	29
gene-AM1_RS32650	NC_009928.1	121712	122089	-	378	1	20	16	74	1	29
gene-AM1_RS32655	NC_009928.1	122089	122487	-	399	0	5	12	14	3	5
gene-AM1_RS42615	NC_009928.1	122539	122775	+	237	0	2	5	4	2	1
gene-AM1_RS32665	NC_009928.1	122796	123398	-	603	14	12	22	25	6	3
gene-AM1_RS32670	NC_009928.1	123508	124044	-	537	18	14	53	33	22	11
gene-AM1_RS44135	NC_009928.1	124284	124415	-	132	14	17	50	45	9	8
gene-AM1_RS43645	NC_009928.1	124521	124661	-	141	12	16	29	19	7	8
gene-AM1_RS32680	NC_009928.1	124756	125049	-	294	17	21	56	32	8	13
gene-AM1_RS32685	NC_009928.1	125573	125914	+	342	7	5	25	22	4	3
gene-AM1_RS32690	NC_009928.1	125987	126400	+	414	9	4	32	29	11	11
gene-AM1_RS32695	NC_009928.1	126644	126823	-	180	35	9	93	25	13	2
gene-AM1_RS40355	NC_009928.1	126992	127875	+	884	15	22	48	41	17	16
gene-AM1_RS32710	NC_009928.1	128481	128879	-	399	11	19	55	44	10	11
gene-AM1_RS32715	NC_009928.1	129694	130572	-	879	13	113	111	348	23	173
gene-AM1_RS32720	NC_009928.1	130520	131152	-	633	21	134	83	184	28	156
gene-AM1_RS32725	NC_009928.1	131544	132722	+	1179	14	21	101	81	11	23
gene-AM1_RS32730	NC_009928.1	132749	133909	+	1161	45	90	170	180	48	74
gene-AM1_RS40365	NC_009928.1	134162	134347	-	186	6	8	20	27	8	6
gene-AM1_RS32735	NC_009928.1	134653	135027	-	375	101	138	191	172	72	79
gene-AM1_RS32745	NC_009928.1	136909	137754	-	846	171	227	392	381	84	95
gene-AM1_RS32755	NC_009928.1	138351	141296	-	2946	124	266	382	673	135	187
gene-AM1_RS38015	NC_009928.1	142163	142795	+	633	7	16	32	18	7	11
gene-AM1_RS32765	NC_009928.1	142953	144125	+	1173	63	98	213	193	86	76
gene-AM1_RS32785	NC_009928.1	145989	146702	+	714	85	197	166	260	79	175
gene-AM1_RS32800	NC_009928.1	148042	148530	-	489	436	9818	2352	38109	1399	18624
gene-AM1_RS32805	NC_009928.1	148599	149117	-	519	853	17956	4302	60826	2058	28922
gene-AM1_RS32825	NC_009928.1	153193	153459	+	267	17	80	102	188	31	98
gene-AM1_RS32835	NC_009928.1	154225	155040	-	816	679	3212	5831	15992	2660	7100
gene-AM1_RS32840	NC_009928.1	156084	157244	+	1161	90	1077	330	2315	144	1529
gene-AM1_RS32845	NC_009928.1	157406	158122	+	717	570	4439	1242	18247	668	9459
gene-AM1_RS32875	NC_009928.1	161040	161558	+	519	3046	6912	31077	36045	11277	18535
gene-AM1_RS32880	NC_009928.1	161643	162131	+	489	2969	6731	32842	47309	15099	19832
gene-AM1_RS32885	NC_009928.1	162530	163402	+	873	1800	4452	14854	20167	6467	9968
gene-AM1_RS42620	NC_009928.1	163543	163821	+	279	720	1212	5072	5016	1540	1964
gene-AM1_RS32895	NC_009928.1	164393	165019	+	627	461	882	1009	1607	524	610
gene-AM1_RS32910	NC_009928.1	167047	167250	-	204	188	57	538	195	163	40
gene-AM1_RS44585	NC_009928.1	170079	170324	-	246	4	9	44	16	8	6
gene-AM1_RS32940	NC_009928.1	172143	172358	-	216	78	149	169	431	43	87
gene-AM1_RS38030	NC_009928.1	173961	174947	-	987	34	54	90	88	41	31
gene-AM1_RS32960	NC_009928.1	175080	175490	+	411	12	10	47	64	16	14
gene-AM1_RS32965	NC_009928.1	175501	176187	+	687	34	57	129	111	39	44
gene-AM1_RS32970	NC_009928.1	176366	177295	+	930	22	34	147	115	21	44
gene-AM1_RS32975	NC_009928.1	177311	178165	+	855	14	23	53	55	15	10
gene-AM1_RS42625	NC_009928.1	178323	178631	-	309	22	19	42	36	8	11
gene-AM1_RS40400	NC_009928.1	178795	179791	+	997	17	27	59	53	18	15
gene-AM1_RS32995	NC_009928.1	179788	180174	-	387	37	28	14	20	5	8
gene-AM1_RS33000	NC_009928.1	180569	180787	+	219	33	57	76	91	13	23
gene-AM1_RS33005	NC_009928.1	180914	181144	-	231	70	126	163	134	47	44
gene-AM1_RS44330	NC_009928.1	181827	182087	+	261	14	39	58	36	10	14
gene-AM1_RS33020	NC_009928.1	182237	182683	-	447	63	141	204	273	62	96
gene-AM1_RS33025	NC_009928.1	182979	184082	-	1104	78	431	307	1078	141	500
gene-AM1_RS33030	NC_009928.1	184235	184453	-	219	10	70	55	221	14	57
gene-AM1_RS38035	NC_009928.1	185373	187394	+	2022	59	283	97	366	22	143
gene-AM1_RS33040	NC_009928.1	188443	189318	+	876	117	241	273	603	101	402
gene-AM1_RS33045	NC_009928.1	189837	190646	-	810	11	31	55	53	9	8
gene-AM1_RS33050	NC_009928.1	191378	191773	+	396	10	56	50	452	7	108
gene-AM1_RS44140	NC_009928.1	192025	192159	+	135	7	20	17	46	8	14
gene-AM1_RS38045	NC_009928.1	193489	194769	-	1281	81	141	212	209	82	59
gene-AM1_RS33070	NC_009928.1	195014	195667	-	654	90	145	232	290	112	129
gene-AM1_RS33075	NC_009928.1	196087	196905	+	819	48	59	118	105	18	26
gene-AM1_RS33080	NC_009928.1	198125	198622	+	498	41	87	168	174	46	67
gene-AM1_RS33085	NC_009928.1	198974	199558	+	585	46	54	101	57	27	20
gene-AM1_RS43685	NC_009928.1	199717	199983	+	267	10	15	43	37	10	9
gene-AM1_RS43690	NC_009928.1	200092	200361	+	270	2	3	4	6	2	0
gene-AM1_RS42630	NC_009928.1	200378	200527	-	150	0	2	6	6	2	0
gene-AM1_RS33100	NC_009928.1	200669	201007	+	339	154	465	499	816	178	142
gene-AM1_RS33105	NC_009928.1	201409	202032	+	624	27	60	159	121	47	59
gene-AM1_RS33110	NC_009928.1	202076	202732	+	657	29	53	104	62	33	26
gene-AM1_RS33115	NC_009928.1	202778	203035	-	258	22	82	55	68	13	21
gene-AM1_RS33120	NC_009928.1	203200	204000	+	801	11	27	41	27	5	10
gene-AM1_RS43695	NC_009928.1	204186	204323	-	138	2	2	9	11	4	0
gene-AM1_RS33130	NC_009928.1	204622	205218	+	597	28	113	101	181	36	87
gene-AM1_RS33135	NC_009928.1	205215	206147	+	933	108	226	189	237	78	107
gene-AM1_RS33140	NC_009928.1	206346	206768	-	423	60	89	210	226	53	120
gene-AM1_RS33145	NC_009928.1	206979	207224	+	246	15	28	50	140	18	36
gene-AM1_RS33150	NC_009928.1	207349	207753	-	405	23	22	77	69	21	10
gene-AM1_RS33155	NC_009928.1	207929	208588	-	660	13	29	53	89	17	15
gene-AM1_RS38055	NC_009928.1	208974	210284	-	1311	69	74	158	142	45	29
gene-AM1_RS33165	NC_009928.1	210412	210900	-	489	34	44	155	139	39	42
gene-AM1_RS33170	NC_009928.1	210905	211660	-	756	57	70	167	173	55	48
gene-AM1_RS33175	NC_009928.1	211860	212648	+	789	14	25	74	86	8	23
gene-AM1_RS33180	NC_009928.1	212688	213173	+	486	6	9	35	54	8	3
gene-AM1_RS33185	NC_009928.1	213293	213661	-	369	1	5	11	10	1	1
gene-AM1_RS33190	NC_009928.1	213677	214552	-	876	3	3	33	24	2	3
gene-AM1_RS42635	NC_009928.1	215335	215496	-	162	0	0	8	9	1	1
gene-AM1_RS33200	NC_009928.1	215508	215843	-	336	1	3	8	10	1	0
gene-AM1_RS33205	NC_009928.1	215938	216606	+	669	6	10	27	32	5	10
gene-AM1_RS33210	NC_009928.1	216623	218092	+	1470	21	34	136	102	16	19
gene-AM1_RS33215	NC_009928.1	218538	218732	-	195	2	5	13	16	2	0
gene-AM1_RS43700	NC_009928.1	218985	219146	-	162	2	10	16	22	3	3
gene-AM1_RS42640	NC_009928.1	220670	220825	-	156	2	5	9	15	2	5
gene-AM1_RS33230	NC_009928.1	221225	221440	-	216	8	10	9	12	5	6
gene-AM1_RS33235	NC_009928.1	221524	221736	-	213	13	8	27	24	3	4
gene-AM1_RS33240	NC_009928.1	221819	222163	-	345	7	5	11	18	2	1
gene-AM1_RS33245	NC_009928.1	222230	222496	-	267	1	8	10	15	1	3
gene-AM1_RS33250	NC_009928.1	222810	223049	+	240	25	18	69	41	5	8
gene-AM1_RS33255	NC_009928.1	223101	223397	+	297	71	95	171	146	55	43
gene-AM1_RS33260	NC_009928.1	223546	223920	-	375	108	107	200	148	60	67
gene-AM1_RS33265	NC_009928.1	224263	224676	+	414	21	30	42	34	10	7
gene-AM1_RS33270	NC_009928.1	225276	225758	-	483	12	29	61	63	8	20
gene-AM1_RS33280	NC_009928.1	226960	228750	+	1791	12	13	151	139	9	14
gene-AM1_RS33285	NC_009928.1	229079	230377	-	1299	36	53	194	146	16	25
gene-AM1_RS42645	NC_009928.1	230376	230558	+	183	7	2	41	20	4	4
gene-AM1_RS33290	NC_009928.1	231749	232147	+	399	62	73	244	128	38	56
gene-AM1_RS33295	NC_009928.1	232233	232811	+	579	224	367	514	408	135	126
gene-AM1_RS33300	NC_009928.1	232980	233321	+	342	68	137	151	114	19	41
gene-AM1_RS33305	NC_009928.1	233705	234061	-	357	7	19	70	50	7	6
gene-AM1_RS33310	NC_009928.1	234115	234504	+	390	149	119	911	677	194	109
gene-AM1_RS33315	NC_009928.1	234682	234957	+	276	82	101	708	672	112	165
gene-AM1_RS33320	NC_009928.1	235138	235944	+	807	68	76	308	217	62	65
gene-AM1_RS33325	NC_009928.1	236125	236832	-	708	30	49	163	141	15	22
gene-AM1_RS33330	NC_009928.1	238648	239154	-	507	98	128	357	317	103	138
gene-AM1_RS41695	NC_009928.1	239693	239929	+	237	4	7	19	32	6	3
gene-AM1_RS33335	NC_009928.1	240108	240599	+	492	27	34	86	76	17	16
gene-AM1_RS33340	NC_009928.1	240795	241142	-	348	13	18	72	58	14	11
gene-AM1_RS33345	NC_009928.1	241380	241778	+	399	66	58	151	59	39	48
gene-AM1_RS33350	NC_009928.1	241863	242291	+	429	15	23	117	75	43	31
gene-AM1_RS33355	NC_009928.1	242338	242580	+	243	19	17	44	32	13	10
gene-AM1_RS33360	NC_009928.1	242755	243132	+	378	254	407	298	299	204	49
gene-AM1_RS33365	NC_009928.1	243339	243614	+	276	549	632	5636	6476	1233	1122
gene-AM1_RS33370	NC_009928.1	243801	244622	+	822	114	216	235	311	84	99
gene-AM1_RS33375	NC_009928.1	245054	245452	+	399	62	96	242	157	60	53
gene-AM1_RS33380	NC_009928.1	245525	246007	+	483	8	33	52	84	5	11
gene-AM1_RS39310	NC_009928.1	246175	246393	+	219	12	8	25	18	1	8
gene-AM1_RS33385	NC_009928.1	246364	246801	-	438	14	23	56	61	7	25
gene-AM1_RS33390	NC_009928.1	247635	247958	+	324	30	43	94	126	14	16
gene-AM1_RS38065	NC_009928.1	249211	250926	+	1716	160	443	598	940	141	377
gene-AM1_RS33405	NC_009928.1	251017	253761	+	2745	338	780	1219	1667	293	595
gene-AM1_RS33410	NC_009928.1	254196	257027	+	2832	193	248	504	420	116	96
gene-AM1_RS33415	NC_009928.1	257172	258032	-	861	19	20	102	111	16	17
gene-AM1_RS39320	NC_009928.1	258141	258350	-	210	3	4	33	27	4	1
gene-AM1_RS33420	NC_009928.1	258568	259083	-	516	220	177	263	220	78	48
gene-AM1_RS33425	NC_009928.1	259182	259538	-	357	12	19	30	26	9	3
gene-AM1_RS43705	NC_009928.1	259577	260218	-	642	14	8	56	78	9	4
gene-AM1_RS42650	NC_009928.1	260218	260379	+	162	0	0	4	1	0	0
gene-AM1_RS33435	NC_009928.1	260366	260764	-	399	0	1	17	28	2	3
gene-AM1_RS33440	NC_009928.1	260757	261875	-	1119	11	7	84	102	7	7
gene-AM1_RS33445	NC_009928.1	262327	267936	+	5610	308	373	1022	929	380	239
gene-AM1_RS33450	NC_009928.1	267933	268133	-	201	85	99	630	746	132	121
gene-AM1_RS33455	NC_009928.1	268194	270452	-	2259	147	117	673	722	204	127
gene-AM1_RS33460	NC_009928.1	270505	270861	-	357	10	1	30	34	8	4
gene-AM1_RS33465	NC_009928.1	270858	272585	-	1728	24	17	171	207	13	21
gene-AM1_RS42655	NC_009928.1	272639	272785	+	147	1	2	10	7	0	0
gene-AM1_RS32075	NC_009928.1	272866	273444	+	579	120	113	233	157	71	91
gene-AM1_RS33470	NC_009929.1	566	853	+	288	46	213	64	223	14	25
gene-AM1_RS43710	NC_009929.1	928	1215	-	288	12	30	23	13	1	5
gene-AM1_RS33480	NC_009929.1	1331	3244	-	1914	49	50	132	91	40	25
gene-AM1_RS42800	NC_009929.1	3374	3568	+	195	4	3	12	11	1	5
gene-AM1_RS33490	NC_009929.1	3923	4714	+	792	275	326	403	416	307	165
gene-AM1_RS33495	NC_009929.1	4747	5229	-	483	40	35	66	47	17	20
gene-AM1_RS33500	NC_009929.1	5274	6098	-	825	13	23	40	31	5	6
gene-AM1_RS33505	NC_009929.1	6377	6619	+	243	9	19	23	77	3	15
gene-AM1_RS33510	NC_009929.1	7037	7780	-	744	23	35	40	54	6	9
gene-AM1_RS33515	NC_009929.1	7940	8554	-	615	1	6	21	25	1	13
gene-AM1_RS44600	NC_009929.1	8582	8860	-	279	7	16	20	22	5	7
gene-AM1_RS33520	NC_009929.1	9069	9446	-	378	6	10	20	34	2	2
gene-AM1_RS33525	NC_009929.1	9443	10519	-	1077	16	43	108	135	10	24
gene-AM1_RS33530	NC_009929.1	10641	10832	+	192	3	3	8	3	0	2
gene-AM1_RS33535	NC_009929.1	11014	11559	-	546	15	19	33	29	6	6
gene-AM1_RS43715	NC_009929.1	11534	12232	-	699	8	15	21	18	1	2
gene-AM1_RS33545	NC_009929.1	12250	13560	-	1311	31	29	91	74	25	24
gene-AM1_RS33550	NC_009929.1	13608	15005	-	1398	18	38	48	45	9	13
gene-AM1_RS33555	NC_009929.1	15294	15617	+	324	4	16	20	9	1	1
gene-AM1_RS33560	NC_009929.1	16057	17118	+	1062	71	168	126	106	24	42
gene-AM1_RS33565	NC_009929.1	17905	21312	+	3408	55	143	173	513	35	179
gene-AM1_RS33570	NC_009929.1	21888	22310	+	423	2	3	16	12	1	0
gene-AM1_RS42660	NC_009929.1	22294	22482	+	189	0	0	2	1	0	0
gene-AM1_RS33580	NC_009929.1	22553	23875	+	1323	4	8	42	56	2	7
gene-AM1_RS33585	NC_009929.1	24113	25090	+	978	2	5	36	44	3	0
gene-AM1_RS38075	NC_009929.1	25087	25998	+	912	1	8	22	43	5	1
gene-AM1_RS41720	NC_009929.1	26033	26329	+	297	0	2	5	5	1	0
gene-AM1_RS33600	NC_009929.1	26398	26607	+	210	0	0	2	1	0	0
gene-AM1_RS33605	NC_009929.1	26652	27131	+	480	2	5	13	17	0	5
gene-AM1_RS33610	NC_009929.1	27144	30236	+	3093	19	49	80	131	17	18
gene-AM1_RS33615	NC_009929.1	30233	31255	+	1023	12	12	29	71	7	6
gene-AM1_RS33620	NC_009929.1	31252	32325	+	1074	8	19	29	46	3	4
gene-AM1_RS33625	NC_009929.1	32322	33041	+	720	6	15	28	26	5	2
gene-AM1_RS33630	NC_009929.1	33045	34484	+	1440	20	26	69	103	20	16
gene-AM1_RS33635	NC_009929.1	34481	34903	+	423	10	19	27	24	3	1
gene-AM1_RS38080	NC_009929.1	35368	35823	+	456	105	153	201	144	66	48
gene-AM1_RS33645	NC_009929.1	36397	36825	+	429	99	96	207	122	35	29
gene-AM1_RS33650	NC_009929.1	36874	39105	+	2232	44	72	238	227	49	52
gene-AM1_RS44335	NC_009929.1	39569	40525	+	957	54	65	90	57	16	9
gene-AM1_RS33660	NC_009929.1	41393	43999	+	2607	22	31	112	128	11	14
gene-AM1_RS33665	NC_009929.1	43996	44349	+	354	69	60	140	117	49	26
gene-AM1_RS33670	NC_009929.1	44422	46203	+	1782	45	54	81	72	14	14
gene-AM1_RS33675	NC_009929.1	46246	46668	+	423	3	2	33	29	5	3
gene-AM1_RS33680	NC_009929.1	46711	46977	+	267	3	1	30	18	3	5
gene-AM1_RS44605	NC_009929.1	47146	48081	+	936	26	37	58	55	34	28
gene-AM1_RS33690	NC_009929.1	48672	49421	+	750	17	20	44	48	18	13
gene-AM1_RS33695	NC_009929.1	49640	51148	+	1509	14	17	60	51	13	5
gene-AM1_RS33700	NC_009929.1	51138	55172	-	4035	195	317	573	588	135	126
gene-AM1_RS33710	NC_009929.1	55916	57049	+	1134	7	10	36	50	2	6
gene-AM1_RS33715	NC_009929.1	57105	57401	+	297	1	6	10	6	2	5
gene-AM1_RS33720	NC_009929.1	57405	57953	+	549	8	10	26	52	6	9
gene-AM1_RS33725	NC_009929.1	57950	58237	+	288	11	18	27	15	5	10
gene-AM1_RS41725	NC_009929.1	58730	58829	-	100	46	74	125	59	83	67
gene-AM1_RS33730	NC_009929.1	58815	59651	-	837	49	63	106	108	16	22
gene-AM1_RS33735	NC_009929.1	60228	60503	+	276	3	4	17	29	2	2
gene-AM1_RS42665	NC_009929.1	60731	60904	+	174	1	1	10	10	2	2
gene-AM1_RS43720	NC_009929.1	61042	64683	+	3642	33	40	146	225	38	18
gene-AM1_RS33745	NC_009929.1	64786	65160	+	375	0	2	8	4	1	1
gene-AM1_RS33750	NC_009929.1	65147	65419	+	273	1	1	4	1	2	0
gene-AM1_RS33755	NC_009929.1	65547	67403	+	1857	61	83	118	99	39	16
gene-AM1_RS33760	NC_009929.1	67413	68102	-	690	14	21	49	28	4	6
gene-AM1_RS33765	NC_009929.1	68454	70376	+	1923	10	24	38	36	4	6
gene-AM1_RS43725	NC_009929.1	70742	72919	-	2178	29	57	114	135	17	24
gene-AM1_RS33775	NC_009929.1	73580	73915	+	336	39	66	52	74	20	23
gene-AM1_RS42670	NC_009929.1	74214	74651	-	438	17	30	28	21	5	5
gene-AM1_RS33785	NC_009929.1	75002	75757	+	756	33	54	120	118	21	42
gene-AM1_RS33790	NC_009929.1	75762	76088	+	327	5	15	16	34	7	6
gene-AM1_RS33795	NC_009929.1	76085	76384	+	300	15	10	35	28	6	3
gene-AM1_RS33800	NC_009929.1	76607	77578	+	972	19	34	64	66	12	21
gene-AM1_RS33805	NC_009929.1	77863	80007	-	2145	39	137	134	311	34	105
gene-AM1_RS33810	NC_009929.1	80091	80897	-	807	12	53	42	83	5	73
gene-AM1_RS44145	NC_009929.1	81075	81197	-	123	6	9	9	9	6	0
gene-AM1_RS33815	NC_009929.1	81213	81590	-	378	164	310	198	286	122	46
gene-AM1_RS33820	NC_009929.1	81765	82007	-	243	3	3	2	5	0	2
gene-AM1_RS33825	NC_009929.1	82170	82655	-	486	7	17	38	90	7	7
gene-AM1_RS33830	NC_009929.1	83273	84064	-	792	12	17	33	38	2	11
gene-AM1_RS33835	NC_009929.1	84216	84614	-	399	9	18	39	21	10	12
gene-AM1_RS33840	NC_009929.1	84852	85199	+	348	7	11	34	37	5	4
gene-AM1_RS44610	NC_009929.1	85656	85886	-	231	9	11	27	16	5	2
gene-AM1_RS39335	NC_009929.1	86140	86289	+	150	1	3	3	0	1	0
gene-AM1_RS33850	NC_009929.1	86402	86761	-	360	2	16	22	7	2	3
gene-AM1_RS33855	NC_009929.1	86816	87136	-	321	19	27	55	29	19	9
gene-AM1_RS33860	NC_009929.1	87140	87478	-	339	48	52	167	76	24	17
gene-AM1_RS33865	NC_009929.1	87678	87971	-	294	39	22	109	89	23	10
gene-AM1_RS33870	NC_009929.1	87968	88204	-	237	16	12	76	59	22	13
gene-AM1_RS33875	NC_009929.1	88525	88713	+	189	9	1	18	12	2	1
gene-AM1_RS33880	NC_009929.1	88779	89123	+	345	3	7	20	7	3	6
gene-AM1_RS33885	NC_009929.1	89211	89423	+	213	17	17	48	36	5	5
gene-AM1_RS42675	NC_009929.1	89851	90027	-	177	12	5	15	17	4	1
gene-AM1_RS33890	NC_009929.1	90268	90801	+	534	12	7	28	16	4	2
gene-AM1_RS33895	NC_009929.1	91034	91411	+	378	2	3	11	12	3	3
gene-AM1_RS33900	NC_009929.1	91411	91875	+	465	17	14	76	37	4	5
gene-AM1_RS33905	NC_009929.1	92104	92364	+	261	2	0	5	7	1	0
gene-AM1_RS42680	NC_009929.1	92407	92622	+	216	7	8	13	10	5	5
gene-AM1_RS33910	NC_009929.1	92633	92842	+	210	6	4	12	11	6	8
gene-AM1_RS33915	NC_009929.1	93058	93534	+	477	9	14	34	19	8	2
gene-AM1_RS33920	NC_009929.1	93549	94337	-	789	21	28	50	50	15	7
gene-AM1_RS33925	NC_009929.1	94730	95371	+	642	3	4	29	38	4	2
gene-AM1_RS33930	NC_009929.1	95689	96348	+	660	28	16	45	77	23	8
gene-AM1_RS33935	NC_009929.1	96480	96839	-	360	25	34	76	98	13	17
gene-AM1_RS33940	NC_009929.1	97048	97470	+	423	85	76	142	82	58	75
gene-AM1_RS33945	NC_009929.1	97596	98504	-	909	223	215	491	485	185	132
gene-AM1_RS33950	NC_009929.1	98497	99345	-	849	63	75	165	129	66	52
gene-AM1_RS33960	NC_009929.1	100602	101318	+	717	32	59	132	84	31	33
gene-AM1_RS33965	NC_009929.1	101360	101884	-	525	35	52	147	89	50	38
gene-AM1_RS33970	NC_009929.1	102473	104827	+	2355	91	139	329	224	78	106
gene-AM1_RS33975	NC_009929.1	104839	105318	+	480	3	4	13	27	4	10
gene-AM1_RS33985	NC_009929.1	106498	106920	+	423	22	62	129	98	46	94
gene-AM1_RS33990	NC_009929.1	107067	108161	+	1095	45	113	204	141	65	89
gene-AM1_RS33995	NC_009929.1	108427	109446	+	1020	22	37	87	92	20	34
gene-AM1_RS34000	NC_009929.1	109573	110730	+	1158	9	18	41	32	9	14
gene-AM1_RS34005	NC_009929.1	110727	111833	+	1107	15	24	50	62	6	6
gene-AM1_RS42685	NC_009929.1	112012	112200	+	189	3	13	21	19	4	5
gene-AM1_RS34010	NC_009929.1	112436	112921	-	486	9	46	139	92	23	57
gene-AM1_RS34015	NC_009929.1	113116	114126	+	1011	13	19	60	51	19	16
gene-AM1_RS34020	NC_009929.1	114351	115067	+	717	4	50	64	38	18	36
gene-AM1_RS34025	NC_009929.1	115061	117424	+	2364	24	76	207	118	45	59
gene-AM1_RS34030	NC_009929.1	117438	118928	+	1491	21	54	142	122	54	53
gene-AM1_RS34035	NC_009929.1	119035	119424	+	390	17	85	54	70	13	15
gene-AM1_RS34040	NC_009929.1	119450	119890	+	441	14	29	38	35	20	15
gene-AM1_RS34045	NC_009929.1	119920	121008	+	1089	13	25	81	61	22	13
gene-AM1_RS34050	NC_009929.1	121202	123715	+	2514	49	230	530	396	338	371
gene-AM1_RS34055	NC_009929.1	123879	125327	+	1449	9	42	90	72	36	34
gene-AM1_RS34060	NC_009929.1	125317	125712	+	396	3	4	16	4	3	3
gene-AM1_RS34065	NC_009929.1	125727	126041	+	315	0	2	8	5	2	2
gene-AM1_RS34070	NC_009929.1	126034	127263	+	1230	14	37	57	61	28	13
gene-AM1_RS34075	NC_009929.1	127260	127595	+	336	2	8	7	6	7	4
gene-AM1_RS34080	NC_009929.1	127737	128441	+	705	21	32	82	65	30	41
gene-AM1_RS34085	NC_009929.1	128434	128721	+	288	3	11	15	7	2	1
gene-AM1_RS34090	NC_009929.1	128724	129515	+	792	16	48	66	42	24	15
gene-AM1_RS34095	NC_009929.1	129519	131060	+	1542	32	69	85	49	30	16
gene-AM1_RS34100	NC_009929.1	131155	132033	+	879	29	49	96	65	34	30
gene-AM1_RS34105	NC_009929.1	132030	132599	-	570	13	17	74	42	10	23
gene-AM1_RS34110	NC_009929.1	132659	132874	-	216	2	1	18	10	2	4
gene-AM1_RS34115	NC_009929.1	132934	133380	-	447	10	32	56	58	28	20
gene-AM1_RS34120	NC_009929.1	133641	136019	+	2379	89	231	225	311	54	122
gene-AM1_RS34125	NC_009929.1	136264	137103	+	840	35	53	59	59	20	20
gene-AM1_RS34130	NC_009929.1	137182	137700	-	519	31	31	84	53	17	15
gene-AM1_RS34135	NC_009929.1	138079	138951	+	873	6	11	28	42	7	4
gene-AM1_RS34140	NC_009929.1	139213	140286	+	1074	63	200	314	224	115	134
gene-AM1_RS34145	NC_009929.1	140334	140867	+	534	7	10	40	25	15	15
gene-AM1_RS34150	NC_009929.1	140868	142523	+	1656	15	50	118	61	47	31
gene-AM1_RS40455	NC_009929.1	142720	143717	+	998	117	56	250	250	68	77
gene-AM1_RS34165	NC_009929.1	143732	144691	+	960	6	12	49	27	11	5
gene-AM1_RS34170	NC_009929.1	144990	145181	+	192	8	28	92	68	24	41
gene-AM1_RS34175	NC_009929.1	145222	145941	+	720	12	48	141	81	60	97
gene-AM1_RS34180	NC_009929.1	146062	146607	+	546	7	27	98	39	25	42
gene-AM1_RS34185	NC_009929.1	146681	147226	+	546	14	36	108	72	61	45
gene-AM1_RS34190	NC_009929.1	147273	148700	+	1428	29	49	231	157	55	126
gene-AM1_RS34195	NC_009929.1	148741	149367	+	627	15	12	60	36	27	19
gene-AM1_RS34200	NC_009929.1	149405	150889	+	1485	29	59	106	75	31	28
gene-AM1_RS34205	NC_009929.1	150923	151159	-	237	1	9	10	4	0	1
gene-AM1_RS34210	NC_009929.1	151150	153654	-	2505	21	39	111	88	19	16
gene-AM1_RS34215	NC_009929.1	153680	154162	-	483	6	9	27	11	6	5
gene-AM1_RS34220	NC_009929.1	154194	154862	-	669	6	17	35	23	9	18
gene-AM1_RS34225	NC_009929.1	154931	155746	-	816	31	70	119	96	51	40
gene-AM1_RS34230	NC_009929.1	155748	156089	-	342	6	17	25	12	8	6
gene-AM1_RS34235	NC_009929.1	156082	156612	-	531	14	67	62	78	37	38
gene-AM1_RS34240	NC_009929.1	156876	157451	+	576	5	10	31	27	3	7
gene-AM1_RS34245	NC_009929.1	157514	158401	+	888	10	5	22	12	5	3
gene-AM1_RS34250	NC_009929.1	158414	159433	-	1020	9	21	36	44	6	14
gene-AM1_RS34255	NC_009929.1	159461	164098	-	4638	87	281	366	601	108	249
gene-AM1_RS34260	NC_009929.1	164576	167203	+	2628	49	124	228	170	109	140
gene-AM1_RS34265	NC_009929.1	167209	168108	-	900	6	10	44	34	11	8
gene-AM1_RS42690	NC_009929.1	168185	168343	-	159	1	4	11	12	2	0
gene-AM1_RS34270	NC_009929.1	168665	169492	-	828	2	7	27	29	7	5
gene-AM1_RS34275	NC_009929.1	169557	170642	-	1086	18	45	57	54	32	30
gene-AM1_RS34280	NC_009929.1	171046	171810	+	765	11	35	57	31	7	17
gene-AM1_RS34285	NC_009929.1	171902	172213	+	312	0	1	4	5	1	2
gene-AM1_RS34290	NC_009929.1	172242	173852	+	1611	18	27	75	60	12	20
gene-AM1_RS34295	NC_009929.1	174051	174302	+	252	10	17	32	20	2	10
gene-AM1_RS34300	NC_009929.1	174452	174709	+	258	2	3	6	4	0	0
gene-AM1_RS34305	NC_009929.1	174745	176016	+	1272	19	22	61	49	9	11
gene-AM1_RS34310	NC_009929.1	177272	177526	+	255	2	2	10	10	1	1
gene-AM1_RS34315	NC_009929.1	177830	178381	+	552	11	28	75	96	10	13
gene-AM1_RS34320	NC_009929.1	179603	179917	-	315	2	1	14	6	1	0
gene-AM1_RS34325	NC_009929.1	180172	181068	-	897	2	7	21	26	7	2
gene-AM1_RS34330	NC_009929.1	181149	181622	+	474	1	2	20	20	2	1
gene-AM1_RS40475	NC_009929.1	182696	183525	+	830	17	15	44	39	11	8
gene-AM1_RS34360	NC_009929.1	185706	186026	-	321	4	1	14	18	4	0
gene-AM1_RS34370	NC_009929.1	187700	188518	+	819	3	3	9	8	1	2
gene-AM1_RS41745	NC_009929.1	188597	189067	-	471	3	10	12	17	5	2
gene-AM1_RS41750	NC_009929.1	189203	189475	-	273	8	17	25	31	5	1
gene-AM1_RS34380	NC_009929.1	190229	190774	+	546	7	23	47	29	6	9
gene-AM1_RS34385	NC_009929.1	191127	191663	-	537	16	21	58	41	10	14
gene-AM1_RS34390	NC_009929.1	191838	193805	-	1968	55	154	460	385	204	212
gene-AM1_RS34395	NC_009929.1	194348	195295	+	948	28	36	62	52	18	12
gene-AM1_RS34400	NC_009929.1	195480	196184	+	705	0	7	29	22	5	7
gene-AM1_RS40485	NC_009929.1	196221	197338	+	1118	19	22	54	42	8	5
gene-AM1_RS34415	NC_009929.1	197286	198128	+	843	37	37	41	34	11	9
gene-AM1_RS34420	NC_009929.1	198250	198939	+	690	15	14	32	21	4	6
gene-AM1_RS34425	NC_009929.1	199140	199916	+	777	46	42	72	58	16	18
gene-AM1_RS34430	NC_009929.1	199948	201420	+	1473	50	62	122	93	27	17
gene-AM1_RS34435	NC_009929.1	201669	202748	-	1080	50	77	122	151	44	74
gene-AM1_RS34440	NC_009929.1	202779	203129	-	351	24	35	44	48	7	7
gene-AM1_RS34445	NC_009929.1	203797	204651	+	855	55	58	106	69	31	18
gene-AM1_RS34450	NC_009929.1	204706	205323	+	618	31	55	71	63	13	20
gene-AM1_RS44615	NC_009929.1	205348	205752	-	405	29	37	37	24	18	3
gene-AM1_RS34460	NC_009929.1	205961	207697	-	1737	33	30	102	73	17	26
gene-AM1_RS34465	NC_009929.1	207761	208243	-	483	10	14	33	15	5	7
gene-AM1_RS34470	NC_009929.1	208335	209057	-	723	4	12	36	25	11	7
gene-AM1_RS34475	NC_009929.1	209099	209653	-	555	8	15	17	17	4	5
gene-AM1_RS34480	NC_009929.1	209710	213333	-	3624	38	135	314	219	115	95
gene-AM1_RS34485	NC_009929.1	213669	214724	-	1056	21	27	48	50	6	8
gene-AM1_RS34490	NC_009929.1	214938	215417	+	480	5	2	25	20	4	6
gene-AM1_RS34495	NC_009929.1	215431	216096	+	666	2	0	22	7	0	1
gene-AM1_RS34500	NC_009929.1	216210	217142	+	933	33	34	132	107	21	29
gene-AM1_RS34505	NC_009929.1	217252	218364	+	1113	110	130	246	150	61	77
gene-AM1_RS34510	NC_009929.1	218508	219491	-	984	39	39	65	56	13	19
gene-AM1_RS41755	NC_009929.1	220066	220524	+	459	33	23	83	79	20	20
gene-AM1_RS34520	NC_009929.1	220783	221397	-	615	13	18	65	66	20	17
gene-AM1_RS39355	NC_009929.1	221973	222116	+	144	16	4	30	9	5	0
gene-AM1_RS34530	NC_009929.1	222180	222332	+	153	16	15	34	14	3	3
gene-AM1_RS34535	NC_009929.1	222611	222844	+	234	37	52	61	27	14	13
gene-AM1_RS34540	NC_009929.1	223327	224142	-	816	29	54	124	96	25	19
gene-AM1_RS34545	NC_009929.1	224173	224430	-	258	15	21	65	42	14	11
gene-AM1_RS34550	NC_009929.1	224492	225550	+	1059	213	171	517	371	155	147
gene-AM1_RS34555	NC_009929.1	225560	225937	+	378	126	104	132	120	40	25
gene-AM1_RS43740	NC_009929.1	226097	226288	-	192	58	103	43	35	12	11
gene-AM1_RS34565	NC_009929.1	226447	226659	-	213	29	85	17	32	6	18
gene-AM1_RS38090	NC_009930.1	1189	3489	+	2301	14	61	71	97	9	21
gene-AM1_RS34580	NC_009930.1	3757	4242	+	486	10	28	35	33	4	5
gene-AM1_RS34585	NC_009930.1	4909	7311	+	2403	55	161	146	248	56	99
gene-AM1_RS34590	NC_009930.1	7389	9044	-	1656	31	56	134	108	24	30
gene-AM1_RS34595	NC_009930.1	9300	9695	+	396	4	27	11	26	1	8
gene-AM1_RS34600	NC_009930.1	9736	10665	-	930	20	36	66	43	11	14
gene-AM1_RS34605	NC_009930.1	11191	11613	-	423	19	51	39	55	8	12
gene-AM1_RS34610	NC_009930.1	11753	12043	-	291	10	74	19	115	9	30
gene-AM1_RS34615	NC_009930.1	12120	12761	-	642	27	168	28	103	12	69
gene-AM1_RS34620	NC_009930.1	13436	14008	+	573	6	10	33	31	6	8
gene-AM1_RS34625	NC_009930.1	15612	15851	+	240	9	66	50	279	19	282
gene-AM1_RS34630	NC_009930.1	16136	16618	+	483	14	131	89	455	41	483
gene-AM1_RS34635	NC_009930.1	16706	17104	+	399	14	106	55	386	39	304
gene-AM1_RS34640	NC_009930.1	17407	17733	+	327	19	132	75	402	29	378
gene-AM1_RS34645	NC_009930.1	18027	18764	+	738	20	96	46	149	28	184
gene-AM1_RS34650	NC_009930.1	18781	19665	+	885	72	192	109	265	30	287
gene-AM1_RS34660	NC_009930.1	20932	23346	-	2415	115	393	151	670	75	276
gene-AM1_RS34665	NC_009930.1	24758	25030	-	273	15	36	25	51	10	13
gene-AM1_RS34670	NC_009930.1	25027	25320	-	294	16	31	41	66	9	24
gene-AM1_RS39365	NC_009930.1	25381	25641	-	261	20	18	49	60	10	10
gene-AM1_RS34675	NC_009930.1	25831	26142	+	312	0	0	6	19	2	1
gene-AM1_RS34680	NC_009930.1	26211	26537	+	327	0	0	3	8	1	0
gene-AM1_RS34685	NC_009930.1	26601	26978	+	378	1	2	6	2	0	3
gene-AM1_RS34690	NC_009930.1	27059	27391	+	333	1	1	3	4	0	0
gene-AM1_RS38095	NC_009930.1	27391	28284	+	894	2	5	26	19	2	5
gene-AM1_RS34700	NC_009930.1	28508	28693	+	186	0	1	5	1	0	0
gene-AM1_RS34705	NC_009930.1	28683	29138	+	456	1	1	16	15	1	0
gene-AM1_RS34710	NC_009930.1	29318	30124	+	807	5	25	40	64	3	50
gene-AM1_RS34715	NC_009930.1	30166	32028	-	1863	15	49	66	63	13	11
gene-AM1_RS34720	NC_009930.1	32299	33354	+	1056	42	34	156	101	32	27
gene-AM1_RS34725	NC_009930.1	33584	33814	+	231	0	1	5	4	1	1
gene-AM1_RS42700	NC_009930.1	33807	33968	+	162	0	3	3	4	1	2
gene-AM1_RS34730	NC_009930.1	34077	34535	+	459	43	74	248	368	73	125
gene-AM1_RS34735	NC_009930.1	34707	34955	+	249	10	10	193	188	7	7
gene-AM1_RS34740	NC_009930.1	35085	35276	+	192	2	4	27	13	2	5
gene-AM1_RS34745	NC_009930.1	35342	35644	-	303	13	23	54	65	22	17
gene-AM1_RS34750	NC_009930.1	35651	35989	-	339	4	10	27	28	5	4
gene-AM1_RS34755	NC_009930.1	36360	36773	+	414	5	6	22	15	4	1
gene-AM1_RS34760	NC_009930.1	36970	37428	-	459	2	5	24	35	1	2
gene-AM1_RS42705	NC_009930.1	37738	37911	-	174	9	7	25	16	3	5
gene-AM1_RS34765	NC_009930.1	38055	38270	-	216	8	6	29	14	2	4
gene-AM1_RS42710	NC_009930.1	38638	38799	+	162	8	4	6	10	0	2
gene-AM1_RS34770	NC_009930.1	38756	39643	+	888	65	68	103	87	26	10
gene-AM1_RS34780	NC_009930.1	40288	40764	-	477	30	60	68	149	23	29
gene-AM1_RS38100	NC_009930.1	41713	43686	-	1974	41	79	93	102	20	19
gene-AM1_RS34790	NC_009930.1	43700	44134	-	435	16	19	18	32	5	8
gene-AM1_RS42715	NC_009930.1	44544	44696	-	153	0	1	6	6	1	0
gene-AM1_RS34795	NC_009930.1	44738	45370	-	633	1	3	18	19	1	1
gene-AM1_RS34800	NC_009930.1	45351	45746	-	396	0	2	3	4	0	0
gene-AM1_RS34805	NC_009930.1	45756	46100	+	345	0	0	1	5	0	0
gene-AM1_RS41770	NC_009930.1	46189	46527	+	339	0	0	5	5	0	0
gene-AM1_RS34815	NC_009930.1	46762	48735	+	1974	6	10	48	65	5	7
gene-AM1_RS34820	NC_009930.1	49116	49535	+	420	26	49	34	47	9	25
gene-AM1_RS34825	NC_009930.1	49598	49936	-	339	5	4	8	4	2	3
gene-AM1_RS34830	NC_009930.1	49926	51593	-	1668	6	8	39	58	8	4
gene-AM1_RS34835	NC_009930.1	51597	52049	-	453	1	1	7	10	1	1
gene-AM1_RS34840	NC_009930.1	52115	52447	-	333	0	1	11	6	0	0
gene-AM1_RS39370	NC_009930.1	54211	54825	+	615	1	0	14	8	0	0
gene-AM1_RS34855	NC_009930.1	54846	56090	+	1245	15	16	61	67	16	22
gene-AM1_RS41775	NC_009930.1	56414	56785	-	372	7	5	12	9	1	1
gene-AM1_RS34870	NC_009930.1	56745	57248	-	504	15	15	25	16	11	7
gene-AM1_RS34875	NC_009930.1	57356	57652	+	297	4	3	12	13	3	2
gene-AM1_RS34880	NC_009930.1	57656	58531	+	876	11	20	43	43	10	14
gene-AM1_RS34885	NC_009930.1	58895	59812	+	918	22	36	42	47	9	13
gene-AM1_RS34890	NC_009930.1	59904	60320	-	417	43	50	117	134	36	27
gene-AM1_RS34895	NC_009930.1	60320	60571	-	252	26	28	124	134	31	27
gene-AM1_RS34900	NC_009930.1	60725	62881	+	2157	46	89	205	183	38	50
gene-AM1_RS34905	NC_009930.1	63269	63907	+	639	35	27	58	44	15	14
gene-AM1_RS38105	NC_009930.1	63901	64671	+	771	21	20	69	41	23	24
gene-AM1_RS34915	NC_009930.1	64765	65508	-	744	5	8	30	33	9	11
gene-AM1_RS34920	NC_009930.1	65690	66502	-	813	36	46	70	53	12	10
gene-AM1_RS34925	NC_009930.1	66620	68491	-	1872	334	225	249	249	71	64
gene-AM1_RS34930	NC_009930.1	68549	70048	-	1500	733	370	570	750	217	308
gene-AM1_RS34935	NC_009930.1	70416	71192	-	777	66	77	224	267	48	53
gene-AM1_RS38110	NC_009930.1	71629	72093	-	465	32	22	57	55	2	6
gene-AM1_RS34945	NC_009930.1	72148	72933	-	786	27	18	56	66	15	15
gene-AM1_RS42720	NC_009930.1	72943	73086	-	144	1	1	1	5	0	0
gene-AM1_RS34950	NC_009930.1	73213	73569	+	357	8	7	38	31	7	10
gene-AM1_RS34955	NC_009930.1	73632	74279	-	648	5	0	15	15	5	2
gene-AM1_RS34960	NC_009930.1	74263	74793	-	531	17	18	48	34	12	11
gene-AM1_RS34965	NC_009930.1	74874	75095	-	222	2	12	29	40	6	7
gene-AM1_RS39375	NC_009930.1	75128	75295	-	168	3	9	17	11	0	0
gene-AM1_RS34970	NC_009930.1	75714	81293	-	5580	122	221	351	279	61	68
gene-AM1_RS34975	NC_009930.1	82393	85848	+	3456	69	226	267	741	94	263
gene-AM1_RS34980	NC_009930.1	86087	87142	+	1056	12	20	57	39	7	16
gene-AM1_RS34985	NC_009930.1	87904	88698	+	795	10	28	37	44	6	23
gene-AM1_RS34990	NC_009930.1	88767	89828	-	1062	22	37	49	26	11	10
gene-AM1_RS34995	NC_009930.1	89906	91900	-	1995	12	33	70	57	11	6
gene-AM1_RS35000	NC_009930.1	92770	93366	-	597	31	47	113	124	48	44
gene-AM1_RS35015	NC_009930.1	94723	95727	-	1005	38	23	60	25	30	24
gene-AM1_RS35020	NC_009930.1	95794	95988	+	195	3	1	4	4	1	0
gene-AM1_RS35025	NC_009930.1	96074	97273	-	1200	14	19	46	34	8	10
gene-AM1_RS35030	NC_009930.1	97697	98770	-	1074	72	100	241	380	73	129
gene-AM1_RS35035	NC_009930.1	98889	99092	+	204	14	16	38	19	4	5
gene-AM1_RS35040	NC_009930.1	99102	100973	-	1872	41	34	144	99	24	28
gene-AM1_RS35045	NC_009930.1	101031	101612	-	582	6	8	31	22	7	4
gene-AM1_RS35050	NC_009930.1	101701	102042	+	342	24	20	48	33	11	7
gene-AM1_RS39385	NC_009930.1	102049	102384	+	336	19	17	38	18	6	5
gene-AM1_RS35055	NC_009930.1	102436	102729	+	294	3	2	12	12	1	1
gene-AM1_RS35060	NC_009930.1	102734	103261	+	528	3	3	26	13	4	1
gene-AM1_RS35065	NC_009930.1	103328	104116	+	789	16	29	62	59	16	19
gene-AM1_RS35070	NC_009930.1	104127	104501	-	375	13	5	31	16	11	5
gene-AM1_RS35075	NC_009930.1	104533	104808	-	276	9	6	26	17	10	10
gene-AM1_RS35080	NC_009930.1	104871	105161	-	291	14	9	19	21	8	3
gene-AM1_RS35085	NC_009930.1	105464	106045	-	582	9	5	32	19	6	2
gene-AM1_RS35095	NC_009930.1	106295	106678	-	384	1	3	3	5	1	0
gene-AM1_RS35100	NC_009930.1	106678	107076	-	399	0	1	4	4	0	0
gene-AM1_RS35105	NC_009930.1	107109	107441	-	333	0	0	5	5	0	0
gene-AM1_RS35110	NC_009930.1	107515	107895	-	381	3	1	4	10	5	1
gene-AM1_RS35115	NC_009930.1	107996	108634	-	639	3	4	19	26	6	3
gene-AM1_RS35120	NC_009930.1	108696	109028	-	333	0	0	3	8	0	0
gene-AM1_RS35125	NC_009930.1	109205	109582	-	378	0	0	4	6	0	0
gene-AM1_RS35130	NC_009930.1	109652	109954	-	303	0	2	3	8	0	0
gene-AM1_RS35135	NC_009930.1	110188	110343	+	156	8	5	12	16	4	5
gene-AM1_RS35140	NC_009930.1	110392	110637	+	246	20	22	48	29	18	13
gene-AM1_RS35145	NC_009930.1	110834	111256	-	423	4	11	28	29	5	4
gene-AM1_RS35150	NC_009930.1	111366	112694	+	1329	10	7	46	49	9	7
gene-AM1_RS35155	NC_009930.1	112779	113936	+	1158	2	2	27	28	4	4
gene-AM1_RS35160	NC_009930.1	113938	115386	+	1449	12	12	67	53	8	6
gene-AM1_RS35170	NC_009930.1	116080	116421	+	342	1	2	22	16	2	0
gene-AM1_RS35175	NC_009930.1	116494	116907	+	414	6	9	29	19	3	4
gene-AM1_RS35180	NC_009930.1	117139	117402	-	264	27	31	82	80	26	29
gene-AM1_RS35185	NC_009930.1	118091	118483	+	393	22	13	59	55	53	22
gene-AM1_RS35190	NC_009930.1	118725	119531	+	807	18	21	98	61	19	39
gene-AM1_RS35195	NC_009930.1	119722	120075	+	354	2	1	5	1	0	3
gene-AM1_RS35200	NC_009930.1	120174	120761	-	588	5	7	27	27	1	2
gene-AM1_RS41785	NC_009930.1	121103	121333	+	231	10	7	43	42	8	10
gene-AM1_RS42725	NC_009930.1	121326	121496	+	171	9	8	19	8	7	8
gene-AM1_RS35210	NC_009930.1	121829	122242	+	414	22	7	28	16	6	1
gene-AM1_RS35215	NC_009930.1	122486	122665	-	180	54	11	75	16	9	2
gene-AM1_RS35220	NC_009930.1	123377	123775	-	399	7	10	27	27	5	2
gene-AM1_RS35225	NC_009930.1	124395	125144	-	750	21	18	49	43	17	11
gene-AM1_RS35235	NC_009930.1	126945	127511	-	567	8	11	44	30	9	6
gene-AM1_RS35240	NC_009930.1	128003	128527	-	525	2	9	26	34	2	5
gene-AM1_RS35245	NC_009930.1	129381	130145	-	765	15	9	43	37	14	8
gene-AM1_RS35250	NC_009930.1	131098	131598	-	501	7	7	24	29	4	7
gene-AM1_RS35255	NC_009930.1	131678	132802	+	1125	10	10	45	68	10	20
gene-AM1_RS35260	NC_009930.1	132904	133164	-	261	9	8	24	13	6	18
gene-AM1_RS35265	NC_009930.1	133253	133801	-	549	7	5	31	30	6	1
gene-AM1_RS35270	NC_009930.1	133805	134173	-	369	1	0	6	5	1	0
gene-AM1_RS35275	NC_009930.1	134157	135290	-	1134	10	6	35	34	11	4
gene-AM1_RS35280	NC_009930.1	135684	135965	+	282	6	2	20	19	4	0
gene-AM1_RS35285	NC_009930.1	135965	139999	+	4035	50	45	200	187	41	16
gene-AM1_RS38115	NC_009930.1	140575	141966	+	1392	66	70	125	78	34	38
gene-AM1_RS35295	NC_009930.1	142070	143707	-	1638	27	19	113	122	33	27
gene-AM1_RS35300	NC_009930.1	143750	144172	-	423	4	5	44	26	3	8
gene-AM1_RS35305	NC_009930.1	144215	146008	-	1794	9	4	51	42	7	3
gene-AM1_RS35310	NC_009930.1	146077	146445	-	369	14	18	59	38	13	18
gene-AM1_RS35315	NC_009930.1	146442	149048	-	2607	12	19	76	80	10	5
gene-AM1_RS35320	NC_009930.1	149271	151754	-	2484	47	48	148	110	36	24
gene-AM1_RS35325	NC_009930.1	151803	152231	-	429	13	13	30	37	8	11
gene-AM1_RS35330	NC_009930.1	152781	153596	-	816	97	105	222	192	96	65
gene-AM1_RS35335	NC_009930.1	153950	154348	-	399	19	20	40	30	11	12
gene-AM1_RS35340	NC_009930.1	154507	154929	-	423	34	26	30	27	10	6
gene-AM1_RS35345	NC_009930.1	154926	156362	-	1437	18	18	59	79	13	14
gene-AM1_RS35350	NC_009930.1	156365	157087	-	723	7	2	21	35	4	2
gene-AM1_RS35355	NC_009930.1	157090	158139	-	1050	2	4	30	41	2	2
gene-AM1_RS35360	NC_009930.1	158136	159143	-	1008	11	11	32	56	6	8
gene-AM1_RS35365	NC_009930.1	159136	162237	-	3102	34	41	128	105	23	11
gene-AM1_RS35370	NC_009930.1	162248	162706	-	459	6	2	11	13	2	4
gene-AM1_RS35375	NC_009930.1	162749	163027	-	279	0	0	7	4	0	2
gene-AM1_RS38120	NC_009930.1	163058	163960	-	903	0	3	17	22	1	4
gene-AM1_RS35385	NC_009930.1	163957	164919	-	963	4	1	16	18	4	1
gene-AM1_RS35390	NC_009930.1	165048	166478	-	1431	2	8	30	36	2	3
gene-AM1_RS42730	NC_009930.1	166702	166872	-	171	0	1	8	7	0	0
gene-AM1_RS35395	NC_009930.1	167274	167567	+	294	14	11	49	36	10	11
gene-AM1_RS35400	NC_009930.1	167551	167844	+	294	11	14	30	32	14	12
gene-AM1_RS35405	NC_009930.1	168013	168471	-	459	16	27	80	101	13	24
gene-AM1_RS39400	NC_009930.1	168664	168918	-	255	5	11	8	10	1	1
gene-AM1_RS35410	NC_009930.1	169198	170106	-	909	18	24	55	53	13	7
gene-AM1_RS35415	NC_009930.1	170131	171177	-	1047	7	20	49	39	10	7
gene-AM1_RS35420	NC_009930.1	171367	171612	-	246	2	4	15	15	2	4
gene-AM1_RS35425	NC_009930.1	172464	173747	+	1284	7	13	57	89	7	11
gene-AM1_RS34570	NC_009930.1	174250	178005	+	3756	38	141	120	367	28	119
gene-AM1_RS35435	NC_009931.1	629	2290	+	1662	20	17	83	124	21	43
gene-AM1_RS35445	NC_009931.1	3698	5428	-	1731	95	125	260	158	36	46
gene-AM1_RS42735	NC_009931.1	5337	5537	+	201	23	21	70	73	12	10
gene-AM1_RS35455	NC_009931.1	8505	10166	+	1662	25	18	113	108	18	25
gene-AM1_RS35460	NC_009931.1	10171	10650	+	480	16	30	36	32	8	11
gene-AM1_RS35465	NC_009931.1	10713	10979	-	267	18	8	18	16	2	1
gene-AM1_RS38125	NC_009931.1	10987	11334	-	348	39	17	72	51	18	5
gene-AM1_RS35475	NC_009931.1	11631	11813	+	183	8	8	10	6	7	1
gene-AM1_RS35480	NC_009931.1	11880	12224	+	345	11	24	22	20	6	9
gene-AM1_RS35485	NC_009931.1	12473	13576	-	1104	59	97	94	132	101	66
gene-AM1_RS42740	NC_009931.1	13792	13941	+	150	14	32	36	39	4	5
gene-AM1_RS42745	NC_009931.1	14310	14465	+	156	2	1	7	3	0	0
gene-AM1_RS35490	NC_009931.1	14508	14849	+	342	4	4	12	10	0	0
gene-AM1_RS35495	NC_009931.1	14917	15132	+	216	0	1	4	0	0	0
gene-AM1_RS35500	NC_009931.1	15175	15678	+	504	8	9	30	30	3	1
gene-AM1_RS35505	NC_009931.1	15848	16381	+	534	7	4	22	20	3	1
gene-AM1_RS43755	NC_009931.1	16356	16589	+	234	1	4	9	8	0	0
gene-AM1_RS43760	NC_009931.1	17129	17338	+	210	5	2	14	12	2	2
gene-AM1_RS44620	NC_009931.1	17412	17513	+	102	1	1	9	7	1	1
gene-AM1_RS35520	NC_009931.1	18066	18533	+	468	20	14	34	28	7	10
gene-AM1_RS42750	NC_009931.1	18754	18969	+	216	0	0	2	1	0	0
gene-AM1_RS35525	NC_009931.1	19057	19413	-	357	7	11	40	31	5	7
gene-AM1_RS42755	NC_009931.1	19557	19718	+	162	0	0	2	6	0	0
gene-AM1_RS41795	NC_009931.1	19752	19931	+	180	0	0	9	3	0	0
gene-AM1_RS35535	NC_009931.1	20327	21097	+	771	19	22	75	42	15	18
gene-AM1_RS35540	NC_009931.1	21113	21517	+	405	2	2	9	12	0	0
gene-AM1_RS35545	NC_009931.1	21670	22155	+	486	6	5	15	17	1	0
gene-AM1_RS35550	NC_009931.1	22291	22761	+	471	21	14	64	46	9	8
gene-AM1_RS35555	NC_009931.1	23026	23667	+	642	6	7	30	25	8	5
gene-AM1_RS35560	NC_009931.1	23986	24666	+	681	20	31	62	84	44	19
gene-AM1_RS35565	NC_009931.1	24814	25569	+	756	110	171	150	178	57	92
gene-AM1_RS35570	NC_009931.1	25556	26356	+	801	88	105	118	197	53	39
gene-AM1_RS35575	NC_009931.1	26461	30681	-	4221	108	169	341	307	120	89
gene-AM1_RS35580	NC_009931.1	31038	31532	+	495	39	34	116	86	39	18
gene-AM1_RS39410	NC_009931.1	31973	32095	+	123	9	9	21	7	5	4
gene-AM1_RS35585	NC_009931.1	32652	35006	-	2355	159	89	188	189	86	43
gene-AM1_RS35590	NC_009931.1	35167	36060	+	894	9	17	31	31	7	10
gene-AM1_RS35595	NC_009931.1	36534	36866	+	333	204	164	144	111	154	108
gene-AM1_RS35600	NC_009931.1	37288	40170	+	2883	543	349	391	267	408	125
gene-AM1_RS35605	NC_009931.1	40215	41366	+	1152	333	204	200	175	283	60
gene-AM1_RS35610	NC_009931.1	41492	41962	+	471	52	39	63	40	32	13
gene-AM1_RS35615	NC_009931.1	41978	42370	+	393	35	34	25	20	21	6
gene-AM1_RS35620	NC_009931.1	42429	43475	+	1047	193	160	197	126	180	57
gene-AM1_RS35625	NC_009931.1	44010	45890	+	1881	131	112	118	119	86	25
gene-AM1_RS35630	NC_009931.1	46083	46454	-	372	22	32	37	57	17	21
gene-AM1_RS39415	NC_009931.1	46608	46775	+	168	47	33	374	368	87	57
gene-AM1_RS35635	NC_009931.1	46818	49310	-	2493	167	170	814	436	155	172
gene-AM1_RS35655	NC_009931.1	52548	54278	-	1731	104	111	247	136	39	44
gene-AM1_RS42760	NC_009931.1	54187	54387	+	201	17	19	65	61	17	9
gene-AM1_RS35665	NC_009931.1	57237	58898	-	1662	17	9	99	99	17	45
gene-AM1_RS40540	NC_009931.1	59578	60461	-	884	6	16	31	33	5	14
gene-AM1_RS35695	NC_009931.1	61722	62117	+	396	416	335	283	190	183	101
gene-AM1_RS35700	NC_009931.1	62383	64410	-	2028	132	153	140	112	44	24
gene-AM1_RS35705	NC_009931.1	64581	65066	-	486	5	9	14	14	3	2
gene-AM1_RS35710	NC_009931.1	65315	66523	-	1209	22	34	80	67	24	12
gene-AM1_RS35715	NC_009931.1	67045	67470	+	426	32	8	38	37	8	5
gene-AM1_RS35720	NC_009931.1	67624	68052	-	429	16	20	31	26	6	4
gene-AM1_RS35725	NC_009931.1	68440	69561	+	1122	5	7	38	31	2	0
gene-AM1_RS35730	NC_009931.1	69606	71285	+	1680	34	35	97	99	34	16
gene-AM1_RS35735	NC_009931.1	71552	71941	+	390	11	4	24	7	5	3
gene-AM1_RS35740	NC_009931.1	72093	72599	+	507	22	25	59	31	3	4
gene-AM1_RS35745	NC_009931.1	73440	73937	+	498	17	30	46	38	11	5
gene-AM1_RS35750	NC_009931.1	74154	75830	-	1677	96	160	195	163	73	60
gene-AM1_RS35755	NC_009931.1	76426	76695	+	270	6	12	20	29	4	4
gene-AM1_RS35760	NC_009931.1	76951	78255	-	1305	68	165	110	138	42	32
gene-AM1_RS35765	NC_009931.1	79972	80451	+	480	9	17	43	29	4	4
gene-AM1_RS35770	NC_009931.1	80465	81130	+	666	7	2	13	26	1	3
gene-AM1_RS35780	NC_009931.1	81627	82871	-	1245	8	10	86	78	26	18
gene-AM1_RS35785	NC_009931.1	83117	83557	+	441	16	11	56	36	4	9
gene-AM1_RS35790	NC_009931.1	83667	84788	+	1122	87	79	175	104	52	42
gene-AM1_RS35795	NC_009931.1	84938	85561	+	624	15	18	36	36	8	6
gene-AM1_RS35800	NC_009931.1	85901	86761	+	861	30	44	81	79	30	12
gene-AM1_RS44625	NC_009931.1	87467	87613	-	147	2	2	6	8	1	0
gene-AM1_RS35810	NC_009931.1	87666	88967	-	1302	17	18	58	41	8	5
gene-AM1_RS35815	NC_009931.1	89130	89327	+	198	20	7	67	57	9	8
gene-AM1_RS35820	NC_009931.1	89449	90663	+	1215	148	94	238	181	34	27
gene-AM1_RS35825	NC_009931.1	90757	91455	+	699	159	179	256	290	187	89
gene-AM1_RS35830	NC_009931.1	91483	91764	-	282	18	42	30	24	11	16
gene-AM1_RS35835	NC_009931.1	92010	92834	-	825	15	31	63	54	8	11
gene-AM1_RS35840	NC_009931.1	93113	93355	+	243	11	31	28	81	5	25
gene-AM1_RS35845	NC_009931.1	93877	94620	-	744	30	41	65	99	8	40
gene-AM1_RS35850	NC_009931.1	94763	95374	-	612	16	25	86	93	16	33
gene-AM1_RS39430	NC_009931.1	95402	95680	-	279	2	7	6	14	3	2
gene-AM1_RS35855	NC_009931.1	95793	96266	-	474	2	10	25	16	2	3
gene-AM1_RS35860	NC_009931.1	96263	97339	-	1077	15	29	65	55	13	14
gene-AM1_RS35870	NC_009931.1	97806	98195	-	390	9	11	31	28	7	2
gene-AM1_RS35875	NC_009931.1	98368	99711	-	1344	20	18	67	76	11	10
gene-AM1_RS41820	NC_009931.1	100195	100485	+	291	1	19	26	43	0	9
gene-AM1_RS35880	NC_009931.1	100510	103041	+	2532	45	85	130	185	24	23
gene-AM1_RS35885	NC_009931.1	103048	104751	+	1704	8	16	68	64	8	3
gene-AM1_RS35890	NC_009931.1	104772	107204	+	2433	38	37	110	104	26	16
gene-AM1_RS35895	NC_009931.1	107165	108130	-	966	9	11	34	33	7	7
gene-AM1_RS35900	NC_009931.1	108180	109688	-	1509	16	28	78	72	15	10
gene-AM1_RS35905	NC_009931.1	109932	111305	-	1374	77	129	290	271	90	89
gene-AM1_RS35910	NC_009931.1	111633	112217	+	585	5	7	32	25	2	3
gene-AM1_RS35915	NC_009931.1	112417	113517	+	1101	30	177	32	62	10	55
gene-AM1_RS35920	NC_009931.1	114112	116133	+	2022	6	47	46	153	2	58
gene-AM1_RS35925	NC_009931.1	116126	116362	+	237	6	1	5	3	0	1
gene-AM1_RS35930	NC_009931.1	116667	117098	+	432	0	1	14	11	0	0
gene-AM1_RS35935	NC_009931.1	117156	117371	+	216	0	0	1	0	1	0
gene-AM1_RS35940	NC_009931.1	117393	117890	+	498	3	1	11	25	0	2
gene-AM1_RS35945	NC_009931.1	117904	120951	+	3048	11	24	81	107	10	4
gene-AM1_RS35950	NC_009931.1	120963	121997	+	1035	0	8	23	39	2	2
gene-AM1_RS35955	NC_009931.1	121994	122215	+	222	0	1	2	4	0	0
gene-AM1_RS35960	NC_009931.1	122212	123288	+	1077	8	12	28	28	3	3
gene-AM1_RS35965	NC_009931.1	123288	124028	+	741	2	3	23	10	4	2
gene-AM1_RS35970	NC_009931.1	124018	125871	+	1854	10	10	81	98	7	3
gene-AM1_RS35975	NC_009931.1	125882	126349	+	468	2	4	9	16	5	2
gene-AM1_RS43770	NC_009931.1	126354	128966	+	2613	151	199	150	103	41	34
gene-AM1_RS35985	NC_009931.1	128977	129351	+	375	4	5	24	31	3	2
gene-AM1_RS35990	NC_009931.1	129399	131174	+	1776	13	13	78	65	6	6
gene-AM1_RS35995	NC_009931.1	131179	132084	+	906	4	7	23	41	5	2
gene-AM1_RS36000	NC_009931.1	132107	132508	+	402	4	10	22	18	0	4
gene-AM1_RS36005	NC_009931.1	132596	134248	+	1653	4	17	90	92	15	6
gene-AM1_RS36020	NC_009931.1	137379	138197	+	819	5	2	15	13	2	1
gene-AM1_RS36030	NC_009931.1	138903	139400	+	498	2	14	15	12	2	1
gene-AM1_RS44150	NC_009931.1	139441	141357	-	1917	14	16	58	54	8	0
gene-AM1_RS36040	NC_009931.1	141539	141973	-	435	15	31	59	63	14	8
gene-AM1_RS36045	NC_009931.1	142129	148257	-	6129	25	55	175	228	20	21
gene-AM1_RS36050	NC_009931.1	148267	148572	-	306	3	9	7	9	0	5
gene-AM1_RS36055	NC_009931.1	148696	149109	-	414	1	2	13	7	0	0
gene-AM1_RS36060	NC_009931.1	149280	150449	+	1170	23	69	79	107	17	46
gene-AM1_RS36065	NC_009931.1	150439	150837	+	399	8	31	25	49	7	15
gene-AM1_RS36070	NC_009931.1	150840	151466	+	627	33	97	136	303	22	51
gene-AM1_RS36075	NC_009931.1	151489	152016	+	528	10	37	47	47	7	23
gene-AM1_RS36080	NC_009931.1	152054	152236	+	183	1	6	6	6	3	2
gene-AM1_RS36085	NC_009931.1	152223	152588	+	366	2	19	12	19	1	4
gene-AM1_RS36090	NC_009931.1	152698	153297	+	600	7	38	35	47	7	14
gene-AM1_RS36095	NC_009931.1	153613	153975	-	363	12	23	42	36	6	12
gene-AM1_RS36100	NC_009931.1	154133	154705	-	573	28	33	34	19	6	7
gene-AM1_RS36105	NC_009931.1	155295	155537	-	243	93	201	259	183	44	68
gene-AM1_RS36110	NC_009931.1	155786	156088	-	303	89	156	170	159	49	56
gene-AM1_RS36115	NC_009931.1	156523	157041	+	519	58	67	140	152	57	59
gene-AM1_RS36120	NC_009931.1	157442	157669	+	228	22	28	47	50	17	14
gene-AM1_RS36125	NC_009931.1	157801	158031	+	231	14	14	31	21	11	12
gene-AM1_RS39445	NC_009931.1	158018	158242	-	225	14	18	28	32	7	5
gene-AM1_RS36130	NC_009931.1	158248	158427	-	180	8	8	11	22	4	6
gene-AM1_RS36135	NC_009931.1	158638	159462	-	825	13	44	69	118	9	83
gene-AM1_RS36145	NC_009931.1	159857	160234	-	378	91	101	152	166	74	34
gene-AM1_RS36150	NC_009931.1	160409	160651	-	243	7	18	15	14	4	3
gene-AM1_RS36155	NC_009931.1	160852	161217	-	366	11	19	30	27	3	12
gene-AM1_RS41840	NC_009931.1	161618	161953	+	336	57	57	118	153	28	42
gene-AM1_RS36165	NC_009931.1	161991	162500	-	510	34	29	72	58	16	17
gene-AM1_RS36170	NC_009931.1	162828	163241	-	414	12	4	27	27	3	4
gene-AM1_RS36175	NC_009931.1	163540	164112	-	573	10	13	48	22	13	8
gene-AM1_RS41845	NC_009931.1	164223	164429	-	207	17	14	33	46	13	8
gene-AM1_RS36185	NC_009931.1	164426	164656	-	231	16	26	44	44	9	3
gene-AM1_RS36190	NC_009931.1	164997	165626	+	630	2	1	14	21	0	1
gene-AM1_RS36195	NC_009931.1	165776	167437	+	1662	14	20	71	106	15	32
gene-AM1_RS42765	NC_009931.1	170287	170487	-	201	23	20	80	63	13	15
gene-AM1_RS36205	NC_009931.1	170396	172126	+	1731	107	114	214	147	33	50
gene-AM1_RS36220	NC_009932.1	1612	2733	-	1122	33	55	62	72	21	20
gene-AM1_RS36225	NC_009932.1	3094	6939	-	3846	280	480	1879	2415	398	628
gene-AM1_RS36230	NC_009932.1	7752	10820	+	3069	45	97	167	222	26	60
gene-AM1_RS36235	NC_009932.1	11186	13273	-	2088	1	1	6	13	30	11
gene-AM1_RS36240	NC_009932.1	13351	14448	-	1098	1	3	6	8	12	9
gene-AM1_RS40585	NC_009932.1	14584	18465	-	3882	3	3	16	12	34	19
gene-AM1_RS36250	NC_009932.1	18778	19305	+	528	0	0	2	0	1	4
gene-AM1_RS36255	NC_009932.1	19289	19474	+	186	0	0	0	1	1	0
gene-AM1_RS36260	NC_009932.1	19881	20285	-	405	0	2	3	5	3	3
gene-AM1_RS36265	NC_009932.1	21228	21578	+	351	0	0	0	1	3	2
gene-AM1_RS36270	NC_009932.1	21592	23472	+	1881	0	1	3	2	9	2
gene-AM1_RS36275	NC_009932.1	23476	24447	+	972	0	1	5	7	5	8
gene-AM1_RS43785	NC_009932.1	24456	27323	+	2868	1	5	10	7	19	17
gene-AM1_RS36285	NC_009932.1	27364	28242	+	879	0	0	5	4	6	7
gene-AM1_RS36290	NC_009932.1	28388	29206	+	819	0	2	3	3	8	5
gene-AM1_RS36295	NC_009932.1	29346	29960	-	615	9	33	30	50	6	20
gene-AM1_RS44155	NC_009932.1	30035	30163	-	129	5	30	13	55	0	19
gene-AM1_RS36300	NC_009932.1	30585	31031	-	447	13	15	30	26	2	1
gene-AM1_RS36305	NC_009932.1	31357	31998	+	642	62	84	125	81	40	53
gene-AM1_RS36310	NC_009932.1	31998	32303	+	306	41	49	81	86	52	28
gene-AM1_RS43790	NC_009932.1	32590	33879	-	1290	85	92	437	336	89	107
gene-AM1_RS36320	NC_009932.1	34037	35554	-	1518	49	67	200	162	40	49
gene-AM1_RS40605	NC_009932.1	35765	36139	-	375	12	26	71	45	26	3
gene-AM1_RS41860	NC_009932.1	36305	36904	-	600	13	22	28	14	3	3
gene-AM1_RS36335	NC_009932.1	37151	37951	-	801	21	18	70	47	9	2
gene-AM1_RS36345	NC_009932.1	38405	38989	-	585	42	46	67	23	11	7
gene-AM1_RS36350	NC_009932.1	39348	40058	+	711	17	14	37	42	3	2
gene-AM1_RS39455	NC_009932.1	40139	40300	+	162	3	2	14	10	2	0
gene-AM1_RS36355	NC_009932.1	40512	41570	+	1059	6	10	54	38	7	4
gene-AM1_RS36360	NC_009932.1	41567	43381	+	1815	25	45	116	105	21	18
gene-AM1_RS36365	NC_009932.1	44110	45612	+	1503	185	174	222	185	64	87
gene-AM1_RS36370	NC_009932.1	45664	46284	-	621	70	301	131	452	38	194
gene-AM1_RS36375	NC_009932.1	46575	47561	-	987	24	42	78	55	19	26
gene-AM1_RS36380	NC_009932.1	47869	49326	+	1458	72	90	195	201	46	100
gene-AM1_RS36385	NC_009932.1	49505	50977	-	1473	34	53	120	114	27	37
gene-AM1_RS36390	NC_009932.1	51316	52026	+	711	8	47	77	92	11	15
gene-AM1_RS36395	NC_009932.1	52369	53514	+	1146	125	192	561	917	152	179
gene-AM1_RS36400	NC_009932.1	53966	57721	-	3756	70	102	253	305	49	82
gene-AM1_RS36405	NC_009932.1	58248	59519	-	1272	16	30	66	64	7	7
gene-AM1_RS36410	NC_009932.1	60430	60705	+	276	5	5	29	22	3	2
gene-AM1_RS36415	NC_009932.1	60766	61629	+	864	0	7	33	37	1	2
gene-AM1_RS36420	NC_009932.1	61714	62370	+	657	3	1	13	20	1	0
gene-AM1_RS36425	NC_009932.1	62382	65507	+	3126	6	8	99	119	11	4
gene-AM1_RS36430	NC_009932.1	65511	66656	+	1146	1	2	32	47	3	3
gene-AM1_RS36435	NC_009932.1	66541	67959	+	1419	8	11	50	48	4	7
gene-AM1_RS36440	NC_009932.1	68026	68505	+	480	4	5	21	23	6	1
gene-AM1_RS36445	NC_009932.1	68498	68926	+	429	60	74	235	122	99	65
gene-AM1_RS36450	NC_009932.1	68923	70233	-	1311	23	38	109	79	31	25
gene-AM1_RS44160	NC_009932.1	70443	70571	+	129	0	1	4	0	0	1
gene-AM1_RS36455	NC_009932.1	70605	71981	+	1377	27	22	92	76	26	26
gene-AM1_RS36460	NC_009932.1	72155	72649	+	495	17	24	34	43	10	3
gene-AM1_RS36465	NC_009932.1	73915	74370	+	456	19	14	58	34	7	7
gene-AM1_RS36470	NC_009932.1	74504	75244	+	741	6	5	29	25	3	2
gene-AM1_RS36475	NC_009932.1	75446	75844	-	399	14	10	23	22	7	3
gene-AM1_RS36480	NC_009932.1	76222	76716	+	495	22	18	63	35	14	2
gene-AM1_RS36485	NC_009932.1	77211	80411	+	3201	33	49	143	134	19	13
gene-AM1_RS36495	NC_009932.1	80862	81080	+	219	8	6	30	23	11	7
gene-AM1_RS44705	NC_009932.1	81082	81291	-	210	4	5	9	8	2	3
gene-AM1_RS36505	NC_009932.1	81484	82140	+	657	7	9	26	32	5	11
gene-AM1_RS36510	NC_009932.1	82203	83048	+	846	44	17	120	144	28	20
gene-AM1_RS36515	NC_009932.1	83113	83988	+	876	13	14	55	84	13	13
gene-AM1_RS43795	NC_009932.1	84049	84312	+	264	3	2	5	4	1	0
gene-AM1_RS43800	NC_009932.1	84303	84449	+	147	3	1	4	3	0	2
gene-AM1_RS36525	NC_009932.1	84465	85463	-	999	27	38	98	58	20	21
gene-AM1_RS36530	NC_009932.1	85500	86318	-	819	18	13	60	58	18	17
gene-AM1_RS36535	NC_009932.1	86342	87181	-	840	10	10	40	27	5	8
gene-AM1_RS44165	NC_009932.1	87527	87649	+	123	0	0	9	11	0	0
gene-AM1_RS36540	NC_009932.1	87945	89747	+	1803	8	64	75	111	9	17
gene-AM1_RS36545	NC_009932.1	89737	90174	+	438	23	127	57	177	9	63
gene-AM1_RS40630	NC_009932.1	90183	90377	-	195	16	69	51	137	9	46
gene-AM1_RS41875	NC_009932.1	90446	90628	-	183	22	113	100	277	22	54
gene-AM1_RS36550	NC_009932.1	90897	92420	+	1524	55	45	386	138	59	19
gene-AM1_RS36555	NC_009932.1	92664	92900	+	237	154	265	797	250	119	99
gene-AM1_RS36560	NC_009932.1	93461	93871	-	411	23	96	108	79	16	21
gene-AM1_RS36565	NC_009932.1	94060	97989	-	3930	70	112	286	293	51	59
gene-AM1_RS43805	NC_009932.1	98190	100454	+	2265	47	42	197	163	46	34
gene-AM1_RS36585	NC_009932.1	100999	102054	+	1056	2	4	21	39	2	0
gene-AM1_RS36590	NC_009932.1	102047	102460	+	414	4	5	15	4	5	4
gene-AM1_RS36595	NC_009932.1	102524	103213	+	690	5	2	38	21	4	1
gene-AM1_RS36600	NC_009932.1	103222	103488	+	267	4	5	23	16	3	1
gene-AM1_RS36605	NC_009932.1	104254	104478	+	225	1	3	13	8	3	1
gene-AM1_RS36610	NC_009932.1	104475	105380	+	906	28	46	170	110	32	20
gene-AM1_RS36615	NC_009932.1	105520	106062	+	543	15	18	62	43	12	5
gene-AM1_RS36620	NC_009932.1	106575	106958	+	384	8	13	33	20	8	3
gene-AM1_RS36625	NC_009932.1	107628	108473	+	846	20	19	37	55	6	14
gene-AM1_RS42770	NC_009932.1	108486	108641	-	156	2	2	13	10	1	4
gene-AM1_RS36630	NC_009932.1	109940	110383	+	444	11	34	80	150	8	57
gene-AM1_RS36635	NC_009932.1	110529	111731	+	1203	6	23	58	86	10	22
gene-AM1_RS36645	NC_009932.1	112436	112651	+	216	11	6	37	27	9	12
gene-AM1_RS36655	NC_009932.1	114569	115387	+	819	2	5	19	14	2	1
gene-AM1_RS36660	NC_009932.1	116093	117244	+	1152	12	17	85	59	15	13
gene-AM1_RS36665	NC_009932.1	117362	118252	-	891	40	47	91	163	41	98
gene-AM1_RS40640	NC_009932.1	118652	119481	+	830	81	123	134	87	34	18
gene-AM1_RS36680	NC_009932.1	119489	120538	-	1050	110	138	368	356	152	80
gene-AM1_RS36685	NC_009932.1	120581	121837	-	1257	137	188	408	340	160	165
gene-AM1_RS39465	NC_009932.1	122155	122241	+	87	43	66	87	50	13	20
gene-AM1_RS36690	NC_009932.1	122477	122743	+	267	31	45	49	28	5	13
gene-AM1_RS36695	NC_009932.1	122747	122974	+	228	28	47	26	25	12	4
gene-AM1_RS36700	NC_009932.1	123612	124205	+	594	204	103	497	533	45	45
gene-AM1_RS36705	NC_009932.1	124297	124659	-	363	5	8	8	13	1	3
gene-AM1_RS36710	NC_009932.1	124858	125121	+	264	16	26	25	19	5	4
gene-AM1_RS36715	NC_009932.1	125266	125679	-	414	23	38	83	77	13	14
gene-AM1_RS36720	NC_009932.1	125757	126203	-	447	75	79	249	276	60	57
gene-AM1_RS44340	NC_009932.1	126200	126439	-	240	34	41	132	103	18	16
gene-AM1_RS36730	NC_009932.1	126597	126971	+	375	1	0	11	9	0	1
gene-AM1_RS36735	NC_009932.1	127042	127419	+	378	1	0	8	10	0	2
gene-AM1_RS36740	NC_009932.1	127485	128468	+	984	3	2	18	25	3	2
gene-AM1_RS36745	NC_009932.1	128576	128848	+	273	0	0	8	4	0	0
gene-AM1_RS44170	NC_009932.1	128963	129091	+	129	0	0	4	1	1	1
gene-AM1_RS36755	NC_009932.1	129192	129602	+	411	1	1	9	9	3	0
gene-AM1_RS36760	NC_009932.1	129701	130081	+	381	3	0	13	6	1	1
gene-AM1_RS36765	NC_009932.1	130155	130487	+	333	0	1	3	4	0	0
gene-AM1_RS36770	NC_009932.1	130520	130930	+	411	7	5	5	20	4	2
gene-AM1_RS43820	NC_009932.1	130930	131124	+	195	0	3	5	2	0	1
gene-AM1_RS36780	NC_009932.1	131304	131564	+	261	8	7	10	8	2	0
gene-AM1_RS36785	NC_009932.1	131561	131866	+	306	10	8	21	20	5	3
gene-AM1_RS39470	NC_009932.1	131942	132241	-	300	28	42	75	53	15	18
gene-AM1_RS36790	NC_009932.1	132571	132780	-	210	18	76	106	83	14	10
gene-AM1_RS36795	NC_009932.1	133334	133933	-	600	18	20	37	37	7	2
gene-AM1_RS44175	NC_009932.1	133970	134098	+	129	9	7	11	12	4	0
gene-AM1_RS36800	NC_009932.1	134106	134522	-	417	15	12	68	72	16	8
gene-AM1_RS36805	NC_009932.1	134641	135072	+	432	13	15	48	36	18	8
gene-AM1_RS36810	NC_009932.1	135069	136334	+	1266	17	17	60	43	11	4
gene-AM1_RS38155	NC_009932.1	136399	137514	-	1116	61	59	122	89	34	15
gene-AM1_RS36820	NC_009932.1	137634	137987	-	354	3	5	8	5	3	0
gene-AM1_RS36825	NC_009932.1	138080	141193	+	3114	49	77	215	187	44	34
gene-AM1_RS40645	NC_009932.1	141198	141476	-	279	1	3	7	1	1	0
gene-AM1_RS40650	NC_009932.1	141473	141661	-	189	3	7	12	5	3	1
gene-AM1_RS36840	NC_009932.1	141780	145373	-	3594	98	137	284	327	87	75
gene-AM1_RS36845	NC_009932.1	146480	147112	+	633	13	16	24	37	7	9
gene-AM1_RS40655	NC_009932.1	147217	148152	+	936	80	231	171	279	45	110
gene-AM1_RS36855	NC_009932.1	148771	149148	-	378	133	406	220	414	78	120
gene-AM1_RS38160	NC_009932.1	149859	154559	+	4701	105	451	360	585	97	218
gene-AM1_RS43830	NC_009932.1	154712	154915	-	204	1	11	3	8	1	3
gene-AM1_RS38145	NC_009932.1	154917	156227	-	1311	1	2	3	2	2	0
gene-AM1_RS36875	NC_009933.1	1463	2281	+	819	3	4	28	13	4	1
gene-AM1_RS36885	NC_009933.1	4247	8176	-	3930	15	30	135	144	17	11
gene-AM1_RS38165	NC_009933.1	8325	9566	+	1242	31	34	92	67	31	16
gene-AM1_RS36895	NC_009933.1	9986	11011	+	1026	3	3	38	31	3	3
gene-AM1_RS36900	NC_009933.1	11008	11415	+	408	1	0	8	3	3	1
gene-AM1_RS36905	NC_009933.1	11402	12091	+	690	3	3	35	52	5	5
gene-AM1_RS36910	NC_009933.1	12100	12366	+	267	1	2	5	7	0	1
gene-AM1_RS36915	NC_009933.1	12505	13056	+	552	1	4	19	13	4	0
gene-AM1_RS36920	NC_009933.1	13221	13697	+	477	3	2	13	21	2	0
gene-AM1_RS36925	NC_009933.1	13922	14146	+	225	1	3	7	11	1	1
gene-AM1_RS38170	NC_009933.1	15134	15628	-	495	4	3	32	23	7	1
gene-AM1_RS36940	NC_009933.1	15856	16482	+	627	20	13	62	53	7	21
gene-AM1_RS36945	NC_009933.1	16714	17382	+	669	29	36	62	53	9	8
gene-AM1_RS36950	NC_009933.1	18127	21183	-	3057	260	321	1062	858	252	227
gene-AM1_RS36955	NC_009933.1	21289	21735	-	447	45	38	197	205	35	55
gene-AM1_RS36960	NC_009933.1	22733	23230	+	498	27	10	38	37	14	12
gene-AM1_RS36965	NC_009933.1	23379	23981	+	603	14	19	44	37	11	8
gene-AM1_RS36975	NC_009933.1	24670	25296	+	627	2	2	21	25	3	4
gene-AM1_RS36980	NC_009933.1	25349	26209	+	861	3	5	36	35	5	3
gene-AM1_RS36985	NC_009933.1	26163	27218	-	1056	11	6	37	46	16	13
gene-AM1_RS36990	NC_009933.1	27328	27750	+	423	4	6	27	10	8	4
gene-AM1_RS36995	NC_009933.1	27808	28221	-	414	8	13	38	27	8	5
gene-AM1_RS41900	NC_009933.1	28290	28643	-	354	21	31	49	20	5	2
gene-AM1_RS37005	NC_009933.1	28728	28913	-	186	13	8	32	19	4	10
gene-AM1_RS37010	NC_009933.1	28927	29190	-	264	19	25	85	71	29	24
gene-AM1_RS37015	NC_009933.1	29229	29474	-	246	32	25	109	46	29	14
gene-AM1_RS37020	NC_009933.1	29673	29975	+	303	0	3	2	0	1	0
gene-AM1_RS37025	NC_009933.1	30045	30422	+	378	1	0	9	6	0	0
gene-AM1_RS37030	NC_009933.1	30488	31471	+	984	3	5	19	26	3	2
gene-AM1_RS37035	NC_009933.1	31579	31908	+	330	0	0	2	11	1	0
gene-AM1_RS43840	NC_009933.1	32266	32904	+	639	37	34	140	192	42	25
gene-AM1_RS37045	NC_009933.1	32919	33383	+	465	4	8	26	29	8	5
gene-AM1_RS37050	NC_009933.1	33457	33789	+	333	3	3	7	9	3	0
gene-AM1_RS37055	NC_009933.1	33822	34232	+	411	11	15	13	20	10	7
gene-AM1_RS37060	NC_009933.1	34232	34618	+	387	8	3	22	19	6	4
gene-AM1_RS37065	NC_009933.1	34651	34908	-	258	2	0	9	6	0	1
gene-AM1_RS42775	NC_009933.1	34995	35141	-	147	1	1	7	3	0	0
gene-AM1_RS41915	NC_009933.1	35486	35797	+	312	4	5	24	19	3	5
gene-AM1_RS38175	NC_009933.1	36779	37366	+	588	5	3	17	21	2	0
gene-AM1_RS37075	NC_009933.1	37645	38589	+	945	29	19	40	29	3	4
gene-AM1_RS37080	NC_009933.1	38780	39568	-	789	25	18	76	56	19	18
gene-AM1_RS37085	NC_009933.1	39806	40015	+	210	35	61	30	29	12	3
gene-AM1_RS37090	NC_009933.1	40510	41628	-	1119	12	13	48	38	6	10
gene-AM1_RS37095	NC_009933.1	42568	43752	+	1185	27	37	89	64	8	9
gene-AM1_RS37100	NC_009933.1	43904	44917	-	1014	24	28	82	74	25	15
gene-AM1_RS37105	NC_009933.1	45208	46248	-	1041	18	13	62	43	10	4
gene-AM1_RS37110	NC_009933.1	46310	46879	-	570	5	10	14	19	3	0
gene-AM1_RS37115	NC_009933.1	47609	49282	+	1674	10	16	58	63	5	9
gene-AM1_RS37120	NC_009933.1	49532	51547	-	2016	40	55	129	99	25	20
gene-AM1_RS37125	NC_009933.1	51697	52794	-	1098	83	148	166	159	45	48
gene-AM1_RS40680	NC_009933.1	52929	56810	-	3882	192	271	699	459	156	120
gene-AM1_RS37135	NC_009933.1	57125	57652	+	528	13	20	47	25	17	20
gene-AM1_RS37140	NC_009933.1	57636	58280	+	645	32	27	39	23	12	2
gene-AM1_RS37145	NC_009933.1	58350	61373	-	3024	1023	590	417	315	189	85
gene-AM1_RS38180	NC_009933.1	61805	62212	-	408	77	57	112	65	44	23
gene-AM1_RS37155	NC_009933.1	62212	62847	-	636	39	46	81	49	33	13
gene-AM1_RS38185	NC_009933.1	63784	64704	-	921	43	52	96	116	18	24
gene-AM1_RS37170	NC_009933.1	64704	66080	-	1377	7	15	42	42	2	8
gene-AM1_RS37180	NC_009933.1	68598	69416	+	819	1	2	17	20	2	0
gene-AM1_RS37185	NC_009933.1	69495	69893	-	399	25	30	57	33	17	12
gene-AM1_RS37190	NC_009933.1	70373	70672	+	300	24	20	35	28	3	8
gene-AM1_RS38190	NC_009933.1	70935	73025	-	2091	109	106	229	169	83	38
gene-AM1_RS37200	NC_009933.1	73139	73633	-	495	1	2	16	15	1	0
gene-AM1_RS37205	NC_009933.1	73987	77475	+	3489	272	193	681	568	284	172
gene-AM1_RS37210	NC_009933.1	77485	78105	-	621	14	27	27	33	11	23
gene-AM1_RS38195	NC_009933.1	78235	79758	+	1524	199	218	348	235	121	81
gene-AM1_RS38200	NC_009933.1	79838	81112	-	1275	264	293	464	278	176	114
gene-AM1_RS37235	NC_009933.1	82218	82802	-	585	40	56	69	36	15	11
gene-AM1_RS37240	NC_009933.1	82960	84513	-	1554	42	31	74	81	23	17
gene-AM1_RS37245	NC_009933.1	84679	88434	-	3756	30	90	134	226	33	60
gene-AM1_RS37250	NC_009933.1	88971	90242	-	1272	36	40	91	89	17	25
gene-AM1_RS37255	NC_009933.1	91083	91364	+	282	4	2	22	24	3	2
gene-AM1_RS37260	NC_009933.1	91425	92288	+	864	6	11	35	57	3	3
gene-AM1_RS37265	NC_009933.1	92373	93029	+	657	3	2	24	32	2	1
gene-AM1_RS37270	NC_009933.1	93041	96166	+	3126	17	22	126	139	11	10
gene-AM1_RS37275	NC_009933.1	96170	97315	+	1146	3	2	29	37	2	4
gene-AM1_RS37280	NC_009933.1	97200	98618	+	1419	6	14	71	66	10	5
gene-AM1_RS37285	NC_009933.1	98694	99167	+	474	4	6	24	16	2	6
gene-AM1_RS42780	NC_009933.1	99174	99851	+	678	11	10	53	34	6	3
gene-AM1_RS37295	NC_009933.1	99885	101237	+	1353	13	15	64	69	14	7
gene-AM1_RS37300	NC_009933.1	101349	101747	-	399	13	37	43	46	8	17
gene-AM1_RS37305	NC_009933.1	102328	103302	-	975	18	74	57	83	20	55
gene-AM1_RS37310	NC_009933.1	103479	104405	-	927	3	25	29	57	6	56
gene-AM1_RS37315	NC_009933.1	105295	108378	+	3084	20	16	126	116	10	16
gene-AM1_RS41930	NC_009933.1	108381	108746	+	366	35	38	95	75	25	18
gene-AM1_RS37325	NC_009933.1	108897	110699	+	1803	9	7	86	85	4	3
gene-AM1_RS37330	NC_009933.1	110689	111126	+	438	9	11	26	36	2	2
gene-AM1_RS37335	NC_009933.1	111623	112108	+	486	18	90	93	193	23	88
gene-AM1_RS37340	NC_009933.1	112662	113057	+	396	11	16	31	26	1	1
gene-AM1_RS37345	NC_009933.1	113309	113503	+	195	1	5	7	5	1	2
gene-AM1_RS37350	NC_009933.1	113645	113977	+	333	2	2	9	20	0	3
gene-AM1_RS37355	NC_009933.1	114288	115811	+	1524	17	14	107	113	16	17
gene-AM1_RS37360	NC_009933.1	116049	116285	+	237	21	26	32	42	6	10
gene-AM1_RS39515	NC_009933.1	116967	117218	+	252	25	18	231	48	34	14
gene-AM1_RS37365	NC_009933.1	117240	117497	+	258	8	2	99	15	15	2
gene-AM1_RS37370	NC_009933.1	117785	118576	+	792	66	34	140	101	53	20
gene-AM1_RS44640	NC_009933.1	118631	119092	+	462	2	6	19	17	4	3
gene-AM1_RS37380	NC_009933.1	119562	120287	-	726	17	9	41	32	9	4
gene-AM1_RS39520	NC_009934.1	279	608	-	330	20	49	60	123	16	30
