"gene_id","baseMean","log2FoldChange","lfcSE","stat","pvalue","padj"
"gene-AM1_RS00030",45.2073083368034,-0.191345195070667,0.476164957530787,-0.401846444271984,0.687797039071538,0.997177134360943
"gene-AM1_RS00035",275.011109621955,-0.517547184513403,0.345122454938527,-1.49960449431083,0.133716882822557,0.610564180353075
"gene-AM1_RS00040",18.1462581600524,-0.391147466714874,0.67412096370374,-0.580233352432538,0.561757264927025,0.994977061149491
"gene-AM1_RS00045",31.9716035544787,-0.128982560711777,0.638469718919316,-0.202018289810354,0.839902425762925,0.997177134360943
"gene-AM1_RS00050",37.0180381457705,-0.312669946887146,0.455896664281418,-0.685835127528241,0.492817082259184,0.988029326430846
"gene-AM1_RS00055",21.104808630616,-0.274628764876465,0.50412311218151,-0.544765273085881,0.585914965573409,0.997177134360943
"gene-AM1_RS00060",104.716500375548,1.09850489668913,0.443137844423198,2.47892368145396,0.0131779499422961,0.11465077078729
"gene-AM1_RS00065",227.504455093749,0.573648765785568,0.339909366641073,1.68765212754879,0.0914780264734769,0.48436336469996
"gene-AM1_RS00070",384.547899766599,-0.0292599643179092,0.415846742902096,-0.0703623746424245,0.943905237680079,0.997177134360943
"gene-AM1_RS00075",558.930431556919,-1.3660918501908,0.333257282678395,-4.09921079356913,4.14561337492182e-05,0.000885201517728762
"gene-AM1_RS00080",241.385201883997,-0.0891377583668748,0.417953745771703,-0.213271825575561,0.831114947946846,0.997177134360943
"gene-AM1_RS00085",43.5138175106803,0.416090459431104,0.441645048001842,0.942137721941282,0.346122133861222,0.927676347474028
"gene-AM1_RS00090",74.095028392759,0.418454968979872,0.384656383888669,1.08786695478577,0.276653846190274,0.870554971363009
"gene-AM1_RS00095",56.1106068544776,0.735571627174106,0.44500710559841,1.65294355510339,0.0983423517138927,0.506994108221227
"gene-AM1_RS00100",15.9102162684611,1.50315843736313,0.600515261863935,2.50311446323193,0.0123105722872645,NA
"gene-AM1_RS00105",17.9707333622959,-0.169923598607432,0.577422234256752,-0.294279625075669,0.768544240539874,0.997177134360943
"gene-AM1_RS00110",121.056972908823,-0.268140370056714,0.361289491761948,-0.742175945248334,0.457980740845963,0.982825588333525
"gene-AM1_RS00115",631.77527324871,0.292095087494096,0.47838538278057,0.610585310521656,0.54147414992231,0.99354618231587
"gene-AM1_RS00120",1059.44161249162,0.125514846589484,0.343706845070051,0.36517994444918,0.714977088062442,0.997177134360943
"gene-AM1_RS00125",541.474069323076,-0.25892176785868,0.404008684835666,-0.640881687887473,0.52159955423238,0.991984531728213
"gene-AM1_RS00130",69.3607698055247,0.00603949467589309,0.406090992833307,0.0148722694727982,0.988134083231112,0.999709482207881
"gene-AM1_RS00135",57.117808825315,0.0976014432828424,0.456497368813456,0.213805051136508,0.830699085799139,0.997177134360943
"gene-AM1_RS00140",105.953824246315,-0.440858593692048,0.453517057221547,-0.972088230579353,0.331006656765203,0.917466566242291
"gene-AM1_RS00145",321.60258909319,-0.622474137897079,0.377003283410719,-1.65111065417151,0.0987159822028474,0.507445651646849
"gene-AM1_RS00150",38.4750555027178,-0.62498914753548,0.48552559460042,-1.28724243270808,0.198009801592172,0.756342655479871
"gene-AM1_RS00155",30.5313251835342,-0.122698221394889,0.475010345710586,-0.258306419013547,0.7961704326738,0.997177134360943
"gene-AM1_RS43855",240.014073220543,0.646656059578732,0.483382660566069,1.33777256060749,0.180970589201369,0.728347703763151
"gene-AM1_RS00165",451.123089030697,-0.690898357659392,0.453674926243024,-1.52289297400865,0.127785483873821,0.593153411211562
"gene-AM1_RS00170",90.6138522559846,-0.0458341741785585,0.434063613504293,-0.105593218949013,0.915905105166823,0.997177134360943
"gene-AM1_RS00175",386.603420835312,-0.254439194945346,0.391126361863132,-0.650529393450554,0.515350321552125,0.991398497019674
"gene-AM1_RS00180",139.816607105716,0.0589602542309862,0.413535985277729,0.142575873273492,0.886625153122755,0.997177134360943
"gene-AM1_RS00185",127.420511074083,-0.319526899551919,0.425132769568092,-0.751593201993198,0.452295732697951,0.982825588333525
"gene-AM1_RS00190",923.153917405433,0.0191408947350816,0.358298868961509,0.053421588492756,0.957396004641009,0.99846297925572
"gene-AM1_RS00195",857.107043877742,-0.127624619125753,0.378174612228773,-0.3374753751279,0.735758572290386,0.997177134360943
"gene-AM1_RS00200",6818.24111125224,-1.34560792031775,0.448640705701196,-2.99929966946413,0.00270601010583879,0.0314025520582715
"gene-AM1_RS00205",98.2670870535438,-0.166090079511966,0.372308545628389,-0.446108695226526,0.655518732135657,0.997177134360943
"gene-AM1_RS00210",37.3333694271019,-0.0371594203876073,0.452182145997823,-0.082177991140292,0.934505174765395,0.997177134360943
"gene-AM1_RS00215",30.4455242167009,0.383835075129357,0.486331577641335,0.789245635644148,0.429968454071402,0.97132108828675
"gene-AM1_RS00220",44.4504499888635,-0.0280983803033816,0.51995433730812,-0.0540400921528053,0.95690322197392,0.99846297925572
"gene-AM1_RS00225",29.9440391741851,0.3585144264862,0.478437110990961,0.749344936356688,0.453649330023719,0.982825588333525
"gene-AM1_RS00230",366.618284166094,0.603148884536018,0.393266433279394,1.53369022498677,0.125105879688713,0.585355956599302
"gene-AM1_RS00235",201.369331880799,0.0538160135804089,0.503210279339178,0.106945378085441,0.914832313092319,0.997177134360943
"gene-AM1_RS00250",55.2235884095061,0.238627185816047,0.499981927675687,0.477271622447187,0.633168715485907,0.997177134360943
"gene-AM1_RS00255",404.256360863536,0.27445096813087,0.50162500087078,0.547123783014095,0.584293693933728,0.997177134360943
"gene-AM1_RS00260",166.939495335698,0.00168529731321407,0.376991798780378,0.00447038189866795,0.996433163182296,0.999709482207881
"gene-AM1_RS00265",213.680672018877,0.194908906446548,0.366698396676129,0.531523748708104,0.595055888693669,0.997177134360943
"gene-AM1_RS00270",71.5295189437135,0.660703331065135,0.480729402842318,1.37437678485801,0.169324739479549,0.70616112942039
"gene-AM1_RS00275",193.326663529117,-0.0934353645725669,0.698931350711546,-0.133683178580336,0.893653107304714,0.997177134360943
"gene-AM1_RS00280",77.1723414139015,0.21912758433379,0.425762319928341,0.514671153545646,0.606782834339836,0.997177134360943
"gene-AM1_RS00285",30.8215819220145,-0.552064890458457,0.454465434295466,-1.21475661028939,0.224458934197288,0.80141197652194
"gene-AM1_RS00295",42.8071456279691,-0.312879414756921,0.44891592747349,-0.696966615815604,0.485823686472255,0.988029326430846
"gene-AM1_RS37400",9.66479548830439,-0.63964087430282,0.655687741196006,-0.975526663249924,0.329299082340263,NA
"gene-AM1_RS00305",35.1017104313493,0.0540713157346176,0.444934226479046,0.121526536995158,0.903273996987968,0.997177134360943
"gene-AM1_RS00315",26.517832097078,-0.586837802795256,0.51460807781654,-1.14035870809721,0.254136888298368,0.850461733857687
"gene-AM1_RS00320",1201.04560321218,-1.26312554362691,0.364813047020589,-3.46239136440649,0.000535398005191047,0.00776027957385551
"gene-AM1_RS00325",230.713498278668,0.261729100067622,0.366562853880756,0.714008790843721,0.475221743592104,0.984651403801282
"gene-AM1_RS00330",97.2334854668809,0.261812432879298,0.418548932713274,0.625524072375671,0.531627154241473,0.99354618231587
"gene-AM1_RS00335",28.012437419391,-0.44624138645783,0.489443987723301,-0.911731265785013,0.361910200907117,0.937009126863577
"gene-AM1_RS00340",181.992764535403,-0.603847600179528,0.479818831284265,-1.25849083197359,0.208214300770893,0.76846912264405
"gene-AM1_RS00345",24.0667776836977,-0.323284492432026,0.546327864892798,-0.591740808416319,0.554024165315444,0.99354618231587
"gene-AM1_RS00350",222.797988065773,-0.692822242625711,0.410313299278002,-1.68852007440368,0.091311438781559,0.48391766112393
"gene-AM1_RS00355",310.231316804322,0.18782077466716,0.367005748003089,0.511765212640699,0.608815339631292,0.997177134360943
"gene-AM1_RS00360",185.38783140639,0.196001331832144,0.34918376271056,0.561312846595934,0.574584285445566,0.99593231790249
"gene-AM1_RS38320",67.4316986229273,-0.402202048013908,0.482743625948157,-0.833158692098612,0.404755235968299,0.957198044947986
"gene-AM1_RS00370",24.2888771372215,0.0545635151458761,0.467831012305019,0.116630821195542,0.90715261261574,0.997177134360943
"gene-AM1_RS00375",135.541512255976,0.0159843701427328,0.419059274266641,0.0381434587522389,0.969573301430995,0.999088916092384
"gene-AM1_RS00380",19.4519936573483,0.229612197869795,0.496304270320371,0.462644010138333,0.643619557212251,0.997177134360943
"gene-AM1_RS37405",900.699253239335,4.89773201107262,0.399389519327077,12.263045908978,1.43021008764104e-34,2.79939787820939e-31
"gene-AM1_RS00390",187.882397633459,2.84237489393765,0.456506758992333,6.22635883904928,4.77399956690263e-10,3.64063966972107e-08
"gene-AM1_RS00395",581.783470702656,0.570393417558183,0.404625935242123,1.40968081350709,0.158633952549419,0.678934817325211
"gene-AM1_RS00400",101.869159684094,0.124904994649974,0.402784154797565,0.31010404248089,0.75648183824552,0.997177134360943
"gene-AM1_RS00405",188.427048524028,-0.280819023683942,0.360389360960328,-0.779210082494237,0.435855971779822,0.973955953215161
"gene-AM1_RS00410",242.799874718577,-0.00517282564635078,0.3581744877146,-0.0144421945833076,0.988477196484529,0.999709482207881
"gene-AM1_RS00415",136.880224874123,0.187441682415323,0.404548419714148,0.463335594161432,0.64312383609478,0.997177134360943
"gene-AM1_RS00420",200.688078397063,1.37941898930835,0.344760172379273,4.00109728391376,6.30494278186997e-05,0.00125927292568505
"gene-AM1_RS00425",147.796744502434,2.15819861730583,0.47150736717041,4.57723201708919,4.71168790340009e-06,0.000136965501825571
"gene-AM1_RS00435",33.0592909453605,0.033407668835533,0.460768117472033,0.0725042978642305,0.94220058527216,0.997177134360943
"gene-AM1_RS00445",50.2695734127281,-0.247937285260454,0.461850467883658,-0.536834543865635,0.591381908122574,0.997177134360943
"gene-AM1_RS41940",77.0692513562896,0.457688474171437,0.429661089491769,1.06523137739287,0.286771237717999,0.884876882753595
"gene-AM1_RS00450",11.1091628080846,0.101396619407041,0.826247068365524,0.122719490681671,0.902329229196482,NA
"gene-AM1_RS00455",39.3895967492463,-0.207677378783099,0.448728131565764,-0.462813369998538,0.643498146935442,0.997177134360943
"gene-AM1_RS00460",240.732175372255,1.16068296720747,0.405948796791431,2.85918563223087,0.00424730161031426,0.0455112318535863
"gene-AM1_RS00465",92.7828136477453,0.328764096123086,0.418050948309497,0.786421122718495,0.431620812699267,0.971416527865743
"gene-AM1_RS00470",279.51759384748,1.20833308921428,0.379506101353632,3.18396222064511,0.00145273971287592,0.0187483243824339
"gene-AM1_RS00475",63.3472257198031,0.0667754614271983,0.395623594388668,0.168785336300233,0.865965492774971,0.997177134360943
"gene-AM1_RS00480",161.57889519457,0.288181127991069,0.530506738023707,0.543218600888328,0.586979301026819,0.997177134360943
"gene-AM1_RS00485",274.609522416412,1.98164092814371,0.366195094142979,5.41143494229878,6.2521708992615e-08,3.00924160003799e-06
"gene-AM1_RS00490",166.552104775435,1.67512855101387,0.37586942104917,4.45667685958081,8.3239930844781e-06,0.000222174942691161
"gene-AM1_RS00495",605.38712901627,-0.304523888977485,0.60316819809474,-0.5048739140084,0.613647397026305,0.997177134360943
"gene-AM1_RS00500",115.199406607988,1.22399862647507,0.437201828090707,2.79961918691046,0.00511629249108335,0.0537439526075876
"gene-AM1_RS00505",10.8508035898049,0.771585548652417,0.646392729624193,1.19367918803946,0.232603484565279,NA
"gene-AM1_RS00510",14.8479942078566,-0.16093771312186,0.578869823593795,-0.278020561035141,0.780996575308371,NA
"gene-AM1_RS00515",78.9857478676192,0.138229965931636,0.399771606722314,0.345772345027126,0.729513810126122,0.997177134360943
"gene-AM1_RS00520",385.863202627383,1.00874839726835,0.420882454572657,2.39674613733325,0.0165413795784192,0.137970143301814
"gene-AM1_RS00530",9.62537994055286,-0.525673971583237,0.625528734741815,-0.840367424208271,0.400702408107898,NA
"gene-AM1_RS00535",39.5373868019187,-0.371495330305723,0.483033285594614,-0.769088469438317,0.441840792778508,0.977851426850746
"gene-AM1_RS00540",10.7483313998565,-0.483516898484487,0.625414973883971,-0.773113722368584,0.439455080635264,NA
"gene-AM1_RS00545",9.90652226361293,0.203104438771543,0.608263254555547,0.33390877592951,0.738448397271065,NA
"gene-AM1_RS00550",15.0493694658254,-0.947158954245495,0.567724871861639,-1.66834148227406,0.095247957596249,NA
"gene-AM1_RS00555",67.9240384846582,-0.962614034323988,0.546300492799807,-1.7620596119007,0.0780592261855155,0.437787751825546
"gene-AM1_RS39535",46.6751452379606,0.0992000788972147,0.410764588450361,0.241501048742916,0.809166803756134,0.997177134360943
"gene-AM1_RS40720",13.3773637338368,-0.41008994984643,0.567439928670949,-0.72270196213886,0.469863009829627,NA
"gene-AM1_RS00570",89.8655849527268,1.3219569331805,0.418061371379071,3.16211212918267,0.00156629240272834,0.0200376230693264
"gene-AM1_RS00575",62.4700683496253,-0.364814346371787,0.450397286091508,-0.809983447141968,0.417949689360091,0.965460494068628
"gene-AM1_RS00580",1829.10120935052,-0.678270750216877,0.542977497698609,-1.24916917016212,0.211603205571699,0.774164500384436
"gene-AM1_RS00585",495.910058736678,-0.221506790072133,0.34813050349458,-0.63627515500256,0.524597095610136,0.992659241707204
"gene-AM1_RS00590",653.912968982935,-0.23611299948102,0.321417370038321,-0.734599376047629,0.462583518117692,0.982825588333525
"gene-AM1_RS00595",1869.15470256739,-0.496222109638602,0.399773733382421,-1.24125741188684,0.214510671990269,0.781842816067301
"gene-AM1_RS40725",204.8153181924,-0.446225030518534,0.65578092039331,-0.680448327546502,0.496220629540543,0.989035047236538
"gene-AM1_RS00600",78.1948851329353,0.0575682729522227,0.445000560343045,0.129366742612288,0.897067462061024,0.997177134360943
"gene-AM1_RS00605",31.3191080284014,-0.73166463745496,0.452429101156459,-1.61719181101469,0.10583688344423,0.529816009875977
"gene-AM1_RS00610",890.805041698317,-0.452064907020335,0.455500836902018,-0.992456808850118,0.32097473865715,0.907311677187678
"gene-AM1_RS00615",163.625889773638,-0.0491122628186561,0.426188515337124,-0.11523600719228,0.908258059158581,0.997177134360943
"gene-AM1_RS00620",260.948491496851,-0.187236231496583,0.357332823564928,-0.523982738637392,0.600290545734441,0.997177134360943
"gene-AM1_RS00625",328.894103021311,-0.00773701995847801,0.406060681552972,-0.0190538515792465,0.984798145843639,0.99966258039135
"gene-AM1_RS00630",108.559169681398,-0.239576361008103,0.418064506937561,-0.573060752664862,0.566603559868796,0.995078277288082
"gene-AM1_RS00635",236.354109190096,-0.292274969590222,0.371105422722289,-0.787579355338447,0.430942794278591,0.971416527865743
"gene-AM1_RS41945",131.200938448069,1.23075354945646,0.406806696253157,3.02540140266167,0.00248303347807421,0.0292191835335707
"gene-AM1_RS00640",78.7496145038582,0.195503046457933,0.379585981522944,0.51504285188181,0.606523075833526,0.997177134360943
"gene-AM1_RS00645",498.915643160785,1.13443832917207,0.399750738742192,2.8378642469594,0.00454164941560222,0.0482252538307707
"gene-AM1_RS00650",118.082715883796,1.09210861750816,0.434007998186963,2.51633292950906,0.0118583106760286,0.105343419500212
"gene-AM1_RS00655",1425.7579570426,-0.169470480921079,0.428399912108045,-0.395589439052775,0.692407929307346,0.997177134360943
"gene-AM1_RS00660",339.413508734028,-0.0440739421434335,0.366082618867681,-0.120393429985169,0.904171495660028,0.997177134360943
"gene-AM1_RS00665",85.0496271060928,-0.41121786075439,0.482708421454027,-0.85189700961858,0.394271256728421,0.953133313919014
"gene-AM1_RS00670",102.097978730682,-0.724823062971309,0.423233837235066,-1.71258297235043,0.086789288093102,0.467547430901555
"gene-AM1_RS00675",84.9649312396601,-0.500472762860066,0.44068474398741,-1.13567072536181,0.256094396892745,0.851521120359117
"gene-AM1_RS43865",7.58184791241468,-0.554509734388612,0.700785804067806,-0.791268503399876,0.428787324019813,NA
"gene-AM1_RS00680",11.3229141920498,-0.0612351257801569,0.638297015095105,-0.0959351592315265,0.923572070323482,NA
"gene-AM1_RS00685",16.5769626535892,-0.434694937460485,0.676355189393561,-0.642702154544337,0.520417382729249,NA
"gene-AM1_RS00690",17.8061970073139,-0.53699207998434,0.774032639091811,-0.693758961656196,0.487833382740811,0.988029326430846
"gene-AM1_RS00695",155.772143835253,-0.0354164213873548,0.402296386423666,-0.0880356438251899,0.929848346435674,0.997177134360943
"gene-AM1_RS00700",62.1319186062867,-0.429100773406593,0.459142195822734,-0.934570547665935,0.350009663258668,0.930822800115442
"gene-AM1_RS00705",11.6011217001987,-0.0550618025346756,0.651726236209881,-0.0844860916677039,0.932669960544857,NA
"gene-AM1_RS00710",23.8221430247921,-0.225503815703069,0.510988039849053,-0.441309381271788,0.658989035457832,0.997177134360943
"gene-AM1_RS00720",50.6659419542475,0.296630419508158,0.574545864195992,0.516286754449546,0.605654145934122,0.997177134360943
"gene-AM1_RS00725",309.796933723659,-0.0641479074001085,0.341198017451496,-0.188007855025792,0.850870493565672,0.997177134360943
"gene-AM1_RS00730",67.5184474831542,-1.15820377977123,0.727329363823516,-1.59240618814376,0.111293466707568,0.54963434525386
"gene-AM1_RS00735",939.858104461436,-1.13621002707286,1.66668984771249,-0.681716534502382,0.495418210224978,0.989035047236538
"gene-AM1_RS00740",26.1630599310526,-1.1194506777458,0.842395772897236,-1.32888923919418,0.183884514524398,0.731253919654119
"gene-AM1_RS00745",28.4211200579104,-1.49527063391948,0.85345867189043,-1.75201293649923,0.0797715834949969,0.441986062971825
"gene-AM1_RS00750",72.1492358515151,-1.46212130114797,0.794462692772889,-1.84039013341806,0.0657109809714417,0.385367750492821
"gene-AM1_RS00755",149.146757564049,-0.119916058443617,0.498789444009276,-0.240414186554812,0.810009181391245,0.997177134360943
"gene-AM1_RS00760",119.738694350052,-0.71978153031436,0.51172740853326,-1.40657216774344,0.159554290923981,0.680888660105825
"gene-AM1_RS00765",1074.58132806707,-0.00392940599454452,0.556037038155383,-0.007066806210572,0.99436155136089,0.999709482207881
"gene-AM1_RS00770",1309.92336117631,0.00385340378891682,0.565410208004937,0.00681523561895644,0.994562270816197,0.999709482207881
"gene-AM1_RS00775",2640.07417576416,-0.126032461564848,0.547110360453738,-0.23036021737977,0.817811871819035,0.997177134360943
"gene-AM1_RS00780",4278.11866864403,-0.603672377714793,0.537423313846407,-1.12327165971687,0.261322136277216,0.856296642979805
"gene-AM1_RS00785",38.4769871622074,-0.63658200499997,0.455999043391016,-1.39601609745945,0.162709647708924,0.689802737570192
"gene-AM1_RS00790",106.884241224152,0.487658281027049,0.483146935164841,1.0093374200142,0.312812839786353,0.900226789896439
"gene-AM1_RS00795",271.552946694552,0.177464526519742,1.26121855660335,0.140708781670387,0.888100007353418,0.997177134360943
"gene-AM1_RS00800",159.442858656207,0.192310338221671,0.372499949827618,0.516269433890304,0.605666241407764,0.997177134360943
"gene-AM1_RS00805",29.889445007948,0.782819146233692,0.445262007759634,1.75810900681264,0.0787289635596343,0.43939196513196
"gene-AM1_RS00810",47.4580345557953,0.0114777814418273,0.412157059418189,0.0278480767939037,0.977783321077903,0.999572364444542
"gene-AM1_RS00815",35.0689253836247,0.164914800513184,1.39525545515401,0.118196850550912,0.905911685362555,0.997177134360943
"gene-AM1_RS00820",72.9212612309769,-0.72631008336779,0.376613313027462,-1.92853002866319,0.053789232874582,0.337086846787135
"gene-AM1_RS41955",142.765082051709,-1.39643480600202,0.409686225115662,-3.40854712800699,0.00065309802955082,0.00928569401821408
"gene-AM1_RS00830",167.510102225511,-0.16408363948028,0.378279573868372,-0.433762885482618,0.664460635666376,0.997177134360943
"gene-AM1_RS00835",78.3084789446187,0.355271406438089,0.371564290504478,0.956150565372501,0.338996171176947,0.923856019292814
"gene-AM1_RS00840",13.0895500393537,-0.00832808257978023,0.579951638763924,-0.0143599604227867,0.988542803048101,NA
"gene-AM1_RS44350",15.0812256038043,-0.585615717792475,0.543151879060568,-1.07818041393017,0.280953250817565,NA
"gene-AM1_RS41960",14.572236862908,-0.315744297388417,0.572459886553573,-0.551557069420737,0.581251856398574,NA
"gene-AM1_RS00855",16.8965537064226,0.292557094750122,0.618132997105391,0.473291502184991,0.636005223973718,NA
"gene-AM1_RS00860",52.6887204215409,-0.373717300035302,0.440805582996245,-0.847805278451942,0.396546422960355,0.953847172404751
"gene-AM1_RS37410",83.7101708103933,0.248233313269093,0.422295464925649,0.587819036400967,0.556653765063026,0.99354618231587
"gene-AM1_RS00875",100.510279768175,-0.256219509033794,0.362383203632362,-0.707040244872192,0.47954146836757,0.986441366799053
"gene-AM1_RS00880",75.5040860399355,0.304485787050674,0.476612161646378,0.638854422008197,0.522917640661745,0.992659241707204
"gene-AM1_RS00885",30.1591204745385,-0.0666433346289144,0.581324039089898,-0.114640596547924,0.908730000429696,0.997177134360943
"gene-AM1_RS00890",40.3126694045316,0.0986294150562858,0.52485092487864,0.187918912554249,0.850940216778663,0.997177134360943
"gene-AM1_RS00895",14.0298211059071,-0.241374021478824,0.712946131088883,-0.338558568387451,0.734942298727941,NA
"gene-AM1_RS44180",26.0402292113034,0.0778565096176155,0.476681178682773,0.163330362303707,0.870258329215425,0.997177134360943
"gene-AM1_RS00905",15.7371176679046,0.143041619293949,0.558215364191806,0.256248087153686,0.797759279629432,NA
"gene-AM1_RS00915",18.164718157697,-0.742664508639467,0.696986141060697,-1.06553698113603,0.286632999802104,0.884876882753595
"gene-AM1_RS00925",24.2038393579423,-0.359971693829262,0.529342779875456,-0.680035144550297,0.496482208142311,0.989035047236538
"gene-AM1_RS00935",35.5835915221517,-0.41737439032945,0.453673867498416,-0.919987727375341,0.357579172602357,0.934261438423126
"gene-AM1_RS00945",102.366416080957,0.991138186150358,0.426946337116357,2.321458459732,0.0202621135660955,0.161506560087186
"gene-AM1_RS00950",106.828245373823,1.20630887392559,0.536091213430279,2.25019333222569,0.0244366753839892,0.18502230292944
"gene-AM1_RS00955",39.022707593695,0.794817582741495,0.449082565313354,1.76986960557442,0.0767488651668657,0.432504161477769
"gene-AM1_RS00960",45.2486887382541,0.250348140991813,0.42245342852469,0.592605300579733,0.553445330928292,0.99354618231587
"gene-AM1_RS00965",59.1152562302773,0.166300233947029,0.490956803632487,0.338726814083455,0.73481553884677,0.997177134360943
"gene-AM1_RS00970",9.77533691210287,0.0466614865505208,0.605671235173885,0.0770409486874914,0.938590969408616,NA
"gene-AM1_RS00980",23.0031882968473,-0.447887349153888,0.489717595384836,-0.914582921616128,0.360410627801849,0.935188336921102
"gene-AM1_RS01000",11.0195395001135,1.29588795952406,0.656081974296225,1.97519214106461,0.0482463474371507,NA
"gene-AM1_RS01005",56.7122939858733,0.122927424050089,0.440367456115242,0.279147385536862,0.780131719442712,0.997177134360943
"gene-AM1_RS01010",26.2699740141258,0.00205629429645496,0.476715866465628,0.00431345889890414,0.996558368413368,0.999709482207881
"gene-AM1_RS01015",70.3001395320063,-0.0711608438862253,0.472609208922712,-0.150570159325572,0.880314802380511,0.997177134360943
"gene-AM1_RS01035",23.8905813499137,-0.0368583453328516,0.530410794443974,-0.069490187075642,0.94459944335193,0.997177134360943
"gene-AM1_RS01040",47.1859756915325,0.207057551098414,0.470985901685999,0.439625794226972,0.660208155555597,0.997177134360943
"gene-AM1_RS44655",57.1714174213236,-0.0293592763651847,0.546840426235049,-0.0536889281710952,0.957183004119333,0.99846297925572
"gene-AM1_RS40755",6408.41516800726,-0.352975402718755,0.653614836353432,-0.540035787265834,0.58917235248291,0.997177134360943
"gene-AM1_RS01055",108.426689538132,0.046557239681991,0.436550810851056,0.106647928545196,0.915068293900183,0.997177134360943
"gene-AM1_RS01060",40.7748971062896,-0.73922288763456,0.427533835675628,-1.72903949570769,0.0838020265951358,0.456480055813207
"gene-AM1_RS37425",318.828328642444,0.27392606735517,0.477577132533616,0.573574504922278,0.566255768338977,0.995078277288082
"gene-AM1_RS01070",110.616693172006,-0.101165703515063,0.43057676611536,-0.234953930347368,0.814244490576337,0.997177134360943
"gene-AM1_RS01075",71.8875094908756,2.7782522990581,0.438945345334928,6.32938093223933,2.4614674835097e-10,1.95320771123905e-08
"gene-AM1_RS01080",76.4102387720378,2.00571267213809,0.399613077582007,5.01913672163667,5.1904200174303e-07,1.99203570865038e-05
"gene-AM1_RS01085",22.1094744300134,1.20857760878719,0.582806631606255,2.0737197266549,0.0381053480694682,0.260179771934787
"gene-AM1_RS01090",25.8435837605329,0.0755023117922901,0.469988977832414,0.160646983979297,0.872371447590991,0.997177134360943
"gene-AM1_RS01095",44.8984110313076,-0.404272723584282,0.452567513451629,-0.893287104284147,0.371703442107296,0.9416059586083
"gene-AM1_RS01100",18.4079471463264,-0.0962280602262213,0.61113107722648,-0.157458954080582,0.874883154211311,0.997177134360943
"gene-AM1_RS01105",41.0280562681237,-0.228323792991678,0.439394914473727,-0.519632306771567,0.603319876264032,0.997177134360943
"gene-AM1_RS01110",476.788188845688,0.132395646117258,0.428347869533894,0.309084404368169,0.757257322259417,0.997177134360943
"gene-AM1_RS37430",657.553951707336,0.311829222025972,0.45651824637107,0.683059712300107,0.494569111547076,0.989035047236538
"gene-AM1_RS01120",26.4020303197024,1.23258827611342,0.565881270468024,2.17817471692248,0.0293930316282596,0.21151456093277
"gene-AM1_RS39545",19.2318203409774,-0.359863116519942,0.636891565758442,-0.565030431972198,0.572053065264139,0.99593231790249
"gene-AM1_RS37435",38.7199060234207,0.353703187627597,0.48240771959273,0.73320383000133,0.463434119729018,0.982825588333525
"gene-AM1_RS01140",356.128926421278,0.864337457539037,0.465353483536906,1.85737829008964,0.0632573529654071,0.377567513998075
"gene-AM1_RS01145",73.7106488290222,0.919839400076142,0.692373980716541,1.32852970460299,0.184003177176846,0.731253919654119
"gene-AM1_RS01150",53.0092182213617,0.737903377939785,0.530127620976632,1.39193535432162,0.163941974710246,0.69206849424771
"gene-AM1_RS01155",698.417037109058,0.679275400658207,0.477346692432685,1.42302316414185,0.154729440321306,0.668558700196256
"gene-AM1_RS01160",365.120425791026,0.894736147409889,0.59234746147785,1.51049207702791,0.13091790954138,0.601996840115103
"gene-AM1_RS01165",1028.73857096142,0.762351536311623,0.484141806320286,1.57464512743873,0.115338380215509,0.562047276867607
"gene-AM1_RS01170",625.195355596884,0.233663626299861,0.468185368535471,0.499083572455036,0.617720509949525,0.997177134360943
"gene-AM1_RS01175",9114.10854603922,0.4547567181919,0.507993661301405,0.895201560245615,0.370679350848145,0.941448593503593
"gene-AM1_RS01180",1605.73437054401,0.344044964945592,0.565595012372966,0.608288541127941,0.54299611962049,0.99354618231587
"gene-AM1_RS01185",526.71121814312,0.300485020169208,0.546712943664706,0.549621192714055,0.582579219900154,0.997177134360943
"gene-AM1_RS01190",205.699329125948,0.0282477238501522,0.499979560609799,0.0564977572597165,0.954945282120768,0.998373313302674
"gene-AM1_RS01195",250.025129985488,0.240015299732699,0.500648153324162,0.479409138212267,0.631647593763294,0.997177134360943
"gene-AM1_RS01200",90.2363972340647,0.198683307266695,0.475601029641355,0.417752054524609,0.676128408923061,0.997177134360943
"gene-AM1_RS44185",39.8505338051888,0.0323406383048418,0.533891363034887,0.0605753165232015,0.951697431975935,0.997889813204431
"gene-AM1_RS01205",606.095813847197,0.176100073897928,0.431954922771063,0.407681599663726,0.683507448027361,0.997177134360943
"gene-AM1_RS01210",324.943353809247,0.251855139160128,0.571363617316236,0.440796598745861,0.659360256095954,0.997177134360943
"gene-AM1_RS01215",1906.83188459981,0.352924203915601,0.383091604363788,0.921252775825544,0.356918470200504,0.934261438423126
"gene-AM1_RS01220",58.707166452904,-0.395426049404077,0.435631140937787,-0.907708407972945,0.36403230053457,0.938932567974885
"gene-AM1_RS01225",996.77565210198,-0.0086590225577442,0.648907834277073,-0.0133439944786472,0.989353348787989,0.999709482207881
"gene-AM1_RS01230",148.779133222566,-0.0274205081276004,0.363004100312122,-0.0755377366371991,0.93978687379443,0.997177134360943
"gene-AM1_RS37440",214.828669452232,0.857168197002243,0.414068556029503,2.0701117834728,0.0384418776725128,0.261868568089322
"gene-AM1_RS01240",60.9908096789977,1.27591640727058,0.419238960952785,3.0434108613638,0.00233912728394305,0.0278607614833947
"gene-AM1_RS37445",55.5277184086164,-0.417889850158797,0.430415637077719,-0.970898392530611,0.331598878727066,0.917466566242291
"gene-AM1_RS01250",432.330513021779,-0.709202518218918,0.458789248392841,-1.54581329162199,0.122149666046448,0.575652358767851
"gene-AM1_RS01255",885.942031822964,-4.23693783349941,1.52469785844776,-2.77887045621805,NA,NA
"gene-AM1_RS01260",345.259468962168,-4.48523193931597,1.62497167348417,-2.76019084671119,NA,NA
"gene-AM1_RS01265",343.23664389315,-4.69909584201336,1.64345289613534,-2.85928233967857,NA,NA
"gene-AM1_RS01270",209.742314688656,-2.22099527492285,1.63923551155071,-1.35489699879781,0.175450375995287,0.717000678879297
"gene-AM1_RS01280",172.873634553952,-2.84053416175159,1.88501966210648,-1.50689895646889,NA,NA
"gene-AM1_RS01285",33.0795520136795,-3.09241863198908,1.5070925047953,-2.05191029890306,NA,NA
"gene-AM1_RS01290",127.273644684852,-3.16304666417028,1.644468667594,-1.923445989882,NA,NA
"gene-AM1_RS01295",59.4926926678364,-2.90291418155278,1.66839952056776,-1.73993947239023,NA,NA
"gene-AM1_RS01300",86.8872778560283,-2.09372025432193,1.73611016398113,-1.20598352440997,NA,NA
"gene-AM1_RS01305",325.062598039123,-1.66664967154799,1.32108615664681,-1.26157530541255,NA,NA
"gene-AM1_RS01320",76.7408796831693,-2.79059359150899,1.48493671915005,-1.87926768563328,NA,NA
"gene-AM1_RS01330",43.4303405848389,-3.73719991658268,1.55023566969124,-2.41073018099695,NA,NA
"gene-AM1_RS01355",60.7602520453637,-3.57433613886275,1.45709428751722,-2.4530575471222,NA,NA
"gene-AM1_RS01360",325.722300006104,-3.93187839509686,1.48562973295377,-2.64660723185674,NA,NA
"gene-AM1_RS01365",730.797151868544,-3.38735323810074,1.37089174969803,-2.47091226484285,NA,NA
"gene-AM1_RS01370",169.36355785094,-4.02286268145861,1.47169871448398,-2.73348250009795,NA,NA
"gene-AM1_RS40760",129.191999135194,-0.512795783034981,0.64340712958342,-0.7970004674443,0.42545075984142,0.971298466877678
"gene-AM1_RS01375",30.2646695321489,-2.33047039497987,0.894837073969814,-2.60435163313147,0.00920482646802009,0.0873194523751438
"gene-AM1_RS01380",230.776513942367,-3.27805083960986,1.31034031675165,-2.50167898957439,NA,NA
"gene-AM1_RS01390",22.0978953389718,-2.72250159748415,1.81320357714318,-1.50148699892465,0.133229646886578,0.610191097997489
"gene-AM1_RS01395",72.1425696354018,-0.662806723944842,0.715817128128408,-0.925944208233507,0.354474975231875,0.932960986796839
"gene-AM1_RS01400",29.9027985458429,-2.16488663033352,0.851285776360263,-2.54307858823821,0.010988051210815,0.100185968978607
"gene-AM1_RS01405",24.0494917295918,-2.05632598939935,0.900255324298201,-2.28415865354906,0.0223622085237567,0.172521022295833
"gene-AM1_RS01410",64.1295896903228,-1.63757101698011,0.701309575219234,-2.33501876324474,0.0195424405639314,0.157411812059541
"gene-AM1_RS01415",84.7284413058546,-0.871803294827077,0.558368092183663,-1.56134153622144,0.118443188204902,0.568914500333074
"gene-AM1_RS01420",104.64541313042,-0.712640780981595,0.550746286305405,-1.2939547641115,0.195681046409209,0.750515417710563
"gene-AM1_RS01425",23.1110698851309,-0.0320111573598247,0.512988634419394,-0.0624012993895182,0.950243260215259,0.997889813204431
"gene-AM1_RS01430",18.674255777588,0.381507600592681,0.543337175875493,0.702156262320809,0.482581718465349,0.986441366799053
"gene-AM1_RS01435",10.3879451975693,0.256267732743155,0.651078317274969,0.393605079363941,0.693872630558505,NA
"gene-AM1_RS01440",38.288920360495,-0.256817602705039,0.430770898438934,-0.5961814125228,0.551054041494723,0.99354618231587
"gene-AM1_RS01445",183.164754152225,0.24785011371045,0.361735799185738,0.68516888366691,0.493237356687807,0.988029326430846
"gene-AM1_RS01450",3101.97864213643,0.618651363272806,0.474628237882407,1.30344407242386,0.192423198398408,0.744831259720141
"gene-AM1_RS01455",215.027097400514,-0.117413980893841,0.465643166976384,-0.252154416129973,0.800921710467249,0.997177134360943
"gene-AM1_RS01460",29.8834661990954,-0.384303115833091,0.462277096697834,-0.831326316138671,0.405789311968998,0.95733018878343
"gene-AM1_RS01470",140.806281449975,-0.128017129656673,0.395223062463651,-0.323911081652648,0.746005353974051,0.997177134360943
"gene-AM1_RS01475",25.4544685334986,-0.611621190501998,0.625458002358473,-0.977877312618434,0.32813500723908,0.913179508297571
"gene-AM1_RS01480",15.6012166020989,-0.545304680153306,0.549155289096459,-0.992988123724551,0.320715742162092,NA
"gene-AM1_RS01485",24.2936193501076,-0.174498090742721,0.524772443714776,-0.33252144397575,0.739495550075449,0.997177134360943
"gene-AM1_RS44190",2701.05866901237,0.37952997848934,0.561253570263399,0.676218377214464,0.498902006430646,0.989169154080495
"gene-AM1_RS01495",91.6249857882735,1.93386498885528,0.420957786101488,4.59396417575479,4.34904072404206e-06,0.000127687835657875
"gene-AM1_RS01500",34.3291394560392,1.52500028296943,0.524443344864208,2.90784561936675,0.00363927948444901,0.0400184440686977
"gene-AM1_RS01505",82.3460699032187,0.256582829640782,0.423881979423716,0.605316673262724,0.544968605034004,0.99354618231587
"gene-AM1_RS01510",51.5323812415064,-0.612369773087845,0.481068105768089,-1.27293779351702,0.203040116796098,0.761799309864981
"gene-AM1_RS01515",294.398228712054,-0.00849494414228698,0.4954060567141,-0.0171474369906411,0.98631899521923,0.999709482207881
"gene-AM1_RS01530",63.9100480611898,0.045172594693747,0.457404590570603,0.0987585075116869,0.921330013589517,0.997177134360943
"gene-AM1_RS01540",3171.53799972527,0.960428572130505,0.358828566162575,2.67656664685766,0.00743807708176353,0.0732825312485159
"gene-AM1_RS01545",140.630815899856,-0.138122126697809,0.499400261727076,-0.276575999820547,0.78210569542877,0.997177134360943
"gene-AM1_RS01550",202.715283383008,0.206967708104242,0.356817960921739,0.580037248039865,0.561889499484483,0.994977061149491
"gene-AM1_RS01555",268.28392857472,-0.154515334060729,0.393514194817635,-0.392655045473862,0.694574277714092,0.997177134360943
"gene-AM1_RS01560",70.2904009483871,1.45785081003802,0.442781183766674,3.29248591287529,0.000993058726291945,0.0134175778101056
"gene-AM1_RS01565",115.167500530182,-0.539906604875166,0.580146152464331,-0.930638947757843,0.352040360494628,0.932002252851423
"gene-AM1_RS01570",298.086927890371,-0.500356249367795,0.559205621137403,-0.894762553262767,0.370914031937051,0.9416059586083
"gene-AM1_RS01575",359.401188314202,0.037560892935129,0.474088326855083,0.0792276265992316,0.936851570806132,0.997177134360943
"gene-AM1_RS01580",657.0517002891,0.133939587750909,0.387413352400637,0.345727856102382,0.729547247603807,0.997177134360943
"gene-AM1_RS01585",279.121699575139,0.0122370162017763,0.405707643662256,0.0301621534445711,0.975937731964766,0.999174515952571
"gene-AM1_RS01590",114.669689340355,0.09803282674142,0.465938097274116,0.210398821892743,0.833356412069526,0.997177134360943
"gene-AM1_RS01600",810.71608071525,0.348288391086489,0.358738342672811,0.970870268540399,0.331612885253741,0.917466566242291
"gene-AM1_RS01605",724.121894454446,0.179937103202908,0.351015896695828,0.512618103330039,0.608218487218226,0.997177134360943
"gene-AM1_RS01610",717.617732084324,0.366149398445041,0.363256764287917,1.00796305655256,0.313472198003092,0.90098323381016
"gene-AM1_RS38365",559.300983804395,0.421355730615595,0.379238555250982,1.11105720866577,0.266543725299455,0.860997943287078
"gene-AM1_RS01615",402.988048219375,0.27180963664236,0.400747050163734,0.678257360924569,0.497608528720453,0.989152769345463
"gene-AM1_RS01620",584.696217088761,0.477640078498507,0.377618950299165,1.26487316942145,0.205916796767339,0.76270920401304
"gene-AM1_RS01625",1407.01165016396,0.271986050150628,0.395922050672615,0.686968684084563,0.492102462786564,0.988029326430846
"gene-AM1_RS01630",2800.11725670788,0.369963987846147,0.413031290741249,0.895728716296988,0.370397669529694,0.941448593503593
"gene-AM1_RS01635",2115.41200692816,0.298993598188663,0.411133684709703,0.727241793383528,0.467077848029288,0.982825588333525
"gene-AM1_RS01640",1462.24581694373,0.202109308065948,0.432543435712546,0.467257832113451,0.640315421770865,0.997177134360943
"gene-AM1_RS41965",218.195717920302,-0.0968341679473795,0.424428506888661,-0.228151894549302,0.819528157747937,0.997177134360943
"gene-AM1_RS01650",1630.66779794908,0.0909761536556403,0.40564161598265,0.224277169972451,0.822541639473824,0.997177134360943
"gene-AM1_RS01655",1633.50121683258,-0.0366281712229109,0.341628755952266,-0.107216300105688,0.914617384354198,0.997177134360943
"gene-AM1_RS01660",1792.26142468648,-0.274873667251609,0.438997155025917,-0.626139974040109,0.531223134762434,0.99354618231587
"gene-AM1_RS01665",839.303594533546,-0.361773100391048,0.465984738139846,-0.776362551776272,0.437534949217921,0.975695998293985
"gene-AM1_RS01670",2589.39194725302,-0.34020879279054,0.39719531327678,-0.856527711729242,0.391705951349517,0.952421261417957
"gene-AM1_RS01675",3058.57839564066,-0.291309329423446,0.370125319246139,-0.787055935586295,0.431249122710459,0.971416527865743
"gene-AM1_RS01680",2190.41825264631,-0.240400062613305,0.489747623514744,-0.49086519478755,0.623521795432097,0.997177134360943
"gene-AM1_RS01685",1926.58437125716,-0.354069404604389,0.433887643790325,-0.816039381788645,0.414477612013262,0.961832601842463
"gene-AM1_RS41970",1748.25857259307,-0.300414737760916,0.544768055557796,-0.551454393656245,0.581322222066075,0.997177134360943
"gene-AM1_RS01690",4420.74291393211,-0.448282436344252,0.403495248226703,-1.11099805589875,0.266569186119875,0.860997943287078
"gene-AM1_RS01695",202.310315694474,-0.0850050562612839,0.34407182823801,-0.247056135623176,0.804864780288121,0.997177134360943
"gene-AM1_RS01700",7.92192461124726,-0.493916000360477,0.65912601445448,-0.749349880795196,0.453646350655446,NA
"gene-AM1_RS01705",404.648114704219,0.0484253198801582,0.365147905358595,0.132618369623679,0.89449520388851,0.997177134360943
"gene-AM1_RS01710",27.1111918150101,-0.547860512440507,0.560473161897162,-0.977496425673691,0.328323446444682,0.913271093094825
"gene-AM1_RS01715",47.9969518956934,-0.240257732326116,0.447257687651099,-0.537179659421614,0.591143520113592,0.997177134360943
"gene-AM1_RS01720",168.372249730431,0.000111998159151194,0.516919218212336,0.000216664722852669,0.999827126564118,0.999967049861105
"gene-AM1_RS01725",60.7872055281037,-0.599968461395276,0.402638056760629,-1.49009377360462,0.13619958111882,0.616626014132392
"gene-AM1_RS42815",32.9994992891969,-0.473587595323379,0.457153821168479,-1.03594801879353,0.300226393806569,0.894285546343303
"gene-AM1_RS01730",91.307559154721,0.0262155182043649,0.510083764493331,0.0513945356218208,0.959011138962806,0.998854654019967
"gene-AM1_RS01735",485.77403779829,0.00901691160894028,0.378229516889497,0.0238397882933464,0.980980402590412,0.99966258039135
"gene-AM1_RS01740",40.8050177512959,0.0924789613133349,0.420723512309552,0.219809348913432,0.826019638316062,0.997177134360943
"gene-AM1_RS01745",25.7939478869183,0.266547340437152,0.488579640251662,0.545555562445984,0.585371477454753,0.997177134360943
"gene-AM1_RS01750",177.089826578346,-0.571756007241672,0.451880919469609,-1.26528025992504,0.205770880253847,0.76270920401304
"gene-AM1_RS01755",359.129500326732,-0.711842347424674,0.407780432615966,-1.74565106731118,0.0808716027287201,0.445059092055337
"gene-AM1_RS01760",1755.30077832063,-0.808136854302061,0.467912282394182,-1.72711186414479,0.084147575276998,0.4575134833579
"gene-AM1_RS01765",123.7124892677,-0.255343944440698,0.354659335989552,-0.719969611763499,0.471543705877006,0.983283656549519
"gene-AM1_RS01770",97.8921451943113,-0.201706026831828,0.400525357756258,-0.503603636887773,0.614539936362411,0.997177134360943
"gene-AM1_RS01775",106.700079521824,-0.0746563824028419,0.405202938557853,-0.184244424950494,0.853821709903512,0.997177134360943
"gene-AM1_RS01780",1012.34004738935,-0.271353264395134,0.391327222139111,-0.693417807511159,0.488047390149529,0.988029326430846
"gene-AM1_RS01785",213.315226831205,-0.0606899586527219,0.398699414988949,-0.152219833717097,0.879013551205354,0.997177134360943
"gene-AM1_RS01790",210.394087708848,-0.235051098179266,0.393068440071801,-0.597990258735425,0.549846432940472,0.99354618231587
"gene-AM1_RS01795",91.1491157253856,-0.414545782078,0.446026004722317,-0.929420656394426,0.352671126875039,0.932411011711044
"gene-AM1_RS01800",72.9657620256972,-0.112572030130947,0.383752551945759,-0.293345359034533,0.769258186277814,0.997177134360943
"gene-AM1_RS01805",1025.41049590577,0.962264667052576,0.383033539020616,2.51222039070783,0.0119974136759994,0.106257636659831
"gene-AM1_RS01810",708.471129657107,1.28946420409116,0.452967699036313,2.84670232962415,0.00441746473975765,0.0471624599124671
"gene-AM1_RS01815",593.309746241751,1.74126503093223,0.458956928871699,3.79396174541468,0.000148262526174997,0.00264619317233916
"gene-AM1_RS01820",743.547464224875,-0.258404173658681,0.339269154860067,-0.761649474928719,0.446269237986665,0.978877246244682
"gene-AM1_RS01825",416.459995524101,0.185848242948824,0.349773288976549,0.53133915254828,0.59518377855973,0.997177134360943
"gene-AM1_RS01830",873.077912608547,-0.325313633931762,0.4327951434556,-0.75165731143454,0.452257168280334,0.982825588333525
"gene-AM1_RS01835",66.2822931374409,-0.308348735341805,0.454213718933241,-0.678862664179294,0.497224884208486,0.989152769345463
"gene-AM1_RS01840",231.575158997895,-0.182269645788941,0.599754521298897,-0.30390708084067,0.761198683059851,0.997177134360943
"gene-AM1_RS01845",50.5885763707353,-0.684697402993973,0.49567083799946,-1.38135502535802,0.16716982712533,0.701659202916324
"gene-AM1_RS01850",83.3115821321499,-1.59181990578493,0.546049668887222,-2.91515588504769,0.0035551092054805,0.0391662312468696
"gene-AM1_RS01855",885.990492351843,1.17326596998963,0.456048537034893,2.57267785051541,0.0100915091660181,0.0934658388373161
"gene-AM1_RS01860",3656.776566584,-6.20752544699501,0.33949293700096,-18.2846968830384,1.0957093808431e-74,6.4340054843107e-71
"gene-AM1_RS01865",278.012459942481,0.489361910621551,0.408176213687976,1.19889864771894,0.230567357642458,0.806921443311917
"gene-AM1_RS01870",62.1232220151122,-0.690965125857562,0.418492661594725,-1.65108062641897,0.0987221126781211,0.507445651646849
"gene-AM1_RS01875",131.13195613735,-0.412813270269187,0.421791694837141,-0.978713605132931,0.327721507826737,0.912461210980843
"gene-AM1_RS38215",47351.2594039177,-0.303918218026173,0.467671811630544,-0.649853616292497,0.515786781892856,0.991398497019674
"gene-AM1_RS01880",27.855473679239,-0.179155842434294,0.496097324840016,-0.361130434420441,0.718001942896618,0.997177134360943
"gene-AM1_RS01885",174.177676591152,-0.206103385214792,0.412055554872504,-0.500183489283535,0.61694588295011,0.997177134360943
"gene-AM1_RS01890",76.505108773029,-0.169610798070193,0.521241924504861,-0.325397459598651,0.744880277940148,0.997177134360943
"gene-AM1_RS01895",36.190664349869,0.13613582861128,0.452946144075206,0.300556325276226,0.763752839690049,0.997177134360943
"gene-AM1_RS01900",389.999074239644,-0.592840563336036,0.362038274916666,-1.63750797749905,0.10152437344314,0.516467893200781
"gene-AM1_RS01905",190.455239350738,-0.208803544490549,0.425892525813998,-0.490272854851041,0.623940832900516,0.997177134360943
"gene-AM1_RS01910",111.045328167907,-0.363863814781679,0.404206426318189,-0.900193047636625,0.368017525361045,0.941245946653286
"gene-AM1_RS01915",55.3482120604977,-0.284109822801428,0.468710297633293,-0.606152295428569,0.544413627267625,0.99354618231587
"gene-AM1_RS01920",115.278889060704,-0.226945960653143,0.373412676459905,-0.607761800709815,0.543345467843281,0.99354618231587
"gene-AM1_RS01925",112.037471168305,-0.094284737650406,0.409431824075332,-0.23028189824604,0.817872725766525,0.997177134360943
"gene-AM1_RS01930",103.869430569124,-0.0438075338733634,0.373945729166169,-0.117149442971434,0.906741629617511,0.997177134360943
"gene-AM1_RS01935",33.2249095525167,0.114820943889079,0.447656415719651,0.256493462077369,0.797569828139954,0.997177134360943
"gene-AM1_RS01940",148.836502948589,0.119835477154788,0.41190357629529,0.290930897547922,0.771104170072649,0.997177134360943
"gene-AM1_RS01945",114.184537467024,-0.305332952890903,0.354433924278695,-0.861466501865709,0.388981162998444,0.950568024953625
"gene-AM1_RS01950",15.7539191442551,0.0649294553177814,0.53129048850132,0.122210837052506,0.902732044064032,NA
"gene-AM1_RS44200",55.6321005192147,-0.553588050923769,0.432522156916825,-1.27990680262474,0.200577914901844,0.761340346673322
"gene-AM1_RS01965",44.5613313368979,-0.275255545619874,0.454442895889498,-0.605698863618731,0.544714738768823,0.99354618231587
"gene-AM1_RS01970",30.473718385525,-0.533096935322361,0.493305445075476,-1.08066298607508,0.279847053532313,0.873146598481267
"gene-AM1_RS01975",23.4120302948114,-0.366849766445478,0.490032079726833,-0.748623981209511,0.454083873805952,0.982825588333525
"gene-AM1_RS01980",15.1906003767148,-0.367813414609308,0.593086616482425,-0.620168124498907,0.535147104930273,NA
"gene-AM1_RS01985",27.8787436542824,-0.190316043746461,0.444142572757457,-0.428502141924574,0.668285574454216,0.997177134360943
"gene-AM1_RS01990",27.606037243365,-0.47645693932794,0.501781310343405,-0.949531059659966,0.342350582772193,0.925544485284676
"gene-AM1_RS01995",29.9047531975723,-0.0758202807930148,0.44306732998828,-0.171125866569807,0.864124797279094,0.997177134360943
"gene-AM1_RS02000",56.3641031769459,0.000512725939166417,0.403121819843782,0.0012718883323287,0.998985180210182,0.999851175142864
"gene-AM1_RS02005",23.5738578349754,0.248205988569004,0.554324428322865,0.447763035304006,0.654324223512447,0.997177134360943
"gene-AM1_RS02010",50.9730200355309,-0.111939815705353,0.434725370303707,-0.257495474964228,0.796796308026725,0.997177134360943
"gene-AM1_RS02015",30.0645924882022,1.06659173260156,0.474823198906453,2.24629237800088,0.0246852864585122,0.185835900108184
"gene-AM1_RS02020",145.177359613047,3.25557886036527,0.488051580661511,6.6705630907959,2.54823796669915e-11,2.4938755567429e-09
"gene-AM1_RS02025",52.7651170251397,1.87759053197181,0.528874164640879,3.55016496834696,0.000384989818991973,0.00587184471979446
"gene-AM1_RS02030",61.9179894342008,1.57299362585042,0.531179394105349,2.96132275330403,0.00306320750417245,0.0343922647504792
"gene-AM1_RS02035",29.4427923966498,-0.202286034585597,0.470229690845263,-0.430185584882947,0.667060647086224,0.997177134360943
"gene-AM1_RS02040",126.383518648532,-0.265552737533888,0.379996065330876,-0.69883022947267,0.484658134351411,0.988029326430846
"gene-AM1_RS02045",117.795885255916,0.199699466775108,0.381683881127208,0.523206445567848,0.600830596473579,0.997177134360943
"gene-AM1_RS37450",13.1550888536744,0.298167404158274,0.578093579329909,0.515777055513905,0.606010129442525,NA
"gene-AM1_RS02055",97.8197014937105,0.408091343179118,0.385056686463921,1.05982146921465,0.28922582767733,0.887722382783587
"gene-AM1_RS02070",23.4499560215125,0.426634639581045,0.503208878377896,0.847828124488403,0.396533697691237,0.953847172404751
"gene-AM1_RS02075",265.797395787664,0.544448692892647,0.438744720492576,1.24092363386481,0.214633961086595,0.781842816067301
"gene-AM1_RS02080",26.9614809411379,0.517528170528867,0.503449786874445,1.02796382880967,0.303966842739579,0.89568294332585
"gene-AM1_RS02085",70.1858999831151,-0.0576108571827673,0.428070887124309,-0.13458251639065,0.89294196573033,0.997177134360943
"gene-AM1_RS02090",9.68370343140537,0.353117023354054,0.624181996240029,0.56572766513801,0.571578925669485,NA
"gene-AM1_RS02115",52.1527380587653,-0.190794277348075,0.464579082821329,-0.410682022508215,0.681305710828327,0.997177134360943
"gene-AM1_RS02120",36.0196750685709,0.0709221783802351,0.443580757254999,0.159885606443168,0.872971187047209,0.997177134360943
"gene-AM1_RS39570",15.5705119900694,0.693208669769705,0.540381231503493,1.28281411225368,0.199557208753686,NA
"gene-AM1_RS39580",57.590933949466,-0.112941326141316,0.417274180602014,-0.270664544780538,0.786649048377286,0.997177134360943
"gene-AM1_RS02150",96.7629388291465,0.217950038829084,0.456840034431859,0.477081740658158,0.633303916351921,0.997177134360943
"gene-AM1_RS02160",38.9604280216463,0.0608286423888614,0.438172113862721,0.138823627666819,0.889589522591209,0.997177134360943
"gene-AM1_RS02165",8.3846382656343,-0.352578503408436,0.705852448564206,-0.499507374559125,0.617421992834653,NA
"gene-AM1_RS39590",19.9686047818248,0.283438620770861,0.487966498110496,0.580856722476629,0.561337022109966,0.994977061149491
"gene-AM1_RS02185",156.74675415854,0.439117620346843,0.397150469083161,1.10567065767432,0.268869094701974,0.862260690382301
"gene-AM1_RS02190",60.4026446957918,-0.274610189098522,0.556499354569526,-0.493460031613053,0.621687574098397,0.997177134360943
"gene-AM1_RS02195",68.6033529600631,-0.127933221249492,0.40504923208186,-0.315846102440299,0.752119323210143,0.997177134360943
"gene-AM1_RS02200",87.2016857109449,0.46096883130509,0.465175394296969,0.990957038907366,0.321706558478673,0.907311677187678
"gene-AM1_RS02210",52.9005509869175,-0.0750694647524934,0.423587342672412,-0.177223106523628,0.85933314655123,0.997177134360943
"gene-AM1_RS02215",1556.63738032648,0.327980626824738,0.57434708545924,0.571049518885413,0.567966076357339,0.995551283692625
"gene-AM1_RS02220",154.029155979958,-0.0760376151959973,0.421864207703571,-0.180241920996119,0.856962649120359,0.997177134360943
"gene-AM1_RS02225",178.348622934347,0.0240738104228653,0.382725600180497,0.0629009671982011,0.949845364658863,0.997889813204431
"gene-AM1_RS02230",3218.80803133586,-0.06189480625699,0.329115965981482,-0.188063821432694,0.8508266213358,0.997177134360943
"gene-AM1_RS02235",181.497702031709,-0.404954800088429,0.362761731323637,-1.11631069410447,0.264289165594036,0.857121505737998
"gene-AM1_RS02240",135.162888073177,-0.180030317248309,0.387503502815303,-0.464590167418738,0.642224974940211,0.997177134360943
"gene-AM1_RS41980",13.294489627567,-0.441350165896066,0.614041273451025,-0.718763029422431,0.472286940518069,NA
"gene-AM1_RS02245",74.1923790600476,0.171685669469595,0.565887610968014,0.303391815162567,0.761591282474599,0.997177134360943
"gene-AM1_RS02250",79.5092179626475,-0.167683480885481,0.455155577469546,-0.368409153234425,0.71256817339673,0.997177134360943
"gene-AM1_RS02255",37.5450643660253,-0.316939486908658,0.456307997870784,-0.694573595877247,0.487322564197642,0.988029326430846
"gene-AM1_RS02260",101.707261729554,-0.0519765792248731,0.458852176236091,-0.113275215672356,0.909812365782696,0.997177134360943
"gene-AM1_RS02265",747.08962519072,0.0068177622594328,0.459805437824298,0.0148274937584319,0.988169805143404,0.999709482207881
"gene-AM1_RS02270",283.655214107548,-0.5222558658208,0.400364276850882,-1.30445171064879,0.192079613889155,0.744831259720141
"gene-AM1_RS02275",79.485249721092,-0.660844065263082,0.42449565275514,-1.55677463590958,0.119524001208242,0.570142108119251
"gene-AM1_RS02280",93.9582992587197,-0.0668772689821361,0.421208878556216,-0.158774594712657,0.873846465357644,0.997177134360943
"gene-AM1_RS02285",101.363182167275,0.188355035975707,0.43986557060024,0.428210454659313,0.668497905438596,0.997177134360943
"gene-AM1_RS02290",22300.58385623,-0.173554058749025,0.379184368762874,-0.457703621368313,0.647165385924082,0.997177134360943
"gene-AM1_RS02295",90.8282424455492,0.0522879330218473,0.364694034418194,0.143374796643613,0.885994186678763,0.997177134360943
"gene-AM1_RS02300",159.654713786353,0.771942640015685,0.423168367593287,1.82419740966463,0.0681222330769651,0.394102219337871
"gene-AM1_RS02305",559.114590390391,0.26082917042864,0.419215223399923,0.62218439567452,0.53382062545298,0.99354618231587
"gene-AM1_RS02310",89.2659838385222,0.0811036101037608,0.379282086575627,0.213834538920649,0.830676089684439,0.997177134360943
"gene-AM1_RS02315",304.571933315358,-0.136708337103756,0.402335001992141,-0.339787332513582,0.734016688140515,0.997177134360943
"gene-AM1_RS02320",1173.32060594925,-0.391350047757916,0.374336350816783,-1.04545029330977,0.295814902549521,0.892154652167842
"gene-AM1_RS02325",47.1228632746892,0.0316987764171718,0.448823134208566,0.0706264316634835,0.943695073511023,0.997177134360943
"gene-AM1_RS42990",14.3118733034835,0.518710018205092,0.54857792401691,0.945553941374247,0.344376145785367,NA
"gene-AM1_RS42995",25.0374424031102,-0.773451955561351,0.488934925264502,-1.58191185696733,0.113669693765362,0.556942782378983
"gene-AM1_RS02340",25.2239763503569,0.0441148690580713,0.469513574996585,0.0939586657497436,0.925141991377209,0.997177134360943
"gene-AM1_RS02345",17.2265395318677,0.399546523580779,0.544748570954999,0.733451256017679,0.463283247152418,NA
"gene-AM1_RS02350",85.0835132631498,0.464538535986426,0.460306442730746,1.00919407782036,0.312881566275842,0.900226789896439
"gene-AM1_RS02360",9.62476956047203,-0.0327487592586579,0.609723833592789,-0.0537108071791885,0.957165572348486,NA
"gene-AM1_RS02365",16.384565777491,0.23008965244406,0.595831338599201,0.386165744462184,0.699373921738118,NA
"gene-AM1_RS02370",119.763043670039,0.0445956427527728,0.438415375750257,0.101720070096667,0.918978871143086,0.997177134360943
"gene-AM1_RS02375",559.18596465431,-0.45708090278258,0.408300673524961,-1.11947134163774,0.262939110354807,0.856577511684301
"gene-AM1_RS02380",62.0970719453907,-0.0407633757247022,0.422180893344169,-0.096554288380529,0.923080359394853,0.997177134360943
"gene-AM1_RS02385",99.6034575135147,0.0620507297515756,0.394830953292608,0.157157713279865,0.875120554010202,0.997177134360943
"gene-AM1_RS02390",3278.45042445042,0.130261183746985,0.483349120594591,0.269497094743329,0.787547177604967,0.997177134360943
"gene-AM1_RS02395",74.3302058862017,0.982950185424654,0.414498548402376,2.37142009112768,0.0177198779128446,0.14572986429163
"gene-AM1_RS02400",1143.83900155583,1.35347559291442,0.518526880625953,2.61023226275277,0.00904807673686665,0.0862504977254562
"gene-AM1_RS02405",153.756774266465,-0.231476868520952,0.360926624804841,-0.641340518023891,0.521301469737129,0.991984531728213
"gene-AM1_RS43005",582.95167997325,0.0164852919561002,0.370711667091262,0.0444693097615452,0.964530315029146,0.999088916092384
"gene-AM1_RS02420",161.419153937801,-0.102803346915255,0.379002579213042,-0.271247090530928,0.786200997034406,0.997177134360943
"gene-AM1_RS02425",142.388246304858,-0.041869872746248,0.434438048624249,-0.096377085015548,0.92322109090045,0.997177134360943
"gene-AM1_RS02430",70.8843907671882,1.04627566353408,0.503159098938505,2.07941318310922,0.0375793898368149,0.257826027060132
"gene-AM1_RS02435",227.628747406846,0.148630397146793,0.458643114184907,0.324065471714181,0.745888467084412,0.997177134360943
"gene-AM1_RS02440",1230.61701687866,-0.476691232513926,0.362277790255436,-1.31581688233722,0.1882355114888,0.736388356736996
"gene-AM1_RS02445",21.6678282313023,-0.575810009484914,0.646450481301552,-0.890725625767326,0.373076383652374,0.942161630815008
"gene-AM1_RS02450",941.740781753611,-0.219957217093155,0.41653182895194,-0.528068209448968,0.59745199470782,0.997177134360943
"gene-AM1_RS02455",273.658765277211,0.386822190501309,0.439956734173602,0.87922779776948,0.379277775203768,0.946383626596995
"gene-AM1_RS02460",621.315117372695,0.741699484770904,0.330729581983808,2.24261609839067,0.024921581228647,0.187134942422782
"gene-AM1_RS02465",60.0637909984462,0.0441103647710528,0.392153247807437,0.112482467039806,0.910440870789053,0.997177134360943
"gene-AM1_RS02470",62.4812562691448,0.785942204032982,0.410301992513273,1.91552129498264,0.0554260560502484,0.343738490116276
"gene-AM1_RS02475",739.628164436391,0.747032695248636,0.519265993125388,1.43863204049307,0.150254803397649,0.655982308959846
"gene-AM1_RS39600",112.445259548723,0.937536371070126,0.750758660098022,1.24878528999948,0.211743615614311,0.774195834923557
"gene-AM1_RS02490",229.482944725198,0.258642855640803,0.347333635944301,0.744652486470615,0.456481829458179,0.982825588333525
"gene-AM1_RS02495",114.225738115493,-0.0645078265079992,0.421110111500523,-0.153185175910741,0.878252247606738,0.997177134360943
"gene-AM1_RS02500",11.8479441730803,-0.123288953032717,0.595067632650676,-0.207184774079439,0.835865557858298,NA
"gene-AM1_RS02505",57.0472198514024,-2.30685695805795,0.541189581911183,-4.26256719486617,2.0209170122136e-05,0.000476579305048926
"gene-AM1_RS02510",704.998351046769,-2.28135759443274,0.499712797925638,-4.56533753768745,4.98691281120446e-06,0.000143544862879376
"gene-AM1_RS02515",895.784685893031,-2.2899516244447,0.508873376840845,-4.5000421100059,6.79400022613231e-06,0.000189072840416346
"gene-AM1_RS02520",113.414224544071,-2.66797349749189,0.675589005954489,-3.94910733297459,7.84431748486278e-05,0.00153539440903714
"gene-AM1_RS02525",16.489731060435,0.654635053315644,0.569400223012506,1.1496923022829,0.250270625936704,NA
"gene-AM1_RS02530",477.513380545804,0.403142861246685,0.370122340614388,1.08921515134019,0.276059018990996,0.869645149954469
"gene-AM1_RS02535",44.6922725506333,-0.327840769987252,0.445710972168001,-0.735545657295777,0.462007244455886,0.982825588333525
"gene-AM1_RS02540",78.4417626608631,-0.163067088406656,0.415072733333208,-0.392863889413209,0.694420013637404,0.997177134360943
"gene-AM1_RS02545",339.947435802104,0.268573023006832,0.39900490108424,0.673107077825416,0.500879171387293,0.989201002062665
"gene-AM1_RS02550",208.525252418243,0.0548932522745667,0.339781419297973,0.16155460292085,0.871656609190594,0.997177134360943
"gene-AM1_RS02555",158.299797244271,-0.777202821564917,0.470558624064972,-1.65165992464651,0.0986038965910099,0.507445651646849
"gene-AM1_RS02560",2679.36875992689,-0.95206904531025,0.46291226609873,-2.05669435665201,0.0397156353578988,0.267749955019038
"gene-AM1_RS02565",349.781798677514,-1.0185186368584,0.53965854384798,-1.88733903774775,0.0591147389637286,0.359339282810574
"gene-AM1_RS02570",151.927720294929,-0.516957016420759,0.381559944914025,-1.35485137607209,0.175464914092226,0.717000678879297
"gene-AM1_RS02575",165.447685731262,-0.308762314421643,0.404042673299265,-0.764182436227349,0.444758531746776,0.978877246244682
"gene-AM1_RS02580",167.917263250781,-0.365572520418568,0.394237149401416,-0.927290898317495,0.353775518691311,0.932960986796839
"gene-AM1_RS02585",277.042202403969,-0.3709985876362,0.354856104679457,-1.04549022193467,0.295796457461551,0.892154652167842
"gene-AM1_RS02590",58.4812915261274,-0.114019315290382,0.4145169216047,-0.275065526514536,0.78326589619239,0.997177134360943
"gene-AM1_RS02595",25.3333356024779,-0.876544720587896,0.583088856923771,-1.50327811992897,0.132767339920043,0.609546379992565
"gene-AM1_RS02605",42.2374559423834,0.324656295819494,0.454473367174239,0.714357142285577,0.475006366189424,0.984552552864207
"gene-AM1_RS02610",615.173200220608,-0.252434268497372,0.380835906780233,-0.662842615423454,0.507431357131853,0.989201002062665
"gene-AM1_RS02615",184.174522125459,0.137428897764818,0.336390066509821,0.40854029725282,0.682877052049218,0.997177134360943
"gene-AM1_RS02620",123.518093049605,0.0588133679328233,0.49028685781362,0.11995705574303,0.904517166787269,0.997177134360943
"gene-AM1_RS02625",11639.8947611749,4.4165407669284,0.706175090379268,6.25417241006957,3.99629344342012e-10,3.0876625131267e-08
"gene-AM1_RS02630",861.351512604511,-0.43101229033135,0.453426069678271,-0.95056795176593,0.341823743892975,0.925459249437562
"gene-AM1_RS02635",2357.40346471699,-0.764555008746159,0.39778775519682,-1.92201745467974,0.0546035614881505,0.340796567167676
"gene-AM1_RS02640",74.3418885810581,-0.798830385289656,0.482622890524023,-1.65518544804682,0.097886886121736,0.505089451060486
"gene-AM1_RS02645",62.9907282960691,-0.628074188577166,0.458597616469425,-1.36955397503476,0.170826175068364,0.708397810735475
"gene-AM1_RS02650",279.785157482931,0.212263694862227,0.378244620119651,0.561181001847643,0.574674152793657,0.99593231790249
"gene-AM1_RS02655",59.6838226389368,0.184076068810219,0.412583429071102,0.446154779470059,0.655485445266938,0.997177134360943
"gene-AM1_RS02660",461.516955510835,-1.59453019538443,0.374471950739543,-4.25807645201571,2.06193438228885e-05,0.000484307147712006
"gene-AM1_RS02665",1083.10266600775,0.567265788337139,0.361713822193312,1.56827235657578,0.116817584365117,0.567372088827104
"gene-AM1_RS02670",150.856558960855,-0.0952130999890789,0.392869450977072,-0.242353025291945,0.808506629862779,0.997177134360943
"gene-AM1_RS02675",143.372295375954,-0.0875335778006943,0.402946292006592,-0.217233858549224,0.82802609934316,0.997177134360943
"gene-AM1_RS02680",28.897812845862,-0.324766967484486,0.456472179810094,-0.711471546019736,0.476792077094752,0.986015704881739
"gene-AM1_RS02685",817.037339279958,0.426058496380528,0.334399373700384,1.27410076061407,0.20262770891242,0.761799309864981
"gene-AM1_RS02690",35.7865264372819,-0.172688561253733,0.42672841173699,-0.404680252132281,0.685712559862789,0.997177134360943
"gene-AM1_RS02695",1390.37407145268,-0.0678920750067824,0.363880428631572,-0.186577979096322,0.851991533676412,0.997177134360943
"gene-AM1_RS02700",37.4552261007852,-0.201989027103003,0.527277875575407,-0.383078897218239,0.701661265934224,0.997177134360943
"gene-AM1_RS02705",264.50829724609,-0.413503177420759,0.460622435030983,-0.897705248318932,0.369342710694653,0.941245946653286
"gene-AM1_RS02710",50.0980746175916,0.295765505594754,0.502702095170516,0.588351447977217,0.556296419476369,0.99354618231587
"gene-AM1_RS02715",959.033070621951,0.691286170669914,0.492048331606613,1.40491518061398,0.160046501866859,0.681997865720028
"gene-AM1_RS02720",147.947925893737,-0.225348776881539,0.362662376963109,-0.621373462471024,0.534353928483311,0.99354618231587
"gene-AM1_RS02725",157.76654993509,1.83657601462667,0.428835544729976,4.28270472724714,1.84635117221182e-05,0.000448007193521809
"gene-AM1_RS02730",196.221657063909,0.413582220628176,0.408132167857767,1.01335364668513,0.310891271647761,0.898528284146969
"gene-AM1_RS02735",141.962483844784,-0.487227238589888,0.44889262641118,-1.08539817747773,0.277745339248853,0.870792177529596
"gene-AM1_RS02740",1144.07468181339,-0.203604129365215,0.398296568300932,-0.511187254848208,0.609219942296051,0.997177134360943
"gene-AM1_RS02745",33.9136951363993,-0.593899707861364,0.435261193801796,-1.36446739640155,0.172420508769581,0.710493492978932
"gene-AM1_RS02750",81.7840858473002,-0.0551541933211942,0.486877147325979,-0.113281540577765,0.909807351513279,0.997177134360943
"gene-AM1_RS02755",19.2056047716435,0.170071740084326,0.552391622580587,0.3078825476929,0.75817170609513,0.997177134360943
"gene-AM1_RS02760",28.4718010831704,0.82097823075634,0.497315818452315,1.6508186554598,0.0987756096444736,0.507445651646849
"gene-AM1_RS02765",11.5832603208581,0.123760011097288,0.640852324164638,0.193117831410866,0.846866688068465,NA
"gene-AM1_RS02770",372.981516535304,0.0845458985474488,0.343900637333005,0.245843971686454,0.805803016923939,0.997177134360943
"gene-AM1_RS02780",22.2618168443284,-0.453338860531132,0.573069066777445,-0.791071943702012,0.428902010216774,0.971298466877678
"gene-AM1_RS02785",45.4391629429957,-0.112438121605493,0.472263433054594,-0.238083479972702,0.811816347454911,0.997177134360943
"gene-AM1_RS02790",442.590471768971,0.0826478550674787,0.793840602521313,0.104111398188731,0.917080945569954,0.997177134360943
"gene-AM1_RS02795",1081.32511762435,0.197917095628881,0.561493608387436,0.352483256572204,0.724475873093187,0.997177134360943
"gene-AM1_RS02800",117.713606109207,1.30883537034355,0.431969271115415,3.02992702921651,0.00244612830893879,0.028900735271808
"gene-AM1_RS02805",2599.60632038593,-0.737990569690445,0.407830490723952,-1.80955221955184,0.070365255217326,0.40429039005493
"gene-AM1_RS02810",34.5444697419418,-0.222862397167481,0.450233767217871,-0.494992631371509,0.620605321918059,0.997177134360943
"gene-AM1_RS02820",99.3210911848369,-1.07325374874437,0.440853808129835,-2.43448900509053,0.014912832910977,0.126360973814223
"gene-AM1_RS02825",970.319782887867,-0.637166878734949,0.3702565089417,-1.72087961547565,0.0852726713084986,0.461272126106384
"gene-AM1_RS02830",293.600256544998,-0.616117885459769,0.373953437414616,-1.64757914707081,0.0994390624733792,0.508202867515336
"gene-AM1_RS02835",129.969301167498,-0.578003931870459,0.434477380982013,-1.33034297565513,0.183405293648932,0.731253919654119
"gene-AM1_RS02840",311.408813471636,-0.377606059492359,0.33842644195025,-1.11576996559822,0.264520613068917,0.857121505737998
"gene-AM1_RS02845",114.790986763898,0.0531570070401742,0.390838061506769,0.136007754299164,0.891815150886274,0.997177134360943
"gene-AM1_RS02850",290.892701110485,-2.14628037017287,0.348529125690045,-6.15810907029218,7.36186489616115e-10,5.54216290644337e-08
"gene-AM1_RS02855",219.644709836998,-2.16759606353751,0.412639013115841,-5.25300806428838,1.49634982008276e-07,6.46071039965144e-06
"gene-AM1_RS02860",94.4096977142872,-1.7356726492503,0.400691545142993,-4.3316927204713,1.47967351064701e-05,0.000362026785604968
"gene-AM1_RS02865",34.9576754519355,-0.541690675560268,0.446237105285706,-1.213907739056,0.224782957311246,0.80141197652194
"gene-AM1_RS02870",15.0062664152679,0.8497006706744,0.565447475063698,1.50270486322126,0.132915168088539,NA
"gene-AM1_RS02875",3504.78837608955,-0.211307068795357,0.452158388668378,-0.467329754552743,0.640263971526653,0.997177134360943
"gene-AM1_RS02880",1541.40860488154,-0.912606554674077,0.405862878742614,-2.24855881745427,0.0245405790311024,0.18502230292944
"gene-AM1_RS02885",1045.96599334177,-0.995077807446724,0.344011557195474,-2.89257086465064,0.00382102973531145,0.0415501603810164
"gene-AM1_RS02890",220.403682633885,-0.153907077605819,0.59325751002292,-0.259427103754444,0.795305719594451,0.997177134360943
"gene-AM1_RS02895",197.880654723977,0.541760384759744,0.44393920316048,1.22034814880699,0.222332924474005,0.797824267626311
"gene-AM1_RS02900",116.66236551735,0.803726589131875,0.455670526385727,1.76383273130885,0.0777601450259012,0.436527315097602
"gene-AM1_RS02905",44.5462882871654,0.156008231704237,0.44053546441063,0.354133195412433,0.723239065649292,0.997177134360943
"gene-AM1_RS02910",155.176781371529,-0.0931505722754668,0.420657316367324,-0.221440513812736,0.824749449855711,0.997177134360943
"gene-AM1_RS02915",131.776796303368,-0.00110019513988137,0.39396511135945,-0.00279262073762051,0.997771813925446,0.999709482207881
"gene-AM1_RS02920",303.527393191136,-0.595825932776685,0.351939156005539,-1.69297994442911,0.090459284754971,0.480268463002884
"gene-AM1_RS02925",26.6206217237813,0.222454787300111,0.499221457288308,0.445603417185731,0.655883741745291,0.997177134360943
"gene-AM1_RS02930",160.5902089691,-0.163100350358519,0.39466003866943,-0.413267963253642,0.679410299101321,0.997177134360943
"gene-AM1_RS02935",20.0424775124941,-0.162203807760585,0.504559323156917,-0.321476187865703,0.747849554697398,0.997177134360943
"gene-AM1_RS02940",24.2045285526752,-0.29769058176054,0.478188910544649,-0.622537610547001,0.533588420915406,0.99354618231587
"gene-AM1_RS02945",111.965098330017,-0.116598830128592,0.418818645674032,-0.278399329478137,0.780705834172145,0.997177134360943
"gene-AM1_RS02950",359.290120136325,-0.159163085410215,0.411324763736925,-0.386952353571429,0.698791481772566,0.997177134360943
"gene-AM1_RS02960",81.7039769580418,-1.55389225470205,0.492943446294615,-3.15227287507814,0.00162004799793246,0.0205907399217737
"gene-AM1_RS02965",84.4951546981589,-0.464563802322001,0.401318227621419,-1.15759457295382,0.24702952501546,0.840117534689015
"gene-AM1_RS02970",167.031420750258,0.0547404602805274,0.411544435904869,0.133012271591447,0.894183675411856,0.997177134360943
"gene-AM1_RS02975",56.2406976450107,-0.179997397391814,0.426344557042453,-0.422187628336231,0.672888070978417,0.997177134360943
"gene-AM1_RS41985",26.1672147847482,-0.17871139650445,0.561330176878159,-0.318371261453204,0.75020333507607,0.997177134360943
"gene-AM1_RS02980",47.3612465085042,0.0401105500825597,0.408938737331431,0.098084496333864,0.921865198293108,0.997177134360943
"gene-AM1_RS02985",9.629595487683,-0.34880583825148,0.615063388166175,-0.567105512964203,0.57064249758044,NA
"gene-AM1_RS02990",26.6922651204792,-0.197993660446561,0.459199236602237,-0.431171580143686,0.666343616755707,0.997177134360943
"gene-AM1_RS03000",66.5398888022591,-0.122186194617556,0.390874512172448,-0.312596986532725,0.754586867872252,0.997177134360943
"gene-AM1_RS39605",25.6994743118062,-0.0394079227896685,0.516426978889087,-0.0763087995023826,0.939173425268172,0.997177134360943
"gene-AM1_RS41990",9.89240648540301,0.387096700640809,0.610887931636721,0.633662379945337,0.526301181286285,NA
"gene-AM1_RS03020",14.5858883171466,-0.421698696783465,0.607738016747562,-0.693882372276583,0.487755979220581,NA
"gene-AM1_RS03025",23.1267417546995,-0.346160448975102,0.539629295789702,-0.641478236403985,0.521212016452605,0.991984531728213
"gene-AM1_RS03030",37.2137771318769,0.0765093886442164,0.456784901742701,0.167495441185385,0.866980234268193,0.997177134360943
"gene-AM1_RS03035",478.391384322578,-0.917862378792865,0.532077389655685,-1.72505428089479,0.0845176907341641,0.459100721545802
"gene-AM1_RS03040",94.0086193293922,-0.230545936020231,0.38710545003526,-0.595563653260968,0.551466763987576,0.99354618231587
"gene-AM1_RS03045",175.021653869509,0.111768953391774,0.377074814076099,0.296410550955592,0.766916568683513,0.997177134360943
"gene-AM1_RS03050",653.650098136869,0.174479278916341,0.33987513228994,0.513362886365857,0.607697501851064,0.997177134360943
"gene-AM1_RS38410",79.6271334482579,-0.453255026185328,0.517896830127112,-0.875184013144243,0.381473790374345,0.946383626596995
"gene-AM1_RS03055",679.765156150047,-0.470215551048361,0.345236693118117,-1.36200919665131,0.173194982769471,0.71318438907597
"gene-AM1_RS03060",1996.59084434472,-0.36155713722668,0.353692886941274,-1.02223468601084,0.306669837675597,0.897564114226004
"gene-AM1_RS03065",855.08526437423,-0.442094261042805,0.459917921420726,-0.961245997279554,0.336428493670403,0.920982804117765
"gene-AM1_RS03070",78.4164133440052,-1.06668172001986,0.372208786845339,-2.86581552536826,0.00415936545828896,0.0448268091817533
"gene-AM1_RS03075",107.67276335441,-0.63291848183641,0.422320393837877,-1.4986689988724,0.133959522969741,0.611196828965285
"gene-AM1_RS03080",44.8817323169324,-0.705905843702139,0.428480245476675,-1.64746415069109,0.099462678970626,0.508202867515336
"gene-AM1_RS03085",71.8488499493594,-0.64748876780441,0.462541127145321,-1.39985123442003,0.161557871693333,0.686371344868475
"gene-AM1_RS03090",133.863228169233,-0.51970202433603,0.405325009446041,-1.28218593036316,0.199777430563474,0.759485281109002
"gene-AM1_RS03095",314.947652867479,-0.346236479216794,0.357386317415167,-0.968801720561057,0.332644127985326,0.917466566242291
"gene-AM1_RS03100",82.90024309546,-0.553758124935513,0.425680133179864,-1.30087848074773,0.193300053051743,0.74773248453217
"gene-AM1_RS03105",119.188943898908,-0.528519496325958,0.577516199777414,-0.915159603366381,0.360107848402128,0.935188336921102
"gene-AM1_RS03110",1422.82993998999,-0.154842185715838,0.344265544740515,-0.449775436669237,0.652872371027201,0.997177134360943
"gene-AM1_RS03115",57.3923969423034,-0.373921369101983,0.450748516804062,-0.829556515799974,0.406789570873907,0.957539570110794
"gene-AM1_RS39610",27.9241078458075,0.0137428378886937,0.460023068145149,0.0298742364032002,0.976167353047903,0.999174515952571
"gene-AM1_RS03130",27.4802715135626,-0.171901528731926,0.495285613102512,-0.347075554355638,0.728534558117191,0.997177134360943
"gene-AM1_RS03145",28.1734125996808,-0.567509518729019,0.503762159824436,-1.12654257105536,0.259935931829011,0.854151227581448
"gene-AM1_RS03150",26.9781018510564,0.878382239444742,0.543436914021606,1.61634628929499,0.106019463998931,0.529826632001464
"gene-AM1_RS03155",84.6170766076029,0.0012087893847188,0.405237218580248,0.00298291797815067,0.997619979328584,0.999709482207881
"gene-AM1_RS03160",248.327271935915,-0.286698485441072,0.361844591571611,-0.792324915499899,0.428171247454694,0.971298466877678
"gene-AM1_RS03170",641.718507279591,-0.483048326764176,0.397714017744043,-1.21456198477533,0.224533195301264,0.80141197652194
"gene-AM1_RS03175",793.030767441358,-1.16460025716415,0.475141460035085,-2.45106006341386,0.0142436183391168,0.121922050856113
"gene-AM1_RS03180",67.9398299155379,-1.13667179862525,0.479253866662685,-2.37175300543851,0.0177039211550967,0.14572986429163
"gene-AM1_RS03185",143.490632767757,-1.17752143603859,0.382772952237977,-3.07629217047317,0.00209592358894008,0.0254282299881325
"gene-AM1_RS03190",258.385882848337,-1.05996007293843,0.459209535512481,-2.30822748868991,0.0209864870288839,0.165953696139603
"gene-AM1_RS03195",595.021199026971,-0.823346507327048,0.40203022767622,-2.0479716465254,0.0405627776861062,0.271280900424619
"gene-AM1_RS03200",576.511096368528,-1.47152226458072,0.421648817296394,-3.48992385183504,0.000483158199001749,0.00709276236134568
"gene-AM1_RS03205",1356.7957108979,-1.57308115898947,0.477907110784789,-3.29160442163385,0.000996176263519752,0.0134175778101056
"gene-AM1_RS03210",116.05989553563,-1.36740251321918,0.447508988941678,-3.05558669660016,0.00224620652646778,0.0269728521951305
"gene-AM1_RS03215",53.1410839241225,-0.775336968141444,0.460286124654595,-1.68446739237093,0.0920913760756924,0.486295467910491
"gene-AM1_RS03220",99.3280563682194,-0.192049956880058,0.395162469559078,-0.486002522188778,0.626965377692483,0.997177134360943
"gene-AM1_RS03225",178.348528627794,0.193285744939997,0.454244392833616,0.425510469670882,0.670464591030164,0.997177134360943
"gene-AM1_RS03230",41.1266313600821,1.09193789573078,0.440083961393073,2.48120356914231,0.013093956944872,0.114497659469117
"gene-AM1_RS03235",78.1080523452445,-0.29137393023425,0.497295883299966,-0.585916634380211,0.557931538332201,0.99354618231587
"gene-AM1_RS03240",45.7470316521228,-0.536803246137592,0.453632858140689,-1.18334295345755,0.236673256017461,0.81717880328944
"gene-AM1_RS40810",11.2741180109222,-0.791984698650978,0.675712533579295,-1.17207341775323,0.241167581241818,NA
"gene-AM1_RS40815",18.8738852343346,-0.108456215505234,0.522952635339036,-0.207392043133926,0.835703696179992,0.997177134360943
"gene-AM1_RS03270",20.5304296816632,0.101972140843506,0.549941673416072,0.185423556302046,0.852896833516446,0.997177134360943
"gene-AM1_RS03275",28.8702090425386,-0.557400806425383,0.487346683904061,-1.14374597147174,0.252729002210938,0.850461733857687
"gene-AM1_RS03280",346.653643844776,0.387177156770546,0.459807242809441,0.842042318439522,0.39976426632491,0.953847172404751
"gene-AM1_RS03285",3559.23524220207,0.230160604851726,0.474039197650482,0.485530745120845,0.627299909039887,0.997177134360943
"gene-AM1_RS03290",44.1503940172106,-0.450670957510666,0.417167718111683,-1.08031119845667,0.280003624614582,0.873171154400862
"gene-AM1_RS03295",490.117508760695,-3.19259091756581,0.376041000914051,-8.49000749866505,2.06623767108022e-17,6.06647380229153e-15
"gene-AM1_RS03300",737.183044983023,1.99971960989655,0.414306448657179,4.8266678357962,1.38836395082568e-06,4.85266257098118e-05
"gene-AM1_RS03305",1302.57551247156,2.66728021561074,0.416710222678908,6.40080341313342,1.54561474301947e-10,1.31534054652324e-08
"gene-AM1_RS03310",1382.74911308394,2.52447071774034,0.431945215712307,5.84442338035235,5.08325938161836e-09,3.09512945936911e-07
"gene-AM1_RS03315",122.520253011004,1.58803184366947,0.399682490821186,3.97323345440203,7.09034938533677e-05,0.00140183608049486
"gene-AM1_RS03320",627.789884739429,2.36586316420262,0.493468448345577,4.79435548946344,1.6319865619652e-06,5.47601433820553e-05
"gene-AM1_RS03325",212.382497664829,3.17631092364728,0.606055378488332,5.24095822987309,1.59744876069499e-07,6.82555587880032e-06
"gene-AM1_RS03330",157.899266723844,1.8612296021859,0.393620361862448,4.72848912942242,2.26196734141665e-06,7.25807225617408e-05
"gene-AM1_RS03335",41.6722341277491,1.00798111793895,0.438074344826969,2.30093619916747,0.0213952376156855,0.168309641446761
"gene-AM1_RS03340",173.803910773407,-0.26581777013454,0.76228589615397,-0.348711384371264,0.727305996649236,0.997177134360943
"gene-AM1_RS39625",53.780412354798,-0.289523828897793,0.43239528607146,-0.669581372008633,0.50312469218762,0.989201002062665
"gene-AM1_RS03380",265.81225723009,-0.306152222050626,0.394441762861618,-0.776165839614793,0.437651073050854,0.975695998293985
"gene-AM1_RS03385",923.128777603987,1.75930039178124,0.486354142796337,3.61732375027379,0.000297664889705564,0.00465166516793397
"gene-AM1_RS03390",155.657447442372,1.76548257026248,0.522335896469703,3.37997557164806,0.000724922726150611,0.0100632299006061
"gene-AM1_RS03395",118.993473438749,2.00553752668215,0.55691299227732,3.60116850296693,0.000316790165750202,0.00492658155451499
"gene-AM1_RS03400",200.71092447287,-0.239206845480117,0.481841563752945,-0.496442946135642,0.61958193142294,0.997177134360943
"gene-AM1_RS03405",311.291641060095,0.858915489317499,0.46296045834265,1.8552674938856,0.0635580376827037,0.377567513998075
"gene-AM1_RS03410",23.6754613816702,-0.0544348685215804,0.55203681071469,-0.0986073165141049,0.921450060598791,0.997177134360943
"gene-AM1_RS03415",87.9032329527642,-0.0922777984688981,0.404780388988492,-0.227970032588515,0.819669537661108,0.997177134360943
"gene-AM1_RS03420",38.5993912618935,0.0206923788189279,0.423011881763596,0.0489167791993419,0.9609856170022,0.998854654019967
"gene-AM1_RS03425",8.21055241777602,-0.0782300995139044,0.791410184325938,-0.0988489926756942,0.921258168414253,NA
"gene-AM1_RS03430",36.0289025752777,-0.51598554138646,0.499128000191211,-1.03377398420604,0.301241836545417,0.894285546343303
"gene-AM1_RS03435",49.7364565865877,-0.431098682285293,0.418679647934462,-1.02966237889064,0.303168521776762,0.895025419745171
"gene-AM1_RS03440",28.311164680559,0.284122006415124,0.46964487474806,0.604972015435152,0.545197591047716,0.99354618231587
"gene-AM1_RS03445",20.167771797808,-0.184586634201757,0.549438506037116,-0.335955038049858,0.736904772228259,0.997177134360943
"gene-AM1_RS03450",948.424582491381,0.0294129182302036,0.42724991849946,0.068842419756344,0.945115052079482,0.997177134360943
"gene-AM1_RS03455",68.7792964218814,-0.0562316743437203,0.466804640484636,-0.120460829792396,0.904118106941606,0.997177134360943
"gene-AM1_RS03460",80.2079578371295,-0.231017288580861,0.503958518469078,-0.458405364954727,0.646661237988707,0.997177134360943
"gene-AM1_RS03465",106.147101339613,-0.298234311472965,0.371082671319925,-0.803686980079555,0.421577775344552,0.968507314876059
"gene-AM1_RS03475",441.773439823642,-3.33607010160436,0.549944708113935,-6.06619184144093,1.30978669925051e-09,9.49514505925799e-08
"gene-AM1_RS03480",187.390837893493,-0.272498467288491,0.370147104380283,-0.736189650179001,0.461615289975073,0.982825588333525
"gene-AM1_RS03485",18.8731830924221,-0.732055221567205,0.542921992748313,-1.34836170084303,0.177542075946128,0.722296101158253
"gene-AM1_RS03495",226.489259912399,-0.0221513615947486,0.379732711840063,-0.0583340884366013,0.95348251508983,0.998338158331194
"gene-AM1_RS03500",57.4238972847824,-0.381801872286322,0.400999641454645,-0.952125221113209,0.341033479454216,0.924111025083135
"gene-AM1_RS03505",68.0506552142651,-0.21797370743753,0.399864479078477,-0.545118956152018,0.585671706040936,0.997177134360943
"gene-AM1_RS03510",483.557708965433,0.176062438058879,0.33145876451469,0.531174483548997,0.595297873297607,0.997177134360943
"gene-AM1_RS03515",34.1347276518284,-0.331108308272933,0.430762337980391,-0.768656586426099,0.442097203594597,0.977851426850746
"gene-AM1_RS03520",127.818014047701,-0.603566969848846,0.429370342119879,-1.40570251515027,0.1598124797963,0.681495193437818
"gene-AM1_RS03525",96.0955842446398,0.0643255390192304,0.415935499099234,0.15465267850072,0.877095138113406,0.997177134360943
"gene-AM1_RS03530",41.0906840028329,-0.183377010657998,0.456673176380533,-0.401549773760294,0.688015400166987,0.997177134360943
"gene-AM1_RS03535",84.8893025897412,-0.124589190411782,0.400404791849368,-0.311158090382325,0.755680441649089,0.997177134360943
"gene-AM1_RS03540",12.7879435752742,-0.369529703524942,0.573640457581895,-0.644183475277607,0.519456465167077,NA
"gene-AM1_RS03545",20.3079992462067,-0.177223507784988,0.501072353665142,-0.353688457342876,0.723572373888387,0.997177134360943
"gene-AM1_RS03550",77.3759375453577,-0.16777490631193,0.427388634346445,-0.392558184352489,0.694645829172164,0.997177134360943
"gene-AM1_RS03555",162.205721227144,-0.249274236001739,0.379091153387623,-0.657557512946904,0.510822503200557,0.989201002062665
"gene-AM1_RS03560",34.3532095120868,0.199300743619596,0.425980961788272,0.467863030270015,0.639882542792633,0.997177134360943
"gene-AM1_RS03565",268.92027836218,0.0903126482518296,0.35458385926849,0.25470039284401,0.798954512804237,0.997177134360943
"gene-AM1_RS03570",61.1551371543792,-0.0264193976837242,0.405438828332519,-0.0651624754155426,0.948044637882656,0.997298121398595
"gene-AM1_RS03575",105.302735549565,0.591066527410398,0.393612989751535,1.5016438552587,0.133189110921796,0.610191097997489
"gene-AM1_RS03580",186.472132655427,0.0257162148880977,0.368725620223622,0.0697434988989958,0.944397818938854,0.997177134360943
"gene-AM1_RS03590",1039.99610001576,0.197306136621721,0.377599896950573,0.522526987467764,0.60130346122064,0.997177134360943
"gene-AM1_RS03595",51.1105743237002,-0.513369741109668,0.422003805233159,-1.21650500479736,0.223792605692148,0.800310706835746
"gene-AM1_RS03600",71.6627037955105,-0.0329774385394057,0.418134954844882,-0.0788679304547488,0.93713767154949,0.997177134360943
"gene-AM1_RS03605",39.7527515995533,-0.792121670429513,0.523457405231059,-1.51324952615746,0.130216288313302,0.600333246299935
"gene-AM1_RS03610",563.518262981165,-0.211031875362893,0.337878897916109,-0.62457844116471,0.532247772852594,0.99354618231587
"gene-AM1_RS03615",245.001370788463,0.137299163433761,0.352143040638604,0.389896001308933,0.696613450877876,0.997177134360943
"gene-AM1_RS03620",89.8600656028412,0.392803920118596,0.46625548110936,0.842464991905294,0.399527727355996,0.953847172404751
"gene-AM1_RS03625",267.901836378472,-0.0795284022168474,0.399357963079549,-0.1991406446577,0.84215272805499,0.997177134360943
"gene-AM1_RS03630",135.982069894357,-0.213428458707689,0.357405707185827,-0.597160186355728,0.550400437799235,0.99354618231587
"gene-AM1_RS03635",50.1953005594085,-0.436053755388184,0.406617812947817,-1.07239216163937,0.283543927118122,0.878279486095243
"gene-AM1_RS03640",8.95106255601412,0.145955478993386,0.621943220552686,0.234676533436096,0.814459802744715,NA
"gene-AM1_RS40825",11.1645431345855,-0.533271246965309,0.600069501078379,-0.888682470958734,0.374173754359557,NA
"gene-AM1_RS03645",158.406928688438,-0.396445703483624,0.495709349371614,-0.799754339889247,0.4238531424702,0.969184444153042
"gene-AM1_RS03650",4286.49173745875,-0.472828898650407,0.582231146161916,-0.812098256452455,0.416735253568536,0.96417234395368
"gene-AM1_RS03655",105.965939532378,-0.215343299768267,0.403400504516769,-0.533820105223283,0.593466002333414,0.997177134360943
"gene-AM1_RS03660",115.76687995867,-0.531322950541617,0.375978170205452,-1.4131749996317,0.157604275442749,0.676015446498021
"gene-AM1_RS03665",108.192474595901,-0.383498374263654,0.406032583389415,-0.944501475872566,0.344913448013647,0.927426881680544
"gene-AM1_RS03670",59.5791883760045,0.076825859670351,0.44060411113692,0.174364827128172,0.861578754738316,0.997177134360943
"gene-AM1_RS03675",65.3463331687016,1.81375129828617,0.501430316178284,3.61715524523908,0.000297858668791413,0.00465166516793397
"gene-AM1_RS03680",45.3532994868049,1.03189209162006,0.561308709656637,1.83836821675417,0.0660081652350146,0.385462459185093
"gene-AM1_RS03685",419.655101232325,0.415130338231817,0.45004995577434,0.922409463450693,0.356315035377573,0.933672522671186
"gene-AM1_RS03690",228.198889467906,0.0123675682910521,0.405751196409556,0.0304806699289892,0.975683709380064,0.999174515952571
"gene-AM1_RS03695",464.590383377731,0.547396355952156,0.458073659494953,1.19499636053224,0.232088452075395,0.811204399158763
"gene-AM1_RS37470",68.5072993415513,0.0534493906567903,0.441884841344541,0.120957737527628,0.903724509904646,0.997177134360943
"gene-AM1_RS03705",137.459670557261,-0.13366510514892,0.400936427784956,-0.333382291769736,0.738845728479556,0.997177134360943
"gene-AM1_RS03710",192.405236874909,-0.0571393839750567,0.382055851457692,-0.149557672672851,0.88111360480169,0.997177134360943
"gene-AM1_RS03715",34.4779606041474,0.404627002274489,0.488883934392493,0.827654528630185,0.407866177694949,0.957996078169896
"gene-AM1_RS03720",69.083826285432,-0.178384738220584,0.419683730924963,-0.425045635739638,0.670803407350836,0.997177134360943
"gene-AM1_RS03725",16.1191907409715,0.319892806276153,0.560925198798372,0.570294946565844,0.568477667807372,NA
"gene-AM1_RS03730",14.6494933543473,-0.394678423152228,0.549148809968397,-0.718709420812442,0.472319977495288,NA
"gene-AM1_RS03735",1081.10763980665,0.0089220948017471,0.391602250758115,0.0227835636400826,0.981822918937619,0.99966258039135
"gene-AM1_RS03740",412.837688414661,-0.369433174917055,0.416051085467254,-0.887951474762182,0.374566854101982,0.942783604198441
"gene-AM1_RS03745",85.6542634261687,-0.126284815352163,0.401605822172491,-0.314449662778852,0.753179542091551,0.997177134360943
"gene-AM1_RS03750",26.7033284646556,-0.179096568629754,0.485522369884787,-0.368873979323039,0.712221659241431,0.997177134360943
"gene-AM1_RS39635",102.482505021261,-0.198869269745877,0.381798120329667,-0.520875455264581,0.602453534828847,0.997177134360943
"gene-AM1_RS03765",895.85927579851,-0.314955375865856,0.332140180327011,-0.948260386791397,0.342996911958808,0.92637212865092
"gene-AM1_RS03770",477.093873256212,-0.0605619974631343,0.39152292828573,-0.154683143917785,0.877071119244172,0.997177134360943
"gene-AM1_RS03775",39.8076828423013,0.042965721977786,0.45514289202044,0.09440051186355,0.924791009214225,0.997177134360943
"gene-AM1_RS43025",10.1489932818049,0.882342746236097,0.627550821342855,1.40601002536819,0.1597211478126,NA
"gene-AM1_RS43030",8.51582849905985,-0.42979678904769,0.68517508945518,-0.627280231961504,0.530475559040415,NA
"gene-AM1_RS03780",147.023006084515,0.387491917477232,0.433652395520606,0.893554195664115,0.371560462893049,0.9416059586083
"gene-AM1_RS03785",383.062015182521,-0.119859147966243,0.396786060750146,-0.302074996635826,0.762594892419373,0.997177134360943
"gene-AM1_RS03790",190.777750358102,-0.0570596625627738,0.395716651505327,-0.144193231054887,0.885347885924401,0.997177134360943
"gene-AM1_RS03795",242.08780637995,-0.155562073483562,0.356981421200094,-0.435770783142149,0.663003043832336,0.997177134360943
"gene-AM1_RS03800",139.700788752755,-0.150160447060639,0.443289629548515,-0.338741168417532,0.734804724320971,0.997177134360943
"gene-AM1_RS03805",86.3755137987288,0.115048896556076,0.460019837290874,0.250095511605795,0.802513486930609,0.997177134360943
"gene-AM1_RS03810",177.055289490728,0.0950283872100315,0.450829672102207,0.210785565126884,0.833054602848115,0.997177134360943
"gene-AM1_RS03815",75.1705651028495,-0.331289913947423,0.503699706046372,-0.657713137352763,0.510722479017655,0.989201002062665
"gene-AM1_RS03820",152.659079575744,-0.123722095727138,0.442146607666277,-0.279821429322197,0.77961450998396,0.997177134360943
"gene-AM1_RS03825",231.556795436779,-0.030931637336871,0.558816616245397,-0.0553520357799951,0.955858007117341,0.998373313302674
"gene-AM1_RS03830",925.599890285307,-0.127082870841064,0.48678833424773,-0.261063920189162,0.794043214601517,0.997177134360943
"gene-AM1_RS03835",1468.96593610659,-0.122719258230135,0.50122499844906,-0.244838662496613,0.806581356460746,0.997177134360943
"gene-AM1_RS03840",5994.31957601292,-0.398024466919835,0.571956702515651,-0.695899646195585,0.486491678907178,0.988029326430846
"gene-AM1_RS03845",10115.1499555765,-0.841960896491046,0.611471081332773,-1.37694311668165,0.16852983528728,0.703845798582437
"gene-AM1_RS03850",68.9857989514215,0.480829081694694,0.510089170975501,0.942637305503175,0.34586645136941,0.927676347474028
"gene-AM1_RS03855",37.2266676928909,-0.302712954876205,0.494352152629821,-0.612342746493271,0.540311013288894,0.99354618231587
"gene-AM1_RS03860",14.5662520649458,-0.0726288185458552,0.557194766002681,-0.130347273480142,0.896291680246661,NA
"gene-AM1_RS03865",46.9460714905047,-0.585273085216592,0.417201506972413,-1.40285467678163,0.160660178530682,0.683620701689973
"gene-AM1_RS03880",50.3692212907272,-0.255663737712161,0.404389027034996,-0.632222242988892,0.527241664788822,0.992932346260411
"gene-AM1_RS03885",19.4918523730522,-0.166313246367253,0.492278538020392,-0.337843788673077,0.735480909410093,0.997177134360943
"gene-AM1_RS03890",194.910428361213,-0.473644362610469,0.399533663678025,-1.18549300264262,0.23582257965873,0.81717880328944
"gene-AM1_RS03895",18.2793144707533,-0.541567952255968,0.507334421265931,-1.06747724884232,0.285756381916442,0.882673053452576
"gene-AM1_RS03900",15.016453212675,-0.403048376515842,0.531324923178251,-0.758572314102844,0.448108439572788,NA
"gene-AM1_RS03905",20.1716893435371,0.0740982282423117,0.494432613991624,0.149865170996926,0.880870990844717,0.997177134360943
"gene-AM1_RS03910",21.7104013492878,-0.517084166087571,0.549694643967146,-0.94067528538349,0.346871287983834,0.927939955827369
"gene-AM1_RS03915",310.82065572316,-0.229650853512527,0.439318833278801,-0.522743019684716,0.601153096694302,0.997177134360943
"gene-AM1_RS03920",776.653270766688,0.594556261409475,0.566201436595457,1.05007904074655,0.293681774147736,0.892154652167842
"gene-AM1_RS03925",49.93260051004,-0.0763441461005067,0.419505637664704,-0.18198598361037,0.855593725680753,0.997177134360943
"gene-AM1_RS03930",222.779424734479,-0.294037815588141,0.340568094306878,-0.863374521875176,0.387931582982904,0.950568024953625
"gene-AM1_RS03935",83.1049729228722,-0.166722631440421,0.374722867098482,-0.44492249093676,0.656375768495268,0.997177134360943
"gene-AM1_RS03940",90.0070520405801,-0.502164239702205,0.378054254600969,-1.3282861747773,0.184083585222748,0.731253919654119
"gene-AM1_RS03945",60.8375499328323,-0.0868597072355602,0.424388396140699,-0.204670316213743,0.837829713665038,0.997177134360943
"gene-AM1_RS03950",7366.42966199885,-2.18724361701404,0.512331189141654,-4.26919864214882,1.9617650265208e-05,0.000468271716899599
"gene-AM1_RS03955",11488.7853749418,-2.41724283137226,0.517583706622172,-4.67024521916956,3.00840397339298e-06,9.34674504326117e-05
"gene-AM1_RS03960",5697.37497243975,-2.51841141133509,0.379180570605318,-6.64172061167251,3.10042248741634e-11,2.98453784362438e-09
"gene-AM1_RS03965",2650.48907159619,-2.4017055287479,0.409573918149773,-5.86391228132267,4.52086374195600e-09,2.84176905626809e-07
"gene-AM1_RS03970",3492.84896710039,-2.42244816644787,0.404335434590313,-5.99118444541568,2.08318210525873e-09,1.45624349072372e-07
"gene-AM1_RS03975",3090.30121563316,-2.36305261701757,0.473583859848354,-4.98972371603679,6.04657110839378e-07,2.3055497109408e-05
"gene-AM1_RS03980",15022.3779192057,-2.31614169844646,0.423897478215845,-5.46391950288296,4.65734795253558e-08,2.29814682162092e-06
"gene-AM1_RS03985",5929.60312706969,-2.23007560942981,0.439800260453057,-5.07065549968642,3.9644783814034e-07,1.56237698359737e-05
"gene-AM1_RS03990",339.536730437076,1.5554484283416,0.485420373854412,3.20433280538017,0.00135375892210085,0.017665049756836
"gene-AM1_RS03995",45.6020415609793,0.431098897242716,0.460909878145302,0.935321453680827,0.349622662315703,0.930569315030588
"gene-AM1_RS04000",74.7122397965982,0.167502861833781,0.392090419839795,0.427204678712173,0.669230253826801,0.997177134360943
"gene-AM1_RS04005",53.2236238318131,0.150700862657858,0.396010910468924,0.380547249264951,0.703539230032144,0.997177134360943
"gene-AM1_RS04010",35.2224394995865,-0.0522373901841681,0.468224704675064,-0.11156478857821,0.911168492318354,0.997177134360943
"gene-AM1_RS04015",209.251639881202,0.898191349711261,0.399313238134416,2.24934027709072,0.0244908551552477,0.18502230292944
"gene-AM1_RS04020",111.768401602847,0.189647022056436,0.389696855202798,0.486652687914928,0.626504478817923,0.997177134360943
"gene-AM1_RS04025",164.990531602139,1.27931702424303,0.403495835100266,3.17058297249866,0.00152133377991709,0.0195049606019065
"gene-AM1_RS04030",677.257808665894,2.20556787794826,0.402371840918701,5.48141707161336,4.21932490829211e-08,2.09965049673655e-06
"gene-AM1_RS04035",388.021185534931,1.82336674677573,0.388488935536348,4.69348436978878,2.68590521004149e-06,8.47937386739981e-05
"gene-AM1_RS04040",396.271761530933,1.89392739919199,0.358644796450521,5.28078873006394,1.28628945567802e-07,5.63663558488158e-06
"gene-AM1_RS04045",2748.92205241206,2.11641891945814,0.465906058529564,4.54258724631682,5.55679864661822e-06,0.000158395736179331
"gene-AM1_RS04050",930.379634964864,1.94365902390276,0.363102291873742,5.35292414121862,8.65441373530797e-08,3.97021230107253e-06
"gene-AM1_RS04055",149.571656385378,1.45953297536232,0.376311498858127,3.87852345674024,0.000105092394758584,0.00196529471981658
"gene-AM1_RS04060",180.429373005929,0.635506127104102,0.410151478207986,1.54944248861597,0.121275386598647,0.574218646317701
"gene-AM1_RS04065",1412.12867082155,1.80047151835873,0.478149846255573,3.76549638666279,0.000166218527487831,0.00285390407429399
"gene-AM1_RS04070",765.732095019076,-0.53405485716611,0.318208277033824,-1.67831855960599,0.0932849267509396,0.490393097476739
"gene-AM1_RS04075",387.78331795477,-0.423603725009614,0.403414371782904,-1.0500461922997,0.293696875697347,0.892154652167842
"gene-AM1_RS04080",4107.87057179278,-0.287682481222667,0.398144975891861,-0.722557105180712,0.469952029617926,0.982825588333525
"gene-AM1_RS04085",167.870247601987,2.20038399446089,0.41134682799012,5.34921833532102,8.83349223517021e-08,4.02095088410229e-06
"gene-AM1_RS40830",561.820222361324,-0.0653565924934976,0.412838155686677,-0.158310445856899,0.874212177337691,0.997177134360943
"gene-AM1_RS04095",230.923691059934,-0.343423159271579,0.350616746060718,-0.979483048456867,0.327341360386903,0.912461210980843
"gene-AM1_RS04100",112.021696621309,-0.20487698447286,0.385936285534525,-0.53085701488033,0.595517866998466,0.997177134360943
"gene-AM1_RS04105",112.471535307686,0.0248800029030626,0.409344096938508,0.0607801678078189,0.95153428491206,0.997889813204431
"gene-AM1_RS04110",721.276349243795,-0.0534065214119963,0.364508684403393,-0.146516458172757,0.883513698376993,0.997177134360943
"gene-AM1_RS04115",212.283181318915,-0.367742536869939,0.484308955446527,-0.759313931188583,0.447664785848038,0.979391811661579
"gene-AM1_RS04120",1383.83003658769,-0.382148432023424,0.408291885163892,-0.935968717257328,0.3492892945186,0.930569315030588
"gene-AM1_RS04125",6120.06892470441,-0.230240190512145,0.363682475202087,-0.63308024502475,0.526681242098605,0.992659241707204
"gene-AM1_RS04130",1073.03373919967,-0.172913705124877,0.4335837788709,-0.398801139597897,0.690039737299476,0.997177134360943
"gene-AM1_RS04135",779.33896354568,-0.29051789632776,0.453385158862403,-0.640775046666071,0.521668847536385,0.991984531728213
"gene-AM1_RS04140",59.1763947593559,1.00241190600059,0.413698309494319,2.42305052497284,0.0153907859426518,0.129848699792028
"gene-AM1_RS04145",232.445986152829,1.57409524317484,0.359013247825511,4.38450461844763,1.16250016681728e-05,0.000296791346937004
"gene-AM1_RS04150",567.071209444239,1.96310981189525,0.477554013373037,4.11075974009622,3.94359383946014e-05,0.00084513806661715
"gene-AM1_RS04155",79.6536203314401,0.766790255217136,0.40549884204751,1.89098013534474,0.0586269960028776,0.357855850575093
"gene-AM1_RS44210",362.313513659794,0.231408617791575,0.403424459107566,0.573610777847939,0.566231216764107,0.995078277288082
"gene-AM1_RS04160",842.239771078821,0.0652310843326061,0.38925939304664,0.16757741880564,0.866915737139547,0.997177134360943
"gene-AM1_RS04165",111.089834767595,-0.0437245592560659,0.471635060498233,-0.0927084581241171,0.926135177342673,0.997177134360943
"gene-AM1_RS04170",122.773480580261,-0.339350079127206,0.409064760762541,-0.829575440560122,0.406778867169191,0.957539570110794
"gene-AM1_RS04175",2338.99948939302,-1.08247747572339,0.438884959939546,-2.46642645460554,0.0136468750064069,0.117671732801206
"gene-AM1_RS04180",112.778705427407,-0.331810446723968,0.452417000749459,-0.733417281345091,0.463303962214184,0.982825588333525
"gene-AM1_RS04190",245.725843959252,0.0697500960137652,0.341808929678447,0.204061655379752,0.838305318387486,0.997177134360943
"gene-AM1_RS04195",141.763543551983,-0.00765735059873471,0.456907708805967,-0.0167590750848691,0.986628818659078,0.999709482207881
"gene-AM1_RS04200",23.2052044553696,-0.175804520231193,0.538329834188445,-0.326573986924254,0.743990121089391,0.997177134360943
"gene-AM1_RS04205",588.555751300215,0.454108724184194,0.493562331272891,0.920063577406836,0.357539536389447,0.934261438423126
"gene-AM1_RS04210",193.620251184693,0.0973347379369574,0.430581485663598,0.22605416437483,0.821159293367465,0.997177134360943
"gene-AM1_RS04215",282.103617796205,1.52061173155403,0.348977383084214,4.35733604887248,1.31655049392861e-05,0.000330375405997811
"gene-AM1_RS04220",990.523697102901,1.74627988479937,0.410278579809524,4.25632721457236,2.07812500965392e-05,0.000486165340903897
"gene-AM1_RS04225",63.8085753198959,0.192276051888705,0.425228302247458,0.452171341541634,0.651145552118516,0.997177134360943
"gene-AM1_RS04230",305.280944698152,0.216516597081127,0.329462677149168,0.657180955835844,0.511064569393661,0.989201002062665
"gene-AM1_RS04235",35.81972991114,0.383906447493472,0.524977602765992,0.731281573672388,0.464607183056854,0.982825588333525
"gene-AM1_RS04240",33.5354136562073,-0.325197550883552,0.439064170936107,-0.740660642361716,0.458899228703056,0.982825588333525
"gene-AM1_RS04245",428.158542471219,-0.0851941757016404,0.449851625911096,-0.189382833793464,0.849792777665632,0.997177134360943
"gene-AM1_RS04250",91.54336429514,-0.479999427258565,0.42986771890785,-1.11662124450304,0.264156304162033,0.857121505737998
"gene-AM1_RS04255",499.696242872617,0.09823518026875,0.358665365355914,0.273890901540683,0.784168463849435,0.997177134360943
"gene-AM1_RS04260",161.061882470444,1.65449606695472,0.443176216408089,3.73326908281381,0.000189010479779836,0.00318928027950344
"gene-AM1_RS04265",82.5966822162412,0.497293188032945,0.454268925081795,1.09471099733138,0.273643269120809,0.865643192518048
"gene-AM1_RS04270",57.9245601819252,-0.597257634432336,0.440615869424905,-1.3555064079101,0.175256268393978,0.717000678879297
"gene-AM1_RS04275",19.9663444973641,0.0394168975847316,0.513022233789625,0.0768327276842652,0.938756614755477,0.997177134360943
"gene-AM1_RS04280",47.6949183341249,-0.00613099750477551,0.451716626655383,-0.0135726629107519,0.989170914299486,0.999709482207881
"gene-AM1_RS04290",37.8143193245061,-0.11194205105798,0.423164449469071,-0.264535575231874,0.791367255753543,0.997177134360943
"gene-AM1_RS04295",18.7677200888476,-0.291434909582431,0.514865166675846,-0.566041224859004,0.571365756540901,0.99593231790249
"gene-AM1_RS04300",21.0432586587742,0.165931604587764,0.511373306031116,0.32448233537178,0.745572893758496,0.997177134360943
"gene-AM1_RS04305",13.0211156758068,-0.849947890435811,0.609289660515672,-1.39498164094309,0.163021375893698,NA
"gene-AM1_RS04310",185.775736629809,0.205419933765254,0.4206449849454,0.488345139291076,0.625305393588389,0.997177134360943
"gene-AM1_RS04315",53.1854658580313,0.0215620520552468,0.389629066761111,0.0553399473876186,0.955867637497894,0.998373313302674
"gene-AM1_RS04320",31.3004942956157,-0.0104622945252213,0.460638874677578,-0.0227125739931185,0.981879545827512,0.99966258039135
"gene-AM1_RS04325",206.194922961795,-0.547209612069979,0.521568605213153,-1.04916133103208,0.294103872567505,0.892154652167842
"gene-AM1_RS04330",657.31182224917,-0.737502876534659,0.628278964002527,-1.17384620334303,0.240456633657501,0.826675265126957
"gene-AM1_RS04335",853.034531915595,-0.70690379990832,0.582295607928543,-1.21399473099764,0.22474973620725,0.80141197652194
"gene-AM1_RS04340",894.928902396265,-0.940802280743735,0.607378775391318,-1.54895481841229,0.121392581666428,0.574218646317701
"gene-AM1_RS04345",4087.31132910783,-0.595685167268496,0.562213977849407,-1.05953460913072,0.289356376132116,0.887722382783587
"gene-AM1_RS04350",1733.66940056187,-0.761263518199741,0.536292185819436,-1.41949395931726,0.155755056734399,0.671552878405775
"gene-AM1_RS04355",41.9411559251659,-0.907232234694674,0.489460365840879,-1.85353564457885,0.0638056220599678,0.378063192105731
"gene-AM1_RS04360",26.503886557516,-0.48811621246537,0.466676057311131,-1.04594226512877,0.295587689134405,0.892154652167842
"gene-AM1_RS04365",33.024281245965,-0.502141382308194,0.680750670937126,-0.737628920169764,0.460739976329867,0.982825588333525
"gene-AM1_RS04370",53.6150135711345,-0.677670958290116,0.512041118489383,-1.32346980314661,0.185679191906688,0.731253919654119
"gene-AM1_RS04375",14.27486790461,-0.507093975139521,0.556640759762064,-0.910989657595821,0.362300823068927,NA
"gene-AM1_RS04380",15.3874421053816,-0.945981624004579,0.557338620375269,-1.69731934845575,0.0896363011725469,NA
"gene-AM1_RS04385",99.6830460553092,-0.978161977824288,0.560174416757356,-1.74617395683028,0.0807807287572244,0.445059092055337
"gene-AM1_RS04395",226.465374049557,-1.35241407398675,0.579041058662792,-2.33560997748578,0.0195115781037122,0.157379102506865
"gene-AM1_RS04400",76.2101402509287,0.0385554222680678,0.463950721827021,0.0831024081959351,0.933770111008576,0.997177134360943
"gene-AM1_RS04405",705.090035915335,-4.34670642073417,0.424745102124261,-10.2336822696604,1.40089227019062e-24,1.17514848722276e-21
"gene-AM1_RS04410",240.266781827468,-3.42511830087143,0.484743379028659,-7.06583823328287,1.59649312378018e-12,1.99459736656111e-10
"gene-AM1_RS04415",864.120830259131,-1.94382206221512,0.372468788576351,-5.21875153524887,1.80133219598139e-07,7.60965658618903e-06
"gene-AM1_RS04420",73.8516966207783,-2.69463036254959,0.4653690653169,-5.79030830232482,7.02573429625415e-09,4.04461880270631e-07
"gene-AM1_RS04425",409.571425850334,-2.55840291924574,0.481326698434578,-5.31531479048731,1.06473098265417e-07,4.77259567186664e-06
"gene-AM1_RS04430",83.9695095876913,-1.31823967597929,0.404759016060767,-3.25685067823512,0.00112655679105724,0.0151030627330779
"gene-AM1_RS04435",1870.71433505928,-0.804959945458648,0.396376155957761,-2.03079810265991,0.042275479594111,0.28018241103456
"gene-AM1_RS04440",420.621845389006,-0.276636891931165,0.505770796306232,-0.546960983021385,0.584405537746696,0.997177134360943
"gene-AM1_RS04445",66.6871665266554,-0.364958839958861,0.58405790891209,-0.624867559175186,0.532057985513522,0.99354618231587
"gene-AM1_RS04450",17.8206469811561,-0.363203066007368,0.548057504050651,-0.662709776479588,0.507516447168456,0.989201002062665
"gene-AM1_RS04455",12.5841651369916,-0.514671853291217,0.59285127086405,-0.868129796771979,0.385323280768371,NA
"gene-AM1_RS04460",430.502660164408,0.0282501234806447,0.368720690506635,0.0766165940995286,0.938928557574329,0.997177134360943
"gene-AM1_RS04465",55.0054810636644,-0.836115964801435,0.424392677654181,-1.9701470096587,0.0488215245790947,0.310962616644749
"gene-AM1_RS04470",40.1622645737165,-0.436526915484274,0.466842287994974,-0.935062925338446,0.349755871640413,0.930569315030588
"gene-AM1_RS04475",79.6286488437157,-0.128050655972144,0.402760906160484,-0.317932187592014,0.75053637621673,0.997177134360943
"gene-AM1_RS04480",583.928617191292,-0.0241058011008483,0.358718635652713,-0.0671997457198902,0.946422687554834,0.997177134360943
"gene-AM1_RS04485",2402.46996237924,0.0615049953864843,0.724664913421711,0.0848737040352499,0.932361797476338,0.997177134360943
"gene-AM1_RS04490",1514.91491848541,-0.195815397140032,0.352277272606121,-0.555855890706218,0.578309374095552,0.997130606716526
"gene-AM1_RS04495",2586.07991713801,-0.376344552739616,0.379857848815463,-0.990751024134941,0.321807169385389,0.907311677187678
"gene-AM1_RS04500",214.047152581063,-0.0542561990125429,0.345242171745762,-0.157154031149177,0.875123455868254,0.997177134360943
"gene-AM1_RS04505",419.926623931457,-0.151842713032534,0.361525087080194,-0.420006020215277,0.674481055782215,0.997177134360943
"gene-AM1_RS04510",160.969670407037,-0.20764270567563,0.346341002795839,-0.599532553175725,0.54881780874472,0.99354618231587
"gene-AM1_RS04515",94.5388336977507,-0.0147245607867225,0.406250210809161,-0.0362450538976815,0.971086961756803,0.999088916092384
"gene-AM1_RS39650",4302.81995659243,0.959235823453095,0.506292317914535,1.89462843798278,0.0581416445111672,0.355633058926639
"gene-AM1_RS04525",879.989088318987,-0.575732484485859,0.36428948212836,-1.58042576777716,0.114009394358952,0.556957706884998
"gene-AM1_RS04530",56.2803938774341,-0.13368141060792,0.403817098822511,-0.331044453040056,0.740610908121127,0.997177134360943
"gene-AM1_RS04535",49.6946843380831,-0.525857835058964,0.50664503639827,-1.03792161628046,0.299306548929888,0.894285546343303
"gene-AM1_RS04540",141.788825836719,-0.359339835895168,0.37914804577456,-0.94775600164594,0.34325368408726,0.92637212865092
"gene-AM1_RS04545",261.081946766373,-0.510938648807654,0.493058899010563,-1.03626290861593,0.300079505248754,0.894285546343303
"gene-AM1_RS04550",327.978581099112,-0.186735346063879,0.407266031053305,-0.458509504416386,0.646586435734901,0.997177134360943
"gene-AM1_RS04555",1067.39034659137,-0.185892213173275,0.351107849808689,-0.529444765403459,0.596496951242791,0.997177134360943
"gene-AM1_RS04560",294.857882051597,-0.138184736222673,0.400023077710245,-0.345441910535888,0.72976217400604,0.997177134360943
"gene-AM1_RS04565",464.80255281376,-0.269510603696323,0.386358830969274,-0.697565532591013,0.485448943156677,0.988029326430846
"gene-AM1_RS04570",440.032714773106,0.122826351733125,0.352474273407291,0.34846898341201,0.727488003494654,0.997177134360943
"gene-AM1_RS04575",22.6836316576716,-0.190832906400455,0.496876933441996,-0.384064732243668,0.700930470214228,0.997177134360943
"gene-AM1_RS04580",10.2646224932281,-0.293959168780882,0.638982016511498,-0.460042945161028,0.645485395602495,NA
"gene-AM1_RS04585",26.371608544141,-0.250171789944228,0.509036817402057,-0.491461091598475,0.623100364654367,0.997177134360943
"gene-AM1_RS42010",11.7463484000896,-0.0331789066716255,0.584090465887113,-0.0568043969374395,0.95470101134634,NA
"gene-AM1_RS04600",47.3593416121478,-0.0761145582071123,0.432261769146726,-0.176084409124038,0.860227629263519,0.997177134360943
"gene-AM1_RS04605",1227.52407817322,-0.460157544438374,0.371380531937402,-1.23904595116455,0.215328481304197,0.783034302490266
"gene-AM1_RS04610",124.413087019398,-0.134373088131371,0.409013730042446,-0.328529529112449,0.742511321135171,0.997177134360943
"gene-AM1_RS04615",14.0596248295875,-0.49626776004249,0.543442270095723,-0.913193152890143,0.361140964450132,NA
"gene-AM1_RS04620",40.2228459968602,-0.483910697585732,0.490995962641685,-0.985569606279792,0.324344358835728,0.908041489428254
"gene-AM1_RS04625",69.2257197025611,-0.452122103318935,0.403742169563273,-1.11982878530621,0.262786730218523,0.856577511684301
"gene-AM1_RS04630",19.5698753730955,-0.333646354982506,0.542226051889829,-0.615327046385254,0.538338759481773,0.99354618231587
"gene-AM1_RS04635",16.5675525748617,-0.748764680181071,0.602710136170238,-1.24232966271133,0.214114955361567,NA
"gene-AM1_RS04640",63.1291021439975,-0.472248203371452,0.395945818457521,-1.19270915705381,0.23298329812964,0.812397818656321
"gene-AM1_RS04645",29.9735170607345,-0.0540665159329493,0.465566073152113,-0.116130704213243,0.907548954994986,0.997177134360943
"gene-AM1_RS44375",13.2092865637666,-0.337476751854532,0.698859812317862,-0.482896205943285,0.629169435861994,NA
"gene-AM1_RS04655",7838.32256260664,-0.369786682216131,0.584083884514756,-0.63310543574292,0.526664792830648,0.992659241707204
"gene-AM1_RS04660",128.183347261109,-0.79989564274379,0.456955659416772,-1.7504885348498,0.0800340508018349,0.442107193140522
"gene-AM1_RS04665",33.2082640147697,-0.493299013349202,0.46939815447433,-1.05091809298151,0.29329620984058,0.892154652167842
"gene-AM1_RS04670",94.2238071035855,-1.44046665724955,0.569842240165622,-2.52783411919567,0.0114768562811381,0.103362116691477
"gene-AM1_RS04680",64.6527256397044,0.365447664023843,0.43237639738083,0.845207245903303,0.397995137426624,0.953847172404751
"gene-AM1_RS04685",83.0142666647012,0.87453816838084,0.42013109864604,2.0815839893767,0.0373804850908603,0.257023663294534
"gene-AM1_RS04690",66.5356977995893,0.94844239994961,0.387779173018563,2.44583119966633,0.0144518644507042,0.123344982637406
"gene-AM1_RS04695",14.7444241997899,-0.409625633908967,0.628386689321983,-0.651868731259959,0.514485858043202,NA
"gene-AM1_RS04700",12.3151700392016,0.148132030009983,0.556861257656081,0.266012454580688,0.790229617137204,NA
"gene-AM1_RS04705",66.6255637022752,0.28798323930282,0.448874964145784,0.641566721928581,0.521154545935157,0.991984531728213
"gene-AM1_RS04710",2398.94943950249,1.02035653571039,0.330861717479329,3.08393652636509,0.00204281174384204,0.0249384419123503
"gene-AM1_RS04715",44.8891959629202,-0.418214025426192,0.44435270937746,-0.941175819569351,0.346614766069145,0.927676347474028
"gene-AM1_RS04720",44.4066838130453,-0.3267764824762,0.408899578625674,-0.799160721990733,0.424197223889731,0.969593654605098
"gene-AM1_RS04725",83.053037203826,0.134831435967171,0.414501500504665,0.325285760854933,0.744964806589653,0.997177134360943
"gene-AM1_RS04730",569.133544133673,-0.242787048293391,0.42567584642303,-0.570356646574008,0.568435827634422,0.995736205574952
"gene-AM1_RS04735",147.000872530077,0.324442352572349,0.359792374656282,0.901748829119284,0.367190307933179,0.941006433311144
"gene-AM1_RS04740",356.036102485373,-0.666976846806402,0.390991199633153,-1.70586153200428,0.0880338634331489,0.471115032453874
"gene-AM1_RS04745",1403.01668500006,2.60272998311784,0.468071474631361,5.56053962734574,2.68941775563057e-08,1.41002330902346e-06
"gene-AM1_RS04750",524.751352112622,0.764827445322732,0.39724385834262,1.92533485228379,0.0541874801297278,0.339220557912326
"gene-AM1_RS04755",145.283820560087,1.66753854435409,0.471639978950863,3.53561745987572,0.000406823340022446,0.00614777675183584
"gene-AM1_RS04760",15.5457580400723,0.737555370423903,0.583187248338779,1.26469735496591,0.205979838502973,NA
"gene-AM1_RS04770",215.375427926765,0.404894105128709,0.495894017486406,0.81649322405832,0.414218097398513,0.961832601842463
"gene-AM1_RS04775",3690.89111517221,1.92643186450218,0.431030457141335,4.46936366696357,7.8452645000715e-06,0.000212728662538244
"gene-AM1_RS04780",66.3823777064663,0.224532295159875,0.401867311221677,0.558722466072935,0.576351144372873,0.997130606716526
"gene-AM1_RS04785",84.9238818646242,-0.0431048025073032,0.401654831796368,-0.107318023075984,0.914536686767857,0.997177134360943
"gene-AM1_RS04790",589.471628057236,0.910622608487155,0.374536888254592,2.43132956203811,0.0150435241966408,0.127284688879935
"gene-AM1_RS04795",140.461943217747,0.0174913819379431,0.405427873668994,0.0431430177201475,0.965587528022593,0.999088916092384
"gene-AM1_RS04800",65.4624112298187,-0.0859296712300017,0.525007942903622,-0.163673087981787,0.869988504488047,0.997177134360943
"gene-AM1_RS04805",956.39387902671,0.0291078638100669,0.351128863688165,0.0828979523481084,0.933932682228106,0.997177134360943
"gene-AM1_RS04810",1059.43889072096,-0.00957147427647323,0.420298298987786,-0.0227730502348556,0.981831305245426,0.99966258039135
"gene-AM1_RS04815",37122.4601748014,-1.10096430958163,0.409569763118508,-2.68809958332562,0.0071859962566752,0.0711571163898765
"gene-AM1_RS04820",74206.406271346,-0.684486255639739,0.3745086402378,-1.82769149252502,0.0675958656649126,0.392216327257279
"gene-AM1_RS04825",267.547670479012,-0.829268141987208,0.394198536039094,-2.10368143504461,0.0354062449569089,0.247506512365439
"gene-AM1_RS04830",2263.4562666889,-0.794105112934347,0.392370116028638,-2.02386746720636,0.0429837900860104,0.2839154278797
"gene-AM1_RS04835",215.119329869826,0.390226752454387,0.343360214240914,1.13649379360123,0.25574996157425,0.850915401710932
"gene-AM1_RS04840",121.054325116833,0.146963802522188,0.36616835680443,0.401355823874975,0.688158168929176,0.997177134360943
"gene-AM1_RS04845",113.256215242392,1.19240954490292,0.622524147760732,1.91544303814095,0.0554360269312183,0.343738490116276
"gene-AM1_RS04850",677.222424911942,1.91924661470516,0.690050996291667,2.78131127267287,0.0054139799211517,0.0558715115940295
"gene-AM1_RS04855",190.948010227175,0.333754873888363,0.395747087376716,0.84335396149273,0.399030511887714,0.953847172404751
"gene-AM1_RS04860",108.363910653517,0.359289650617903,0.449009012057619,0.80018360649696,0.423604426477319,0.968993062826186
"gene-AM1_RS04865",358.969658936163,-0.408999521121838,0.439150411739486,-0.931342679383541,0.351676331410058,0.931803238918675
"gene-AM1_RS04870",236.315958514174,-0.172564192819782,0.447676490008392,-0.385466283513228,0.699891982013455,0.997177134360943
"gene-AM1_RS04875",29.3080894806811,-0.538127868144537,0.472299405719427,-1.13937866875957,0.254545249081973,0.850461733857687
"gene-AM1_RS04880",26.6688699939,0.30603782817869,0.458561990201818,0.667385947195492,0.50452563983586,0.989201002062665
"gene-AM1_RS04885",25.9501732391242,-0.150704155714388,0.495688147374993,-0.304030178071576,0.761104899954975,0.997177134360943
"gene-AM1_RS04900",25.0721046045165,-0.191758590842194,0.464452497158523,-0.412870190203207,0.67970172251178,0.997177134360943
"gene-AM1_RS04905",251.391320843354,0.437871264472543,0.400003380341543,1.09466891029437,0.273661713789771,0.865643192518048
"gene-AM1_RS04910",348.233910778621,0.956894099949918,0.434087161073958,2.20438240463621,0.0274974620430612,0.201579397149632
"gene-AM1_RS04915",402.458780924898,0.725168944319939,0.508967052964935,1.42478563218492,0.154219176792345,0.667634727566567
"gene-AM1_RS04920",136.46033147289,0.291737694093369,0.48937635822548,0.596141781657035,0.551080514156662,0.99354618231587
"gene-AM1_RS04925",78.664039836644,0.508945268571571,0.449263618158366,1.13284327508614,0.25728007471672,0.853255764972434
"gene-AM1_RS04930",144.283856760554,0.591767663035315,0.394472033222384,1.5001511214908,0.133575261190073,0.610392166309814
"gene-AM1_RS04935",147.687162901721,0.832188611892757,0.353651174362272,2.35313402646949,0.0186159228497822,0.151612619936091
"gene-AM1_RS04940",661.121279430865,1.36265696703701,0.427458206558281,3.18781332567823,0.00143353051428287,0.0185411699997114
"gene-AM1_RS04945",418.705763200808,-0.318595641171092,0.395201254680043,-0.806160500246967,0.420150310908343,0.96716903441462
"gene-AM1_RS04950",182.782855038226,-0.197068362551881,0.359768299586032,-0.547764666255026,0.583853503104923,0.997177134360943
"gene-AM1_RS04955",1676.30056864976,-2.09190511043691,0.437625939390942,-4.78012138254027,1.75189390295705e-06,5.78391892429897e-05
"gene-AM1_RS04960",875.815696124973,-0.0960342565141354,0.54227817346605,-0.177094084204641,0.859434488605157,0.997177134360943
"gene-AM1_RS04965",1487.54663041188,1.1237344286182,1.21391394948831,0.925711768195658,0.354595790443932,0.932960986796839
"gene-AM1_RS04970",181.026633151866,0.157120567946479,0.337709614572793,0.465253463823463,0.641749956111853,0.997177134360943
"gene-AM1_RS37480",131.879532691421,-0.411151248373599,0.390643324797235,-1.05249782160494,0.292571209446354,0.892154652167842
"gene-AM1_RS04980",748.119359681062,-0.521655730470452,0.405478789043611,-1.28651792539103,0.198262366992214,0.756463040271787
"gene-AM1_RS04985",2658.25148335211,1.16899976982268,0.391684292401551,2.98454595320925,0.00283999539196957,0.032571197151651
"gene-AM1_RS04990",335.226799488673,1.28830329681311,0.348988250610546,3.69153773675549,0.000222902316297164,0.00363578444804707
"gene-AM1_RS05005",34.2311915052029,-0.327663869809761,0.466521899861026,-0.702354744562625,0.482457960609046,0.986441366799053
"gene-AM1_RS05010",46.0919279701163,0.0792619185513466,0.433198409680652,0.182969089405886,0.854822272239021,0.997177134360943
"gene-AM1_RS05015",54.7925892038106,-0.00814210819549226,0.411703673101715,-0.0197766226717163,0.98422156664193,0.99966258039135
"gene-AM1_RS05025",16.6467057162107,0.189782393816138,0.508418142993062,0.373280136501203,0.708939958588506,NA
"gene-AM1_RS05030",63.5874237402188,-0.545037862641748,0.420099292567188,-1.29740247671228,0.194492740797545,0.74987614836716
"gene-AM1_RS05035",151.737930269189,-0.832650636906327,0.361953797397678,-2.30043348872921,0.0214236733797753,0.168309641446761
"gene-AM1_RS05040",29.7416470168529,0.584014413328178,0.611830049931139,0.954536988488729,0.339811895478791,0.92389306342344
"gene-AM1_RS05045",15.185318127326,0.631951714444152,0.570276518258094,1.10814963304897,0.267797198759338,NA
"gene-AM1_RS05050",51.6315202120429,0.294247384839234,0.441970260563066,0.665762860298259,0.505562687297806,0.989201002062665
"gene-AM1_RS05060",46.4086438429393,-0.593167263157975,0.437218060073332,-1.35668518143666,0.174881262933767,0.716377239155545
"gene-AM1_RS05065",173.535870396486,-0.227867270493266,0.447456820199437,-0.509249742559969,0.610577180493711,0.997177134360943
"gene-AM1_RS42020",371.276776689592,-2.01810159193079,0.500818633157536,-4.02960564627391,5.58705021776316e-05,0.00113519580895174
"gene-AM1_RS05070",176.138851492046,-0.10814538403915,0.406207089675667,-0.266232143130484,0.790060429400389,0.997177134360943
"gene-AM1_RS05075",34.7124514352311,0.219890380411654,0.457962925284622,0.480148868546495,0.631121541593288,0.997177134360943
"gene-AM1_RS05080",13.0747566401407,-0.117442585503411,0.546479882577928,-0.214907427057324,0.829839494229051,NA
"gene-AM1_RS37875",585379.182194206,0.161289579300183,0.498638620907791,0.32345986158583,0.746347000847896,0.997177134360943
"gene-AM1_RS05085",12.9428191801981,0.229071838521224,0.560879319265901,0.408415555098451,0.68296861533495,NA
"gene-AM1_RS05090",45.0012322089064,-0.246996768259153,0.408036408075368,-0.605330218997345,0.544959606406017,0.99354618231587
"gene-AM1_RS05095",12.2181325014265,-0.00710689217208379,0.609300074089175,-0.01166402643674,0.990693664410211,NA
"gene-AM1_RS05100",22.7914614935266,0.184346893910876,0.507095030180016,0.363535201371296,0.716205122063497,0.997177134360943
"gene-AM1_RS05105",64.4523453071744,0.21909226071477,0.46546759278796,0.470692834709496,0.637860101980482,0.997177134360943
"gene-AM1_RS05110",28.1888347339522,0.426325905321242,0.524247019395655,0.813215697082465,0.416094401180638,0.963340416703143
"gene-AM1_RS05115",4501.94680028726,1.55215918648446,0.55300280097635,2.80678358905969,0.00500388459331412,0.0528467811725549
"gene-AM1_RS05120",649.67810449744,0.469846574265421,0.363550636691773,1.29238275729872,0.196224625002269,0.751618394007387
"gene-AM1_RS05125",25.5225202318528,0.156116717744887,0.455940646443755,0.342405791110237,0.732045530932688,0.997177134360943
"gene-AM1_RS05130",67.7838877054317,0.102948064756052,0.391768258382008,0.262777962618066,0.792721722051197,0.997177134360943
"gene-AM1_RS05135",38.2321120719309,0.298324875829306,0.496018276437501,0.601439281576342,0.547547441819604,0.99354618231587
"gene-AM1_RS05140",25.0879439904395,0.235618189563919,0.476452661462947,0.49452591751813,0.620934807174233,0.997177134360943
"gene-AM1_RS05145",8.92726628763108,-0.132878303641483,0.628213300197022,-0.211517813455731,0.83248323351904,NA
"gene-AM1_RS05150",65.4639922640971,-0.0816029632371002,0.38909807995934,-0.209723376804192,0.833883579214013,0.997177134360943
"gene-AM1_RS42030",35.9636080716286,0.348785616014558,0.505786709766605,0.689590314018935,0.490451860243385,0.988029326430846
"gene-AM1_RS05155",56.0146113494888,-0.0681880546235118,0.437046108452677,-0.156020276361516,0.87601703871422,0.997177134360943
"gene-AM1_RS05160",356.103046558655,0.490005337580885,0.339475304535876,1.44341968630328,0.148902281778049,0.652016553766369
"gene-AM1_RS05165",829.400082678351,3.20027194357659,0.331168918913377,9.66356370059498,4.30617772339149e-22,3.16073444896935e-19
"gene-AM1_RS05175",350.561526348498,0.10277666893996,0.428643811836528,0.239771731451371,0.810507222814643,0.997177134360943
"gene-AM1_RS05180",42.2951083311504,-0.254735788066318,0.449026985314562,-0.567306189599864,0.570506172512097,0.99593231790249
"gene-AM1_RS05185",69.4181287860212,0.63667263198065,0.450765024381355,1.41242686886464,0.157824309692659,0.676455727383428
"gene-AM1_RS05190",97.2176610314223,-0.0475975010626148,0.607144664882958,-0.0783956506836642,0.937513333136741,0.997177134360943
"gene-AM1_RS05195",91.3903589476555,0.605393824342344,0.390796244463488,1.54912907408686,0.121350695032014,0.574218646317701
"gene-AM1_RS05200",360.617897535822,0.223904734342443,0.340560581505386,0.657459337638881,0.51088560849808,0.989201002062665
"gene-AM1_RS05205",48.9703844161896,0.272316611704718,0.427418211915081,0.637119814068244,0.524046803162631,0.992659241707204
"gene-AM1_RS05210",26.9358561739535,0.264953181023166,0.529856717898542,0.500046846766411,0.617042091594059,0.997177134360943
"gene-AM1_RS05215",43.9880857322332,0.422407294009118,0.490325311317648,0.861483762431079,0.388971660418005,0.950568024953625
"gene-AM1_RS05220",34.6473535332385,0.262441768664948,0.44330208789192,0.592015638620077,0.55384011628431,0.99354618231587
"gene-AM1_RS05225",22.499284664168,-0.314278592133199,0.51412132812977,-0.611292655911507,0.541005852089184,0.99354618231587
"gene-AM1_RS05230",46.6507686011093,-0.0161589935909006,0.411362141132143,-0.0392816741628876,0.968665817238161,0.999088916092384
"gene-AM1_RS05235",215.474637928747,0.0217273802598384,0.416868941514854,0.0521204102682333,0.95843275002565,0.998743053797802
"gene-AM1_RS05240",24.9580409554654,0.441104959531682,0.479873291710128,0.919211315053007,0.357985053891695,0.934261438423126
"gene-AM1_RS05245",130.840094941966,0.055396966173055,0.497266874166341,0.111402888571508,0.91129686957225,0.997177134360943
"gene-AM1_RS42035",1084.28738522386,0.072585153602689,0.437534865211611,0.165895701974707,0.868239029954696,0.997177134360943
"gene-AM1_RS05250",67.3925637531829,-0.301981008980146,0.452430607046173,-0.667463704437944,0.504475986161381,0.989201002062665
"gene-AM1_RS37485",590.114675391996,0.217820455354315,0.329672293863619,0.660718111314581,0.508793106715588,0.989201002062665
"gene-AM1_RS37490",786.974471487714,0.25862244126932,0.339580034227479,0.7615949561277,0.44630178612141,0.978877246244682
"gene-AM1_RS05265",222.55607782858,0.100786162423111,0.416042168100394,0.242249873091686,0.808586552507089,0.997177134360943
"gene-AM1_RS05270",37.7985577018646,1.58885251849861,0.467164796303247,3.40105361335329,0.00067126661196286,0.00949801818179739
"gene-AM1_RS05280",3822.67242652302,-0.526467109922715,0.509588971214391,-1.03312108319005,0.301547238038103,0.894285546343303
"gene-AM1_RS05285",213.751759486076,0.479938616392051,0.486682332623446,0.986143494884962,0.324062702576747,0.907870319432565
"gene-AM1_RS05290",26.5179155645411,1.56761727703506,0.669646819870844,2.34096128066047,0.0192341617302965,0.155568867328238
"gene-AM1_RS05295",58.9113071860163,2.5334892201472,0.595755097270404,4.25256826463591,2.11332764830845e-05,0.000492438886939175
"gene-AM1_RS05300",36.8005839501383,2.54493519993036,0.62116386854665,4.09704319390758,4.18460844323437e-05,0.000886484544005782
"gene-AM1_RS05305",44.9396137678171,2.22746778826147,0.618589610569606,3.60088134395013,0.000317140297616939,0.00492658155451499
"gene-AM1_RS05310",40.2164489184628,2.37508698669974,0.627603344007388,3.78437592689401,0.000154094757172228,0.0027336689248197
"gene-AM1_RS05315",27.4333720584812,0.0253461758940062,0.475901797816209,0.0532592564481018,0.957525342745651,0.99846297925572
"gene-AM1_RS05320",41.6695092961469,0.370392230522834,0.470353366582038,0.787476516250748,0.431002970304582,0.971416527865743
"gene-AM1_RS05325",84.506520656923,2.1255787652686,0.462927605734863,4.5916008009382,4.39859105765824e-06,0.000128500132788901
"gene-AM1_RS05330",21.2238235719882,0.818841466135858,0.497128597245324,1.64714214928129,0.0995288313424109,0.508202867515336
"gene-AM1_RS40835",12.3061537009902,0.745400978880354,0.605026956792091,1.23201283928329,0.217944288043776,NA
"gene-AM1_RS05335",162.224558127626,0.619684302437986,0.453189100634504,1.36738571508091,0.17150443745918,0.708707992090292
"gene-AM1_RS05345",76.5544259917271,-0.385800732884659,0.477760217379327,-0.807519585872813,0.419367195081833,0.966833203580888
"gene-AM1_RS05355",41.6357395760488,-0.328084864560213,0.458061356244799,-0.716246546641399,0.473839126368673,0.983875589834479
"gene-AM1_RS05360",19.9678100699938,0.292147917586086,0.517894563801315,0.56410693991792,0.572681355311219,0.99593231790249
"gene-AM1_RS05365",26.6927127416444,-0.235149023112229,0.492610326132433,-0.477353012386937,0.633110767442946,0.997177134360943
"gene-AM1_RS05370",19.5492258184364,-0.0953396148643463,0.510872006955409,-0.186621332870697,0.851957539382025,0.997177134360943
"gene-AM1_RS05375",222.146532273214,0.799031204590683,0.405672881147506,1.96964411900176,0.048879171519602,0.310962616644749
"gene-AM1_RS05380",137.780724754858,0.303122983253021,0.532431675721126,0.569318087325423,0.569140294289148,0.995736205574952
"gene-AM1_RS05385",60.1572854303855,0.0625927691403496,0.392935021719233,0.159295470448227,0.873436089253059,0.997177134360943
"gene-AM1_RS05390",95.2585914740163,0.377789833430935,1.52038212371749,0.24848347500114,0.803760354262854,0.997177134360943
"gene-AM1_RS05395",5.37787197544362,-0.0662527365634458,0.806589356898303,-0.0821393637255731,0.934535891139578,NA
"gene-AM1_RS05400",15.7238503290073,0.452074536155472,0.551199777288566,0.820164584208097,0.412122288536348,NA
"gene-AM1_RS05405",24.5823297142492,-0.0187934111748001,0.473443384356118,-0.0396951605953036,0.968336159923316,0.999088916092384
"gene-AM1_RS05410",93.0348071612579,0.326246644749536,0.370180147826808,0.881318586814585,0.378145408706647,0.946383626596995
"gene-AM1_RS05415",33.1602207154774,0.256253956259284,0.456984032877027,0.560750349735396,0.574967738026131,0.99593231790249
"gene-AM1_RS05420",1189.79743631183,0.448908708973691,0.394452298104686,1.13805575764335,0.255097200593795,0.850461733857687
"gene-AM1_RS05425",1592.06836562484,0.0678469268862151,0.454941961685531,0.149133147962097,0.881448570063284,0.997177134360943
"gene-AM1_RS05430",1092.15612243936,0.206082677364323,0.362072677220017,0.569174893136427,0.569237457246101,0.995736205574952
"gene-AM1_RS05435",2040.56974483034,0.351701721870721,0.388401767915725,0.905510095275966,0.365195214104301,0.94048306334288
"gene-AM1_RS05445",168.982980001548,0.329320106772021,0.355247544456869,0.927015856719043,0.353918301450339,0.932960986796839
"gene-AM1_RS05455",81.6038487057648,-0.0107134763031164,0.449342586439296,-0.0238425571633721,0.980978193979545,0.99966258039135
"gene-AM1_RS05460",13.0305605305535,-0.0519644917688454,0.685092378962971,-0.0758503427632699,0.939538163718487,NA
"gene-AM1_RS05465",19.2820641794485,-0.0426705832682027,0.610103878241937,-0.069939865635933,0.944241522612525,0.997177134360943
"gene-AM1_RS05470",35.5111640080976,0.357617345687086,0.453223314770229,0.789053285726017,0.430080863342226,0.97132108828675
"gene-AM1_RS05475",14.7699261471992,0.0336746015419047,0.57297005851732,0.0587720091849909,0.953133703344891,NA
"gene-AM1_RS05480",12.8679064096012,0.042229440202609,0.564090615174214,0.0748628661187119,0.940323822158628,NA
"gene-AM1_RS05490",60.1237862160855,0.101281063821704,0.390054611953549,0.259658675267159,0.79512707182022,0.997177134360943
"gene-AM1_RS05495",114.226589136309,1.49826532884945,0.442429555326122,3.38644946028766,0.000708033166508062,0.00989897798508415
"gene-AM1_RS42820",186.676640158307,0.313045131839063,0.384923542587565,0.813265745541791,0.416065711998161,0.963340416703143
"gene-AM1_RS05515",89.6447273886073,-0.19966510060411,0.428546556864943,-0.465912273487323,0.641278295541407,0.997177134360943
"gene-AM1_RS39675",25.9832509437186,0.0427040584752918,0.501169624891632,0.0852087923016598,0.932095400759421,0.997177134360943
"gene-AM1_RS05530",38.6566825549123,-0.292443288910091,0.467521676220157,-0.625518139125552,0.531631047095081,0.99354618231587
"gene-AM1_RS05535",166.538756341534,-0.205064285587546,0.340336275995869,-0.602534316941388,0.546818527276123,0.99354618231587
"gene-AM1_RS05540",32.9455595697888,-0.425395238475525,0.520999730443371,-0.816498001090162,0.414215366322966,0.961832601842463
"gene-AM1_RS05545",862.334591629313,0.158504129975213,0.377711029304294,0.419643901495706,0.674745612128133,0.997177134360943
"gene-AM1_RS05550",522.739550001351,-0.0398768377573195,0.35908095107828,-0.111052501218942,0.911574714211646,0.997177134360943
"gene-AM1_RS05555",795.526839806216,-0.421407722130101,0.483082966234844,-0.872329913460951,0.38302842320755,0.946383626596995
"gene-AM1_RS05560",419.222933768817,-0.406491383745828,0.427794469271441,-0.950202522342346,0.342009357245904,0.925459249437562
"gene-AM1_RS05565",1883.97117750425,-0.438146055611741,0.41993068067275,-1.04337709954845,0.296773675467178,0.894127769288493
"gene-AM1_RS05570",1851.6842308498,-0.390576104329482,0.453531421041738,-0.861188632603115,0.38913415976417,0.950568024953625
"gene-AM1_RS05575",2924.16785951695,-0.203424771749568,0.602038731192857,-0.337893164027022,0.735443699226165,0.997177134360943
"gene-AM1_RS05580",1710.5184981639,-0.405874038043211,0.492674780043645,-0.823817362860052,0.410043340447577,0.959469112980649
"gene-AM1_RS05585",3631.82164377415,-0.218798807400622,0.537497249805555,-0.407069631481416,0.68395684718248,0.997177134360943
"gene-AM1_RS05590",2928.18662376138,-0.438349852160241,0.49292574948194,-0.889281707480169,0.373851699968563,0.942161630815008
"gene-AM1_RS05595",1619.74947652209,-0.519093353334277,0.41897579322863,-1.23895786277804,0.215361103290494,0.783034302490266
"gene-AM1_RS38525",308.145053757348,-0.294306731921137,0.479564178376015,-0.613696237525019,0.539416075117204,0.99354618231587
"gene-AM1_RS05600",1113.53057303959,-0.497993682817448,0.352395354052956,-1.41316756049687,0.157606462237022,0.676015446498021
"gene-AM1_RS05605",159.506229526798,0.0853219039026252,0.348873438322005,0.244564058281428,0.806793996357624,0.997177134360943
"gene-AM1_RS05610",133.072561114012,-0.33569546971139,0.416431860805792,-0.806123405307706,0.42017169734191,0.96716903441462
"gene-AM1_RS05615",219.119192729441,-0.376559439739097,0.335120910403561,-1.12365247303021,0.261160486131521,0.856244765250862
"gene-AM1_RS05620",43.722977185963,-0.0534314174689539,0.432997334145565,-0.123398952500228,0.901791186518609,0.997177134360943
"gene-AM1_RS05625",173.415391572749,-0.0671904272582506,0.38035654096065,-0.176651168108088,0.859782399720094,0.997177134360943
"gene-AM1_RS05630",290.380127113725,0.258668574034202,0.361245026922248,0.716047432508673,0.473962061100971,0.983875589834479
"gene-AM1_RS05635",199.765105879446,-0.117919353803477,0.432697935472235,-0.27252118426399,0.785221304776416,0.997177134360943
"gene-AM1_RS05640",19.3817548686708,-0.133805136848872,0.504866258800106,-0.265030856224936,0.790985691665423,0.997177134360943
"gene-AM1_RS05645",9.31717551059034,0.0658178417853339,0.642450864292594,0.102448055475505,0.918401041545381,NA
"gene-AM1_RS05650",28.7825050474831,-0.230325057247356,0.47001028729953,-0.490042587303145,0.624103763319865,0.997177134360943
"gene-AM1_RS05655",20.1947240536214,0.134779892620514,0.540850183854542,0.249200049558941,0.803206041092681,0.997177134360943
"gene-AM1_RS05660",10.2678301613072,0.0880147787633073,0.623189477138615,0.141232774287892,0.887686055425265,NA
"gene-AM1_RS05665",195.057266050844,0.672367573766811,0.439868615586793,1.52856455300831,0.126372429111098,0.587536740887071
"gene-AM1_RS05670",62.7945328974766,0.445760486937014,0.614733847681602,0.725127611922051,0.468373746390524,0.982825588333525
"gene-AM1_RS05675",322.607060324878,-0.331577845520694,0.393040350593006,-0.843622913068393,0.398880156217545,0.953847172404751
"gene-AM1_RS05680",375.616650547758,-0.157838002051775,0.383443216085217,-0.411633314740133,0.680608209368794,0.997177134360943
"gene-AM1_RS05685",1917.12776612783,0.114547508475469,0.547048641275536,0.209391816070289,0.834142380997007,0.997177134360943
"gene-AM1_RS05690",386.240920125292,0.218094357289085,0.688665802998587,0.316691138632786,0.751477973320166,0.997177134360943
"gene-AM1_RS05695",565.338438160827,-0.323883899577196,0.383128793715816,-0.845365592170645,0.397906749243781,0.953847172404751
"gene-AM1_RS05700",87.4468200830126,0.598933861347531,0.402475515546223,1.48812496217238,0.136717941540463,0.617544425173535
"gene-AM1_RS05705",113.984982242601,-0.602139103594353,0.476759849735093,-1.26298198963047,0.206595652350595,0.764251083947825
"gene-AM1_RS05710",37464.4750941544,-0.829937052885932,0.396146757531975,-2.09502422298369,0.0361688392424661,0.251044236444162
"gene-AM1_RS05715",52.9002264204021,-0.682890058471371,0.471026608621762,-1.44979083128558,0.147116857089875,0.647578849199209
"gene-AM1_RS05720",2844.04359334131,-0.257502213007307,0.466931570611147,-0.551477409570472,0.581306448472855,0.997177134360943
"gene-AM1_RS05725",240.438760159523,-0.443713909590725,0.390087980839158,-1.1374713689876,0.255341286919466,0.850461733857687
"gene-AM1_RS05735",510.09890049351,-0.151180444434064,0.37269836698526,-0.405637528430715,0.685008950151444,0.997177134360943
"gene-AM1_RS05740",255.94429745969,-0.34718025156709,0.661753142359033,-0.524637103088705,0.599835488751151,0.997177134360943
"gene-AM1_RS05745",163.076445430764,-0.687828399177001,0.47172935923356,-1.45809961943973,0.144813086284936,0.639836299973775
"gene-AM1_RS05750",11.5513980707265,-0.469809835674666,0.572719783146718,-0.82031361496432,0.412037346826134,NA
"gene-AM1_RS05755",51.9566951110579,-0.0184410745714979,0.429340692912742,-0.0429520771636846,0.965739735451906,0.999088916092384
"gene-AM1_RS05765",26.3142616878784,-0.307994976427803,0.466871026330977,-0.659700343472284,0.509446146223356,0.989201002062665
"gene-AM1_RS05770",18.329539425417,-0.431126376912715,0.495340276013503,-0.870364066460372,0.384101477451736,0.94806384009945
"gene-AM1_RS05780",37.2094709917306,-0.519439129574366,0.438437409061399,-1.18475093328914,0.236115937840049,0.81717880328944
"gene-AM1_RS05785",30.9208161881532,0.146307061931545,0.433827860187253,0.337246809986788,0.735930852735388,0.997177134360943
"gene-AM1_RS05790",29.8017791668039,-0.327454712405771,0.445675151458194,-0.734738545181125,0.462498740684673,0.982825588333525
"gene-AM1_RS05800",20.144609812787,-0.246501592271352,0.509608086937596,-0.483708164351672,0.628592998176455,0.997177134360943
"gene-AM1_RS43060",26.1849278581293,-1.69881231492856,0.613952431650551,-2.76700966939975,0.00565730771463993,0.058076417657982
"gene-AM1_RS05810",36.8223184281183,-0.385355861161374,0.447303326850603,-0.861509043258425,0.388957742641374,0.950568024953625
"gene-AM1_RS05820",182.300632750801,-0.972202778540368,0.409746392598028,-2.37269392996005,0.0176588902221172,0.145636240708247
"gene-AM1_RS05825",198.209781388967,-0.245559657678928,0.407965369878183,-0.601912995096254,0.547232053605962,0.99354618231587
"gene-AM1_RS05830",48.0844452658212,0.271194431628837,0.431364937042095,0.628689094409109,0.529552619146828,0.99354618231587
"gene-AM1_RS05835",75.951741723472,-0.0655487164196141,0.44321420727306,-0.14789398747597,0.882426433325802,0.997177134360943
"gene-AM1_RS05840",60.2231074582464,-0.236766121605421,0.389942272659632,-0.607182493938241,0.543729808620959,0.99354618231587
"gene-AM1_RS05855",40.9300049071263,-0.305021152329274,0.421051587799268,-0.724427032619788,0.468803608775128,0.982825588333525
"gene-AM1_RS05860",47.58540444408,0.147198814087962,0.453990263093574,0.324233416560351,0.745761324668396,0.997177134360943
"gene-AM1_RS05865",38.1893781687689,0.793904077175323,0.443861203626716,1.78863138000903,0.0736742007024588,0.418794682018236
"gene-AM1_RS05870",58.194498558746,-0.326446252568408,0.441016921068002,-0.740212533745551,0.459171043549509,0.982825588333525
"gene-AM1_RS44395",8.33428199963669,-0.914007807487275,0.673087920547122,-1.35793226944902,0.174485176784472,NA
"gene-AM1_RS05875",71.979875844208,-0.0861299804134669,0.379282412453085,-0.227086671001705,0.820356348325089,0.997177134360943
"gene-AM1_RS05885",47.8476221104436,-0.0633789165851461,0.396697286069702,-0.159766448651756,0.8730650546267,0.997177134360943
"gene-AM1_RS05890",104.947023316916,-0.342328730255942,0.373585141006113,-0.916333902718951,0.359491791376534,0.934960229293754
"gene-AM1_RS05895",19.5444181074513,-0.638313802146976,0.551478653879786,-1.15745876591285,0.247084976568108,0.840117534689015
"gene-AM1_RS05900",22.8164271327831,-0.413843339939657,0.520835357465863,-0.794576124695569,0.426860111113327,0.971298466877678
"gene-AM1_RS05905",87.1284262022113,-0.340235984969459,0.413915506122059,-0.821993812594996,0.411080418397919,0.959469112980649
"gene-AM1_RS05910",14.1808947407814,-0.733101203574282,0.597590360897976,-1.2267620958154,0.219912021088945,NA
"gene-AM1_RS05915",27.5968816092483,-0.10837867161886,0.452434548603763,-0.239545525321447,0.810682599680772,0.997177134360943
"gene-AM1_RS05920",60.200723006537,-0.278668137120298,0.431691535981691,-0.645526061766745,0.518586334827977,0.991747974838319
"gene-AM1_RS05925",15.9864843898322,0.131698275981074,0.544706242915729,0.241778532362899,0.808951774164427,NA
"gene-AM1_RS37500",36.9005214650845,0.440562382575045,0.478346232786348,0.921011502502668,0.357044421692513,0.934261438423126
"gene-AM1_RS05940",16.8463179957352,-0.0206269086900757,0.551681826378617,-0.0373891393622228,0.970174732150665,NA
"gene-AM1_RS05945",305.787358484886,-0.368798371551336,0.393633171710163,-0.936908772065802,0.348805486553325,0.930569315030588
"gene-AM1_RS05950",694.184838077601,-0.907390983101469,0.541517760548482,-1.67564399398906,0.0938079460405961,0.490632354123854
"gene-AM1_RS05955",1134.18741815804,-0.917676896138363,0.556276196594511,-1.64967852616439,0.0990087045025537,0.508198525208912
"gene-AM1_RS05960",10.2378228813902,-1.1083421208253,0.765483816633309,-1.44789752146547,0.147645712935843,NA
"gene-AM1_RS05965",6.20814522259676,-0.00433178031382921,0.823908312428513,-0.00525759996407981,0.995805061488124,NA
"gene-AM1_RS05970",12.6720133036346,-0.605238264041668,0.578672861337044,-1.04590746253979,0.295603758601488,NA
"gene-AM1_RS05975",14.6834159311375,-0.761113997390427,0.597762871392598,-1.27327077979479,0.202921971797817,NA
"gene-AM1_RS38540",16.2009156910025,-0.711137224103339,0.540845386575742,-1.31486232804123,0.188556175558191,NA
"gene-AM1_RS43065",46.3990705012911,0.298368778276611,0.440426511893303,0.677454172760819,0.498117836966634,0.989160615038241
"gene-AM1_RS05990",455.043240841973,-0.0465683437087983,0.479259694785843,-0.097167244012888,0.922593580413374,0.997177134360943
"gene-AM1_RS05995",232.713936672389,-0.389660247730302,0.415804363155114,-0.9371239993096,0.348694777766526,0.930569315030588
"gene-AM1_RS06000",221.983773310834,-0.191990808550197,0.351993844726758,-0.545437971221439,0.585452331021212,0.997177134360943
"gene-AM1_RS06005",85.1311898104417,-0.454368595617302,0.387496748179548,-1.17257395772201,0.240966697831796,0.826976300215258
"gene-AM1_RS06010",1195.01554432614,-0.334365770599843,0.354285587565144,-0.943774690067972,0.345284796927801,0.927426881680544
"gene-AM1_RS06015",1385.24271285779,-0.436154262223086,0.434168685253106,-1.00457328461822,0.315102366661582,0.903457566912505
"gene-AM1_RS06020",139.581981817358,-0.528305563857209,0.477773311291955,-1.1057661685384,0.268827741822988,0.862260690382301
"gene-AM1_RS06025",78.7912362633536,-0.13486144080681,0.397771320227268,-0.339042645733625,0.734577604083405,0.997177134360943
"gene-AM1_RS06030",92.1290449806328,-0.139302688367983,0.454250702072249,-0.306664772850097,0.759098545782249,0.997177134360943
"gene-AM1_RS06035",20423.1980053981,-0.228983138559564,0.398886259781028,-0.574056220149741,0.565929757792895,0.995078277288082
"gene-AM1_RS06040",21.5342637312573,-0.155127816164163,0.52148581612053,-0.297472743013797,0.766105614576107,0.997177134360943
"gene-AM1_RS06045",20.3399807651248,-0.246524565932463,0.641823132878704,-0.384100468343594,0.700903984372769,0.997177134360943
"gene-AM1_RS06050",271.334348985168,-0.0310329169489899,0.337726147796504,-0.0918878125115996,0.926787174700467,0.997177134360943
"gene-AM1_RS06055",308.513804431883,-0.0327291835054162,0.344623786249603,-0.0949707617735684,0.924338050649641,0.997177134360943
"gene-AM1_RS06060",278.353224324593,-0.288334433271846,0.394678850223779,-0.730554558746596,0.465051276516654,0.982825588333525
"gene-AM1_RS06065",66.7593608420858,-0.257791752228851,0.430578342969593,-0.598710447095237,0.549365989337627,0.99354618231587
"gene-AM1_RS06070",347.455332918044,-0.605809823213622,0.43500766419226,-1.39264172353955,0.163728159304799,0.691663130530778
"gene-AM1_RS06075",457.091521137383,-0.552395845210181,0.37574875699616,-1.47012021976117,0.141529197006278,0.630545861017346
"gene-AM1_RS06085",24183.2432423885,-0.751767502586733,0.407370034672537,-1.84541679210902,0.0649769322900346,0.382418825916432
"gene-AM1_RS06090",43638.6315093322,-0.789690195311108,0.394655333711824,-2.00096166922132,0.0453965208094207,0.294146106082806
"gene-AM1_RS06095",11303.1026212814,-0.276965370130214,0.594102696641985,-0.466191067126425,0.64107874282811,0.997177134360943
"gene-AM1_RS06100",1805.68627564476,-0.607721289455414,0.384118561469948,-1.58211903931375,0.113622397964396,0.556942782378983
"gene-AM1_RS06105",729.302254648077,-0.624433696586055,0.482921660416093,-1.29303311027307,0.195999607764608,0.751246538377141
"gene-AM1_RS42050",39.7126762176704,-0.700317843475846,0.646413096069896,-1.08339055587469,0.278635105798019,0.870792177529596
"gene-AM1_RS06110",234.464471967018,-0.377062273672734,0.524670955097663,-0.71866427902903,0.472347797671828,0.983283656549519
"gene-AM1_RS06115",1281.68856482195,-0.299086365839277,0.364141306507589,-0.821346989463399,0.41144864937925,0.959469112980649
"gene-AM1_RS06120",240.780058767043,-0.265266244153254,0.478964287255797,-0.55383303350879,0.579693118701603,0.997177134360943
"gene-AM1_RS06125",1566.05920764632,0.513927907304415,0.455031163759377,1.12943452720566,0.258714574505515,0.853675284476279
"gene-AM1_RS06130",519.460476856745,0.273239827157409,0.429916160990229,0.63556537751001,0.525059741929207,0.992659241707204
"gene-AM1_RS06135",94.5346775533742,-0.00399774127596408,0.470297642976042,-0.00850044931262335,0.993217704412446,0.999709482207881
"gene-AM1_RS06140",92.5224401872712,-0.37475456714028,0.396990557215049,-0.943988617183345,0.345175465079855,0.927426881680544
"gene-AM1_RS06145",317.067612487504,-0.0801046907663822,0.443900089566059,-0.180456577165122,0.856794141115751,0.997177134360943
"gene-AM1_RS06150",2245.91523812518,-3.18586603698147,0.589197749357596,-5.40712526559212,6.40443530655292e-08,3.03281000968377e-06
"gene-AM1_RS06155",2040.74525150237,-3.84538111238773,0.581770771384342,-6.60978739656776,3.84872351376767e-11,3.64511362465222e-09
"gene-AM1_RS06160",121.619818567244,-0.97774393541332,0.446770403897278,-2.18847069296498,0.0286353337786464,0.206822484561146
"gene-AM1_RS06165",32.8517248822105,-0.245916865473939,0.442011495955018,-0.556358528509777,0.577965783484651,0.997130606716526
"gene-AM1_RS06170",753.597896289603,-0.100320854031013,0.36215605770526,-0.277010012387143,0.781772418105847,0.997177134360943
"gene-AM1_RS06175",153.756075116369,-0.428011665598425,0.428349658436965,-0.999210941734438,0.317692516517416,0.906017706163315
"gene-AM1_RS06180",41.6518888831995,2.10731685062431,0.506608403450215,4.15965632680508,3.1872681214559e-05,0.000698344716760786
"gene-AM1_RS06185",142.953669418415,0.0759080154220078,0.368496761897413,0.205993710856922,0.836795823968036,0.997177134360943
"gene-AM1_RS06190",250.457513654155,0.41147357772423,0.485231551531531,0.847994274950795,0.396441159103385,0.953847172404751
"gene-AM1_RS06195",150.290906164823,0.172709832921131,0.389106843256775,0.443862234535819,0.657142190064073,0.997177134360943
"gene-AM1_RS06200",1007.26992011511,1.11504478932097,0.409081285078152,2.72572916433453,0.00641596204988531,0.0645111800632304
"gene-AM1_RS06205",1117.89885479686,1.04259526060238,0.380745322346315,2.73830090459801,0.00617575413092614,0.062632173155092
"gene-AM1_RS06210",946.218761494378,0.891305585724102,0.397559378450308,2.2419433021513,0.0249650369324249,0.187221835079437
"gene-AM1_RS06215",3159.79078272661,0.762428463020195,0.416826666780711,1.82912592639209,0.0673807458446463,0.391742316435409
"gene-AM1_RS06220",1965.06397613277,-0.413453232694925,0.41307684888063,-1.0009111714087,0.316869755143201,0.904549928148214
"gene-AM1_RS06225",88.1596923227118,-0.524731839869841,0.366323096100385,-1.43242903725089,0.15202107335214,0.660745923555713
"gene-AM1_RS06230",231.455001661655,-0.741403860389263,0.355995612574173,-2.08262078015017,0.0372858035505666,0.256673198650559
"gene-AM1_RS06235",3315.9070124906,-4.40488485128372,0.373095422133698,-11.8063224311159,3.6205355048687e-32,5.31494612114725e-29
"gene-AM1_RS06240",489.190624115535,-0.713637067306572,0.376252949077984,-1.89669494699073,0.0578682110035758,0.355402685960036
"gene-AM1_RS06245",37.5241395833523,-0.366768880068896,0.502953181223907,-0.729230659554405,0.465860579689969,0.982825588333525
"gene-AM1_RS06250",297.274015533849,-0.472432235372812,0.426333365011616,-1.10812869492384,0.267806239979238,0.862229856361688
"gene-AM1_RS06255",32.2403007974698,0.0976280702491276,0.457528252353273,0.213381511954688,0.831029399768394,0.997177134360943
"gene-AM1_RS06260",179.049039957294,-0.351381111003546,0.39246802298447,-0.895311440487598,0.370620626313276,0.941448593503593
"gene-AM1_RS06265",88.5352693520649,-0.564662229587673,0.411984307358361,-1.37059159657872,0.170502304044013,0.708049120301473
"gene-AM1_RS06270",142.440123698611,-0.276808054357184,0.388145319498719,-0.713155718880432,0.475749403901956,0.984738847992133
"gene-AM1_RS06275",388.313990853428,0.443136198931061,0.373774301294729,1.18557160670508,0.235791520659146,0.81717880328944
"gene-AM1_RS06280",91.9192139022253,-0.372866764982317,0.505792139411339,-0.737193672911315,0.461004580553386,0.982825588333525
"gene-AM1_RS06285",135.641558517645,-0.285665643000968,0.388960971443094,-0.734432665419138,0.462685084368247,0.982825588333525
"gene-AM1_RS06290",161.085353631296,0.12347721180923,0.395517040204944,0.31219188873695,0.754894696125419,0.997177134360943
"gene-AM1_RS06295",41.9788677132954,1.98275868883811,0.475026320572723,4.17399753017383,2.99301000946972e-05,0.000660712585549105
"gene-AM1_RS06300",78.1169555478934,0.114683627207083,0.425615585433161,0.269453542426945,0.78758068824712,0.997177134360943
"gene-AM1_RS06305",421.347617741297,0.0290925719788955,0.374677044689981,0.0776470626935993,0.938108804744842,0.997177134360943
"gene-AM1_RS06310",264.647008957961,0.336289651020195,0.424741693851633,0.791750976859985,0.428505892056867,0.971298466877678
"gene-AM1_RS06315",607.940372861154,-0.105752398477676,0.59790047314783,-0.176872913180534,0.859608215297899,0.997177134360943
"gene-AM1_RS06320",84105.8722815124,-0.278706151419438,0.558895959833155,-0.498672689461986,0.618009987408718,0.997177134360943
"gene-AM1_RS06325",367.510677510885,-0.156744957140164,0.408494632912664,-0.383713626841399,0.701190711614187,0.997177134360943
"gene-AM1_RS06330",507.150210135877,-0.158396083425736,0.410940524059708,-0.385447708736366,0.699905741447169,0.997177134360943
"gene-AM1_RS06335",17898.0752371658,-0.2262381722245,0.487939528798678,-0.463660267044781,0.642891168305108,0.997177134360943
"gene-AM1_RS06340",55.2049406859954,-0.075163317614056,0.392046921175016,-0.191720208868831,0.847961375244136,0.997177134360943
"gene-AM1_RS06345",113.75193138447,0.274866335139838,0.375062967844459,0.732853837102433,0.46364758109805,0.982825588333525
"gene-AM1_RS06350",246.337276378287,-0.0894422078889783,0.399115697123848,-0.224100952514589,0.822678751330795,0.997177134360943
"gene-AM1_RS06355",308.135267039861,1.16732242248984,0.417754686043118,2.7942772672318,0.00520158592072814,0.0542517096385712
"gene-AM1_RS06360",65.7726899592224,-0.372147442912263,0.5262158335747,-0.70721445302051,0.479433218197076,0.986441366799053
"gene-AM1_RS06365",574.914048055235,0.0977908613285755,0.400810687452047,0.243982669100547,0.807244242436489,0.997177134360943
"gene-AM1_RS06370",655.716467167051,-0.0884159322141087,0.398914406607222,-0.221641361529378,0.824593081348938,0.997177134360943
"gene-AM1_RS06375",154.634749665346,-0.0804814589045217,0.401824138079512,-0.200290254560556,0.841253583863147,0.997177134360943
"gene-AM1_RS06380",377.323670652987,-0.290474495943257,0.366023851533563,-0.793594446717694,0.427431566400118,0.971298466877678
"gene-AM1_RS06385",208.75931142529,0.34851810483189,0.38999726403418,0.893642435402689,0.371513233941502,0.9416059586083
"gene-AM1_RS06390",283.230073952045,0.558813868648089,0.461779391154315,1.21013167619112,0.226228370084259,0.803151746756207
"gene-AM1_RS06395",346.583969049039,0.176818365249492,0.407502120815515,0.433907840517819,0.664355365961178,0.997177134360943
"gene-AM1_RS06400",82.2432356871708,0.212805950240736,0.402159239145941,0.529158426628888,0.59669555351475,0.997177134360943
"gene-AM1_RS06405",199.09455171714,0.538879150794259,0.355934864111339,1.51398248704767,0.130030281312224,0.600333246299935
"gene-AM1_RS06410",15204.8709942467,1.4639616350912,0.408330162176812,3.58524001089413,0.000336768349868989,0.0051902985575609
"gene-AM1_RS06415",2464.90637184311,1.22556942941298,0.36088269372225,3.39603270185141,0.000683701905744465,0.00960453969026674
"gene-AM1_RS06420",2829.94574932266,1.24479608625985,0.504007780388367,2.46979537756472,0.0135190357476617,0.116912780427495
"gene-AM1_RS06425",23592.9562322104,1.62494128852867,0.462986874364789,3.50969191245014,0.000448626179352083,0.00665235587160463
"gene-AM1_RS06430",144.577034711534,1.38096523160933,0.439190091777751,3.14434514225826,0.00166458986377188,0.0210470677024155
"gene-AM1_RS06435",101.515026539238,1.51156675441552,0.457742618957289,3.30221983231271,0.000959228605504205,0.0130384036377794
"gene-AM1_RS06440",216.415174814917,0.0228973563185592,0.348731482832758,0.0656589882065225,0.947649324588353,0.997239575982582
"gene-AM1_RS06445",1174.40869966083,-0.401416426122907,0.386614071709743,-1.03828715894303,0.299136385167038,0.894285546343303
"gene-AM1_RS06450",10475.589135564,0.571799887098784,0.390080734475785,1.46585010886837,0.142689126359225,0.634750416652553
"gene-AM1_RS06455",4520.80027883495,0.451053134111513,0.360711298214287,1.25045468867891,0.21113349758931,0.774032607167618
"gene-AM1_RS06460",169.865341170261,0.704698543387229,0.364340132275751,1.93417765697542,0.0530912884973326,0.334139384840661
"gene-AM1_RS06465",761.204742200355,-0.0319582589709273,0.436951547496629,-0.0731391367166947,0.941695398442573,0.997177134360943
"gene-AM1_RS06470",395.388289101587,0.251577605515513,0.470931415891334,0.534212832327933,0.593194291923754,0.997177134360943
"gene-AM1_RS06475",93.7764128719491,-0.246627253785863,0.40909375568321,-0.602862425445681,0.546600214160903,0.99354618231587
"gene-AM1_RS06480",450.170669867945,1.15106024656069,0.444986013162337,2.58673354333222,0.00968904855544974,0.0903080843136522
"gene-AM1_RS06485",514.087097467576,0.241050351611845,0.333736888096863,0.722276620323382,0.47012442409513,0.982825588333525
"gene-AM1_RS06490",2969.29958077282,-3.43850448451278,0.459818890210632,-7.47795394603663,7.54886404560158e-14,1.30373322575801e-11
"gene-AM1_RS06495",532.183070134993,4.23866208675254,0.48576837436187,8.72568555398582,2.64572899163991e-18,1.03571470926064e-15
"gene-AM1_RS06500",719.465372500021,3.88002338349884,0.441395474286547,8.7903560628263,1.49086705734725e-18,6.73413181595618e-16
"gene-AM1_RS06505",66.4219970320743,2.59047343808299,0.451960006385287,5.73164306904328,9.94624029228309e-09,5.67032262099867e-07
"gene-AM1_RS06510",62.3462792976062,1.76799722319041,0.468913227131351,3.7704144837338,0.000162976642886887,0.00282300544847139
"gene-AM1_RS06515",191.754538858714,-0.0324253591785506,0.382068213417919,-0.084867984406446,0.93236634467346,0.997177134360943
"gene-AM1_RS06520",65.0308371706642,-0.264183062552318,0.383847507606125,-0.688250040230565,0.491295336956843,0.988029326430846
"gene-AM1_RS06525",374.583245237574,-0.289444523105228,0.349431451039714,-0.82832991204427,0.407483687264933,0.957539570110794
"gene-AM1_RS06530",44.0978217223222,0.168450538475473,0.466675052320536,0.360958953425633,0.718130131732079,0.997177134360943
"gene-AM1_RS06535",154.488274829661,1.80928385640134,0.429886617544449,4.20874663820925,2.56791129602747e-05,0.000577730847903192
"gene-AM1_RS06540",335.045346368008,0.274672316831866,0.424671944039536,0.646787056896546,0.517769770305145,0.991747974838319
"gene-AM1_RS06545",12.9319185645141,0.208140559496523,0.668989777461769,0.311126666667815,0.755704329421287,NA
"gene-AM1_RS06550",51.3047542669829,-0.163881408001547,0.405588309632607,-0.404058509847079,0.686169694066489,0.997177134360943
"gene-AM1_RS06555",60.0803221906553,-0.374635672274367,0.400570363073521,-0.935255592550181,0.349656594867404,0.930569315030588
"gene-AM1_RS06560",33.5486166182585,-0.0970372471000042,0.455528740839302,-0.213021129953766,0.831310481594514,0.997177134360943
"gene-AM1_RS06565",15.5782216036244,0.0621730673144386,0.580752314228073,0.107056081897974,0.91474448843045,NA
"gene-AM1_RS06570",16.8984132607595,-0.436313862131913,0.55791277566129,-0.782046730539111,0.434187110957933,NA
"gene-AM1_RS06575",25.4460660961368,-0.287880119034873,0.463405307771465,-0.621227496118464,0.534449950512633,0.99354618231587
"gene-AM1_RS06580",172.452896267864,-0.301285199399324,0.364890986063219,-0.825685508567552,0.408982514846253,0.959083597115495
"gene-AM1_RS06585",1754.06489874442,-0.0777184188776001,0.352102760384879,-0.220726525383235,0.825305376540053,0.997177134360943
"gene-AM1_RS06590",29.6656839483754,0.79376491397763,0.559202774227718,1.41945811172674,0.155765500747389,0.671552878405775
"gene-AM1_RS06595",26.7203020218489,0.595192050929966,0.469226080066317,1.2684547518029,0.204635599655343,0.76270920401304
"gene-AM1_RS06600",405.756474960864,1.4577928508599,0.470756047426411,3.09670552046977,0.00195684161523263,0.0240892535946457
"gene-AM1_RS06605",118.845705660662,1.78711467491242,0.459294261874541,3.89100152834172,9.98313040555215e-05,0.00189099812069039
"gene-AM1_RS06610",170.105070798033,-0.156227865843568,0.371940037507225,-0.420035086544113,0.67445982227561,0.997177134360943
"gene-AM1_RS06615",88.4122136537967,0.0741185760123069,0.368889971724331,0.200923260846178,0.840758579068984,0.997177134360943
"gene-AM1_RS06620",57.6287891971234,1.79813654467765e-05,0.435417098350519,4.12968749157876e-05,0.999967049861105,0.999967049861105
"gene-AM1_RS06630",1067.74683864614,-0.429737088604376,0.34812792142312,-1.23442292950144,0.217045349151725,0.787208332439115
"gene-AM1_RS06635",912.314737283489,0.174458326429986,0.423555860423522,0.411889771175734,0.680420218447734,0.997177134360943
"gene-AM1_RS06645",552.326440317359,0.651694315380879,0.388703057784751,1.67658654165196,0.0936233603122976,0.490487501454741
"gene-AM1_RS06650",154.669984914968,0.295487894864506,0.388001576796744,0.761563644416059,0.446320480060032,0.978877246244682
"gene-AM1_RS06655",93.6187309917153,0.256542538707883,0.409285236439053,0.62680623650124,0.530786254989108,0.99354618231587
"gene-AM1_RS06660",248.942824309754,-0.284107431462538,0.489617366747542,-0.580264203759402,0.5617364630321,0.994977061149491
"gene-AM1_RS06665",34.9277424085615,-0.0867643316318789,0.451080890377563,-0.192347611000004,0.847469926419758,0.997177134360943
"gene-AM1_RS06670",685.161027671798,2.07171461739071,0.458335202549054,4.52008618554448,6.18144612809077e-06,0.000173672017531813
"gene-AM1_RS06675",77.2438846952223,0.751284856065557,0.48188818137844,1.55904395479571,0.118985977147038,0.568962262058148
"gene-AM1_RS06680",10284.4754253605,-0.0160510742336169,0.545903138613881,-0.0294027879641298,0.976543349293563,0.999174515952571
"gene-AM1_RS06685",180.632389865605,0.656303211039262,0.430184999848336,1.52563016207131,0.127101996068492,0.590461171609325
"gene-AM1_RS06690",58.226571966017,0.405789401882051,0.455447076523749,0.890969385464683,0.372945594447924,0.942161630815008
"gene-AM1_RS06695",308.517032184418,0.121314204068004,0.348912010469334,0.347692829217373,0.728070882526047,0.997177134360943
"gene-AM1_RS06700",65.3825361811101,-0.0862579652662383,0.401707378067272,-0.214728356947911,0.829979112586854,0.997177134360943
"gene-AM1_RS06705",29.660251548005,-0.55871508324692,0.471678228205188,-1.18452591160063,0.236204945403009,0.81717880328944
"gene-AM1_RS06710",21.7333981733699,-0.582300707663524,0.47740969665952,-1.21970858936871,0.222575364316309,0.797901428122934
"gene-AM1_RS06715",368.10737887521,0.0836719271595474,0.411271220381232,0.203447075829879,0.838785607906547,0.997177134360943
"gene-AM1_RS06720",916.120435931378,-0.473705025545493,0.547109039315908,-0.865832935492717,0.386581784848823,0.950191812738505
"gene-AM1_RS06725",16797.3354039837,-0.338454697166812,0.367713675810835,-0.920429996030184,0.357348099531317,0.934261438423126
"gene-AM1_RS06730",7597.31649566347,-0.621487115879346,0.423489195494144,-1.46753948504913,0.14222935625713,0.63318482179065
"gene-AM1_RS06735",86.2809191529744,-0.940167044123979,0.394005590169949,-2.38617691621698,0.0170245589155678,0.140602264349106
"gene-AM1_RS06740",1089.38099527571,-1.14315638647985,0.364850259680015,-3.13322070123352,0.00172899381827863,0.0216430072780879
"gene-AM1_RS39685",48.4493003310531,-0.27796406512698,0.418270646520628,-0.664555515523778,0.506334829758029,0.989201002062665
"gene-AM1_RS06755",935.730316840861,0.3076794096059,0.435934211973067,0.705793216396857,0.48031674126782,0.986441366799053
"gene-AM1_RS06760",156.731050046436,0.129702088618748,0.369315450111127,0.351195945308329,0.725441351816908,0.997177134360943
"gene-AM1_RS06775",21.5866818398407,0.162059113604308,0.485243996991193,0.333974484195936,0.738398812939924,0.997177134360943
"gene-AM1_RS06780",8.67688488356239,0.0870662239348245,0.6861776397,0.126885836695131,0.899030756708664,NA
"gene-AM1_RS06785",7.57001962541528,0.445211209618277,0.74820962994538,0.595035390884741,0.551819814437485,NA
"gene-AM1_RS06790",33.3594600906697,0.107538395977694,0.485011897007986,0.221723212649201,0.824529358760007,0.997177134360943
"gene-AM1_RS06795",37.5003811027932,-0.0737128079325366,0.434205853663906,-0.16976465727151,0.865195222822273,0.997177134360943
"gene-AM1_RS06800",23.9805760971218,-0.0285988764012742,0.520965615547074,-0.0548959001281534,0.956221398179342,0.99846297925572
"gene-AM1_RS06805",183.719520539582,-0.277384824911656,0.429042046711916,-0.646521307264574,0.517941802641705,0.991747974838319
"gene-AM1_RS06810",1139.51100820782,-0.506951213817797,0.414744513916794,-1.22232168674207,0.221586001285203,0.796299265328467
"gene-AM1_RS06815",3591.55758408044,-2.06635644008612,0.407171328626121,-5.07490654378447,3.8768649863985e-07,1.5486361360634e-05
"gene-AM1_RS06820",167.640808215118,-0.585832878747008,0.38605883785132,-1.51747045089698,0.129147948466134,0.597601854525719
"gene-AM1_RS06825",673.079446510208,-0.0863830948690206,0.374815414633762,-0.230468362549675,0.817727844853575,0.997177134360943
"gene-AM1_RS06830",7743.44342769513,0.261647754129252,0.340604388113494,0.768186680090768,0.442376285729456,0.978024679895844
"gene-AM1_RS06835",301.318394528836,-0.382957504513005,0.379717912387103,-1.00853157573088,0.313199337040777,0.900639817386602
"gene-AM1_RS06840",371.203159051921,-0.562042863804986,0.412923787725198,-1.36112977869666,0.173472680497657,0.713327436892327
"gene-AM1_RS06845",26.8410651659079,0.272294633179879,0.478936191282923,0.568540524052871,0.569667997155992,0.99583107983958
"gene-AM1_RS06850",92.513780642625,1.59099341724242,0.459087353259687,3.46555705781436,0.000529134236887682,0.00769078276981304
"gene-AM1_RS06855",256.198471897695,-0.204121537348138,0.384708533144354,-0.530587496148794,0.595704662320276,0.997177134360943
"gene-AM1_RS06860",84.5259313214502,0.805847153284487,0.472487413671855,1.70554205247921,0.0880933763001283,0.471115032453874
"gene-AM1_RS06865",8099.30970281192,0.806805913827965,0.385374907040607,2.09356109878465,0.0362990959745913,0.251073034715766
"gene-AM1_RS06870",676.765909988269,-0.0701848795828875,0.36792750543461,-0.190757359931496,0.848715696998242,0.997177134360943
"gene-AM1_RS06880",95.1682054088465,-0.197580842065448,0.392598831469707,-0.503263958595592,0.614778702559824,0.997177134360943
"gene-AM1_RS43080",597.23629606496,-0.354427072657203,0.330633045946599,-1.07196505915639,0.28373572634923,0.878279486095243
"gene-AM1_RS39690",75.8033737613796,-0.272324227456472,0.3929399651364,-0.693042835085357,0.48828267031492,0.988029326430846
"gene-AM1_RS06900",31.4173050286927,-0.894972908636739,0.459559800566315,-1.94745690883725,0.0514799810642423,0.325744018113395
"gene-AM1_RS06905",20.8932108642694,-0.382894697640851,0.502647171009665,-0.761756396383834,0.446205408997255,0.978877246244682
"gene-AM1_RS06910",63.8779381257729,-0.443712675706736,0.490139975785808,-0.905277466901902,0.365318410761387,0.94048306334288
"gene-AM1_RS06915",40.7111233432049,0.75055458440567,0.4270685417912,1.75745696758116,0.0788399505400006,0.43939196513196
"gene-AM1_RS06920",276.853716243671,2.43890495391947,0.484348734493671,5.03543166365253,4.7677319789413e-07,1.84185014344364e-05
"gene-AM1_RS06930",108.809444589748,-0.0126515584219774,0.397468620055063,-0.0318303327196615,0.974607356874532,0.999174515952571
"gene-AM1_RS06935",103.231890880358,-0.252971167306945,0.392882413394198,-0.643885189773374,0.519649886257951,0.991822910981087
"gene-AM1_RS06940",13.3629196569234,-0.161153776126073,0.550503746142037,-0.292738745658769,0.76972185181001,NA
"gene-AM1_RS06950",221.732652648995,-0.111020341280482,0.359878349809766,-0.308494082345238,0.75770640242998,0.997177134360943
"gene-AM1_RS06955",253.005750178805,0.132179665927797,0.329962374804369,0.40059011578567,0.688721924052233,0.997177134360943
"gene-AM1_RS06960",5129.67241655426,3.11876808213082,0.669161765034132,4.66070873306956,3.15122399865277e-06,9.63749339587971e-05
"gene-AM1_RS06965",67.9245182129873,0.0968304096582898,0.408623780031022,0.23696714285923,0.812682280535914,0.997177134360943
"gene-AM1_RS06970",821.444011002433,-1.3368190377712,0.657579929213624,-2.03293771354891,0.042058816212995,0.279377114030211
"gene-AM1_RS06975",140.538072783196,-0.230422507793299,0.479500754875671,-0.480546704984948,0.630838701242686,0.997177134360943
"gene-AM1_RS06980",40.2491809065402,-0.264273234158613,0.614168593072618,-0.430294282611364,0.666981585561541,0.997177134360943
"gene-AM1_RS06985",151.071362777876,-0.658252825753953,0.514651104940266,-1.27902732440525,0.200887433903151,0.76153067261414
"gene-AM1_RS06990",118.836198362193,-0.607200089855162,0.500598413325801,-1.21294849062972,0.225149514613512,0.802231765661737
"gene-AM1_RS06995",70.2859553677345,-0.871097568326075,0.45050038003375,-1.93362227188535,0.0531595868655903,0.334211021493305
"gene-AM1_RS07000",332.333017973104,0.631682383211917,0.425927984636107,1.48307320955113,0.138054960990644,0.621670805933328
"gene-AM1_RS07005",1053.8904334769,0.324196063386677,0.326566975276659,0.992739890835646,0.320836729579585,0.907311677187678
"gene-AM1_RS42060",102.853969543441,-1.3501531853782,0.388846136373439,-3.47220419359277,0.000516203542530716,0.00752145707627881
"gene-AM1_RS07010",181.840543856052,-0.878314386029722,0.458543082302908,-1.91544572348279,0.0554356847609848,0.343738490116276
"gene-AM1_RS07015",11.8139746339319,-0.153240026953908,0.581025873236214,-0.26374045289995,0.791979921895042,NA
"gene-AM1_RS07020",13.4969204139571,0.166366616442222,0.540200286957542,0.307972099347103,0.75810356267324,NA
"gene-AM1_RS07025",37.771428655559,0.581808589881065,0.459305971928818,1.26671244320601,0.205258129100331,0.76270920401304
"gene-AM1_RS07035",83.7739339272835,0.117965625108017,0.37997252537586,0.31045830219258,0.756212463980426,0.997177134360943
"gene-AM1_RS44400",36.3339650741558,-0.0885998878815782,0.508626038694,-0.174194557771907,0.861712562421954,0.997177134360943
"gene-AM1_RS07045",35.2515461970302,-0.466512028276119,0.450920094452564,-1.03457804168715,0.30086601312862,0.894285546343303
"gene-AM1_RS07050",15.9404208886339,-0.197320949648929,0.588174783818774,-0.335480124407589,0.737262935329819,NA
"gene-AM1_RS07060",17.6260916788328,0.419861038480922,0.560176756350809,0.749515280169864,0.453546692383584,0.982825588333525
"gene-AM1_RS07065",137.16650040816,-0.0690393218083287,0.348164514013798,-0.198295113457751,0.84281417467826,0.997177134360943
"gene-AM1_RS07070",119.262432277489,-0.262364558639041,0.460981182214037,-0.569143749814115,0.56925859027846,0.995736205574952
"gene-AM1_RS07075",32.5967780354832,0.0107288473460918,0.451362663678823,0.0237699043572778,0.981036146107691,0.99966258039135
"gene-AM1_RS07080",69.0950253580612,0.26646390115709,0.391889852387699,0.679945907079715,0.496538712406899,0.989035047236538
"gene-AM1_RS43905",26.723391023065,-0.399603453121261,0.470974390995713,-0.848461106932878,0.396181223752802,0.953847172404751
"gene-AM1_RS07095",70.4172251796911,0.305968684708869,0.436545222368725,0.700886572641115,0.483373804698831,0.986480257652949
"gene-AM1_RS07100",56.9172606206016,0.00215840551538501,0.392110122285702,0.00550459014626594,0.99560799468876,0.999709482207881
"gene-AM1_RS07105",10.2933350815608,-0.220803264904571,0.662380957909282,-0.333347845024875,0.738871727452032,NA
"gene-AM1_RS07115",9.39185298393237,-1.61465610448465,0.760608237442595,-2.12284856381997,0.0337665438234178,NA
"gene-AM1_RS07130",96.9051474373421,-1.36984769742922,0.439810048566436,-3.11463483359293,0.00184172760038307,0.0229123399776471
"gene-AM1_RS07135",199.071513202771,-1.09742296836472,0.402591928133893,-2.72589411678354,0.00641275663558354,0.0645111800632304
"gene-AM1_RS07140",100.453304375579,-1.1949746517816,0.416988282559589,-2.86572717210786,0.00416052639714842,0.0448268091817533
"gene-AM1_RS07150",36.2675386447336,0.00364492790395534,0.439782593376139,0.00828802221564482,0.993387190741723,0.999709482207881
"gene-AM1_RS07160",63.4744568315368,-0.525697510211845,0.405568193177746,-1.29620004491193,0.194906574090575,0.750301207030702
"gene-AM1_RS07165",12.7425056633933,-0.486057933599385,0.595245864352494,-0.816566670527172,0.414176108515386,NA
"gene-AM1_RS07175",42.3787476133518,-0.0512844395659055,0.457945484524028,-0.111988088755169,0.910832850954836,0.997177134360943
"gene-AM1_RS07180",11.4726984739694,-0.303699467387338,0.618602536252948,-0.490944426492223,0.623465753992446,NA
"gene-AM1_RS07185",37.8038768237765,-0.174695197099446,0.465637797068407,-0.375174004772172,0.707531061755422,0.997177134360943
"gene-AM1_RS07190",14.1015996753867,0.0279195919394649,0.53892432002167,0.0518061458765532,0.95868315842827,NA
"gene-AM1_RS39705",72.5008196594232,0.167208652951029,0.396235320002726,0.421993306780119,0.673029902907318,0.997177134360943
"gene-AM1_RS07205",23.3416724389389,-0.0597867741853511,0.492536404773274,-0.121385492739105,0.903385707027181,0.997177134360943
"gene-AM1_RS39710",21.2104775963755,-0.422049041622802,0.599076641068496,-0.704499245488936,0.481121919775329,0.986441366799053
"gene-AM1_RS07220",17.4431307402662,0.657004140107953,0.580422148320144,1.13194188403984,0.2576588682755,0.853675284476279
"gene-AM1_RS07225",96.4132198423619,-0.134377014584147,0.544002567789795,-0.247015404964174,0.804896301994902,0.997177134360943
"gene-AM1_RS07230",121.703648445283,0.025810416326824,0.519946526415785,0.0496405207372887,0.960408855540494,0.998854654019967
"gene-AM1_RS07235",56.8684635404089,0.155918596189296,0.572186889311208,0.272495925897549,0.785240723459265,0.997177134360943
"gene-AM1_RS07240",50.5923818399433,0.178599953490045,0.563221732438996,0.317104158457504,0.751164569607997,0.997177134360943
"gene-AM1_RS07245",61.2032291805746,-0.135964874253037,0.377614783208257,-0.360062371228859,0.71880049155981,0.997177134360943
"gene-AM1_RS07250",46.8708381081819,-0.313557835559321,0.429849006259677,-0.729460417479473,0.465720071968547,0.982825588333525
"gene-AM1_RS40890",201.018323961707,0.0572590963998006,0.384754337995853,0.148819885171555,0.881695759271066,0.997177134360943
"gene-AM1_RS44230",10.7637805938441,-0.0313628855788439,0.585041931146871,-0.0536079277554729,0.957247540161174,NA
"gene-AM1_RS07260",48.3176562812052,-0.010443527273912,0.434369273649339,-0.0240429696745608,0.98081833375832,0.99966258039135
"gene-AM1_RS07265",68.7890887713751,-0.305679178058748,0.41759480055973,-0.731999482869581,0.46416888341039,0.982825588333525
"gene-AM1_RS07270",2056.69167938442,-0.0710885632096749,0.340003975374712,-0.209081564800322,0.834384565819664,0.997177134360943
"gene-AM1_RS07275",13.5701435368271,0.0503554145647792,0.562646219888917,0.089497472452087,0.928686562215469,NA
"gene-AM1_RS07280",103.160553046604,-0.605996309780084,0.474066609098185,-1.27829359450746,0.201145925542512,0.761607290950234
"gene-AM1_RS39715",68.1794739387636,-0.145752829398163,0.410442456967218,-0.355111482557479,0.722506074708943,0.997177134360943
"gene-AM1_RS07295",25.8739974445317,1.85735899548621,0.549095830432595,3.38257712505835,0.000718091113704321,0.0100157506405505
"gene-AM1_RS07300",1517.73688232766,2.30062863736903,0.56291723673632,4.08697493561861,4.37034313188243e-05,0.000913261739160627
"gene-AM1_RS07305",28.3680709969098,-0.222577591011247,0.512177637841736,-0.434571083480268,0.663873788034536,0.997177134360943
"gene-AM1_RS07310",24.2368099244653,0.159757084942878,0.551049279232205,0.289914334277821,0.771881775190118,0.997177134360943
"gene-AM1_RS07315",110.291918052917,-0.307703179578337,0.36711407890717,-0.838167744735673,0.401936499771063,0.955171930570576
"gene-AM1_RS07320",443.813909280975,-0.357787466893512,0.49539615110727,-0.722224962979251,0.470156178070312,0.982825588333525
"gene-AM1_RS07325",294.337096358504,-0.47985778508508,0.356989205955244,-1.34418009586889,0.178890156422592,0.724558857812082
"gene-AM1_RS07330",1128.47624406794,-0.0587580794350597,0.358879741050431,-0.163726376036375,0.869946552658874,0.997177134360943
"gene-AM1_RS07335",120.04341869189,-0.0153269397678929,0.369141878013375,-0.0415204577989862,0.966880983950556,0.999088916092384
"gene-AM1_RS07340",665.275417321623,0.623520453217071,0.394374795969174,1.58103524766275,0.113869978654645,0.556942782378983
"gene-AM1_RS07345",706.669564521443,0.340264161812397,0.551960452098358,0.616464749455932,0.537587830266087,0.99354618231587
"gene-AM1_RS07350",147.552526854714,0.443881435925785,0.512448439168856,0.866197263954439,0.386381993533661,0.950098436360828
"gene-AM1_RS07355",264.786861043584,0.497478215508491,0.471200298835917,1.05576803906426,0.291074203521096,0.890201939102019
"gene-AM1_RS07360",288.363723669196,0.755636395430316,0.358478865034046,2.10789664087603,0.0350399308591258,0.245398353193202
"gene-AM1_RS07365",40.7491335042941,0.914909983971835,0.48910364605378,1.87058508222864,0.0614026139011256,0.370088684483288
"gene-AM1_RS07370",573.838303520243,-0.279802841920968,0.340439491171568,-0.821887146400295,0.41114112909151,0.959469112980649
"gene-AM1_RS07375",277.937826428409,-0.271761675675034,0.375231538617928,-0.724250623164569,0.468911884720806,0.982825588333525
"gene-AM1_RS07380",445.089065668834,-0.429266434426713,0.360359918730177,-1.19121581539741,0.233568872392927,0.813956331567516
"gene-AM1_RS07385",33.3374640984305,0.226440284206989,0.473725430709528,0.477999004334294,0.63265091370048,0.997177134360943
"gene-AM1_RS07390",319.09980461435,0.038757158815173,0.356059149367234,0.108850338164459,0.913321196902241,0.997177134360943
"gene-AM1_RS07395",51.6576192251765,-0.22162408543508,0.397454562918167,-0.557608607655387,0.577111677406244,0.997130606716526
"gene-AM1_RS07400",345.879063399581,-0.312163888264753,0.397895831262083,-0.784536714734112,0.432725247520067,0.971687439173168
"gene-AM1_RS07405",380.049226803846,0.442490478206146,0.36494273972309,1.21249289283546,0.225323761521278,0.80236575357971
"gene-AM1_RS07410",94.0341244748672,1.47279727663382,0.419343194970527,3.51215256214503,0.000444492761117528,0.00660775061590411
"gene-AM1_RS07415",8416.12478402952,1.65372270026003,0.4037050934059,4.09636322967399,4.1969125210083e-05,0.000886484544005782
"gene-AM1_RS07420",127.879613656912,0.34882904723327,0.409297693922244,0.852262430043249,0.39406845328307,0.953133313919014
"gene-AM1_RS07425",2341.86996508053,-1.32515710751011,0.379049723784061,-3.49599808247066,0.00047229209386824,0.00696808837988519
"gene-AM1_RS07430",14.5857913516157,-0.649281826591442,0.558634078046804,-1.16226677194771,0.245127119366008,NA
"gene-AM1_RS07435",7.65964691218323,0.30786245567372,0.714654812520135,0.430784835252258,0.666624827063276,NA
"gene-AM1_RS07445",24.265174309244,-0.0144180870903606,0.474371598430313,-0.0303940774238376,0.975752768206361,0.999174515952571
"gene-AM1_RS07460",552.845383695775,0.244206708648112,0.333219109419033,0.732871260216394,0.463636953410774,0.982825588333525
"gene-AM1_RS07465",283.975606193232,-0.138512771736308,0.353543611001504,-0.391784117789414,0.695217731024058,0.997177134360943
"gene-AM1_RS07470",45.6197799524637,-0.259022760883698,0.426972510324327,-0.606649736506327,0.544083385618133,0.99354618231587
"gene-AM1_RS07475",68.226446819698,-0.715777484239032,0.429830851874919,-1.66525385769034,0.0958621200332306,0.499323510287735
"gene-AM1_RS07480",148.32293547825,-0.422511575767415,0.416926563022246,-1.01339567501932,0.310871204409255,0.898528284146969
"gene-AM1_RS07485",47.9039838538582,-0.167612421177363,0.440665290955096,-0.380362203735358,0.703676567016766,0.997177134360943
"gene-AM1_RS07490",78.0752569324595,-0.159359727785669,0.38900134957065,-0.409663688728992,0.682052670163754,0.997177134360943
"gene-AM1_RS07495",24.3359312634775,0.360484149745546,0.517233855206775,0.69694616103858,0.485836487826864,0.988029326430846
"gene-AM1_RS07500",22.3293728209832,0.359785474110355,0.50656872254901,0.710240206501391,0.477555191890259,0.986441366799053
"gene-AM1_RS07505",38.2317342854838,-0.311607566421002,0.52394900713703,-0.594728804094302,0.552024764667932,0.99354618231587
"gene-AM1_RS07510",190.314299909437,-0.203480844114603,0.356114833120611,-0.57139109407916,0.56773456471428,0.995551283692625
"gene-AM1_RS43930",9.9593731699419,-1.09977202597568,0.668222056307608,-1.64581820608061,0.0998011928130874,NA
"gene-AM1_RS07515",1409.21393151459,0.0380475944890272,0.492668060720442,0.0772276457974344,0.938442449150571,0.997177134360943
"gene-AM1_RS07520",365.966995353745,-0.141005219738909,0.442681070250787,-0.318525523711748,0.750086336930055,0.997177134360943
"gene-AM1_RS07525",1162.83371766435,0.896994053755841,0.573741090062898,1.56341260769297,0.117955576589529,0.568914500333074
"gene-AM1_RS07530",68.8343344499351,0.0387276830075165,0.415164085924405,0.0932828351982453,0.92567886814592,0.997177134360943
"gene-AM1_RS43100",34.4286601750579,-0.519782404999341,0.440341074542499,-1.18040863105805,0.23783773079798,0.81959105354797
"gene-AM1_RS07535",287.637263710638,-1.05603536046636,0.454731447496938,-2.32232753261137,0.020215306123025,0.161502418441364
"gene-AM1_RS07540",3109.48713802453,-0.919155277411401,0.370872814612688,-2.4783571111064,0.0131988966369565,0.11465077078729
"gene-AM1_RS07545",149.667340151691,-0.557340356238635,0.380739388710817,-1.46383687310574,0.143238524919504,0.635906659038014
"gene-AM1_RS07550",569.865127905639,-0.543571262998111,0.47185941457715,-1.1519771487133,0.249330463628572,0.844330151341968
"gene-AM1_RS07555",573.523872354288,0.0402560414374274,0.38132553525312,0.105568701059335,0.91592455888115,0.997177134360943
"gene-AM1_RS07560",65.2598071906005,-0.999654974109698,0.395370620096876,-2.52839974266362,0.0114583807037851,0.103362116691477
"gene-AM1_RS07565",117.613099653045,-0.897159369321675,0.406422237596737,-2.20745639959755,0.0272821898481602,0.200251273485496
"gene-AM1_RS07570",95.2572710898868,-0.736046248267314,0.403612709718794,-1.82364487178844,0.068205778167992,0.39419717460871
"gene-AM1_RS07575",31.7627731610798,-0.613837562143839,0.441599918264456,-1.39003096865665,0.164519473565886,0.693011727961894
"gene-AM1_RS07580",328.435363849212,-0.85180812752469,0.489917217550318,-1.73867767249312,0.0820914755306765,0.449447009768327
"gene-AM1_RS07585",7850.85626325484,-3.18350857579386,0.378923045742222,-8.40146465506764,4.40943901066873e-17,1.23296313669746e-14
"gene-AM1_RS07590",1235.93502706167,-0.316796450807364,0.390477223301576,-0.811305837838058,0.417190058378342,0.964844435918717
"gene-AM1_RS07595",210.773675143671,0.324898453061555,0.361898201285466,0.897762000218604,0.369312447419161,0.941245946653286
"gene-AM1_RS07600",2983.67906498555,0.228542877621724,0.389050629990086,0.587437366770354,0.556910004058444,0.99354618231587
"gene-AM1_RS07605",132.183977489114,-0.0414041921000416,0.422712093629744,-0.0979489177716968,0.921972855942154,0.997177134360943
"gene-AM1_RS07610",194.03433766321,-0.209718530236778,0.361780591582456,-0.579684303459877,0.562127530368896,0.994977061149491
"gene-AM1_RS07615",793.905810907857,0.202910438182105,0.348120414089147,0.582874287085454,0.55997793130939,0.994312190096383
"gene-AM1_RS07620",794.557395815397,0.165565603667643,0.381278253341106,0.434238255701202,0.664115435548709,0.997177134360943
"gene-AM1_RS07625",66.790611504716,0.295025650477385,0.4990596067399,0.5911631526435,0.554411108958863,0.99354618231587
"gene-AM1_RS07630",717.025117076944,0.365916454102625,0.353245924287942,1.03586886342772,0.300263325425849,0.894285546343303
"gene-AM1_RS07635",694.909999431285,0.75914947305353,0.436676978864865,1.7384691884306,0.0821281746392056,0.449447009768327
"gene-AM1_RS07640",1475.07723314561,0.203883077685678,0.444482755543602,0.458697385090518,0.646451492104902,0.997177134360943
"gene-AM1_RS37890",76591.1926611465,0.0288409442059944,0.411685994394621,0.0700556846690999,0.944149338507724,0.997177134360943
"gene-AM1_RS07645",102.386380800862,-0.352870956802453,0.437333893516401,-0.806868532336196,0.419742230096107,0.96716903441462
"gene-AM1_RS07650",2563.91349666788,-0.0144611315088054,0.357234118510497,-0.0404808240856213,0.967709794672002,0.999088916092384
"gene-AM1_RS07655",526.87127076997,0.101761949939631,0.385007378827569,0.264311687348741,0.791539755216271,0.997177134360943
"gene-AM1_RS07660",40.2425083208047,0.29510526991291,0.457229754196513,0.645420091768735,0.518654986598131,0.991747974838319
"gene-AM1_RS07665",46.9439457271522,-0.0840116907472765,0.502030667930842,-0.167343742352508,0.86709958794739,0.997177134360943
"gene-AM1_RS07670",14.1139232368467,-0.375663638046615,0.571891290784397,-0.656879452616529,0.511258431089028,NA
"gene-AM1_RS07675",47.3571042198803,-0.594273739943324,0.448076161623971,-1.32627841166441,0.184747494914963,0.731253919654119
"gene-AM1_RS07680",61.0506865068596,-0.493118555242016,0.380743232287837,-1.29514726310151,0.195269433280672,0.750301207030702
"gene-AM1_RS07685",89.5192179531411,0.24508597643998,0.377215188299277,0.649724571126049,0.515870149362779,0.991398497019674
"gene-AM1_RS07690",30.5438406472071,1.49708857419466,0.487984650931987,3.06790095003075,0.00215568056973883,0.0260455891059802
"gene-AM1_RS07695",46.3586718719115,1.65123961547569,0.448990821331386,3.67766897902119,0.00023537514314704,0.00382859512620337
"gene-AM1_RS07700",44.1993952731131,0.318029341483701,0.460960016383885,0.689928258807696,0.490239303869183,0.988029326430846
"gene-AM1_RS07705",331.401220054658,1.00443846813641,0.392688830661839,2.55784832597233,0.0105322018628042,0.0970880523365557
"gene-AM1_RS07710",74.6092406563975,0.483377635395709,0.385351838488041,1.25437999022473,0.209703922025736,0.772025975006347
"gene-AM1_RS07715",409.467711698244,0.84206739103258,0.344638732347293,2.44333358963272,0.0145522790859131,0.124021745707521
"gene-AM1_RS07720",178.740168764059,0.990759305965937,0.372037441899165,2.66306342960628,0.0077432816551694,0.0760343643464126
"gene-AM1_RS07725",322.354216837379,1.31853618966303,0.427903727753082,3.08138514377207,0.00206039949540958,0.0251009664668985
"gene-AM1_RS07730",2625.14529063757,-0.0215312301111473,0.547063968447987,-0.0393577924209322,0.968605130585463,0.999088916092384
"gene-AM1_RS07735",200.016763332514,-0.45057237791422,0.441708863257946,-1.02006641793624,0.307696962182722,0.897564114226004
"gene-AM1_RS07740",659.055697094373,0.619096900141213,0.354577891637072,1.74601100278099,0.0808090399556505,0.445059092055337
"gene-AM1_RS07745",610.433062387463,0.0818391351196798,0.428600999453282,0.190944806997821,0.848568835042273,0.997177134360943
"gene-AM1_RS07750",305.578602750448,-0.0469280531629218,0.504299909957151,-0.0930558428354848,0.925859197469563,0.997177134360943
"gene-AM1_RS07755",735.30455005563,-0.545336897169408,0.323639089503537,-1.68501554619362,0.0919855721411613,0.486295467910491
"gene-AM1_RS07760",1602.10151200846,-0.624448240406763,0.451565804842624,-1.38285103457821,0.166710546842691,0.700231996466583
"gene-AM1_RS07765",531.432525447534,-0.632737556123619,0.449444299785192,-1.40782196242344,0.15918379535616,0.679801633695542
"gene-AM1_RS07770",63.5865252620711,-0.00895803594695356,0.441101581718932,-0.0203083287800622,0.983797411752434,0.99966258039135
"gene-AM1_RS07775",84.1747526765095,-0.0851679733142101,0.385203651841998,-0.221098561519204,0.825015690285869,0.997177134360943
"gene-AM1_RS07780",301.932440241609,0.132180876290437,0.348865025602126,0.378888299457071,0.704770813250938,0.997177134360943
"gene-AM1_RS07785",171.740061908016,-2.84952753571041,0.375362179555537,-7.5914082209468,3.16447274612019e-14,6.19392798840592e-12
"gene-AM1_RS07790",42.327838981636,-1.30690571656999,0.440761439786471,-2.96510901045046,0.00302575691794627,0.0341021969715556
"gene-AM1_RS07795",50.4730960286659,-0.600862382499381,0.415548193772778,-1.44595113515987,0.148190907958143,0.649870807714872
"gene-AM1_RS07800",131.380595357697,0.223347690970978,0.452282388015591,0.493823542302689,0.621430805254429,0.997177134360943
"gene-AM1_RS07805",100.487666610881,-0.0836483094595122,0.358353777898515,-0.233423824774637,0.81543231459173,0.997177134360943
"gene-AM1_RS07810",71.5984211158237,0.521112937419432,0.434319164857529,1.19983868911328,0.230201995156517,0.806921443311917
"gene-AM1_RS07815",42.0644221004322,0.764417291965549,0.447428432001264,1.70846829859795,0.0875494837615372,0.471115032453874
"gene-AM1_RS07820",168.379291859246,-0.258438043037087,0.386488889355626,-0.668681688283375,0.503698551009753,0.989201002062665
"gene-AM1_RS07825",45.4282691159904,-0.123509893163062,0.440355874035797,-0.280477451183089,0.779111222830262,0.997177134360943
"gene-AM1_RS07830",12.5152912288955,0.428003065126197,0.591199052109034,0.723957630850973,0.469091747033281,NA
"gene-AM1_RS07845",26.4389963135042,-0.118375677673228,0.548739376246117,-0.215722951181354,0.829203709958147,0.997177134360943
"gene-AM1_RS07850",14.3826619586928,0.0462482666290212,0.618944217452273,0.074721219336034,0.940436524278928,NA
"gene-AM1_RS07855",47.1716123479383,-0.163019814697849,0.409082500216767,-0.398501071572281,0.690260868566409,0.997177134360943
"gene-AM1_RS07860",9.72752209160256,-0.728432561645527,0.677394702064149,-1.07534434418494,0.282220589646184,NA
"gene-AM1_RS07865",156.207243240532,0.0801761413232046,0.403697065953611,0.198604716469298,0.842571963900868,0.997177134360943
"gene-AM1_RS07870",105.60370681142,-0.283102058252467,0.413120018007469,-0.685277996495799,0.493168513895007,0.988029326430846
"gene-AM1_RS07875",62.6895862392605,0.490264217353022,0.405841049337931,1.20802027826612,0.227039462422247,0.803563775881306
"gene-AM1_RS07880",46.2676343151729,0.251694832984637,0.428658598695093,0.5871685153426,0.557090535542043,0.99354618231587
"gene-AM1_RS07885",111.477603442283,0.123867198921746,0.353732855560686,0.350171596939757,0.726209921326108,0.997177134360943
"gene-AM1_RS07890",718.245248545219,-0.288487762833629,0.47887447550607,-0.602428773278756,0.546888761897542,0.99354618231587
"gene-AM1_RS07895",862.828178004785,-0.382296640002769,0.48626938365264,-0.786182829630617,0.431760383865768,0.971416527865743
"gene-AM1_RS42070",9.61665856250853,0.97729151885967,0.750063381954325,1.30294524752467,0.192593454813451,NA
"gene-AM1_RS07900",30.081625314744,1.77991747600104,0.561296534767778,3.17108224574634,0.00151872137150192,0.0195049606019065
"gene-AM1_RS07905",194.80775915522,0.20673474691805,0.403269941238859,0.512646061055166,0.60819892683271,0.997177134360943
"gene-AM1_RS07910",233.562427689341,0.116010528272568,0.409452474000711,0.283330876326239,0.776923210688931,0.997177134360943
"gene-AM1_RS07915",103.249756535654,-0.151343681893845,0.365638111112366,-0.413916594835856,0.678935190110645,0.997177134360943
"gene-AM1_RS07925",62.8850508632565,0.0982586557063173,0.440532554151538,0.223045163814426,0.823500356127433,0.997177134360943
"gene-AM1_RS07935",29.0126992263804,-0.0823377148015642,0.462870687352842,-0.177884919160584,0.858813354720412,0.997177134360943
"gene-AM1_RS07945",110.427454432546,0.0771816736320092,0.455965757484201,0.169270767300291,0.865583668475834,0.997177134360943
"gene-AM1_RS07950",270.145892275882,-1.04676889920915,0.750230486288467,-1.39526308026712,NA,NA
"gene-AM1_RS07955",503.334602900272,-0.56254833532759,0.782232565640139,-0.719157396454378,0.472043946025401,0.983283656549519
"gene-AM1_RS07960",5450.16263965772,-1.53954902038685,1.30153822618442,-1.18286884658024,NA,NA
"gene-AM1_RS07965",6306.94300027137,-1.88546577449309,1.5072127926604,-1.25096189713533,NA,NA
"gene-AM1_RS07970",44331.0559626264,-1.51759187081737,1.33971060513938,-1.1327758883117,0.257308379438748,0.853255764972434
"gene-AM1_RS07975",237.829525419538,-1.05941768302664,0.416395514289937,-2.54425815521385,0.0109510116240915,0.100006750010366
"gene-AM1_RS07980",126.006623947569,-0.454780464650126,0.434219749820218,-1.04735094347602,0.294937748322904,0.892154652167842
"gene-AM1_RS07985",112.756704571585,-0.166559294347644,0.361478213073636,-0.460772705860738,0.644961685852434,0.997177134360943
"gene-AM1_RS07990",124.357523828063,-0.39650056226345,0.383722091201305,-1.03330136928562,0.301462886677664,0.894285546343303
"gene-AM1_RS07995",165.831398643471,0.0437097418037288,0.386723730339552,0.113025755531864,0.910010136086104,0.997177134360943
"gene-AM1_RS08000",1176.87673084527,-0.0563223998313842,0.368645142203234,-0.152782156560559,0.878570069523525,0.997177134360943
"gene-AM1_RS08005",502.661459916972,-0.308457537093243,0.43055244058125,-0.716422688666733,0.473730389421557,0.983875589834479
"gene-AM1_RS08010",793.006386797693,-0.758252258202241,0.514944876399765,-1.47249209178186,0.140888040989728,0.629600134468555
"gene-AM1_RS08015",10650.5025699703,-0.518112716906673,0.420349684004569,-1.23257548803353,0.217734186754295,0.788566978870899
"gene-AM1_RS08020",4201.17181233018,-0.464874045575753,0.537530461016541,-0.864832933740377,0.38713049213576,0.950568024953625
"gene-AM1_RS08025",2615.81050017308,-0.448415996461849,0.570234263339229,-0.786371541120616,0.431649851090969,0.971416527865743
"gene-AM1_RS08030",2554.2656576841,-0.332849483306845,0.503175180016835,-0.661498214788154,0.508292859103123,0.989201002062665
"gene-AM1_RS08035",636.401884475021,-0.349900336115651,0.317659056618573,-1.10149649073532,0.270680630976517,0.8642939995074
"gene-AM1_RS08040",474.264301669747,0.140439460079513,0.342569705741208,0.40995878422947,0.681836182177763,0.997177134360943
"gene-AM1_RS08045",751.75558288208,0.0212883804872776,0.400350096674336,0.0531744107572792,0.957592944020118,0.99846297925572
"gene-AM1_RS08050",83.295109731474,0.367603514843542,0.390493672925086,0.941381487925068,0.34650939681966,0.927676347474028
"gene-AM1_RS43115",586.671706787709,-0.203052408928751,0.365882786576663,-0.554965733229994,0.5789180989862,0.997177134360943
"gene-AM1_RS08060",96.9199131501535,0.560194425578621,0.422312591729467,1.32649235791075,0.184676664793651,0.731253919654119
"gene-AM1_RS08065",335.333713381736,0.229883744428918,0.443392763602875,0.518465259922046,0.604133692481049,0.997177134360943
"gene-AM1_RS08070",694.533083251853,-0.16487943751762,0.400893261168775,-0.411280142342442,0.680867128723067,0.997177134360943
"gene-AM1_RS08075",83.5197713707136,-0.329428323154526,0.442343051259043,-0.744734934157716,0.456431975979215,0.982825588333525
"gene-AM1_RS08080",1137.22519795321,-0.262779904710985,0.344437675779905,-0.762924392971753,0.445508487742522,0.978877246244682
"gene-AM1_RS08085",408.508209178467,-0.259085956784774,0.393448409896508,-0.658500454615952,0.510216605004573,0.989201002062665
"gene-AM1_RS08090",1804.50370878179,0.283670235123828,0.368428966708793,0.769945527513425,0.441332205870567,0.977667369113699
"gene-AM1_RS08095",180.861897979575,-0.491554864825215,0.362375190794354,-1.35648045813426,0.174946348935465,0.716377239155545
"gene-AM1_RS08100",950.810133818449,0.35256782746877,0.402473544334293,0.876002491174744,0.381028679492191,0.946383626596995
"gene-AM1_RS08105",1908.46570638279,-0.778711066676799,0.419034725208243,-1.85834495289099,0.063120044005408,0.377567513998075
"gene-AM1_RS08110",52.8198002712263,0.174500068245185,0.449176556772796,0.388488814952672,0.697654329755381,0.997177134360943
"gene-AM1_RS08115",20.9046644068139,0.429837749957625,0.508540088182003,0.84523867428872,0.397977593300503,0.953847172404751
"gene-AM1_RS44405",7.81316541534832,1.27770649114904,0.753587850007107,1.69549773279517,0.0899810399800145,NA
"gene-AM1_RS08120",36.9601961577243,0.362806543419028,0.46446572811982,0.781126618077262,0.434728027863343,0.972183285066938
"gene-AM1_RS08125",33.415992159658,0.106204963355533,0.443882485213927,0.239263694543722,0.810901115447842,0.997177134360943
"gene-AM1_RS08130",83.2941247224749,-0.0756436708303339,0.386276070964699,-0.195828001049661,0.844744792711475,0.997177134360943
"gene-AM1_RS08135",466.08718982485,-0.204893325374082,0.365332338265655,-0.560840921848783,0.574905987089657,0.99593231790249
"gene-AM1_RS08145",376.349691576873,-0.212074768439941,0.532846171768087,-0.398003738557859,0.690627429952654,0.997177134360943
"gene-AM1_RS08150",245.341996763694,0.822334548957928,0.40935422522064,2.00885809475814,0.0445521851236207,0.292302157593186
"gene-AM1_RS08155",490.225343775765,0.364901105138367,0.348872202412024,1.04594491225017,0.295586466897834,0.892154652167842
"gene-AM1_RS08160",4512.75038307833,0.773453179525917,0.392524374451592,1.97045898259575,0.0487857914532067,0.310962616644749
"gene-AM1_RS08165",38380.0056653052,0.0685361561375219,0.725011813106286,0.0945310888713402,0.924687287664326,0.997177134360943
"gene-AM1_RS08170",492.602419318756,0.740301782232759,0.404362486314304,1.83078749213481,0.0671322679729797,0.390684516885369
"gene-AM1_RS08175",2983.30154374089,0.0458512310854187,0.481008883212981,0.0953230443046032,0.924058239286157,0.997177134360943
"gene-AM1_RS08180",1836.61654638708,0.23641448323624,0.336275297764635,0.703038506865618,0.482031752515041,0.986441366799053
"gene-AM1_RS08185",154.200363056981,0.0994141533704843,0.432037893947176,0.230105170780782,0.818010046995202,0.997177134360943
"gene-AM1_RS08190",92.5355804206231,0.080150332360157,0.372277567024037,0.215297239102731,0.829535582035533,0.997177134360943
"gene-AM1_RS08195",570.279502040723,-0.234650186049737,0.379601647670309,-0.618148491951581,0.536477459665429,0.99354618231587
"gene-AM1_RS08200",403.020845959444,0.0733158664773904,0.561058655918756,0.130674156265057,0.896033077323427,0.997177134360943
"gene-AM1_RS08205",99.3463991798091,-1.33160420270415,0.477769866454493,-2.78712471463703,0.00531780089292284,0.0551698354120899
"gene-AM1_RS08210",88.9637769939768,1.2541248047411,0.428238210589322,2.92856819809523,0.0034052712078838,0.0377041006853535
"gene-AM1_RS08215",63.7217357222628,-0.425206156953511,0.411447900250193,-1.03343863632541,0.301398673394626,0.894285546343303
"gene-AM1_RS08220",79.9080593458666,-0.0853064715752045,0.382885382223357,-0.222798977280989,0.823691964015624,0.997177134360943
"gene-AM1_RS08225",395.442853742944,-1.78326344145465,0.366910388450865,-4.86021518492234,1.17258228328268e-06,4.17297161662782e-05
"gene-AM1_RS08230",121.690540647376,-0.307687297744827,0.366499169810972,-0.839530681347851,0.401171579545699,0.955171930570576
"gene-AM1_RS08235",72.2978620298203,-0.113543929183519,0.377537477637009,-0.300748762465083,0.763606082055915,0.997177134360943
"gene-AM1_RS08240",97.3182332042187,0.102899601071277,0.400295371544245,0.257059182758757,0.79713308639156,0.997177134360943
"gene-AM1_RS08245",89.2741639940057,0.423930599972624,0.419758640158229,1.0099389492324,0.312524540501082,0.900226789896439
"gene-AM1_RS08250",65.6612425187291,0.720976909438092,0.398717916195817,1.8082380554076,0.0705694581183517,0.404671736397423
"gene-AM1_RS08255",131.989282731406,-0.2606163514685,0.391688742441611,-0.66536594808402,0.505816459186893,0.989201002062665
"gene-AM1_RS08260",379.420077638497,0.294349725203687,0.353794736723884,0.831978813278417,0.40542090345924,0.957230215163916
"gene-AM1_RS08265",273.836745886886,0.209100241749476,0.378022103764209,0.553142897379096,0.580165564504356,0.997177134360943
"gene-AM1_RS08270",188.386455497648,0.373881111378652,0.383810063612158,0.97413055785963,0.329991718617056,0.916096285058585
"gene-AM1_RS08275",60.505275018559,-0.492561386780739,0.420963218318186,-1.17008176806657,0.241968064731328,0.828501037112358
"gene-AM1_RS08280",110.88466889589,-0.00825514252352433,0.42511307928297,-0.0194186980495827,0.984507094334006,0.99966258039135
"gene-AM1_RS08285",152.621596696007,-0.241273084894437,0.407786198826227,-0.591665646333589,0.554074505274549,0.99354618231587
"gene-AM1_RS08290",34.9052348101579,-0.0265759264942346,0.442641061295445,-0.0600394514156838,0.952124213662359,0.997889813204431
"gene-AM1_RS08295",35.5080528986889,-0.41404485937407,0.437136880600581,-0.947174392618659,0.343549921719417,0.926653716277638
"gene-AM1_RS08300",19.250092932028,-0.752804298017255,0.515715226956871,-1.45972866160923,0.144364661469241,0.638335310351947
"gene-AM1_RS08305",88.607243649304,-0.131263293016936,0.446235577593583,-0.294156942225003,0.768637980917708,0.997177134360943
"gene-AM1_RS08310",30.2157669823276,0.0196814781429928,0.455256909470548,0.0432315858003821,0.965516926790225,0.999088916092384
"gene-AM1_RS08315",40.6488192224347,-0.158801733751093,0.458704921824492,-0.346195835700784,0.729195544086001,0.997177134360943
"gene-AM1_RS08320",741.233298163662,-0.481953914119323,0.362290866271761,-1.33029551387531,0.183420924690055,0.731253919654119
"gene-AM1_RS08325",210.633060894055,0.0130979338149328,0.370214548195802,0.0353793060774194,0.971777285738153,0.999088916092384
"gene-AM1_RS08330",170.245801328042,0.332285125366348,0.368470607382958,0.90179547217181,0.367165525473546,0.941006433311144
"gene-AM1_RS08335",566.891634422337,-0.0923820478929129,0.3464709568391,-0.266637206003431,0.789748506132908,0.997177134360943
"gene-AM1_RS08340",1045.8716910755,0.356489751118057,0.433601486294682,0.822159891942301,0.41098590239706,0.959469112980649
"gene-AM1_RS08345",1300.95033592986,-0.397562067502588,0.374420042783297,-1.06180765470583,0.288323014049276,0.88733372038645
"gene-AM1_RS08350",1073.74319460929,1.19205250333333,0.360846535884386,3.30348883746874,0.000954897709438244,0.0130096504636227
"gene-AM1_RS08355",153.764274312635,0.864232888810741,0.40544461431388,2.13156830378239,0.0330423517514152,0.232643512571115
"gene-AM1_RS08360",567.640101899044,0.523194769801349,0.323044225102015,1.61957629682477,0.105323324739911,0.528145655741041
"gene-AM1_RS08365",171.718094168354,-0.289105311525916,0.490616515323771,-0.589269424277589,0.555680552290292,0.99354618231587
"gene-AM1_RS08370",220.889062987138,-0.00505799329645585,0.48746644818581,-0.0103760849906287,0.991721230537718,0.999709482207881
"gene-AM1_RS08375",171.155089647424,-0.130733975971435,0.411482272059495,-0.317714722719652,0.750701342333906,0.997177134360943
"gene-AM1_RS08380",469.095550806789,1.17415573505092,0.422974186171307,2.77595128364496,0.00550404549556176,0.0567013248244538
"gene-AM1_RS08385",147.893439078483,0.178005412108374,0.415728267083091,0.428177312448172,0.668522032675813,0.997177134360943
"gene-AM1_RS08390",320.316278826943,-0.185969542243793,0.644665592129935,-0.288474434674513,0.772983597289542,0.997177134360943
"gene-AM1_RS08395",294.790008032733,2.65096228543731,0.374704830758927,7.07480146457692,1.49662873407219e-12,1.95293420588265e-10
"gene-AM1_RS08400",631.873014100261,0.121888707274789,0.425750632084613,0.286291312541294,0.774655011382826,0.997177134360943
"gene-AM1_RS08405",126.263061802401,0.0186230524143932,0.390789672749738,0.0476549246640902,0.961991258165615,0.998905865242881
"gene-AM1_RS08410",34.5502516552699,1.00597763362272,0.481674839978233,2.0884994401372,0.0367528058523747,0.253835493951328
"gene-AM1_RS08415",90.0263631488625,-0.209265798968048,0.376424793563399,-0.555929902988186,0.578258775124417,0.997130606716526
"gene-AM1_RS08420",167.203661801589,-0.651844249383365,0.416534257307068,-1.56492350376557,0.117600846882423,0.568914500333074
"gene-AM1_RS08425",402.958303994901,-0.462150413364204,0.571967883014354,-0.808000636204613,0.419090215899298,0.966574135019905
"gene-AM1_RS37535",112.108413727516,-0.228116020462812,0.435733856705581,-0.523521449968363,0.600611428082793,0.997177134360943
"gene-AM1_RS08435",299.917042258592,-0.173006982585256,0.34250931257492,-0.505116142053548,0.613477264402297,0.997177134360943
"gene-AM1_RS08440",62.807269367413,-0.322955901341944,0.403530264946781,-0.800326343265818,0.423521744074888,0.968993062826186
"gene-AM1_RS08445",60.4293542137949,-0.147774518446654,0.445171064689067,-0.331949962987528,0.739927042334245,0.997177134360943
"gene-AM1_RS08450",75.4253829092401,0.0736284312667979,0.415592104852826,0.177165134772885,0.859378680838328,0.997177134360943
"gene-AM1_RS08455",169.739520094855,0.0821540838155777,0.399174623302432,0.205809886249543,0.836939418410294,0.997177134360943
"gene-AM1_RS08460",88.1142169993234,0.265942785002335,0.385620600086877,0.689648802326483,0.490415069438634,0.988029326430846
"gene-AM1_RS08465",54.2669498650396,0.242047146945859,0.439675298385152,0.550513408041922,0.581967283038993,0.997177134360943
"gene-AM1_RS43120",35.6501780163672,0.154052062716627,0.432283832973677,0.356367855945258,0.721565098534484,0.997177134360943
"gene-AM1_RS08475",57.0044374380941,0.33953984430415,0.398477242317396,0.852093440341817,0.394162232457017,0.953133313919014
"gene-AM1_RS08480",92.7472486753209,-0.215992129718729,0.448157056985469,-0.481956328372024,0.629836970106064,0.997177134360943
"gene-AM1_RS08485",118.728769784233,-0.292990109018003,0.43950788592399,-0.666632200243782,0.505007095806928,0.989201002062665
"gene-AM1_RS08495",135.232631362937,-0.268898275024715,0.413756542694291,-0.649894919543046,0.515760100095981,0.991398497019674
"gene-AM1_RS44235",178.3933597309,-0.252576828645173,0.368504284764038,-0.685410832622759,0.493084710258293,0.988029326430846
"gene-AM1_RS08505",85.8912263465288,-0.0573413825452233,0.46083933615003,-0.124428142407,0.900976292070143,0.997177134360943
"gene-AM1_RS08510",207.699432213882,-0.546184296159724,0.404309789155445,-1.35090544629314,0.176725723371884,0.720648227527571
"gene-AM1_RS08515",103.606989503354,-0.276230096629754,0.414544861656448,-0.666345484360819,0.505190299155004,0.989201002062665
"gene-AM1_RS08520",272.141605417858,-0.458882986702708,0.382266589496078,-1.20042661145885,0.229973698858409,0.806921443311917
"gene-AM1_RS08525",4301.53688833574,-0.484958444119468,0.392312102994587,-1.23615468505227,0.216401071070136,0.785842355797057
"gene-AM1_RS08530",1243.02854020841,-0.501966382565639,0.393359830013475,-1.27609975464054,0.201920258340335,0.761799309864981
"gene-AM1_RS08535",338.960117221665,-0.128834635409843,0.344890600701945,-0.373552179002937,0.708737517860655,0.997177134360943
"gene-AM1_RS42080",2120.87707705637,-0.427955229814828,0.385485739789444,-1.11017136470102,0.266925189661561,0.861200392138838
"gene-AM1_RS42085",1305.75328867497,-0.0256141709290285,0.452556406861596,-0.056598847216988,0.954864752862255,0.998373313302674
"gene-AM1_RS08540",153.325270551452,-0.456329136909326,0.412389090572464,-1.10654997268688,0.268488546880728,0.862260690382301
"gene-AM1_RS08545",88.7732209481091,-0.501011142922807,0.396172316232117,-1.26462936049591,0.206004223018508,0.76270920401304
"gene-AM1_RS08550",81.3811395924544,-0.369239753641838,0.427563699083883,-0.863590043853085,0.387813135377957,0.950568024953625
"gene-AM1_RS08555",51.0876839220064,0.655253165331592,0.4911826232591,1.33403164994692,0.182193484155864,0.730296652980082
"gene-AM1_RS08560",76.3593015171372,0.560448369232402,0.396549451785971,1.41331268195749,0.157563806751651,0.676015446498021
"gene-AM1_RS08565",467.441072178182,0.210300863420334,0.336228560388365,0.625469957630676,0.531662659900353,0.99354618231587
"gene-AM1_RS08570",476.603479110939,0.334189836583513,0.423219787203727,0.789636606529087,0.429740023322242,0.971298466877678
"gene-AM1_RS08575",173.514187310086,0.4798982068345,0.473878562094419,1.01270292691333,0.311202079407247,0.898528284146969
"gene-AM1_RS08580",87.7227899579392,-0.201026260926559,0.393267479882838,-0.511169296241958,0.609232516236948,0.997177134360943
"gene-AM1_RS08585",44.8972724511201,0.28768887328026,0.510440848705389,0.563608641451627,0.573020504489206,0.99593231790249
"gene-AM1_RS08590",10.1583644159963,-0.185176256211868,0.643679405242569,-0.287683984765809,0.77358865031283,NA
"gene-AM1_RS44240",18.4117873761084,-0.417105120082793,0.515380068105584,-0.809315582606781,0.418333645310611,0.965967426371965
"gene-AM1_RS08600",43.3088305933631,0.240343797594676,0.443866634829373,0.541477504131544,0.588178499132098,0.997177134360943
"gene-AM1_RS08605",301.045170028421,-0.333691055711399,0.585807787770638,-0.569625502899679,0.5689317273426,0.995736205574952
"gene-AM1_RS08610",99.0610857781283,-0.481878422960424,0.543823156161177,-0.886093976508802,0.375566888618689,0.943274624431326
"gene-AM1_RS08615",1809.46189597367,-0.0485898967357162,0.403011540424162,-0.120567010772387,0.904033999769752,0.997177134360943
"gene-AM1_RS08620",394.806947019143,-0.373441096899828,0.553353110713302,-0.674869427260365,0.499758725948416,0.989201002062665
"gene-AM1_RS08625",172.841962602293,-0.42564703608209,0.532916838182301,-0.798711929489615,0.424457467892563,0.969810992787988
"gene-AM1_RS08630",275.689520978758,-0.348529222249324,0.578413769715919,-0.602560382372122,0.54680118257695,0.99354618231587
"gene-AM1_RS08635",204.926833949115,0.243711336433118,0.408983532138956,0.595895231180886,0.551245219216728,0.99354618231587
"gene-AM1_RS08640",516.086351796255,0.360429887711063,0.398156034135575,0.905247834542008,0.365334105498145,0.94048306334288
"gene-AM1_RS08645",146.113657199819,0.544696638566875,0.417830184525132,1.30363161576258,0.192359215671722,0.744831259720141
"gene-AM1_RS08650",63.5328358662983,0.881040051162758,0.464838130867958,1.89536957632468,0.0580434563752852,0.355402685960036
"gene-AM1_RS08655",1380.77187942916,-0.188256590642457,0.36941809641327,-0.509603055373479,0.610329582896289,0.997177134360943
"gene-AM1_RS08660",707.881924637021,-1.49049008268913,0.364866080795176,-4.08503327971955,4.40704996620729e-05,0.000917666574523731
"gene-AM1_RS42090",12.4985811549621,-1.27295619769472,0.641351446153997,-1.9848028804305,0.0471664069095878,NA
"gene-AM1_RS08665",394.569568791147,-0.0321595836216872,0.405910145201965,-0.0792283316931776,0.93685100998548,0.997177134360943
"gene-AM1_RS08675",869.254577282101,-1.41498180160214,0.483229466693246,-2.92817781019213,0.00340954997682608,0.0377041006853535
"gene-AM1_RS08680",1576.12221649922,-3.10822073692612,0.357336092144683,-8.69831177217785,3.36857987662727e-18,1.16354711973855e-15
"gene-AM1_RS08685",502.14918060074,-0.00178539983171793,0.484782284934153,-0.00368289000486155,0.997061485568832,0.999709482207881
"gene-AM1_RS08690",155.516613429506,0.0407559458786859,0.512143496948148,0.07957915334579,0.936571975843447,0.997177134360943
"gene-AM1_RS08695",17073.5122051556,0.0130437449340277,0.345036480864409,0.0378039588780574,0.969843987902034,0.999088916092384
"gene-AM1_RS08700",305.093533567202,-0.266161886755633,0.343163000343811,-0.775613590302477,0.437977173615552,0.975695998293985
"gene-AM1_RS08705",97.0122232078866,0.953227218899785,0.504548329453074,1.88926840751425,0.0588558725235862,0.358136459542485
"gene-AM1_RS08710",606.320970855833,-3.09759806589659,0.473758978022973,-6.53834166652223,6.22046910205066e-11,5.70728040113148e-09
"gene-AM1_RS08715",48.1480551867866,-0.469347352441582,0.453589937959393,-1.0347393386923,0.300790659147191,0.894285546343303
"gene-AM1_RS08725",17.3671810323977,-0.391405588148506,0.603935009847491,-0.648092231393153,0.516925298301402,0.991631934539639
"gene-AM1_RS08730",69.9698437646124,-0.147818337066525,0.410496338927419,-0.360096602695065,0.718774893275902,0.997177134360943
"gene-AM1_RS08735",347.870951999077,1.25433092571456,0.464536994316915,2.70017445555442,0.00693031248237193,0.0692088348579727
"gene-AM1_RS08740",8.2202190770815,0.559784476220823,0.671848550619154,0.83320039271491,0.40473172115724,NA
"gene-AM1_RS08745",8.14750534958626,1.79906926613152,0.724666440576729,2.48261705716595,0.0130421209194042,NA
"gene-AM1_RS08750",112.16189016798,0.194255588034529,0.427913476084651,0.453959968290647,0.649857639936512,0.997177134360943
"gene-AM1_RS08755",47.8726438177831,-0.299157807466995,0.424862600268659,-0.704128363564655,0.481352837949962,0.986441366799053
"gene-AM1_RS08760",257.099635139369,-1.07884417803639,0.352203999929151,-3.0631230146546,0.00219039996876251,0.0264107363790009
"gene-AM1_RS08765",270.225029691546,0.294480682008088,0.417291126537009,0.705696007609619,0.480377204293325,0.986441366799053
"gene-AM1_RS08770",86.9907555588496,0.70368749617781,0.462191760221157,1.52250117103148,0.127883552212847,0.593153411211562
"gene-AM1_RS08775",253.74515668819,2.71484851712732,0.487456245350715,5.56941990798382,2.55588843098616e-08,1.35208800601358e-06
"gene-AM1_RS08780",363.666838157552,2.58741260808,0.434126837439091,5.96003836883966,2.52178715706397e-09,1.74210990426819e-07
"gene-AM1_RS08785",89.9401706640262,0.132100063418043,0.673960217149355,0.19600572861227,0.844605682185537,0.997177134360943
"gene-AM1_RS08790",39.8431782124618,-0.00638753602856094,0.701310200928681,-0.00910800387631965,0.992732964801198,0.999709482207881
"gene-AM1_RS38230",35.312460584471,0.0143184183606692,0.426458582644248,0.033575167538869,0.973215924533996,0.999088916092384
"gene-AM1_RS08800",69.6415874018177,-0.0854095598619768,0.413784261463499,-0.206410846946897,0.836469998627061,0.997177134360943
"gene-AM1_RS08805",850.770108206519,-0.102728244639228,0.525763965287422,-0.19538852302871,0.845088800758697,0.997177134360943
"gene-AM1_RS08810",52.3995444242111,-0.120223515673311,0.440734054161578,-0.27278018237555,0.785022194222534,0.997177134360943
"gene-AM1_RS08815",32.1946945103156,-0.422140821774855,0.472538482194658,-0.893346971053582,0.371671391293764,0.9416059586083
"gene-AM1_RS08820",204.119692894128,0.131457777264574,0.34463723383138,0.381438116256736,0.702878182303774,0.997177134360943
"gene-AM1_RS08825",38.0288960324205,-0.157600902025068,0.440135830659229,-0.358073328838089,0.72028843802125,0.997177134360943
"gene-AM1_RS08830",8.4028674310202,0.125851114123191,0.781838534742393,0.160968164820192,0.872118474420669,NA
"gene-AM1_RS08835",49.8740677636885,-0.203068664419142,0.438086735623454,-0.463535295425344,0.642980721594696,0.997177134360943
"gene-AM1_RS08840",172.351262049246,-0.232379681830299,0.367103529833352,-0.633008573727929,0.526728044119303,0.992659241707204
"gene-AM1_RS42095",29.8168156635943,-1.30970675792629,0.542036312384871,-2.41627124973194,0.0156803753310579,0.131218501537052
"gene-AM1_RS08845",716.932833005063,-1.34638042476734,0.399123501302408,-3.37334288853918,0.000742614125859851,0.0102845050637949
"gene-AM1_RS08850",147.629652997511,0.35662246379936,0.425170573374479,0.838775037907567,0.401595560910995,0.955171930570576
"gene-AM1_RS08855",281.386130531091,0.220485835967417,0.360032771858615,0.612404906445577,0.54026989640924,0.99354618231587
"gene-AM1_RS08860",85.5107461240749,-0.300181539983631,0.40773699422608,-0.736213648097841,0.461600687671068,0.982825588333525
"gene-AM1_RS08865",109.69230647291,-0.0102092060458724,0.403299979105988,-0.0253141744973643,0.97980436794063,0.99966258039135
"gene-AM1_RS08870",19.0587711496202,-0.0352647089926931,0.516120663246852,-0.0683264815844557,0.945525744127707,0.997177134360943
"gene-AM1_RS08875",268.786167545541,0.698668197596719,0.4196683478838,1.66481032253157,0.0959506038616536,0.499323510287735
"gene-AM1_RS08880",1663.85151437905,1.88345784306463,0.380815831997794,4.94584963336173,7.58124643447934e-07,2.79981629328696e-05
"gene-AM1_RS08885",935.446355134797,1.79410792176317,0.423924537993776,4.23213982906908,2.3147841629292e-05,0.000528887649989116
"gene-AM1_RS08890",25.7482182796338,0.723109280560003,0.539277920592045,1.34088426940628,0.179958030298202,0.72585434187112
"gene-AM1_RS37545",10.9656916868638,0.164263516948795,0.653305134377468,0.251434602768462,0.801478117638109,NA
"gene-AM1_RS08900",8.58282390627575,-0.280232475277798,0.660142973344581,-0.424502701070974,0.671199235870919,NA
"gene-AM1_RS08905",9.36530941368819,0.175975658012708,0.723501581839962,0.243227744665295,0.807828974970048,NA
"gene-AM1_RS08915",18.9365002888751,-0.524071186143258,0.508058687130791,-1.03151702631618,0.302298428014473,0.894829602679288
"gene-AM1_RS08920",16.2545706418789,0.613053192199371,0.718600788281432,0.85312067868102,0.393592385121451,NA
"gene-AM1_RS08925",33.1794927681802,0.191246608635626,0.504416203675721,0.379144458964633,0.704580593067001,0.997177134360943
"gene-AM1_RS08935",13.6452458188828,0.753941142274152,0.582104216515565,1.2951995894948,0.195251386407453,NA
"gene-AM1_RS08940",17.5267114484297,-0.341484514303118,0.539298136045578,-0.633201732917279,0.52660191423005,0.992659241707204
"gene-AM1_RS40910",11.3323768821246,0.239325853864499,0.692604993835703,0.345544510932694,0.729685053619084,NA
"gene-AM1_RS08945",184.68408655041,0.943274562955,0.614363242945027,1.53536946389126,0.124693100077503,0.584355852877171
"gene-AM1_RS08950",543.408691453655,1.01099132321386,0.647352122579296,1.56173323288983,0.118350846406757,0.568914500333074
"gene-AM1_RS08955",49.0178011371811,1.95124710884541,0.627556825201746,3.10927557551163,0.00187546703329315,0.0231847208831523
"gene-AM1_RS08960",114.944767795642,-0.553121432227902,0.378515766533294,-1.46129033750368,0.143935780431887,0.636918540087447
"gene-AM1_RS08965",36.1989835790423,-0.248452609197873,0.432164626285918,-0.574902696995608,0.565357105821966,0.995078277288082
"gene-AM1_RS08970",19.4546190123293,-0.0524053857050169,0.547365456003384,-0.0957411271212792,0.923726176193376,0.997177134360943
"gene-AM1_RS08975",22.1532992561423,-0.3756358570951,0.516786422934649,-0.726868664548103,0.467306414656939,0.982825588333525
"gene-AM1_RS08980",41.7879625728938,-0.193495995963888,0.428167172306631,-0.451916934503601,0.651328824265505,0.997177134360943
"gene-AM1_RS08985",45.1643345463941,-0.208901509484505,0.481198967592835,-0.434127094098976,0.664196151512145,0.997177134360943
"gene-AM1_RS08990",69.4388823038291,-0.00431900511943038,0.413977384640999,-0.010432949430742,0.991675861734642,0.999709482207881
"gene-AM1_RS08995",933.527822608377,0.232560560419787,0.388308318635019,0.598906974842269,0.549234920018385,0.99354618231587
"gene-AM1_RS09000",42.6509725778656,-0.417795098397326,0.441976143418263,-0.945288800354881,0.344511454601887,0.927426881680544
"gene-AM1_RS09005",10.9144983786608,0.356424478190345,0.601010312587603,0.593042200317308,0.5531529105619,NA
"gene-AM1_RS09010",928.947628424329,0.32415485392798,0.393828264446579,0.823086820300959,0.4104586231323,0.959469112980649
"gene-AM1_RS09015",549.236858645762,-0.267136821090589,0.347013170631998,-0.769817527686531,0.441408140951374,0.977667369113699
"gene-AM1_RS09020",844.281119008441,-0.473868322290141,0.345748426233487,-1.37055814672063,0.170512737509259,0.708049120301473
"gene-AM1_RS09025",62.6130957815946,0.0562431420199916,0.404433605115137,0.139066440841334,0.889397646826813,0.997177134360943
"gene-AM1_RS09030",141.910887991087,-0.0891370604225776,0.444091588811352,-0.200717740818196,0.840919286851086,0.997177134360943
"gene-AM1_RS09035",102.823318158874,-1.31619914222788,0.423170740592554,-3.1103264379405,0.00186880686760422,0.0231511264273671
"gene-AM1_RS09040",12012.5668264426,2.38916300213159,0.543553510400627,4.39545133352308,1.10542829149936e-05,0.00028469626875808
"gene-AM1_RS09045",406.217967931159,0.215156753290406,0.366271435559065,0.587424331799168,0.556918756274947,0.99354618231587
"gene-AM1_RS09050",2169.89977329202,-1.00820869793356,0.407054914345044,-2.47683706154432,0.013255239957647,0.114970116737523
"gene-AM1_RS09055",739.419267739354,1.53356666132187,0.406262256496877,3.77481943448433,0.000160123605023543,0.00280670390656193
"gene-AM1_RS09060",639.319090523874,-0.465097796913049,0.348336762746722,-1.33519584107528,0.181812257696131,0.730296652980082
"gene-AM1_RS38600",1361.68225230463,-0.449413573291412,0.313359413899112,-1.43417926303661,0.151521113166004,0.659549278362326
"gene-AM1_RS09065",336.542597011528,-2.16065320530298,0.404388292763061,-5.34301621478679,9.14125827780141e-08,4.12903604671153e-06
"gene-AM1_RS09070",88764.1630710226,-0.7240812930736,0.385244616086899,-1.87953643694859,0.0601712831366327,0.364253375853925
"gene-AM1_RS38605",1877.71134112184,-0.807404462228504,0.388334016237398,-2.0791494653276,0.037603614778891,0.257826027060132
"gene-AM1_RS09075",81.2124858177206,-0.351312024185022,0.37175341531287,-0.94501357543509,0.344651945389292,0.927426881680544
"gene-AM1_RS09080",200.099773888367,-0.258195839167641,0.342985277651125,-0.752789860065862,0.451576200998519,0.982825588333525
"gene-AM1_RS09085",13.7923110274728,0.0800939854163528,0.633702140223785,0.126390586890031,0.899422752973394,NA
"gene-AM1_RS09090",20.0503514751793,1.45709907747212,0.56034076306454,2.60038029270466,0.00931205014523813,0.0879917372895
"gene-AM1_RS09095",117.957046813948,2.43473923587489,0.472800938842023,5.14960744756136,2.61032203230694e-07,1.07187489326618e-05
"gene-AM1_RS09100",41.1447957328214,-0.190207525162648,0.418573594804033,-0.454418356828503,0.649527742468522,0.997177134360943
"gene-AM1_RS09110",272.585312051719,-0.462330382319292,0.356725029599656,-1.29604133143714,0.194961245711413,0.750301207030702
"gene-AM1_RS09115",24.4545090943967,-0.0678661473810566,0.484608491194732,-0.140043248548416,0.888625819662966,0.997177134360943
"gene-AM1_RS09120",57.4208036125182,0.129446602750677,0.417918669993819,0.30974113396894,0.756757819627363,0.997177134360943
"gene-AM1_RS09125",88.3933984327666,0.362347322800315,0.383829073193633,0.944033029560322,0.345152769989406,0.927426881680544
"gene-AM1_RS09130",73.4589597965793,0.175330455943625,0.41654653264808,0.420914453012033,0.67381755095627,0.997177134360943
"gene-AM1_RS09135",334.668216124008,1.08490481375693,0.394627004775339,2.74919050300312,0.00597426529065324,0.0606935740254599
"gene-AM1_RS09140",427.745617808443,1.29436172847323,0.434133024823081,2.9814864441624,0.00286852745994885,0.0328342948242098
"gene-AM1_RS09145",1593.85851993771,0.607085723320745,0.384009616558788,1.58091281348889,0.113897974125304,0.556942782378983
"gene-AM1_RS09150",3983.06317814539,-0.626986539807798,0.364384513951954,-1.72067284914987,0.0853102058841167,0.461272126106384
"gene-AM1_RS09160",12826.3383475049,1.74523918276056,0.394287437816638,4.42631191200208,9.58578889124012e-06,0.00025241144560252
"gene-AM1_RS09165",314.91242536078,0.407762864745608,0.387904567720761,1.05119376949215,0.293169604147491,0.892154652167842
"gene-AM1_RS09170",84.983347204122,-0.14565631002382,0.391547678978813,-0.372001464556508,0.709891758923521,0.997177134360943
"gene-AM1_RS09175",256.574360772745,0.0457896167804793,0.38911915805998,0.117675051027483,0.90632513580211,0.997177134360943
"gene-AM1_RS09180",75.3683350406016,-0.353053950276103,0.426890232851845,-0.827036842509893,0.408216179612466,0.958434788758258
"gene-AM1_RS09185",77.3771906266585,-0.231230499525167,0.510559286856546,-0.452896471531888,0.650623291831709,0.997177134360943
"gene-AM1_RS38615",338.876519134569,-0.436969185789585,0.373457618793434,-1.17006365327703,0.241975353993136,0.828501037112358
"gene-AM1_RS43945",307.505966260134,-0.515850696481105,0.457389203109913,-1.12781563922737,0.259397787148191,0.854151227581448
"gene-AM1_RS09195",128.530948395875,0.995277903882097,0.368676452141769,2.69959716195646,0.00694234807144756,0.0692113206715451
"gene-AM1_RS09200",133.081324614177,2.09054377059356,0.448451401747552,4.66169525270076,3.13615339629184e-06,9.63749339587971e-05
"gene-AM1_RS42100",29.32214616811,-0.0722720479659754,0.56578474405825,-0.127737710719423,0.898356545700215,0.997177134360943
"gene-AM1_RS09205",364.991198903235,-0.0500688359158162,0.348688804383879,-0.143591750828611,0.885822855033751,0.997177134360943
"gene-AM1_RS09210",329.925358557024,-0.323140324341783,0.376349390466863,-0.858617902744377,0.390551357662513,0.95118937046631
"gene-AM1_RS09215",41.869282659739,-0.467333961908283,0.413123340759582,-1.13122139516259,0.257961918978353,0.853675284476279
"gene-AM1_RS09220",78.1877709442811,-0.10393693468851,0.396955589895461,-0.261835170820701,0.793448522327094,0.997177134360943
"gene-AM1_RS09225",150.629867007351,-0.0423049790448153,0.443257871907759,-0.0954410101342066,0.923964543353129,0.997177134360943
"gene-AM1_RS09230",432.996459933452,-0.127229919439169,0.403406942499352,-0.315388522197714,0.752466680449481,0.997177134360943
"gene-AM1_RS09235",58.3868800057441,-1.98543627409771,0.802152220945249,-2.47513654173779,NA,NA
"gene-AM1_RS09240",18.9857881344607,-0.687010666428645,0.603542449769415,-1.13829717643079,0.254996412629605,0.850461733857687
"gene-AM1_RS09245",23.866084764591,-0.51379797245146,0.467539239941174,-1.09894085577952,0.271793864481275,0.865026326414118
"gene-AM1_RS09250",192.843689635452,-0.633514925396553,0.419694367545984,-1.50946730379254,0.131179404761321,0.602727280718682
"gene-AM1_RS09255",40.6703195285333,-0.268756964952537,0.434050526429625,-0.619183594046653,0.53579541842433,0.99354618231587
"gene-AM1_RS09260",22.447213090044,-0.313983875605295,0.470336898281435,-0.667572280109347,0.504406656982153,0.989201002062665
"gene-AM1_RS09265",472.623949794497,-0.172911209638747,0.435050009086844,-0.397451341287596,0.691034661737214,0.997177134360943
"gene-AM1_RS09270",659.08314098674,1.42158029400619,0.375413224685061,3.7867080873317,0.000152656261539602,0.00271635626594104
"gene-AM1_RS09275",175.833054346181,1.51710291609293,0.343572702774074,4.41566778688627,1.00698635909364e-05,0.000261638225690172
"gene-AM1_RS09285",29.3618851672535,0.656871611051697,0.524964840236394,1.25126781968085,0.210836782033642,0.773770990063465
"gene-AM1_RS09290",29.4928346025664,0.509067999693498,0.494780500805538,1.02887643887481,0.303537741293927,0.895215277186309
"gene-AM1_RS09295",19.4410017714708,0.00126798427680625,0.507623538730693,0.0024978831359492,0.998006979683685,0.999709482207881
"gene-AM1_RS09300",19.9202753286405,-0.152672166314144,0.526913434020145,-0.289748099890554,0.772008955563674,0.997177134360943
"gene-AM1_RS09305",33.0629904311646,0.0775981596680631,0.449757966568221,0.172533152131042,0.863018400497801,0.997177134360943
"gene-AM1_RS09310",118.67285291185,-0.046200159476244,0.355826735589952,-0.129838921180684,0.896693868889711,0.997177134360943
"gene-AM1_RS09315",317.388505483477,-0.116083870423769,0.341507736792831,-0.339915784965625,0.733919949015891,0.997177134360943
"gene-AM1_RS09320",894.04505648128,-0.350053838393764,0.43732950147783,-0.800434997435245,0.423458810857717,0.968993062826186
"gene-AM1_RS09325",109.842930756298,0.73099842690401,0.401916453071594,1.81878204118654,0.0689446893143727,0.397684887675832
"gene-AM1_RS09330",55.0064189082785,-0.0969355065416729,0.500020956419457,-0.193862887739361,0.846283243651206,0.997177134360943
"gene-AM1_RS09335",307.765505423314,0.145791156958945,0.325496469476686,0.447903957893429,0.654222511851698,0.997177134360943
"gene-AM1_RS09340",638.177817012481,5.16880265678606,0.572899562229289,9.02217944917433,1.84383874486343e-19,9.02251759153173e-17
"gene-AM1_RS09350",166.420039782607,0.25400352702879,0.527591737149008,0.481439547179739,0.630204135255886,0.997177134360943
"gene-AM1_RS09355",120.857120442045,0.0280015160299475,0.356964326583132,0.0784434576361689,0.937475305814305,0.997177134360943
"gene-AM1_RS09360",958.680558735018,0.153785378124616,0.399081511457356,0.385348290285427,0.699979388237178,0.997177134360943
"gene-AM1_RS39745",15.4585037109389,0.438702554309657,0.566424614596597,0.774511811465144,0.438628186093582,NA
"gene-AM1_RS39750",60.399175841326,0.662036818917192,0.423170461438698,1.56446840988474,0.117707606065266,0.568914500333074
"gene-AM1_RS09395",143.543860347777,0.0516910480878223,0.346542579582421,0.149162184197132,0.881425658753443,0.997177134360943
"gene-AM1_RS09400",23.7502487726419,-0.209003308724333,0.494644099253976,-0.422532703896705,0.672636234999764,0.997177134360943
"gene-AM1_RS09405",116.768792861312,0.0930254588809143,0.402679910161055,0.231015892607377,0.817302455433933,0.997177134360943
"gene-AM1_RS09415",112.174767340762,0.392685673061793,0.3752612794061,1.0464326979945,0.295361302813246,0.892154652167842
"gene-AM1_RS09420",52.2716731206184,0.111710631787733,0.406234447879208,0.274990543935727,0.783323503201202,0.997177134360943
"gene-AM1_RS09425",983.519619661465,-0.168968553119352,0.477775395719196,-0.353656874408535,0.723596045662962,0.997177134360943
"gene-AM1_RS09430",50.2347501717571,-0.328038863955383,0.671145754199946,-0.488774400944291,0.625001423299022,0.997177134360943
"gene-AM1_RS09435",58.838003048499,0.345938591426406,1.35883550283225,0.25458459887555,0.799043955640873,0.997177134360943
"gene-AM1_RS42105",36.5408236579849,0.365806351236279,1.39634179159521,0.261974792588837,0.793340876264489,0.997177134360943
"gene-AM1_RS44415",19.4354659452306,0.6196967905015,0.789030582949533,0.785390077257799,0.432224896783896,0.971610964391193
"gene-AM1_RS09445",158.520107412888,-0.367069613419702,0.36044538313388,-1.01837790299387,0.308498399237791,0.898083252146036
"gene-AM1_RS09450",273.67880818188,1.00183073570503,0.382060296891472,2.62217965032259,0.00873693625394249,0.0841037535789349
"gene-AM1_RS09455",209.612649707324,1.53893493972654,0.434733952136386,3.53994651709131,0.000400208126967948,0.00608814021128443
"gene-AM1_RS09460",75.7154404882897,0.447286402451653,0.470750297987426,0.950156387290488,0.342032795304907,0.925459249437562
"gene-AM1_RS09465",182.991469890844,-0.186644514313082,0.352281508177306,-0.529816382582144,0.596239245447584,0.997177134360943
"gene-AM1_RS09470",188.811882355451,0.205739802122198,0.350476405283584,0.587028966916407,0.557184252378996,0.99354618231587
"gene-AM1_RS09475",3560.50256093848,0.145071702341748,0.402943331774499,0.360030036240768,0.718824671947523,0.997177134360943
"gene-AM1_RS09480",250.824617495435,-0.363375262240292,0.35815123373509,-1.01458609663499,0.310303169593045,0.89847150485718
"gene-AM1_RS09485",101.85219009843,-0.396800181558715,0.433664204292326,-0.914994084435058,0.360194735661499,0.935188336921102
"gene-AM1_RS09490",162.846300484611,-0.295766540391344,0.429169663432646,-0.689159942074429,0.490722622033685,0.988029326430846
"gene-AM1_RS09495",242.836708275391,-0.309534314239833,0.379234279698059,-0.816208688956811,0.414380788094863,0.961832601842463
"gene-AM1_RS09500",1196.32440906595,-0.243808627785745,0.364368412968339,-0.669126683620983,0.503414669752453,0.989201002062665
"gene-AM1_RS38635",1558.40969069454,-1.06861690818625,0.435477701484928,-2.45389581267283,0.0141317919267494,0.121276962404925
"gene-AM1_RS09505",222.216191729845,0.167863894154289,0.342192483992218,0.49055400690246,0.623741923069911,0.997177134360943
"gene-AM1_RS09510",1219.21315730572,-0.281876741662451,0.429134859816655,-0.656848855818614,0.51127810648164,0.989201002062665
"gene-AM1_RS09515",2702.61447843956,-0.205711973446717,0.378606280366969,-0.543340097917363,0.586895660996984,0.997177134360943
"gene-AM1_RS09520",2688.68541295158,-0.298378979739205,0.492883688301041,-0.605374019918797,0.544930509323619,0.99354618231587
"gene-AM1_RS38640",832.725126598203,-0.197309170521989,0.38946209384018,-0.506619703541565,0.612421680560077,0.997177134360943
"gene-AM1_RS09525",745.506160780013,0.861385171591311,0.385055500513763,2.23704159645038,0.0252836215062446,0.188887309776932
"gene-AM1_RS09530",8095.9593318694,1.92368930582545,0.45102259977634,4.26517275803784,1.9974758340878e-05,0.000474865510030913
"gene-AM1_RS09535",12822.6224317169,1.89428593128512,0.457681420900015,4.13887443270051,3.49013896141328e-05,0.000756239704111395
"gene-AM1_RS09545",90.7147401434969,0.517852942536747,0.418899835227022,1.23622140423163,0.216376276599634,0.785842355797057
"gene-AM1_RS09550",12000.0258303575,-2.98495212271583,0.385786678241605,-7.73731259026642,1.01540195549273e-14,2.29324626255897e-12
"gene-AM1_RS09555",481.98623061678,1.43020174897414,0.47658567702405,3.00093313316666,0.00269153662110709,0.031296441661665
"gene-AM1_RS42110",12.000439606494,0.267771089122357,0.596606216230951,0.44882383360669,0.653558744247647,NA
"gene-AM1_RS09560",23.0233228394383,0.1750660709635,0.473257316573266,0.369917304672874,0.711444107351764,0.997177134360943
"gene-AM1_RS09570",804.991580753614,0.0321140602923045,0.359982647315415,0.0892100231269378,0.92891499983705,0.997177134360943
"gene-AM1_RS09575",299.935727478235,1.51164519750746,0.409279929482175,3.69342615803322,0.000221252777857938,0.0036189312300329
"gene-AM1_RS09580",112.945114235577,-0.0205188985384468,0.392119382691295,-0.0523281924948881,0.958267189722038,0.998743053797802
"gene-AM1_RS09585",373.57947701772,-1.54620121768024,0.398143659455487,-3.8835259107099,0.000102952555149787,0.00193142940523818
"gene-AM1_RS44420",16.8108502928643,-1.52733722890351,0.555164411693303,-2.75114397957352,0.00593875346762075,NA
"gene-AM1_RS09590",20.8540339933778,0.104540519282683,0.476706319218278,0.219297531977577,0.826418284311786,0.997177134360943
"gene-AM1_RS09595",69.8566632824689,-0.153555927836976,0.387799767238666,-0.395967044875693,0.692129339830535,0.997177134360943
"gene-AM1_RS09600",422.295413409943,-0.211092985322092,0.48650276355331,-0.433898841150078,0.6643619013178,0.997177134360943
"gene-AM1_RS09605",57.8563476640302,0.101354975995631,0.501243265687623,0.202207157549715,0.839754777794641,0.997177134360943
"gene-AM1_RS09615",55.1800220538321,-0.296934714911181,0.433479026855332,-0.685003648423985,0.493341618715129,0.988029326430846
"gene-AM1_RS09620",70.856418844281,0.510362963760015,0.45026488343709,1.13347272357588,0.257015789430527,0.853255764972434
"gene-AM1_RS09625",36.3538875618394,0.000993290284933004,0.524731771993841,0.00189294862241477,0.998489646421779,0.999851175142864
"gene-AM1_RS09630",66.666457971084,0.156052690380408,0.406228194806182,0.384150318406292,0.700867038562842,0.997177134360943
"gene-AM1_RS09635",1049.60591823099,0.0956186469638167,0.344900832051377,0.277235187851252,0.781599522130266,0.997177134360943
"gene-AM1_RS09640",20.426402750913,0.159896868006906,0.543276995346819,0.294319231950601,0.76851397816211,0.997177134360943
"gene-AM1_RS09645",35.2731016267641,-0.440689828399211,0.71058691585292,-0.620177234575519,0.535141107790254,0.99354618231587
"gene-AM1_RS09650",1032.35147991675,-0.687428709730145,0.469246133245563,-1.46496403705133,0.142930729809062,0.635343864828774
"gene-AM1_RS09655",56.2152642616999,0.242638254276349,0.412592155709215,0.588082567540025,0.556476873464282,0.99354618231587
"gene-AM1_RS09660",75.9003523451974,-0.014959673868822,0.438320144419205,-0.0341295604577889,0.972773836374274,0.999088916092384
"gene-AM1_RS09665",549.115818569627,-0.275310577052399,0.36195156581842,-0.760628225022001,0.446879156284022,0.979391811661579
"gene-AM1_RS09670",2811.16519483702,-0.765003324031819,0.458128891097251,-1.66984300466094,0.094950429353672,0.495599041035344
"gene-AM1_RS09675",1859.83664331913,-0.835694996571085,0.352717195694054,-2.3693060808296,0.0178214979737484,0.146156195672976
"gene-AM1_RS09680",1836.871270927,-0.788170708236702,0.390444483585401,-2.01864987564694,0.0435236231905586,0.286835819724983
"gene-AM1_RS09685",339.92829609289,-1.03926720351884,0.425524437781124,-2.44232084281232,0.0145931708222868,0.124189998649954
"gene-AM1_RS09690",171.181422920214,-0.680903170161991,0.435636576014165,-1.56300734982329,0.118050866079231,0.568914500333074
"gene-AM1_RS09695",481.367140200454,-2.96509062875414,0.398399230848036,-7.44251092664667,9.87892849106997e-14,1.56781265133954e-11
"gene-AM1_RS38645",690.86440153216,-0.451689498999411,0.354118751333313,-1.27553115246998,0.202121305023698,0.761799309864981
"gene-AM1_RS09715",64.5102573328273,-0.339541588027126,0.38322084220299,-0.886020671723466,0.37560638802918,0.943274624431326
"gene-AM1_RS09720",109505.027116197,-1.09706403972768,0.385602401593672,-2.84506537094576,0.0044402309477303,0.0472337610961455
"gene-AM1_RS09725",55.6397518274986,-0.387498485262276,0.455529860613545,-0.850654410976178,0.394961354722045,0.953847172404751
"gene-AM1_RS09730",1798.36163394104,1.37936244062245,0.326253344988026,4.22788750464177,2.35895676731105e-05,0.000536891245645367
"gene-AM1_RS09735",1798.80723780121,1.11499991010413,0.342770134370717,3.25290857720476,0.00114230242758141,0.0152792707397677
"gene-AM1_RS09740",755.786202934386,0.0356086581405757,0.459438106297734,0.0775047991284812,0.938221973607555,0.997177134360943
"gene-AM1_RS09745",498.099784006411,-0.216195146219113,0.342435365967562,-0.631345847144751,0.527814415723973,0.99354618231587
"gene-AM1_RS09750",249.337630557315,0.706118267223685,0.38079265431323,1.85433794277673,0.0636908270229035,0.377770238665141
"gene-AM1_RS09755",68.1614385429862,0.940812206051487,0.465165814552067,2.02253084087326,0.043121540785449,0.28450526684512
"gene-AM1_RS09760",66.8798251346655,-0.089305939876894,0.395300675217682,-0.225919016778091,0.821264406914633,0.997177134360943
"gene-AM1_RS09765",514.596497853367,0.117674630649366,0.375670491096683,0.313238951257104,0.754099127539135,0.997177134360943
"gene-AM1_RS09770",619.782066728843,1.91513002429866,0.398687725878107,4.8035841085416,1.55850377117792e-06,5.31360716749292e-05
"gene-AM1_RS09775",869.952696980485,0.803558680685847,0.376186545010043,2.13606438439842,0.0326741662588751,0.230604211865523
"gene-AM1_RS09780",291.748233830894,1.34904166227027,0.362079017344876,3.72582115407512,0.000194680407335514,0.00325687564636506
"gene-AM1_RS09785",301.313770236158,0.748445303187028,0.416083662068262,1.79878560832374,0.0720526007383285,0.411568941182359
"gene-AM1_RS09790",350.189134210016,0.186316758328279,0.352152500032419,0.529079754683346,0.596750125014266,0.997177134360943
"gene-AM1_RS09795",1475.2234532513,0.0113993828770364,0.333151763854961,0.0342167868035036,0.972704280445523,0.999088916092384
"gene-AM1_RS09800",245.619775772786,-0.581215241965478,0.518917384610149,-1.12005351757897,0.262690956879169,0.856577511684301
"gene-AM1_RS09805",202.1571118422,-0.123243061882717,0.359888967702783,-0.342447457251589,0.732014179201345,0.997177134360943
"gene-AM1_RS09810",133.928633178132,-0.396055512272799,0.476327872241728,-0.831476668389894,0.405704403375358,0.95733018878343
"gene-AM1_RS09815",135.375378353171,-0.343294753148715,0.385157429196122,-0.89131022051222,0.372762767109641,0.942161630815008
"gene-AM1_RS09820",495.9372820949,0.0893788350237278,0.367604487277087,0.243138585401319,0.807898041060207,0.997177134360943
"gene-AM1_RS09825",720.948416799504,-0.0161521679396531,0.371380254209681,-0.0434922636746692,0.965309131385766,0.999088916092384
"gene-AM1_RS09830",303.338474694208,-0.296543553573875,0.341740088483091,-0.867745879303086,0.385533463689638,0.948806579541305
"gene-AM1_RS09835",358.066888634921,-0.0809250795693201,0.41468765320003,-0.195147067786667,0.845277816067704,0.997177134360943
"gene-AM1_RS09840",352.841271192377,0.871532096871619,0.364509925079056,2.3909694548992,0.0168039508285598,0.139961417397593
"gene-AM1_RS09845",697.347856836957,0.232856507286112,0.347142974910318,0.67077983458046,0.502360795604131,0.989201002062665
"gene-AM1_RS09850",418.363538504886,-0.162715431849924,0.34992187550896,-0.465005028946118,0.641927855256323,0.997177134360943
"gene-AM1_RS09855",1163.21989457866,0.247168834413322,0.365895203224126,0.675518105280875,0.499346652418502,0.989201002062665
"gene-AM1_RS09860",209.242100832777,0.0828504293017408,0.36308201640683,0.228186540665533,0.819501224441317,0.997177134360943
"gene-AM1_RS09865",152.693220627818,-0.0422748768817442,0.366672394437646,-0.115293317749158,0.908212634707894,0.997177134360943
"gene-AM1_RS09870",68.4530483746716,0.197226046916479,0.413580059526829,0.476875135474671,0.633451038631762,0.997177134360943
"gene-AM1_RS09875",102.318429553012,0.296197924832602,0.407905826715976,0.726142911998274,0.467751164699865,0.982825588333525
"gene-AM1_RS09880",297.654588824292,-0.359215370100205,0.465261304122556,-0.772072310586103,0.440071600904097,0.977667369113699
"gene-AM1_RS09885",89.8425608793932,0.0972710114586633,0.403705713531498,0.240945342605546,0.809597478842036,0.997177134360943
"gene-AM1_RS09890",55.5755742215963,-5.40728648394666e-05,0.410509266397897,-0.000131721423279773,0.999894901510342,0.999967049861105
"gene-AM1_RS40915",9.48399678034536,-0.570815286268172,0.645135437024094,-0.884799149929278,0.376264968035426,NA
"gene-AM1_RS40920",43.0157645298785,0.119220512179666,0.466426607512377,0.255604011991325,0.798256620173513,0.997177134360943
"gene-AM1_RS40925",158.049187238487,-0.0544672759125434,0.500895825456079,-0.108739728191884,0.91340893013112,0.997177134360943
"gene-AM1_RS09895",249.183436295723,0.0507619078150268,0.391294323399724,0.129728198901499,0.896781471591291,0.997177134360943
"gene-AM1_RS40930",14.7015694670964,-0.583147464412188,0.597660548596674,-0.975716844254546,0.329204802628703,NA
"gene-AM1_RS09900",11.3612442340122,-0.156877204257118,0.617526666395101,-0.254041182015525,0.799463742807264,NA
"gene-AM1_RS09905",8.93344924821101,-0.101484572416986,0.73086602044217,-0.138855234172179,0.889564546140264,NA
"gene-AM1_RS09910",10.2222305147998,0.471350458111616,0.672697864166624,0.700686717201862,0.483498547245552,NA
"gene-AM1_RS09915",24.4437202018846,0.722743097893621,0.55066595500867,1.31248916211325,0.189355140456958,0.737819100705547
"gene-AM1_RS09920",90.5154586482298,1.46233522218536,0.505795638551764,2.89115822819753,0.00383824819497302,0.0416602465820362
"gene-AM1_RS09925",88.9875383890492,0.367430299302018,0.438776207464473,0.837397956067999,0.402368914266057,0.955451821303974
"gene-AM1_RS09930",204.384140935922,-1.13709918051435,0.450150701936963,-2.52604111383477,0.011535598046161,0.103573443007733
"gene-AM1_RS09935",34.2942890525944,0.132027875946037,0.454132643601811,0.290725359223022,0.771261375068234,0.997177134360943
"gene-AM1_RS09940",312.360975959653,0.0920665454502945,0.460350546433718,0.19999225842898,0.841486635696055,0.997177134360943
"gene-AM1_RS09945",461.475070059675,-0.15509032965152,0.405203844786881,-0.38274644144379,0.701907776394882,0.997177134360943
"gene-AM1_RS09950",292.696084038242,-0.236988750133015,0.360982800438296,-0.656509811119171,0.511496156990197,0.989258744326754
"gene-AM1_RS09955",12.1341673555793,-0.92347777366933,0.586259177777813,-1.5752039518933,0.115209375313606,NA
"gene-AM1_RS09960",57.3326217261762,-0.363739841911827,0.403735753719789,-0.900935422638539,0.367622655920055,0.941245946653286
"gene-AM1_RS09965",52.9016356234298,0.0546213833791254,0.554668985992857,0.0984756399915766,0.921554614397932,0.997177134360943
"gene-AM1_RS09970",154.257526813368,-0.596817699813217,0.409611211906276,-1.45703457929217,0.145106835252447,0.639997850598616
"gene-AM1_RS09975",68.3938650748755,0.581101607779212,0.442192205848007,1.31413806054047,0.188799747922697,0.73712242008117
"gene-AM1_RS09980",52.9271233379978,0.372698501045747,0.477170176896108,0.781059921787386,0.434767252483954,0.972183285066938
"gene-AM1_RS09985",271.42105479151,-0.325921738282164,0.512767033063081,-0.635613674957276,0.525028254124082,0.992659241707204
"gene-AM1_RS42115",10.3431269368643,-0.231928397466963,0.626030494602678,-0.370474600624943,0.711028898128518,NA
"gene-AM1_RS09990",125.960423519078,-0.290993897687732,0.533002429839828,-0.545952291015218,0.585098732449872,0.997177134360943
"gene-AM1_RS09995",232.714584644488,-0.52546666839328,0.621416557585293,-0.845594894405686,0.397778774726177,0.953847172404751
"gene-AM1_RS10000",127.873411168375,-0.518905917479982,0.537553339684286,-0.965310563942815,0.334389282177209,0.919335313668911
"gene-AM1_RS10005",57.135216917842,-0.583812915553002,0.53818346461095,-1.08478419338847,0.27801724791518,0.870792177529596
"gene-AM1_RS10010",65.9773444712762,-0.648910122640682,0.640154755756701,-1.01367695358856,0.310736924533732,0.898528284146969
"gene-AM1_RS10015",17.2934441737292,-0.370265919297434,0.535439371038282,-0.691517918414262,0.489240124223389,NA
"gene-AM1_RS37560",87.2607013233624,-0.139374375491671,0.384124388157726,-0.362836570101979,0.71672697182187,0.997177134360943
"gene-AM1_RS10025",15.3995852942545,-0.0393424344240627,0.544781535917887,-0.0722169013268332,0.942429294978454,NA
"gene-AM1_RS10035",24.5399938252831,-0.0540809870586017,0.726673765515543,-0.0744226496469617,0.940674086964231,0.997177134360943
"gene-AM1_RS10040",135.628478360163,-0.0484626512980009,0.466604577497877,-0.103862357197345,0.917278580099831,0.997177134360943
"gene-AM1_RS10045",42.0049721099142,-0.65641404560225,0.457169967191134,-1.4358205759562,0.151053403307577,0.658754905190865
"gene-AM1_RS10050",19.5542115286761,-0.420120429894609,0.583749062679218,-0.719693540862222,0.471713704037795,0.983283656549519
"gene-AM1_RS10055",54.7736047930915,-0.139204406362698,0.428880885473068,-0.324575916245723,0.745502057209612,0.997177134360943
"gene-AM1_RS10060",30.2856899170537,-0.0389347284468918,0.454182636308597,-0.0857248281513726,0.931685164766019,0.997177134360943
"gene-AM1_RS10065",97.5505126491326,-0.299229462650847,0.422829994702955,-0.707682677197631,0.479142337240708,0.986441366799053
"gene-AM1_RS10070",97.5923198680321,0.28505094647432,0.381866344016726,0.746467843895233,0.455384849421625,0.982825588333525
"gene-AM1_RS10080",18.4608417417648,0.0561698135842932,0.501988860604496,0.111894541876195,0.910907024378027,0.997177134360943
"gene-AM1_RS10085",13.1423334977145,-0.357537758141006,0.629843547964584,-0.567661222054957,0.570265027376723,NA
"gene-AM1_RS10090",38.8633463830816,-0.337157942258873,0.418222859935307,-0.806168133207798,0.420145910338616,0.96716903441462
"gene-AM1_RS10095",23.9526928051024,-0.013130859491149,0.490776650585791,-0.0267552653034246,0.978654933548336,0.99966258039135
"gene-AM1_RS10100",7.80125887995785,0.822446696091944,0.668349530307677,1.23056373767978,0.218486074714461,NA
"gene-AM1_RS10105",16.2547658042757,0.208570910233537,0.546670947163506,0.381529165425275,0.702810633967324,NA
"gene-AM1_RS10110",17.185151036878,-0.0438370320085314,0.541532058836739,-0.0809500218744158,0.93548169875991,NA
"gene-AM1_RS10120",152.028588420916,0.102275092839006,0.436539681117094,0.23428590174732,0.814763030158414,0.997177134360943
"gene-AM1_RS10130",14.6481515916366,0.447435583565279,0.581072268142923,0.770017101306968,0.441289748436189,NA
"gene-AM1_RS10135",11.0385781602759,0.472429980970807,0.583546707800746,0.809583833916719,0.418179402431675,NA
"gene-AM1_RS10140",11.4075761258898,-0.00512243733274558,0.649341465470828,-0.0078886650631981,0.993705821223009,NA
"gene-AM1_RS10145",14.5469991545798,0.0549085564718335,0.615042666771721,0.0892760119554654,0.92886255761915,NA
"gene-AM1_RS10155",55.813852499439,-0.092837677141493,0.469306989546806,-0.197818654333581,0.843186950531578,0.997177134360943
"gene-AM1_RS10160",438.366773192497,-0.475642822737255,0.483462889915543,-0.983824886374103,0.325201620861274,0.909277656996151
"gene-AM1_RS10165",502.225490911325,-0.348247460700931,0.379431161929487,-0.917814601547273,0.358715936508095,0.934960229293754
"gene-AM1_RS10170",656.624273707512,-0.264589483722578,0.397091130429462,-0.666319299140273,0.505207032515637,0.989201002062665
"gene-AM1_RS10175",39.2557990089339,-0.300957274765891,0.56506427056374,-0.532607157174597,0.594305546675263,0.997177134360943
"gene-AM1_RS10180",177.356838166079,-0.352629481673268,0.407871202322557,-0.864560870356318,0.387279857191669,0.950568024953625
"gene-AM1_RS10185",19.339525116507,0.608206521908582,0.604409200346714,1.00628269979956,0.314279600100377,0.901979380151228
"gene-AM1_RS10190",53.9210000679614,0.553702245487782,0.522447778535306,1.05982314067848,0.289225067119574,0.887722382783587
"gene-AM1_RS10195",21.0725028830015,0.292891291526489,0.532079420296911,0.550465363541123,0.582000227299135,0.997177134360943
"gene-AM1_RS43170",7.27985680872428,0.289316422710364,0.677373357926379,0.427115149016252,0.669295459483173,NA
"gene-AM1_RS10210",39.3583876866928,0.53967863542643,0.445966605942358,1.21013239160823,0.226228095608043,0.803151746756207
"gene-AM1_RS10220",139.856869624538,1.41159568003049,0.471369596971471,2.99466849177361,0.00274743265781496,0.0318203640368628
"gene-AM1_RS40940",437.833298201817,1.3933447241625,0.558758771125379,2.49364268833974,0.0126439753241806,0.111145842969444
"gene-AM1_RS10225",453.620044289509,0.763537283929623,0.382954290713914,1.99380788371953,0.0461730536896768,0.297943045347013
"gene-AM1_RS10230",212.8040968022,0.463419917718914,0.496333924233242,0.933685760921592,0.350466012131047,0.93119295168937
"gene-AM1_RS10245",45.3845454361164,0.123364556906166,0.452853304998124,0.272416156721384,0.785302051039628,0.997177134360943
"gene-AM1_RS10250",282.939329552437,-3.3046738913475,0.727855668818017,-4.54028735767633,5.61776108139205e-06,0.000159359869903063
"gene-AM1_RS10255",324.280089570494,-3.84488863193407,1.22385725739829,-3.14161525675603,0.00168018663754813,0.0211264581063867
"gene-AM1_RS10260",68.3617928430092,-2.74437227678624,0.775625314725023,-3.53827063749097,0.000402757018767045,0.0061110832408271
"gene-AM1_RS39765",34.4439043075673,-0.0410237359325923,0.446133218806385,-0.0919540043271155,0.92673458392447,0.997177134360943
"gene-AM1_RS10275",67.0605725049264,1.14836893036882,0.66329229659352,1.73131654968182,0.0833953212917937,0.454686468547273
"gene-AM1_RS10280",25.5576792198255,0.731288849887993,0.519289373963924,1.40824920854012,0.159057289730007,0.679801633695542
"gene-AM1_RS10285",13.2732599260964,0.303567127882636,0.556138124850071,0.545848440015643,0.58517012276502,NA
"gene-AM1_RS10290",152.481304667745,0.713090962076568,0.405742630078312,1.75749578480066,0.0788333396982502,0.43939196513196
"gene-AM1_RS10295",106.439209145527,-0.126857881617515,0.390283911741708,-0.325039997296815,0.745150800349514,0.997177134360943
"gene-AM1_RS10300",178.174149196189,0.252794209285365,0.420319039678999,0.601434114139646,0.547550882682765,0.99354618231587
"gene-AM1_RS10305",9924.03321561665,0.278508708311417,0.416222234569241,0.66913462371767,0.503409605197919,0.989201002062665
"gene-AM1_RS10310",60.0386587558489,0.0401747991352145,0.427641567632084,0.0939450282105839,0.92515282464115,0.997177134360943
"gene-AM1_RS10315",42.0305258868826,-0.162073600920427,0.431842270404175,-0.375307402790231,0.707431861247936,0.997177134360943
"gene-AM1_RS10320",96.5539489413687,-0.241494114593024,0.366061633001093,-0.659708892770804,0.509440658833036,0.989201002062665
"gene-AM1_RS10325",394.511892422699,-0.202723146941115,0.343499373968169,-0.590170353439715,0.555076445803661,0.99354618231587
"gene-AM1_RS10330",248.039002545313,-2.3058161925883,0.388226521553612,-5.93935773208084,2.8614086669438e-09,1.9312864014131e-07
"gene-AM1_RS10335",67.3323904589591,-0.682634481467013,0.418119147653836,-1.63263147669135,0.102546526982099,0.517313751236156
"gene-AM1_RS10340",474.168526893452,-1.49117081719768,0.416402830353628,-3.5810775251727,0.000342180094479947,0.00525989925336715
"gene-AM1_RS10345",45.8047181444475,-0.536924280516745,0.423834814992088,-1.26682438894683,0.205218089385407,0.76270920401304
"gene-AM1_RS10350",828.77885587996,0.49457923216409,0.335296747839053,1.47504929693352,0.140199290452564,0.628841347694403
"gene-AM1_RS10355",195.634381881642,-0.315930888934669,0.41444676405816,-0.76229546550479,0.445883679640708,0.978877246244682
"gene-AM1_RS10360",1141.19104233827,-0.333300565341237,0.437757767446558,-0.761381270937531,0.446429370817993,0.978877246244682
"gene-AM1_RS10365",25.2611815669667,0.0111538894250789,0.502149419750003,0.0222122917728989,0.982278612593467,0.99966258039135
"gene-AM1_RS10370",274.043151928498,-0.288676313407745,0.462688606346971,-0.62391057278654,0.532686316414211,0.99354618231587
"gene-AM1_RS10375",1021.01430162942,0.0667265426466034,0.539948911140403,0.123579363287673,0.901648332928102,0.997177134360943
"gene-AM1_RS10380",87.8449565590008,-0.0678820459202996,0.400145569596732,-0.16964337750562,0.865290606637425,0.997177134360943
"gene-AM1_RS10385",355.296650540852,0.234799820157345,0.539267263092031,0.43540529200875,0.663268269806066,0.997177134360943
"gene-AM1_RS10390",1694.74635023849,0.250646807787439,0.331362779699451,0.756412075051937,0.449402170504757,0.981364650503509
"gene-AM1_RS10395",1042.20550576083,-0.032427014847891,0.33495018186006,-0.0968114561628712,0.922876125970405,0.997177134360943
"gene-AM1_RS10400",385.559090597143,-0.204587968477714,0.39238830704566,-0.521391603175137,0.602093999683402,0.997177134360943
"gene-AM1_RS10405",45.1485986139572,0.235833112896,0.484065083732,0.487192984624703,0.626121576403135,0.997177134360943
"gene-AM1_RS10410",247.147381386391,0.258613602967808,0.386022822265312,0.669943816922989,0.502893606131096,0.989201002062665
"gene-AM1_RS10415",132.029495001265,0.120621520237511,0.394437211192667,0.305806645049501,0.759751868689391,0.997177134360943
"gene-AM1_RS10420",396.132742364182,-0.101627301750399,0.447178490488204,-0.227263394622241,0.820218935262553,0.997177134360943
"gene-AM1_RS10425",171.426666835878,-0.364580102326786,0.397592214295984,-0.916969923499,0.359158400863202,0.934960229293754
"gene-AM1_RS10430",584.565055006483,-0.356748276572618,0.390572438923112,-0.913398491599271,0.36103299861098,0.935693550077609
"gene-AM1_RS10435",407.402661105609,-0.0987334883585991,0.381533218597616,-0.25878084409402,0.795804338740821,0.997177134360943
"gene-AM1_RS42120",202.138643606734,-0.00163143898589312,0.431781470490194,-0.0037783904530247,0.996985287765971,0.999709482207881
"gene-AM1_RS10445",843.025416284579,2.43631356004905,0.646476278686726,3.76860472745923,0.000164162607635127,0.00283518480009844
"gene-AM1_RS10450",428.145024647682,0.598272039587335,0.402654938057672,1.48581821068253,0.137327211954496,0.618868295162549
"gene-AM1_RS10455",3495.54668044621,0.74365901999185,0.498913846899475,1.49055598399073,0.136078107792202,0.616551426663434
"gene-AM1_RS10460",53.7981997946335,0.14913623097283,0.418131086162861,0.356673387624526,0.721336330477934,0.997177134360943
"gene-AM1_RS10465",37.4913800249861,-0.199195447210575,0.431225483637602,-0.461928746720305,0.644132418376946,0.997177134360943
"gene-AM1_RS44430",38.2272879545232,-1.11817270650749,0.509822003600538,-2.19326097855835,0.028288581359153,0.205074752766601
"gene-AM1_RS10475",970.27849494857,-0.628291666499417,0.383541613165404,-1.63813167837009,0.101394227994549,0.51638066503382
"gene-AM1_RS10480",1110.18325013983,-0.429753306298795,0.423140463657687,-1.01562800821256,0.30980656215787,0.89847150485718
"gene-AM1_RS10485",73.7249463704913,-1.21617538041774,0.681911735499584,-1.78347917641679,0.074508334756171,0.422717818056267
"gene-AM1_RS10490",110.157477392719,-1.14020786020014,0.569065649487048,-2.00364907146991,0.0451076653409272,0.293975816739095
"gene-AM1_RS10495",291.482357871582,-0.128942630678398,0.360649442042459,-0.357528989780658,0.72069582768077,0.997177134360943
"gene-AM1_RS10500",50.4749928403239,0.0156976225968554,0.431681697178042,0.0363638826929025,0.970992212556758,0.999088916092384
"gene-AM1_RS10505",14.943460277055,-0.26167430363606,0.561008155864738,-0.466435827894009,0.640903571273745,NA
"gene-AM1_RS10510",79.6320159528473,-0.285769221409908,0.374653726891363,-0.762755581750217,0.445609175808489,0.978877246244682
"gene-AM1_RS10515",209.901599791203,-0.76335316386817,0.350689743744123,-2.17671938653884,0.0295015109278511,0.211776127345161
"gene-AM1_RS10520",836.972847053381,-3.2842439472282,0.424749020586245,-7.73219898822895,1.05704542400945e-14,2.29887804806797e-12
"gene-AM1_RS10525",1719.92427044547,0.857586135782584,0.409271319819552,2.09539758652205,0.0361356639008343,0.251044236444162
"gene-AM1_RS10530",31.3415522166477,0.000755126199983658,0.498840836756671,0.0015137617940289,0.998792193297088,0.999851175142864
"gene-AM1_RS10535",571.6650880848,-0.788816615428941,0.350391057401175,-2.25124642529275,0.0243699339646422,0.184884046822195
"gene-AM1_RS10540",139.44223463641,-0.472761417216877,0.462560704983158,-1.02205269951344,0.306755958588885,0.897564114226004
"gene-AM1_RS10545",108.371174097891,-0.0157159518476576,0.416058607741496,-0.0377734087343343,0.969868345992341,0.999088916092384
"gene-AM1_RS42125",214.058622853645,-4.27490611355432,0.734610826673091,-5.81928003010048,5.91016465208092e-09,3.54127416704277e-07
"gene-AM1_RS10555",706.830491678167,-3.95787236759853,0.416034401399286,-9.51332955709109,1.84655642938798e-21,1.20477548370736e-18
"gene-AM1_RS10560",331.011387627758,-0.34783522805082,0.374378708628304,-0.929099919504671,0.352837306193054,0.932430540938619
"gene-AM1_RS10565",325.402075889132,-0.115940350392018,0.36506392924442,-0.317589170291303,0.750796590017482,0.997177134360943
"gene-AM1_RS10570",317.177912957887,-0.143749342902965,0.450760290883547,-0.318904184353058,0.749799171212745,0.997177134360943
"gene-AM1_RS10575",102.841203982484,0.382317334706804,0.381247318028251,1.00280662086775,0.315954173723373,0.904169375678628
"gene-AM1_RS10580",113.970162135423,0.37343706630241,0.36746043540133,1.01626469226422,0.309503357294768,0.89847150485718
"gene-AM1_RS10585",171.538860595963,0.0644638470389089,0.415710318603019,0.155069153095688,0.876766800249223,0.997177134360943
"gene-AM1_RS10590",247.822963137983,-0.0494078197219531,0.386089622393098,-0.127969820622758,0.898172856291869,0.997177134360943
"gene-AM1_RS10595",547.650890443034,0.0872695911960279,0.367248836454735,0.237630681252775,0.812167551838618,0.997177134360943
"gene-AM1_RS10600",352.013733257344,-0.722065522763102,0.453439134949189,-1.59241994594052,0.111290377468946,0.54963434525386
"gene-AM1_RS10605",69.3232186702109,-0.427967427074142,0.398869872994024,-1.07294999209066,0.283293554045697,0.878279486095243
"gene-AM1_RS10610",281.902187145245,-0.0587788020974119,0.353821068192761,-0.166125783288262,0.868057963947485,0.997177134360943
"gene-AM1_RS10615",247.497331862964,-0.415308702989999,0.373507335183346,-1.11191578817625,0.26617435974057,0.860679605948432
"gene-AM1_RS10620",214.065247790724,-0.199815677504953,0.352981096803426,-0.56608039159737,0.571339132246999,0.99593231790249
"gene-AM1_RS10625",161.304171003073,-0.242473541022486,0.353957787248441,-0.685035192776521,0.49332171358654,0.988029326430846
"gene-AM1_RS10630",246.440172369583,0.0601771874051622,0.362656164592664,0.16593454980354,0.868208457576678,0.997177134360943
"gene-AM1_RS10635",746.451145128999,0.227741961308222,0.384422220438985,0.592426631967724,0.55356493702569,0.99354618231587
"gene-AM1_RS10640",46.9098977608418,-0.51845389973744,0.497773393173228,-1.04154602646071,0.297622203451466,0.894285546343303
"gene-AM1_RS10645",360.522340170563,0.282364676994744,0.323342173230856,0.87326894037155,0.38251650577045,0.946383626596995
"gene-AM1_RS10650",774.142351547344,0.0587100007501785,0.371980735487943,0.157830756136244,0.87459016250697,0.997177134360943
"gene-AM1_RS10655",1864.30634107519,0.0511276067497494,0.381716365400683,0.13394135380096,0.893448949287651,0.997177134360943
"gene-AM1_RS10660",123.113997836663,-0.212515907789983,0.356535370834247,-0.596058414324289,0.55113620398542,0.99354618231587
"gene-AM1_RS10665",109.017732107106,0.107414024100068,0.407194686947574,0.263790337995979,0.791941480117051,0.997177134360943
"gene-AM1_RS10670",142.073198193729,-0.0199210295098091,0.369431886316345,-0.053923416596343,0.956996180058958,0.99846297925572
"gene-AM1_RS37565",9.12661894534348,0.569381789349127,0.704640646931723,0.808045621308443,0.419064319877251,NA
"gene-AM1_RS10685",460.602690355785,0.0444087148120922,0.350782032130802,0.126599171976781,0.899257652335231,0.997177134360943
"gene-AM1_RS10690",148.889727790484,-0.398692745493739,0.352649082632977,-1.13056510034561,0.258238183546707,0.853675284476279
"gene-AM1_RS10695",1370.06189101053,0.632936185377781,0.342998722772638,1.84530187244263,0.064993638265157,0.382418825916432
"gene-AM1_RS10700",195.960321586253,0.307718847578275,0.455303224197271,0.675854751788335,0.499132868450359,0.989169154080495
"gene-AM1_RS10705",2259.86797936636,0.729405732416141,0.396590119860499,1.83919289939122,0.0658868187004493,0.385367750492821
"gene-AM1_RS10710",402.082748789745,0.59389129231973,0.384073141794579,1.54629737852737,0.122032764796773,0.575652358767851
"gene-AM1_RS39775",34.3683232658102,-0.428799170104876,0.505007359297797,-0.849094893787515,0.39582849149163,0.953847172404751
"gene-AM1_RS10725",1003.30900754007,-2.36582274045718,0.349636433112052,-6.76652235409055,1.31914666034328e-11,1.38321949813138e-09
"gene-AM1_RS10730",6248.29607367401,0.0767617847140234,0.341889005725605,0.224522530495266,0.82235073758038,0.997177134360943
"gene-AM1_RS10735",1861.02273932975,0.0597286640688201,0.331227602922855,0.180325140603488,0.856897319825394,0.997177134360943
"gene-AM1_RS10740",323.458240400959,-0.79060419472297,0.483745683499037,-1.63433849994146,0.102187793906645,0.516472674180188
"gene-AM1_RS10745",121.5503767635,-0.598336015830728,0.375485296699925,-1.59350052076446,0.111047951594187,0.54963434525386
"gene-AM1_RS10750",325.552885231207,-0.101538717216001,0.333066505086436,-0.304860187576201,0.760472638920113,0.997177134360943
"gene-AM1_RS10755",18.2386765473211,-0.801971234011263,0.606413651959811,-1.32248215623024,0.186007647358636,0.731253919654119
"gene-AM1_RS10760",32.73467317225,0.248185896413424,0.484802611802194,0.511931846841384,0.608698708622206,0.997177134360943
"gene-AM1_RS10765",31.9747900833295,-0.00111394932995199,0.444490152593315,-0.00250612825380453,0.998000401052038,0.999709482207881
"gene-AM1_RS10770",206.687223150258,0.324846732775669,0.40081007867626,0.810475459720295,0.417666963696138,0.965187095955815
"gene-AM1_RS10775",97.6850861130571,-0.0488513650986952,0.376075560200621,-0.129897739360237,0.896647332864946,0.997177134360943
"gene-AM1_RS10780",34.1271131020602,-0.121145885399563,0.447427967942481,-0.270760645465814,0.78657512992871,0.997177134360943
"gene-AM1_RS10785",195.918395188801,0.082405973577856,0.51334573611418,0.160527238818883,0.872465766374438,0.997177134360943
"gene-AM1_RS10790",16.1888708156061,-0.372667458208047,0.540667477207791,-0.689272933768166,0.490651527296997,NA
"gene-AM1_RS40955",14.4459682615637,-0.221717259773604,0.556586517516466,-0.398351833535108,0.690370857463333,NA
"gene-AM1_RS10795",53.9413555341104,0.292143599199127,0.407170747205535,0.717496532361782,0.47306777529363,0.983659340128965
"gene-AM1_RS10815",16.6641815550301,0.260637974941552,0.531598817280323,0.490290735173161,0.623928182089649,NA
"gene-AM1_RS10820",31.4606538659336,-0.0185982560310939,0.441523506316072,-0.0421229125177767,0.966400714830971,0.999088916092384
"gene-AM1_RS10825",51.3188523180976,-0.254965483405746,0.41156292535793,-0.619505469750479,0.535583419695587,0.99354618231587
"gene-AM1_RS10835",43.8187649918621,-0.029009692498077,0.433854455298457,-0.0668650330630364,0.946689150287817,0.997177134360943
"gene-AM1_RS10840",35.9106772719485,0.119344297261383,0.461732322479957,0.258470744738827,0.796043624322158,0.997177134360943
"gene-AM1_RS40965",14.6719912475144,0.22484677984216,0.603732290364771,0.372427950981899,0.70957424639261,NA
"gene-AM1_RS39785",52.194199260611,-0.0318551479347787,0.437455535012846,-0.0728191676300159,0.941950017886013,0.997177134360943
"gene-AM1_RS42130",12.2442845800104,-0.496692940973386,0.613636503044418,-0.809425349550029,0.418270525934524,NA
"gene-AM1_RS10855",142.513377460341,-0.18705501321778,0.494639536813012,-0.378164298032029,0.705308545581705,0.997177134360943
"gene-AM1_RS10860",276.806656673835,0.129361222525289,0.331717858069971,0.389973645910865,0.696556034700867,0.997177134360943
"gene-AM1_RS10865",89.3892479809121,0.00705249872606236,0.382867552513513,0.0184202047934408,0.985303634082341,0.99966258039135
"gene-AM1_RS10870",4799.84448435017,-1.82588729228968,0.482643293158789,-3.78309886031912,0.000154887858893871,0.00273946237176147
"gene-AM1_RS10875",43.4927747243459,-2.10333672058698,0.783630370559855,-2.6840929086047,0.00727268926279437,0.0718943288739538
"gene-AM1_RS10880",740.645154267657,-0.516830585262794,0.422014359308296,-1.2246753549095,0.220697563378777,0.795052817276185
"gene-AM1_RS10885",60.3259001583801,-0.213203335812476,0.482735632426443,-0.441656512366452,0.65873778317376,0.997177134360943
"gene-AM1_RS10890",156.40816915542,0.776959376939841,0.382134280625394,2.03321035649637,0.0420312751884271,0.279377114030211
"gene-AM1_RS10895",24.3226366182385,0.438441940229549,0.480100077155991,0.913230305703727,0.361121428227366,0.935693550077609
"gene-AM1_RS10900",134.946857562258,0.797466869777441,0.363478318354233,2.19398745264431,0.0282363116021301,0.204948852568242
"gene-AM1_RS10905",213.517370322494,0.849803531555162,0.404800907096232,2.09931232034799,0.0357893780698244,0.249294457919347
"gene-AM1_RS10910",457.931696611906,-0.284860032721834,0.379220924812748,-0.751171715702375,0.452549319986319,0.982825588333525
"gene-AM1_RS10915",94.1910521375391,0.0377609399680939,0.388941665213247,0.097086384271509,0.922657793556023,0.997177134360943
"gene-AM1_RS10920",45.5269588150837,-0.367255640984268,0.445821293589775,-0.823773216454306,0.410068428727992,0.959469112980649
"gene-AM1_RS10925",341.213134159222,-0.334924939651564,0.464420903947793,-0.721166805379662,0.4708068923892,0.983283656549519
"gene-AM1_RS10930",62.5369082376645,-0.037788390187076,0.440424026376338,-0.0858000198081524,0.93162539073348,0.997177134360943
"gene-AM1_RS40970",58.9737020327147,-0.0290264208674316,0.438908979348152,-0.0661331215199569,0.947271841402418,0.997177134360943
"gene-AM1_RS10935",98.3591447100773,0.0601740580876943,0.452348952377818,0.133025748753,0.894173016907178,0.997177134360943
"gene-AM1_RS10940",495.575370382307,-0.0174565052275355,0.359431641276163,-0.0485669685772686,0.96126439414335,0.998854654019967
"gene-AM1_RS10945",143.810256796222,-0.170860720515035,0.352699467173268,-0.484437138180017,0.628075666972938,0.997177134360943
"gene-AM1_RS10950",3198.04089793468,-0.137032990038625,0.446003092484301,-0.30724672619495,0.758655582005108,0.997177134360943
"gene-AM1_RS10955",74.1711623606462,-0.0508209857835714,0.455466835336957,-0.111579991869164,0.911156437115211,0.997177134360943
"gene-AM1_RS10960",48.0120511072267,-0.0496570100882527,0.445995399397779,-0.111339736139215,0.911346946392269,0.997177134360943
"gene-AM1_RS10965",32.2515788708257,-0.25806106051298,0.471840484241823,-0.546924371967881,0.584430690961264,0.997177134360943
"gene-AM1_RS10970",15206.6348669511,-2.35601348197533,0.3414802686426,-6.89941322624759,5.22177728993344e-12,6.01221102872337e-10
"gene-AM1_RS10975",898.153469559985,-0.141508902815764,0.392021420915751,-0.360972373614695,0.718120099322987,0.997177134360943
"gene-AM1_RS10980",470.17582070918,-0.0563672365667077,0.38813450742588,-0.145226037593351,0.884532408829051,0.997177134360943
"gene-AM1_RS42135",30.7631364829678,0.00397047405266736,0.440483391453821,0.00901390183989178,0.992808044281068,0.999709482207881
"gene-AM1_RS10985",2883.19928954678,0.0807250420371906,0.481413650634761,0.167683325827491,0.86683241450522,0.997177134360943
"gene-AM1_RS10990",33.1090055525716,0.213762175243687,0.490060656634855,0.436195341024817,0.662695007919144,0.997177134360943
"gene-AM1_RS10995",80.631782589204,0.430852942479936,0.432321880442317,0.996602212312552,0.318957631697142,0.90698266989134
"gene-AM1_RS11000",209.819529760941,2.45451136593235,0.432363249485208,5.67696576629676,1.37104897518764e-08,7.59509394556775e-07
"gene-AM1_RS11005",47.9795389321675,1.29330737124301,0.469806233291667,2.75285272862716,0.00590784658768388,0.0601228339044709
"gene-AM1_RS11010",21.9196039358,0.119878967887736,0.529015370247892,0.226607721873112,0.820728787301037,0.997177134360943
"gene-AM1_RS11015",37.6237081227889,0.107351020938996,0.426563581515744,0.251664758996857,0.801300198644158,0.997177134360943
"gene-AM1_RS11020",27.0936630158823,0.0598366679076756,0.475732546949417,0.125777957155489,0.89990769082496,0.997177134360943
"gene-AM1_RS11025",22.4243516002925,-0.0999367255475488,0.486153092405784,-0.205566368102279,0.837129650777202,0.997177134360943
"gene-AM1_RS11030",28.160740241804,0.318485060358901,0.515470818956892,0.617852744804038,0.536672411226108,0.99354618231587
"gene-AM1_RS11040",10.4673733509462,0.0933952097811673,0.714635752039913,0.130689249053903,0.896021137409926,NA
"gene-AM1_RS11045",346.70656913379,-0.166716402927675,0.327589339435334,-0.508918889775362,0.610809078753581,0.997177134360943
"gene-AM1_RS11050",27.4851955140573,-0.170089089603176,0.52691963199233,-0.322798922788385,0.746847528864149,0.997177134360943
"gene-AM1_RS11055",20.9512110144703,-0.155642615545327,0.507941045883443,-0.306418661785096,0.759285901238971,0.997177134360943
"gene-AM1_RS11060",56.6140648271133,-0.00558109753422713,0.41864646084354,-0.0133312903756111,0.989363484294104,0.999709482207881
"gene-AM1_RS11065",1909.69447258548,0.150894837926327,0.345120454364578,0.437223688187792,0.661949132112137,0.997177134360943
"gene-AM1_RS11070",299799.557876394,1.59147717928891,0.397157637800747,4.00716750180529,6.14512831125157e-05,0.00123175813086402
"gene-AM1_RS11075",290686.309833567,1.47889770240218,0.359297513415491,4.11608109486687,3.85368762570788e-05,0.000828895741324419
"gene-AM1_RS11080",117.691441787571,0.814154611785137,0.396142927542781,2.05520420832759,0.0398592848371654,0.268410230004398
"gene-AM1_RS11085",235.813010046051,-0.0209251307675826,0.340794111044574,-0.0614010925935446,0.951039782239605,0.997889813204431
"gene-AM1_RS11090",59.6919155270308,0.234262205190347,0.395977182728803,0.591605313154592,0.554114915164725,0.99354618231587
"gene-AM1_RS11095",180.91837471295,-0.475973761816938,0.438870505005543,-1.08454260741657,0.278124286213939,0.870792177529596
"gene-AM1_RS11100",640.585247525867,1.8061106091357,0.426118173725386,4.23852048680669,2.24997653849017e-05,0.000520152056457256
"gene-AM1_RS11105",106.0830919586,0.126517114443416,0.447500430140246,0.282719537060032,0.77739183859117,0.997177134360943
"gene-AM1_RS11110",920.562662854678,-0.664528961686514,0.372106388834751,-1.78585743654518,0.0741223441082202,0.420934627276082
"gene-AM1_RS11115",1401.0438748891,-0.405054112250553,0.346405439387555,-1.16930644324376,0.24228018811619,0.82906134301764
"gene-AM1_RS11120",452.966516799419,-0.413189555245686,0.471670993562495,-0.876012222258775,0.381023389379734,0.946383626596995
"gene-AM1_RS11125",41.5614714204194,-0.241119856861421,0.457434770713253,-0.527113093054679,0.598115054973272,0.997177134360943
"gene-AM1_RS11130",17.2266112327712,-0.723075008723529,0.60154234367734,-1.20203509582258,0.229349930836903,NA
"gene-AM1_RS11135",83.4820094562228,-0.0902994809053554,0.437575271271215,-0.206363308975444,0.836507129160133,0.997177134360943
"gene-AM1_RS11140",119.69624002359,-0.295212189361753,0.359327902562864,-0.821567674695415,0.411322993133633,0.959469112980649
"gene-AM1_RS11145",215.905440374863,-0.237568975138733,0.362645256863779,-0.65510018576631,0.512403252495919,0.98947674555308
"gene-AM1_RS11150",18.9891009954461,-0.191978475156933,0.545075658027412,-0.352205189003832,0.72468438571063,0.997177134360943
"gene-AM1_RS11155",45.2252418316545,-0.0582344970031552,0.44741669359391,-0.130157184202006,0.89644206840456,0.997177134360943
"gene-AM1_RS11160",21.0630143658596,-0.0502194268519254,0.545654307270681,-0.092035243161772,0.926670038415926,0.997177134360943
"gene-AM1_RS11170",44.4291443144594,0.00405161058314467,0.412126805725054,0.00983098048188513,0.992156138805301,0.999709482207881
"gene-AM1_RS11175",82.8220770694884,-0.0523515749882068,0.386839494869325,-0.135331515221555,0.892349768730808,0.997177134360943
"gene-AM1_RS11180",413.83920306483,1.38128086139025,0.453693004606027,3.04452757121462,0.00233046068192595,0.0278139535046122
"gene-AM1_RS11185",642.994073053332,1.60311780748028,0.331968629946798,4.82912438966658,1.37134727355452e-06,4.82188694030667e-05
"gene-AM1_RS11190",166.600176250915,-0.031482661740604,0.365274684092912,-0.086189005457044,0.931316170558477,0.997177134360943
"gene-AM1_RS11195",11.9970528547632,-0.401210146266071,0.570080601655629,-0.703777930876574,0.481571079454948,NA
"gene-AM1_RS11200",28.4256853284302,-0.537535335195677,0.452658208355436,-1.18750820215679,0.235027223223354,0.816132380110903
"gene-AM1_RS11205",54.0924908511498,-0.211848518402458,0.390262975221363,-0.542835297871376,0.587243207653168,0.997177134360943
"gene-AM1_RS11210",419.236362440629,-0.199762389953311,0.384269866106815,-0.51984921944877,0.603168670999896,0.997177134360943
"gene-AM1_RS11215",38.7409257560975,-0.33947944599535,0.493560595990128,-0.687817157109804,0.491567930351863,0.988029326430846
"gene-AM1_RS11220",55.2061663870826,0.349558061268774,0.424504139033962,0.823450301484124,0.410251968157581,0.959469112980649
"gene-AM1_RS11225",199.935567113204,0.63649807511507,0.406946384052491,1.56408337819994,0.117797988934429,0.568914500333074
"gene-AM1_RS11230",2581.29318749333,0.304635010393085,0.395357714991811,0.770530076539407,0.440985521018523,0.977667369113699
"gene-AM1_RS42140",147.262387043278,-0.830145065133694,0.524782780803588,-1.58188320101226,0.113676236596901,0.556942782378983
"gene-AM1_RS11235",170.749045875468,-0.406916495997239,0.546099733624418,-0.745132200114013,0.456191804874363,0.982825588333525
"gene-AM1_RS11240",79.4928238023145,-0.548143830502481,0.480647694213979,-1.14042746298592,0.254108256775895,0.850461733857687
"gene-AM1_RS11245",117.010937138842,-0.613504359240184,0.353297854256701,-1.73650745921151,0.0824741466061126,0.450500640810319
"gene-AM1_RS11250",118.605486200691,-0.378948936432597,0.413355322602513,-0.916763171323667,0.359266755266811,0.934960229293754
"gene-AM1_RS11255",53.473175311686,-0.466105993862903,0.413957702439201,-1.12597492718803,0.260176132209552,0.854151227581448
"gene-AM1_RS11260",4744.95067257938,-3.96660853961299,0.455603087199738,-8.70628108337205,3.14007568082684e-18,1.15240777486345e-15
"gene-AM1_RS11265",3683.92701849877,-3.82239580406909,0.43766794799862,-8.7335520491008,2.46797071500624e-18,1.03513743132262e-15
"gene-AM1_RS11270",18.777954016175,-0.944342031355753,0.577840117776761,-1.63426180063286,0.102203890905548,0.516472674180188
"gene-AM1_RS11275",66.4695928409325,-0.0898814032097505,0.410574534952672,-0.21891616639135,0.826715352943365,0.997177134360943
"gene-AM1_RS11280",16.8424342040441,0.0315504761104799,0.521668576615334,0.0604799244669562,0.951773404531013,NA
"gene-AM1_RS11285",118.131581408176,0.811880379666023,0.462049570342322,1.75712830782316,0.0788959416537401,0.43939196513196
"gene-AM1_RS11290",690.334096669485,1.81107767145266,0.363463114495022,4.98283759541565,6.26585384645496e-07,2.3585316529733e-05
"gene-AM1_RS11295",5744.61775742883,1.61618611253097,0.425202934806245,3.80097591110802,0.000144127314733591,0.00260404797574046
"gene-AM1_RS11300",234.540872899593,-0.111451096533935,0.352291556082301,-0.316360396977265,0.751728973068412,0.997177134360943
"gene-AM1_RS11305",276.294086185611,0.153071748529001,0.382014552112688,0.400696119251101,0.68864386832842,0.997177134360943
"gene-AM1_RS11310",372.630363207578,0.0395815269269299,0.370658049242388,0.10678717758277,0.914957820110457,0.997177134360943
"gene-AM1_RS11320",109.488267529729,0.939741666605886,0.472497875054207,1.98888019654708,0.0467144281096576,0.300775352916567
"gene-AM1_RS11325",183.18053416297,0.732027843809457,0.348628763395227,2.09973450463577,0.0357522025188822,0.249294457919347
"gene-AM1_RS11330",1092.59029185045,1.08814958973408,0.369613691264106,2.94401862120565,0.00323980505998294,0.0360989284861856
"gene-AM1_RS11335",1028.68900742719,0.621445881227002,0.444042347266901,1.39951940406591,0.161657283711359,0.686371344868475
"gene-AM1_RS11340",573.704659400258,-0.0936978170347568,0.441971018240729,-0.211999912138407,0.832107102868056,0.997177134360943
"gene-AM1_RS11345",943.705721168713,-1.37374154408505,0.341447722736879,-4.02328512568133,5.73919457479384e-05,0.00115809452038452
"gene-AM1_RS11350",462.712820722475,-1.07830465707156,0.418106801339215,-2.57901725974728,0.00990818359816584,0.0922042061623294
"gene-AM1_RS11355",240.200755700423,-1.13500933301092,0.398896957030563,-2.8453697452597,0.00443598979357713,0.0472337610961455
"gene-AM1_RS11360",360.289136051358,-0.776759286791998,0.356703962221524,-2.17760207078834,0.0294356752506641,0.211562160430722
"gene-AM1_RS11365",174.094130422822,1.03595175730053,0.392412500949495,2.63995605337217,0.00829167785311107,0.0806104840289209
"gene-AM1_RS11370",117.93049420114,-0.151597313750457,0.372496262307252,-0.406976737998548,0.684025073351542,0.997177134360943
"gene-AM1_RS11375",113.985652461621,-0.227656977048854,0.449727491129227,-0.506210942269122,0.612708574242388,0.997177134360943
"gene-AM1_RS11380",31.4179758685437,0.0660498236365139,0.467658712145352,0.14123509713636,0.887684220453021,0.997177134360943
"gene-AM1_RS11400",457.940631128988,1.30546581822814,0.529697963329063,2.46454755087882,0.0137186359290997,0.11811705304351
"gene-AM1_RS11405",31.1977984853355,0.327952735210712,0.569297129742696,0.576066026117041,0.564570554015139,0.994977061149491
"gene-AM1_RS11410",33.9653990465429,-0.63723817444599,0.516872788251743,-1.23287236033719,0.217623388989037,0.788566978870899
"gene-AM1_RS11415",9.21659682632386,-0.69066584756233,0.622385005819061,-1.10970836556933,0.267124716863177,NA
"gene-AM1_RS11420",24.8174649688636,-0.243811385593874,0.455445642727902,-0.535324883412123,0.592425222565932,0.997177134360943
"gene-AM1_RS11425",76.5793246109628,-0.0108008534938668,0.44656539923433,-0.0241864988026069,0.980703847376049,0.99966258039135
"gene-AM1_RS11430",65.8112278852788,0.223291600465726,0.386720576651962,0.577397774896996,0.563670776987843,0.994977061149491
"gene-AM1_RS11440",29.1405425680328,0.365798858610991,0.471587823667169,0.77567494378133,0.437940937781964,0.975695998293985
"gene-AM1_RS11445",101.310134137006,-0.29463793913622,0.48343492258432,-0.609467635397874,0.54221451875927,0.99354618231587
"gene-AM1_RS11450",192.975409565253,2.11956871814455,0.445113448401863,4.76186178097889,1.91815047788639e-06,6.29239084142396e-05
"gene-AM1_RS11455",89.9578396183371,0.35750276399133,0.407652131836584,0.876979993654597,0.380497504766223,0.946383626596995
"gene-AM1_RS42145",22.4308855091645,-0.21855852798956,0.528123514754185,-0.413839796721203,0.678991436461075,0.997177134360943
"gene-AM1_RS37570",904.013880723552,-0.333703216230982,0.3891637026095,-0.85748802879962,0.39117522799075,0.951680541682597
"gene-AM1_RS11465",118.017402470982,-0.377036518638737,0.592188030064868,-0.636683788757831,0.524330835184082,0.992659241707204
"gene-AM1_RS11470",1320.4258647863,-0.76692316884201,0.649220831981728,-1.18129784360277,0.237484423657083,0.818854102004926
"gene-AM1_RS11475",577.846066517696,-0.710443013412008,0.619595836019584,-1.14662328587623,0.251537348281812,0.849086891604832
"gene-AM1_RS11480",104.232554724628,-0.448714132211192,0.599425008274525,-0.748574260361339,0.454113850872801,0.982825588333525
"gene-AM1_RS11485",51.5611739224736,-0.122856498585085,0.558270625353385,-0.220066206254926,0.825819593150063,0.997177134360943
"gene-AM1_RS11490",44.739550570245,-0.446819005842906,0.517754185450969,-0.862994483480075,0.388140500013499,0.950568024953625
"gene-AM1_RS11495",11.7697898724926,0.501736957141098,0.649737070474341,0.772215377483086,0.439986875293777,NA
"gene-AM1_RS39800",70.1962339869346,0.261609791622748,0.446941691179499,0.58533315818524,0.558323723475408,0.99354618231587
"gene-AM1_RS11510",33.882578300474,-0.0835355509952373,0.448735525790651,-0.186157650094789,0.852321133710251,0.997177134360943
"gene-AM1_RS11515",23.7506686207962,-0.140739263293084,0.497766245665982,-0.28274167748113,0.777374865227097,0.997177134360943
"gene-AM1_RS11520",41.8573795126943,-0.380034245519852,0.413396658682721,-0.919296848529986,0.357940325768556,0.934261438423126
"gene-AM1_RS11525",171.739871697572,-0.33069695603362,0.376854003967023,-0.877520080860167,0.380204216652565,0.946383626596995
"gene-AM1_RS11530",71.2006691472638,-0.349618747493764,0.377343216676295,-0.926527182794663,0.354172077292647,0.932960986796839
"gene-AM1_RS11535",807.236912537924,-0.100664527078649,0.450541828409722,-0.223429925327833,0.823200915895697,0.997177134360943
"gene-AM1_RS11540",81.7929412605891,-0.67205000818515,0.534992851109808,-1.25618502525973,0.209048894722597,0.770813917649098
"gene-AM1_RS11545",102.904229951624,-0.260614312897324,0.404519431141935,-0.644256598902122,0.519409054349838,0.991822910981087
"gene-AM1_RS11550",220.549360837348,-0.704593600998866,0.757879781127627,-0.929690458228772,0.352531376244694,0.932411011711044
"gene-AM1_RS11555",82.5277858949883,0.0946715291194506,0.499983673103105,0.189349241209978,0.849819104380872,0.997177134360943
"gene-AM1_RS11560",102.293212566898,0.054231433807372,0.387893376512804,0.139810156839793,0.888809988122451,0.997177134360943
"gene-AM1_RS11565",376.965928888265,0.510890181255704,0.385959303156318,1.32368925189189,0.185606269499211,0.731253919654119
"gene-AM1_RS11570",94.4702729722952,2.26812901474942,0.554359951678403,4.09143735560684,4.28707757979859e-05,0.000902283854787719
"gene-AM1_RS11575",267.497177071376,2.20640476590334,0.533031790238496,4.13934929643901,3.48292308707881e-05,0.000756239704111395
"gene-AM1_RS11580",100.82341497884,2.03060123086342,0.498518904726121,4.07326825846053,4.6357976637191e-05,0.000961887062945533
"gene-AM1_RS11585",148.993343224842,2.11784437812524,0.404153988053625,5.24019171089866,1.60409862274258e-07,6.82555587880032e-06
"gene-AM1_RS11590",130.186927892506,2.21134475075812,0.43014000352118,5.14098835880358,2.73296988446532e-07,1.10675856286761e-05
"gene-AM1_RS11595",30.1198225852688,2.24185006794457,0.579363264837115,3.869506756827,0.000109055759149912,0.00202650448648191
"gene-AM1_RS11600",157.831052025698,2.00032100393629,0.415245355157553,4.81720259863552,1.45584848761291e-06,5.02867195250767e-05
"gene-AM1_RS11605",8.73819235321375,0.574750457624919,0.654572041495616,0.878055311240739,0.379913703079869,NA
"gene-AM1_RS11610",79.9185308079527,0.148237027506059,0.376602719229161,0.393616455583417,0.69386423024443,0.997177134360943
"gene-AM1_RS11615",53.6366068005796,-0.612687815080846,0.436497291977948,-1.40364631428641,0.160424196352237,0.683111588818226
"gene-AM1_RS11620",40.9692724515272,-0.255799545820925,0.482551772215525,-0.530097619674011,0.596044249360847,0.997177134360943
"gene-AM1_RS11625",216.358685283289,0.146511908447562,0.38139738165024,0.384145029558489,0.700870958299001,0.997177134360943
"gene-AM1_RS11630",66.6584776303771,-0.400311662912659,0.641336904659662,-0.624183108759494,0.532507338568366,0.99354618231587
"gene-AM1_RS11635",74.1778828605584,-0.580128948202582,0.773105051462981,-0.750388252029628,0.453020904362854,0.982825588333525
"gene-AM1_RS11640",1589.12153948521,-0.578884241524169,0.67618785798684,-0.856099728332353,0.391942618909108,0.952602259202931
"gene-AM1_RS11645",7017.48341512441,-0.145535938623295,0.638301872890224,-0.228004874816222,0.819642450777831,0.997177134360943
"gene-AM1_RS11650",59.1742941305408,-0.0696422808109846,0.409936403158547,-0.16988557316304,0.86510012714115,0.997177134360943
"gene-AM1_RS11655",158.714872124696,-0.250316137642209,0.450392315125557,-0.555773553934701,0.578365666603401,0.997130606716526
"gene-AM1_RS11660",13.8902120691712,-0.419401718479141,0.658755788820048,-0.636657355573855,0.524348056607016,NA
"gene-AM1_RS11665",83.6345272255079,-0.268889325766143,0.514341894668657,-0.522783247006087,0.601125099217235,0.997177134360943
"gene-AM1_RS11670",18.1809665324369,0.156927667476229,0.541093998442055,0.290019234972228,0.771801522329001,0.997177134360943
"gene-AM1_RS11675",113.705579348205,-0.583283196150299,0.408271122508048,-1.42866630529031,0.153100166729985,0.663961727502566
"gene-AM1_RS11685",39.674250152196,0.420484377908169,0.426164743905424,0.986670962160785,0.323803969778058,0.907870319432565
"gene-AM1_RS11690",20.1521112763874,0.529320078687425,0.500989666495276,1.05654889529027,0.290717514490414,0.890048911507282
"gene-AM1_RS11695",85.1681216916171,0.0601654856629684,0.460444837886385,0.13066817284596,0.896037810816062,0.997177134360943
"gene-AM1_RS11700",44.235907601883,0.196686636978082,0.443065236587523,0.443922521416839,0.657098601146069,0.997177134360943
"gene-AM1_RS11715",51.0277546442269,0.215416360168801,0.41373507618428,0.520662550914231,0.60260186660182,0.997177134360943
"gene-AM1_RS11720",37.3475989433526,-0.380315659428388,0.52760451107907,-0.720834737842854,0.471011199837979,0.983283656549519
"gene-AM1_RS11725",58.4162021223859,-0.156367627211615,0.433010306653197,-0.361117564198885,0.718011563621489,0.997177134360943
"gene-AM1_RS11730",166.085394404963,0.0495274595991586,0.388412604743724,0.127512493143308,0.898534785797378,0.997177134360943
"gene-AM1_RS11735",27.1889780892559,-0.33971002392704,0.515002359795585,-0.659628091921516,0.509492522312111,0.989201002062665
"gene-AM1_RS11740",73.6400489082994,-0.429196474838191,0.371912520106085,-1.15402534637921,0.248489777595481,0.842945371836704
"gene-AM1_RS11745",38.7308262805104,-0.152978277070787,0.45687135002997,-0.334838849187527,0.737746653002975,0.997177134360943
"gene-AM1_RS11750",18.4433587638922,0.0584758281485325,0.501722589037075,0.1165501203778,0.907216566399035,0.997177134360943
"gene-AM1_RS11755",19.9414519095679,0.19468292246779,0.482801976199632,0.40323555425401,0.686774946370382,0.997177134360943
"gene-AM1_RS11765",10.7863816604652,-0.0925019909490172,0.646503593472979,-0.143080397205686,0.886226686405382,NA
"gene-AM1_RS11770",19.8160233155266,-0.502711079353963,0.511594428659559,-0.982635953779107,0.325786642491035,0.909661989875111
"gene-AM1_RS11775",26.111616855919,-0.319107584480178,0.463382027191046,-0.688649032019134,0.491044157387608,0.988029326430846
"gene-AM1_RS11780",30.6175913472336,-0.148809166512696,0.466426333609614,-0.319041091357517,0.749695353274572,0.997177134360943
"gene-AM1_RS11785",103.916263065168,-0.439468341615201,0.402052658780004,-1.09306164756809,0.274366733588221,0.866172827758083
"gene-AM1_RS11790",108.999576952159,-0.893385120742469,0.379145852508798,-2.35630988663324,0.0184575128506368,0.150605820539609
"gene-AM1_RS11795",52.8110655785776,0.494064679474648,0.442688579356229,1.11605472224545,0.26439871156001,0.857121505737998
"gene-AM1_RS11800",812.990098569701,-0.0286939204048428,0.432328955000303,-0.0663705728542346,0.947082797989708,0.997177134360943
"gene-AM1_RS11805",629.255368840571,-0.363809888992473,0.345882779742024,-1.05183001380936,0.292877546076389,0.892154652167842
"gene-AM1_RS11810",194.07960529827,-0.0427986758680076,0.401426574235866,-0.106616448971962,0.915093268574953,0.997177134360943
"gene-AM1_RS11815",3532.07137297436,0.109121466385107,0.322876897977306,0.337966163168406,0.735388686854593,0.997177134360943
"gene-AM1_RS11820",4924.89791913188,-0.236143716718161,0.424585460609356,-0.556174760151354,0.578091391792793,0.997130606716526
"gene-AM1_RS11825",993.954967910073,-0.308041367805064,0.43734478378744,-0.704344442243946,0.481218295900159,0.986441366799053
"gene-AM1_RS11830",970.263927579351,-0.435409044465121,0.505016502052945,-0.862167954304736,0.388595101270726,0.950568024953625
"gene-AM1_RS11835",157.924567626776,0.27970910985274,0.462111094922425,0.605285423626746,0.544989364901904,0.99354618231587
"gene-AM1_RS11840",634.766941520414,-1.69533204200828,0.354596370866726,-4.78101915669484,1.74408739962135e-06,5.78391892429897e-05
"gene-AM1_RS11845",341.408380359678,-0.573150566420667,0.361288292545836,-1.58640780298175,0.11264683149958,0.553524849008815
"gene-AM1_RS11850",333.560916573499,0.00320682868658217,0.424849862088472,0.0075481457633482,0.99397750822087,0.999709482207881
"gene-AM1_RS11855",607.822058200764,1.39365609242885,0.369411015154781,3.77264357383852,0.000161526960434369,0.0028144994411591
"gene-AM1_RS11860",143.874664748259,0.504448722421038,0.441356623272444,1.14295038484026,0.253059191426617,0.850461733857687
"gene-AM1_RS11865",236.109830595966,-2.38720870847746,0.76675484590149,-3.11339239815402,NA,NA
"gene-AM1_RS11870",184.996998251962,-0.963033501623129,0.5485895570921,-1.75547180797218,0.0791786387719351,0.44028121862576
"gene-AM1_RS11875",153.59937933103,-0.899932511923757,0.381768292311657,-2.3572741111488,0.0184096519582432,0.150559159190535
"gene-AM1_RS11880",114.375440578104,-0.931449622373062,0.428262923261151,-2.17494807927856,0.0296340074022808,0.212467510947732
"gene-AM1_RS38660",1876.89520453466,-0.718727715931303,0.385616750509627,-1.86383945972637,0.0623442525344116,0.374001938068714
"gene-AM1_RS38665",2095.07751653623,-0.636713856222388,0.359842597061335,-1.76942324622524,0.0768232690975304,0.432508375973824
"gene-AM1_RS38670",1920.20351573315,-0.729887289591464,0.415335490409526,-1.75734389775308,0.0788592096863621,0.43939196513196
"gene-AM1_RS11885",7438.00728859725,-0.647192577574955,0.354506297315599,-1.82561658981982,0.0679080351044862,0.393406059455977
"gene-AM1_RS11890",4554.36172006621,-1.92728467177301,0.327921507831501,-5.87727436519146,4.1707662826399e-09,2.69129006721555e-07
"gene-AM1_RS43185",283.11677794952,-2.16495558337615,0.366126971620893,-5.91312782500454,3.35671474115594e-09,2.19006988445197e-07
"gene-AM1_RS11895",2094.03916802553,-1.61663748201132,0.354227264133936,-4.56384261094046,5.02257378736094e-06,0.000143866113557968
"gene-AM1_RS38675",399.164235105471,-0.345900406649588,0.358248590487272,-0.965531800639081,0.334278515855788,0.919335313668911
"gene-AM1_RS11900",688.695442892008,-0.594325050467879,0.403402901108694,-1.47327906872872,0.140675802272291,0.629600134468555
"gene-AM1_RS11905",56.7190206361643,-0.280198738158231,0.41839451824685,-0.669699830992805,0.503049159451372,0.989201002062665
"gene-AM1_RS11910",66.562586169337,0.0847713487993526,0.382143626506565,0.221831120341598,0.82444535242164,0.997177134360943
"gene-AM1_RS11915",299.362186928348,0.474113672700305,0.332817160373953,1.42454695595501,0.1542882025388,0.667634727566567
"gene-AM1_RS11920",270.593057121538,0.26602227537112,0.363731143018496,0.731370630415315,0.464552799413175,0.982825588333525
"gene-AM1_RS11925",384.768626827834,-0.106398157899268,0.333441025252483,-0.319091383007543,0.749657217756708,0.997177134360943
"gene-AM1_RS11930",800.253954928138,-0.0691596568468308,0.328362763432976,-0.21061966991561,0.833184062230369,0.997177134360943
"gene-AM1_RS11935",78.9624151745741,-0.484273767938455,0.380456159807841,-1.27287666516702,0.203061810845293,0.761799309864981
"gene-AM1_RS11940",24.8543651211555,-0.2149049691512,0.516104273343356,-0.416398352524833,0.677118533788659,0.997177134360943
"gene-AM1_RS11945",21.5433883124497,-0.0724051046102766,0.702761045189958,-0.103029479374039,0.917939574290073,0.997177134360943
"gene-AM1_RS11950",295.924251269776,-0.155272574125501,0.396397618707052,-0.391709149595704,0.695273128823648,0.997177134360943
"gene-AM1_RS11955",6442.92370813923,-2.16889210436806,0.404172061909186,-5.36625934539581,8.03863330720783e-08,3.71676021889168e-06
"gene-AM1_RS11960",21.9155104813903,-1.52590876559402,0.593717864361717,-2.57009070669361,0.0101671889774464,0.0940184782292363
"gene-AM1_RS11965",60.7977353096402,-0.401381358893665,0.50081254653241,-0.801460270260401,0.422865235544578,0.968993062826186
"gene-AM1_RS11970",79.1385930205054,-0.515111432790053,0.55220800312977,-0.932821382288081,0.350912199259666,0.931630018810643
"gene-AM1_RS11975",652.409884253866,-0.778582494824043,0.577077464610594,-1.34918194275603,0.177278533281685,0.722296101158253
"gene-AM1_RS11980",453.095169250337,-0.189912199716883,0.386367906333342,-0.491532025833002,0.623050206686269,0.997177134360943
"gene-AM1_RS11985",93.2017623945219,-0.0692337440285219,0.379016489050487,-0.182666839118178,0.855059436475256,0.997177134360943
"gene-AM1_RS11990",532.410323507668,-0.358523943995747,0.384498660758676,-0.932445234759264,0.351106476775877,0.931630018810643
"gene-AM1_RS11995",155.653406640637,-0.557866516595829,0.418169784029806,-1.3340670175157,0.182181893953711,0.730296652980082
"gene-AM1_RS12000",155.53185205012,0.383325730403391,0.356090944183209,1.07648267012983,0.281711447261721,0.876037665744249
"gene-AM1_RS12005",329.003355183672,-0.0915165856149785,0.424575734584948,-0.215548318380565,0.829339844649182,0.997177134360943
"gene-AM1_RS12010",228.613482948296,-0.0756371722526414,0.348033265286053,-0.217327421821228,0.827953188226298,0.997177134360943
"gene-AM1_RS12015",30.4084800360337,0.331025093385601,0.444795942902081,0.744217879384916,0.4567446730493,0.982825588333525
"gene-AM1_RS12020",24.8194203848,0.0448734357538616,0.534026276798585,0.084028516392249,0.933033759138286,0.997177134360943
"gene-AM1_RS12025",26.6461597937457,-0.580817488814919,0.50329816601237,-1.15402266099385,0.248490878516576,0.842945371836704
"gene-AM1_RS12030",35.0498786159749,0.107352228089215,0.43499977204603,0.246786860563815,0.805073179788839,0.997177134360943
"gene-AM1_RS12035",57.1588512494719,-0.142109142900195,0.425564400126214,-0.333930993424375,0.738431631532413,0.997177134360943
"gene-AM1_RS12040",36.861188030335,-0.151192127628606,0.446350099539617,-0.338729906825498,0.734813208776826,0.997177134360943
"gene-AM1_RS12045",45.3525933789375,-0.220774706400349,0.42105177793105,-0.524340990756966,0.600041391331496,0.997177134360943
"gene-AM1_RS12050",31.1566510121677,-0.85081624437092,0.474846448491036,-1.79177131275729,0.0731696058758391,0.4170643372802
"gene-AM1_RS12055",25.3708842083647,-0.115849686411731,0.482984004325764,-0.239862366815761,0.810436956184317,0.997177134360943
"gene-AM1_RS12060",54.2193601167484,0.204758025663641,0.427852476689433,0.478571556364437,0.632243457336061,0.997177134360943
"gene-AM1_RS39815",15.2245684037575,-0.186753553999808,0.575586707233718,-0.324457725747959,0.74559152250364,NA
"gene-AM1_RS12085",176.067203516365,-0.351568230646264,0.436885448330724,-0.804714901788454,0.42098421829132,0.968280191855319
"gene-AM1_RS12090",112.033704969557,-0.564489885652199,0.429424321011988,-1.31452704942727,0.188668901486349,0.73712242008117
"gene-AM1_RS43190",28.7760732522172,-0.532952891018772,0.475521596605552,-1.12077536503744,0.262383492809763,0.856577511684301
"gene-AM1_RS43195",16.0843986827365,-0.262504565786011,0.599101921258449,-0.438163451778964,0.661267800503101,NA
"gene-AM1_RS43960",12.6134490165422,0.230511802677904,0.628592612453678,0.366710963684592,0.713834627635838,NA
"gene-AM1_RS12110",201.89623943884,-0.438582406555197,0.526227935675086,-0.83344569305799,0.404593413811809,0.957198044947986
"gene-AM1_RS12115",81.2758885363488,-0.12977989397755,0.390201567826713,-0.332597059259344,0.739438463484994,0.997177134360943
"gene-AM1_RS12120",83.1877390049745,0.0453684804295892,0.38449383054137,0.117995340434228,0.906071349886518,0.997177134360943
"gene-AM1_RS37575",358.869842243071,0.479498937003711,0.445528668685011,1.07624709857385,0.281816760873763,0.876037665744249
"gene-AM1_RS12130",141.305425912402,-0.403279930152948,0.476946419213216,-0.845545566351477,0.397806302820919,0.953847172404751
"gene-AM1_RS12135",491.734424229322,-1.81493871686194,0.4232540044595,-4.28806035557687,1.80240123771046e-05,0.000439157679163313
"gene-AM1_RS12145",242.20353684347,-0.542061547377804,0.449154553850197,-1.2068486064122,0.227490453091416,0.803563775881306
"gene-AM1_RS12150",109.524921151196,0.50953467189265,0.365053606857867,1.39578040682402,0.162780632295476,0.689802737570192
"gene-AM1_RS12155",288.080228504476,-0.125876943547125,0.416472674589676,-0.302245384216729,0.762465009427112,0.997177134360943
"gene-AM1_RS12160",183.812906625315,-0.368418546526002,0.407817508588649,-0.903390704830214,0.366318571495508,0.940861343347646
"gene-AM1_RS12165",615.801244825978,-0.321487342905327,0.427835680862511,-0.751427141974725,0.452395633144702,0.982825588333525
"gene-AM1_RS12170",258.108293015831,-0.068502357739374,0.398724004125372,-0.171803947168013,0.863591662277226,0.997177134360943
"gene-AM1_RS12175",126.208165615592,0.0504423092008303,0.437930274817989,0.115183425539134,0.908299735735536,0.997177134360943
"gene-AM1_RS12180",1342.87824623755,-0.13439841931692,0.484117560617518,-0.277615253504722,0.781307721651929,0.997177134360943
"gene-AM1_RS12185",690.105024639333,-0.374096313066454,0.352245912618486,-1.06203166499659,0.288221310321466,0.88733372038645
"gene-AM1_RS12190",71.8438971496159,-0.568344545442325,0.606398713392225,-0.93724563210726,0.348632222050962,0.930569315030588
"gene-AM1_RS12195",375.735651783957,-0.25420186388678,0.353692939282662,-0.718707770650825,0.472320994448243,0.983283656549519
"gene-AM1_RS12200",1557.23902429503,-0.899073533278383,0.448579680555694,-2.00426718429293,0.0450414471237834,0.293870419456507
"gene-AM1_RS12205",389.982589054459,-0.675358650368947,0.413819627124342,-1.63201212823581,0.102676931264295,0.517526987454026
"gene-AM1_RS12210",94.0390307130685,-0.398346096583473,0.412384350875724,-0.965958324406733,0.334065035466172,0.919335313668911
"gene-AM1_RS12215",122.180973631591,-0.417514749992496,0.424444548998576,-0.983673252436789,0.325276195228151,0.909277656996151
"gene-AM1_RS12220",220.7426421979,-0.397188386628798,0.389146397159858,-1.02066571739488,0.307412842207735,0.897564114226004
"gene-AM1_RS12225",44.6226116378698,-0.921879220037249,0.424775344952356,-2.17027478405238,0.0299860356895522,0.214729270206159
"gene-AM1_RS12230",179.03928276524,-0.483559697100362,0.401313157939657,-1.20494353981055,0.22822509875669,0.804404429711456
"gene-AM1_RS12235",165.66620507789,-0.570550471861,0.448393395059939,-1.27243281936553,0.203219379428765,0.761799309864981
"gene-AM1_RS12240",341.030511383016,-0.562571743390399,0.398525862425277,-1.41163170682776,0.158058431431733,0.676965068830881
"gene-AM1_RS12245",197.689843058202,-0.0807999573179623,0.399075262697141,-0.20246796750036,0.839550898039664,0.997177134360943
"gene-AM1_RS12250",32.5389608360523,-0.144896001875179,0.497314870688782,-0.2913566643895,0.770778554270275,0.997177134360943
"gene-AM1_RS12255",55.6202948185496,-0.321751039666782,0.499997493971593,-0.643505304618711,0.519896273841925,0.991822910981087
"gene-AM1_RS44440",31.7529050630646,-0.0913094740958938,0.571634686988905,-0.159733963270962,0.873090645576091,0.997177134360943
"gene-AM1_RS12260",89.2700860641113,-0.135767528480398,0.502160630477584,-0.270366731759268,0.786878131548991,0.997177134360943
"gene-AM1_RS12265",152.938556929378,0.0766913559607049,0.457453833186795,0.167648296717604,0.866859973587925,0.997177134360943
"gene-AM1_RS39820",55.041908715321,0.546194729262719,0.431874502632241,1.26470705247405,0.20597636090515,0.76270920401304
"gene-AM1_RS12280",26.3856387577487,0.536996640319871,0.453841753744862,1.18322440782246,0.236720222138171,0.81717880328944
"gene-AM1_RS12285",86.6588858619623,-0.184545083753129,0.39912077777122,-0.462379044217317,0.643809524408597,0.997177134360943
"gene-AM1_RS12290",41.4611436922909,0.244789958560808,0.498465649283402,0.491086916245321,0.623364974937986,0.997177134360943
"gene-AM1_RS12295",181.615774269012,-0.558711858233266,0.391685277813433,-1.42643058057288,0.153744091754587,0.666262219027997
"gene-AM1_RS42155",20.6974074993681,-0.151764846451211,0.49093549597057,-0.309133985415283,0.757219607819373,0.997177134360943
"gene-AM1_RS12305",161.759944709005,0.441226891227222,0.572275241478979,0.771004683143242,0.44070415574666,0.977667369113699
"gene-AM1_RS12310",179.553660851205,0.162003435590154,0.393552353684136,0.41164392506766,0.68060043125946,0.997177134360943
"gene-AM1_RS12320",45.0373093562441,-0.460305378944812,0.557248678049088,-0.826032249293669,0.408785798167334,0.95900527640375
"gene-AM1_RS12325",109.008133782731,-0.151820607825689,0.49356343813323,-0.307601001402999,0.758385958122201,0.997177134360943
"gene-AM1_RS12330",127.336211019943,-0.557890418810117,0.360882258452575,-1.54590702574932,0.122127023535048,0.575652358767851
"gene-AM1_RS12335",18.5276705165139,-0.0286228359886962,0.510748791217177,-0.0560409275183686,0.955309202928755,0.998373313302674
"gene-AM1_RS12340",51.8845287702022,0.0524701726967389,0.426668143821077,0.122976541503277,0.902125674114395,0.997177134360943
"gene-AM1_RS12345",113.215351176139,-0.0667006686246052,0.375101162189551,-0.177820479774731,0.85886396313626,0.997177134360943
"gene-AM1_RS12350",256.104761406875,0.0469766759088871,0.356448682708106,0.13179085289917,0.89514972177119,0.997177134360943
"gene-AM1_RS12355",64.3599130828364,-0.0097250478237759,0.459725321588006,-0.0211540399606077,0.983122776867223,0.99966258039135
"gene-AM1_RS12360",69.4983647086218,0.00200080268877875,0.462885379712307,0.0043224581645294,0.996551188105205,0.999709482207881
"gene-AM1_RS12365",13.6675167916161,-0.0959385324125067,0.587938442937782,-0.163177852315841,0.870378403763367,NA
"gene-AM1_RS12370",64.2837477823688,-0.0473066548358281,0.400507162865799,-0.118116875856424,0.90597505205646,0.997177134360943
"gene-AM1_RS12375",182.879576545415,-0.203658711388203,0.390966559190368,-0.520910821145289,0.602428896794758,0.997177134360943
"gene-AM1_RS12380",31.5980871579866,-0.218951775942422,0.486546014465587,-0.450012474530112,0.652701445792188,0.997177134360943
"gene-AM1_RS12385",80.9238594573301,2.26438180465392,0.633503969756574,3.57437666179743,0.000351063249645989,0.0053823587517526
"gene-AM1_RS12390",106.757731398532,0.433391209062462,0.424710397982593,1.02043936555616,0.307520132213209,0.897564114226004
"gene-AM1_RS12395",12.295710879012,-0.298444939218337,0.576568574279599,-0.517622625532849,0.604721592574472,NA
"gene-AM1_RS12400",52.6984723726241,-0.457735525252639,0.417006168670174,-1.09767087310087,0.272348232808149,0.865383562256196
"gene-AM1_RS12405",177.572496767028,0.360905027067721,0.370251875893393,0.974755431547461,0.32968158953597,0.916096285058585
"gene-AM1_RS12410",717.258791600211,0.253451377090422,0.337697945806778,0.750526854656795,0.452937456134577,0.982825588333525
"gene-AM1_RS12415",230.366877336094,0.508792733346282,0.387512449389718,1.3129713229796,0.189192611510901,0.737675308626833
"gene-AM1_RS12420",301.12966873916,2.5796627173999,0.457844823338237,5.63436034635287,1.75709279690646e-08,9.46573293893094e-07
"gene-AM1_RS12425",326.086111546037,0.81634699468458,0.569732123071208,1.43286109669219,0.151897536947635,0.660698027375195
"gene-AM1_RS12430",1726.65456161426,0.410567903807671,0.494226135670745,0.830728838835009,0.406126830873831,0.957539570110794
"gene-AM1_RS12435",218.552327024045,0.368803279383021,0.379813720170948,0.971010945094422,0.331542828258499,0.917466566242291
"gene-AM1_RS12440",24.51558170575,0.214476012751407,0.51408940742815,0.417195938395953,0.676535095783557,0.997177134360943
"gene-AM1_RS12445",13.7377747168601,-0.261927538291615,0.569132715436815,-0.460222249024259,0.64535670262227,NA
"gene-AM1_RS12450",22.0746145209748,0.260745489293527,0.508561573698156,0.512711739893046,0.60815297629315,0.997177134360943
"gene-AM1_RS12455",70.4077840269641,0.358488126828668,0.705526311114819,0.508114468845553,0.611373068853221,0.997177134360943
"gene-AM1_RS12460",117.090135243868,0.683744001052522,0.515356217617361,1.32674056832702,0.18459451618823,0.731253919654119
"gene-AM1_RS12465",11.4671872281878,-0.00827097310763646,0.650271513368645,-0.012719261012665,0.989851771643299,NA
"gene-AM1_RS12470",43.2460685986931,1.24122047193392,0.485459647676379,2.55679432446124,0.0105641659144849,0.0970923415400271
"gene-AM1_RS12475",69.7394885602261,0.62151404084873,0.446806180812282,1.39101486850256,0.164220918079162,0.692621142770777
"gene-AM1_RS12480",75.9283097477294,-0.00985766260127182,0.387851406226433,-0.0254160805994778,0.979723084787715,0.99966258039135
"gene-AM1_RS12485",81.8758174458565,-0.292047016430789,0.657719491249753,-0.444029742642813,0.657021080408928,0.997177134360943
"gene-AM1_RS12490",33.2734862252874,0.0789106509612844,0.489558140608943,0.161187496265776,0.871945728880175,0.997177134360943
"gene-AM1_RS12500",13.9982841132448,0.00638481477461283,0.558454479551407,0.0114330084338147,0.990877977816414,NA
"gene-AM1_RS12505",44.0353160277914,0.370139198687613,0.532422746024988,0.69519794458639,0.486931260271341,0.988029326430846
"gene-AM1_RS39825",429.227159893664,0.19767070938904,0.422179985787296,0.468214306797176,0.639631342076439,0.997177134360943
"gene-AM1_RS12515",241.760687997468,-0.0162572257224424,0.353087964497326,-0.0460429902944638,0.963275984924254,0.999088916092384
"gene-AM1_RS12520",18.0431852280634,0.927871098525666,0.540113446165422,1.71791890224759,0.0858114085340809,0.463129219588348
"gene-AM1_RS12525",27.3643820101179,0.896298549827569,0.464012839532264,1.93162445834701,0.0534058747706052,0.335315587265571
"gene-AM1_RS12530",18.6133489852797,0.0861437953347509,0.538621442490131,0.159933839500512,0.872933191548012,0.997177134360943
"gene-AM1_RS12535",37.8218089989531,-0.193680095837053,0.47610415556695,-0.406801943592398,0.684153459131836,0.997177134360943
"gene-AM1_RS12545",22.6776214785671,0.293511968681007,0.472885030987081,0.620683568833512,0.534807842533667,0.99354618231587
"gene-AM1_RS12550",13.7915185186849,-0.214842193970174,0.571614764798084,-0.375851372639165,0.707027393290107,NA
"gene-AM1_RS12555",50.5979349411523,-0.641015353206839,0.41285924784078,-1.55262442723349,0.120512886403247,0.573461644213828
"gene-AM1_RS12560",59.0765428991651,-0.440559749466326,0.387290602555361,-1.13754309182689,0.255311321125367,0.850461733857687
"gene-AM1_RS12565",80.0599436571708,-0.388707779325894,0.553661802016641,-0.70206717875439,0.482637269552738,0.986441366799053
"gene-AM1_RS12570",54.428269038678,0.230498024266448,0.41365135038253,0.557227781447569,0.577371810720042,0.997130606716526
"gene-AM1_RS12575",181.048624117672,-0.333149287671177,0.365997440315281,-0.910250321379824,0.362690511310582,0.937788939857216
"gene-AM1_RS12580",145.807876823048,-0.313201176682134,0.365303647961212,-0.857372157190692,0.391239241761204,0.951680541682597
"gene-AM1_RS12585",65.8798366099624,0.041834825967088,0.400378867827456,0.104488096971983,0.916782013813664,0.997177134360943
"gene-AM1_RS12595",2488.27466213429,0.93133121697357,0.375165663419617,2.48245324074845,0.013048119150843,0.114356053214552
"gene-AM1_RS12605",411.398173151276,0.300943432583968,0.393416821208567,0.764948056007053,0.444302476341566,0.978877246244682
"gene-AM1_RS12610",69.8964748398806,1.69053345065473,0.389327002787133,4.34219419293412,1.41066760068928e-05,0.000350494674567732
"gene-AM1_RS12615",183.371070240594,0.0283308770091877,0.462336988534362,0.0612775480045374,0.951138171290465,0.997889813204431
"gene-AM1_RS12620",51.2961653461952,0.0963878645366887,0.4252103557282,0.226682777684514,0.820670419954353,0.997177134360943
"gene-AM1_RS12625",18.7123277184853,0.193438021769824,0.544991227536274,0.354937863209824,0.722636142090094,0.997177134360943
"gene-AM1_RS12630",27.5585828851516,1.70424578843642,0.54245654477162,3.14171854844876,0.00167959405782317,0.0211264581063867
"gene-AM1_RS12635",461.81079462142,-2.36734716375257,0.372463708207069,-6.35591364095118,2.07191409286193e-10,1.71356050046271e-08
"gene-AM1_RS12640",118.532332848147,-0.677103145823366,0.356200189552718,-1.90090619175023,0.0573143009464458,0.352777332450241
"gene-AM1_RS12645",896.913892107507,0.566640265375102,0.77833639720656,0.728014605778128,0.46660464546148,0.982825588333525
"gene-AM1_RS12650",235.351041353059,-0.0734295409206635,1.57571473375741,-0.0466007833445621,NA,NA
"gene-AM1_RS12655",14.3829505703357,0.635510707329309,0.562822358646934,1.12914971760739,0.258834681045273,NA
"gene-AM1_RS12660",105.063022614603,0.459527466691942,0.398464212964452,1.15324651936292,0.248809214472232,0.843537937286919
"gene-AM1_RS12665",492.861649039279,0.114473155454619,0.356212153973084,0.321362295412494,0.747935852841498,0.997177134360943
"gene-AM1_RS12670",305.451653189689,-0.299760378847002,0.421576529931608,-0.711046174452907,0.477055622883008,0.986015704881739
"gene-AM1_RS12675",356.487614467316,-0.124898584817684,0.466037854412746,-0.268000943775412,0.788698592272435,0.997177134360943
"gene-AM1_RS12680",310.010374586768,1.63369019399112,0.430402568596784,3.79572593936265,0.000147212054088301,0.00264351431683947
"gene-AM1_RS12685",335.897020762887,1.71143426954663,0.469413140569985,3.64590191801728,0.000266455599275864,0.00426328958841383
"gene-AM1_RS12690",277.521268473554,-0.142729745803223,0.367768472574093,-0.388096741420561,0.697944443307459,0.997177134360943
"gene-AM1_RS12695",40.6146468681565,-0.0470783516959725,0.428841054289892,-0.109780421498889,0.912583518563181,0.997177134360943
"gene-AM1_RS37585",109.258430795493,0.438490695747185,0.403316049578538,1.08721360383601,0.27694242007368,0.870559898647027
"gene-AM1_RS12705",800.128573352212,1.21326509464311,0.387274593818131,3.13282904174416,0.00173130250557654,0.0216430072780879
"gene-AM1_RS12710",211.970359303727,0.247655361886261,0.417045904584364,0.593832379514863,0.552624229959116,0.99354618231587
"gene-AM1_RS12715",239.941492348009,-0.0953810892075949,0.343838996337698,-0.277400440972429,0.781472643060358,0.997177134360943
"gene-AM1_RS12720",23.7648385381678,-0.1538114987277,0.521276821065169,-0.295066829201045,0.767942828641587,0.997177134360943
"gene-AM1_RS12725",233.410843485505,0.0322549800968028,0.389771214496643,0.0827536228873582,0.934047446153881,0.997177134360943
"gene-AM1_RS12730",851.850314745441,1.45567789624528,0.398230354654561,3.65536649637867,0.000256814827983873,0.00414910678772554
"gene-AM1_RS12735",887.517735159042,0.816013284707603,0.427722902265338,1.9078082571351,0.0564160031648102,0.348973585968541
"gene-AM1_RS12740",2393.68961554378,-0.411228581005529,0.390900735343333,-1.05200257718713,0.292798367221658,0.892154652167842
"gene-AM1_RS12745",274.538967841972,1.98767850030135,0.438215119855289,4.53585102439583,5.73716684598475e-06,0.000161964633267416
"gene-AM1_RS12750",153.684458198094,1.6929211403884,0.494533647461762,3.42326785867346,0.000618730747846558,0.00888309768057455
"gene-AM1_RS12755",251.924826604762,1.26511006555005,0.482677695033235,2.62102450261957,0.00876659608813383,0.0842511493118197
"gene-AM1_RS12760",57.3418624316073,-0.116228646337725,0.442753994493556,-0.262512925424135,0.792926021642345,0.997177134360943
"gene-AM1_RS12765",63.8025084364446,-0.233106256806259,0.392981550690937,-0.593173538036107,0.553065020021022,0.99354618231587
"gene-AM1_RS12775",91.3017607019639,-0.0517893911851658,0.391272467174365,-0.132361450216957,0.894698404616785,0.997177134360943
"gene-AM1_RS12780",390.121257752807,-0.18651232336495,0.379101744119019,-0.491984872816607,0.622730037443857,0.997177134360943
"gene-AM1_RS12785",325.131426563773,-0.185340871416023,0.497933883357288,-0.372219842052872,0.709729173966688,0.997177134360943
"gene-AM1_RS12790",1838.42094189354,0.470778364534281,0.490372083152793,0.960043160506739,0.337033493189136,0.922209073628428
"gene-AM1_RS12795",587.529277228924,1.63316159047967,0.713379316702486,2.28933128875781,0.0220601110790629,0.17182460232546
"gene-AM1_RS12800",63.4892972389997,1.47586342614594,0.465401924020844,3.17115884136275,0.00151832095669551,0.0195049606019065
"gene-AM1_RS12805",950.972010938729,0.288718296244473,0.330873911427106,0.872593112582344,0.382884895950454,0.946383626596995
"gene-AM1_RS12810",135.645832242559,-0.561575029975363,0.44152114885025,-1.27190969546474,0.203405206615883,0.761799309864981
"gene-AM1_RS12815",181.453637818215,0.202406119298399,0.382836509852114,0.528701192518412,0.597012749808629,0.997177134360943
"gene-AM1_RS12820",182.749972857862,1.13413936436342,0.633982459336932,1.78891284397613,0.0736288529662778,0.418794682018236
"gene-AM1_RS37590",82.3975639610752,0.755669413275186,0.474334754700738,1.59311415785239,0.111134583799533,0.54963434525386
"gene-AM1_RS12830",456.464838358103,0.892535798226211,0.473652430152453,1.88436866657463,0.0595151250949072,0.361398980927916
"gene-AM1_RS12835",22.2641546493702,0.979471877050246,0.48808284575337,2.0067738204124,0.0447737516245424,0.29244879815274
"gene-AM1_RS12840",192.062221608523,0.984377928078291,0.390629651566452,2.51997748796301,0.0117362340078086,0.10457536584803
"gene-AM1_RS12845",282.48629283879,0.961653532164461,0.408150302886414,2.35612597948282,0.0184666537446387,0.150605820539609
"gene-AM1_RS12850",140.122857946004,0.692453593653383,0.36477839630246,1.89828564594935,0.0576584638018706,0.354524083188046
"gene-AM1_RS12855",70.8644871135184,0.513402248835356,0.404168820763165,1.27026683519509,0.20398959750875,0.762461436391712
"gene-AM1_RS12860",40.6909807881268,1.38658094422231,0.434956050197293,3.18786448330438,0.00143327692472099,0.0185411699997114
"gene-AM1_RS12865",174.255156364195,0.175784213121555,0.353053204829395,0.497897231117046,0.618556479013145,0.997177134360943
"gene-AM1_RS12870",170.711136163934,-0.00819218071703505,0.347941895643612,-0.0235446803607292,0.981215798577022,0.99966258039135
"gene-AM1_RS12875",119.923391415969,0.192873944115814,0.364170779276969,0.529624986658045,0.596371966666239,0.997177134360943
"gene-AM1_RS12880",136.00336487639,0.301920304362011,0.384734823960554,0.784749093554802,0.43260069244685,0.971687439173168
"gene-AM1_RS12885",153.216195665223,0.0378447339725334,0.380962435701694,0.0993398047312126,0.920868475097287,0.997177134360943
"gene-AM1_RS12890",96.2242176508254,1.23903983729474,0.384009288628191,3.22658819457466,0.00125275617362891,0.0166053820576726
"gene-AM1_RS12900",84.9749138683172,-0.265008209148306,0.492014033432468,-0.538619208276465,0.59014963091147,0.997177134360943
"gene-AM1_RS12905",257.204504383441,-0.311475146093119,0.3939114698036,-0.790723728477409,0.429105226267424,0.971298466877678
"gene-AM1_RS12910",479.062234615436,-0.189875023624386,0.385319492855561,-0.492772951135283,0.622173024986164,0.997177134360943
"gene-AM1_RS12915",235.973906528534,-0.12535198881644,0.382452865572509,-0.327758006542312,0.743094640822772,0.997177134360943
"gene-AM1_RS12920",440.872711959233,-0.110411599795994,0.403027175628564,-0.273955719298071,0.784118651085416,0.997177134360943
"gene-AM1_RS12925",162.260436193284,-0.45441527216787,0.412435135741281,-1.10178603321741,0.270554703779027,0.8642939995074
"gene-AM1_RS12930",155.941003134795,0.116000732739524,0.512991984093549,0.226125819381947,0.821103563660705,0.997177134360943
"gene-AM1_RS12935",423.092357644135,1.27437376466979,0.461149212537668,2.76347379551406,0.00571896842528526,0.0584031001622175
"gene-AM1_RS12940",237.926459453476,0.430660550288292,0.500521563938356,0.860423568766223,0.389555598469617,0.950794446148572
"gene-AM1_RS12945",95.7551096930013,-0.0833467802381552,0.590967152862253,-0.141034539457022,0.88784265649799,0.997177134360943
"gene-AM1_RS12950",58.2530920836087,0.0830058740745446,0.444073110536279,0.186919388058204,0.851723837633756,0.997177134360943
"gene-AM1_RS12955",248.902243757604,0.431820258718888,0.382783920378605,1.12810448853698,0.259275793762509,0.854151227581448
"gene-AM1_RS12960",1965.5393012,-0.3828234540127,0.584821732010072,-0.654598543554306,0.512726262061201,0.98947674555308
"gene-AM1_RS12965",380.714546419883,-0.408656599498327,0.392645895474105,-1.04077644566968,0.297979314298345,0.894285546343303
"gene-AM1_RS43965",984.814092938607,-0.453663095217132,0.503207923692056,-0.90154203433163,0.367300195018587,0.941006433311144
"gene-AM1_RS12975",1487.97429632189,-0.460546457687678,0.553050514964471,-0.83273850258916,0.404992224745086,0.957230215163916
"gene-AM1_RS12980",1896.12256634098,-0.568677754136611,0.568973538998623,-0.999480143026453,0.317562153592878,0.906017706163315
"gene-AM1_RS12985",3097.13440558143,-0.466694923638788,0.644129057117001,-0.724536361901799,0.468736511995679,0.982825588333525
"gene-AM1_RS12990",4838.92004881589,-0.454112705874632,0.787163113462048,-0.576897847610496,0.564008464687631,0.994977061149491
"gene-AM1_RS12995",3613.12931829138,-0.569634446719792,0.66728926075341,-0.853654449760873,0.393296479506703,0.953131212407495
"gene-AM1_RS13000",82.9527192696369,-0.13611268311142,0.473823727392087,-0.287264388089175,0.77390988818801,0.997177134360943
"gene-AM1_RS13005",197.297357821957,1.23872281120116,0.492136672760864,2.51703008485831,0.0118348723131383,0.105294500337497
"gene-AM1_RS13010",2108.18480006028,2.53541507552504,0.378492372817732,6.69872171174767,2.10250547524049e-11,2.12860554320899e-09
"gene-AM1_RS13015",518.540887956121,0.0510757356796364,0.373695709689418,0.136677340294021,0.891285841248518,0.997177134360943
"gene-AM1_RS13020",43.3176095276057,0.293891714849217,0.452657801893754,0.649258034700124,0.516171605723916,0.991398497019674
"gene-AM1_RS13025",983.876325873493,1.05756609032299,0.355388256834994,2.97580482749046,0.00292220772447554,0.0331258759809274
"gene-AM1_RS13030",2111.91471114462,0.824962367042397,0.412166852283721,2.001525262091,0.045335814167676,0.294146106082806
"gene-AM1_RS13035",1216.6958792846,0.490536877561216,0.360728480586386,1.35985070201227,0.173877173976407,0.714490388795985
"gene-AM1_RS13040",901.224868826825,0.597062556919517,0.382755596822229,1.55990549028293,0.118782216861095,0.568914500333074
"gene-AM1_RS37595",126.11497966856,0.912715622945624,0.382155777960494,2.38833396113136,0.016924954174714,0.14032229253193
"gene-AM1_RS13050",64.3721218389769,0.569394668706889,0.447321237095125,1.27289880624605,0.203053952927055,0.761799309864981
"gene-AM1_RS13055",40.9141132799877,0.524202555023753,0.515753173768081,1.01638260641993,0.309447225150335,0.89847150485718
"gene-AM1_RS13060",130.914947816822,-0.452456358135384,0.426009394233558,-1.0620807058713,0.288199048323336,0.88733372038645
"gene-AM1_RS13065",166.049926686167,-0.177862309108873,0.448656743011226,-0.396432934263117,0.691785674033886,0.997177134360943
"gene-AM1_RS13070",121.284522836565,0.244298420131857,0.352138396163566,0.693756837633753,0.487834714992227,0.988029326430846
"gene-AM1_RS13075",193.772356126059,-0.0203220746039857,0.341131766507539,-0.0595725071635526,0.9524961155724,0.997889813204431
"gene-AM1_RS13080",131.435543407136,-0.562726258102237,0.382118049068023,-1.4726502960923,0.140845355331552,0.629600134468555
"gene-AM1_RS13085",142.173798839267,-0.697971368867663,0.412590991941566,-1.69167864180252,0.0907072629013693,0.481149997973659
"gene-AM1_RS13090",106447.439359153,-0.926139110133465,0.408999410882481,-2.26440206389337,0.0235493971533653,0.179820624297218
"gene-AM1_RS13095",45.9615918637379,0.233887634608444,0.521688540735072,0.448328104502526,0.653916420429007,0.997177134360943
"gene-AM1_RS13100",730.104118516354,-0.219433090780311,0.330220161310869,-0.664505431495254,0.506366873773383,0.989201002062665
"gene-AM1_RS44260",2063.05938121149,-0.0414212725021628,0.381924388376286,-0.108454117523789,0.913635474673619,0.997177134360943
"gene-AM1_RS13105",124.585330543898,-0.474596518481961,0.418052463319523,-1.13525588322923,0.256268120962793,0.851616528745626
"gene-AM1_RS13110",66.7190567645629,-0.458277867377329,0.398663767776918,-1.14953478198643,0.250335533056123,0.846269574038893
"gene-AM1_RS13115",28.7727029854573,-0.487357653470169,0.468273901144138,-1.04075339727327,0.297990013926975,0.894285546343303
"gene-AM1_RS42855",10.0350015514926,-0.377895652604293,0.607909382250613,-0.621631551737597,0.534184169195085,NA
"gene-AM1_RS42860",25.6915304365378,-0.94989036886578,0.542600096058086,-1.7506269824989,0.0800101843284918,0.442107193140522
"gene-AM1_RS13125",11.8382777011869,-0.895648815985566,0.764253887866552,-1.17192575687879,0.241226865000643,NA
"gene-AM1_RS13130",82.2502807013697,-0.618977751068864,0.630384592122118,-0.981904949461322,0.326146677182837,0.910234452669972
"gene-AM1_RS13135",31.8706576226159,-0.638910697830599,0.436678948284183,-1.46311311855319,0.143436428799778,0.635906659038014
"gene-AM1_RS13140",107.022855316838,-0.372194514216384,0.386225105839457,-0.963672502354352,0.335210144617744,0.920041909335111
"gene-AM1_RS13145",33.4236483695912,-0.119919712141775,0.465255100810261,-0.257750451167391,0.796599506829285,0.997177134360943
"gene-AM1_RS13150",1376.44870508114,-0.272688724973262,0.407333008168591,-0.669449122719757,0.503209025083035,0.989201002062665
"gene-AM1_RS13155",264.872806290994,-0.16388033685247,0.50903976278787,-0.321940148555277,0.747498036881799,0.997177134360943
"gene-AM1_RS13160",31.4015527082487,0.327042930123246,0.476432700043306,0.68644098126245,0.492435069305323,0.988029326430846
"gene-AM1_RS13165",340.673798274439,1.29760379976941,0.401869325371754,3.22891974541487,0.00124258760091869,0.0165078606167297
"gene-AM1_RS13170",1253.47446253028,2.38161913359674,0.390184452905328,6.1038288836552,1.03557154369733e-09,7.69731152479837e-08
"gene-AM1_RS13175",74.5202310715788,2.15019065658632,0.449834434048287,4.77996012274043,1.75329967391897e-06,5.78391892429897e-05
"gene-AM1_RS13180",65.0954608130751,0.40962134319843,0.454946988853413,0.900371588854306,0.367922535134601,0.941245946653286
"gene-AM1_RS13185",59.1477299889585,0.0229316308694722,0.474214068442237,0.0483571289751086,0.961431625429301,0.998854654019967
"gene-AM1_RS13190",26.8637805653053,-0.165758774466795,0.500495011093609,-0.331189663818233,0.740501227168263,0.997177134360943
"gene-AM1_RS13195",44.3208186529566,-0.179065499237846,0.510534815164026,-0.350741014949815,0.725782652395715,0.997177134360943
"gene-AM1_RS13200",723.018367657689,0.402897407619064,0.473991958604425,0.850008951217897,0.395320109657742,0.953847172404751
"gene-AM1_RS13205",77.0029410503758,-0.189728279645236,0.476843273971257,-0.397883937976386,0.690715740322279,0.997177134360943
"gene-AM1_RS13210",79.2053651303874,-0.424587328246968,0.425831409298757,-0.997078465738736,0.318726424691619,0.906764324510265
"gene-AM1_RS13215",320.586008090276,-0.0126778770409405,0.409204815765959,-0.0309817395897694,0.975284102378392,0.999174515952571
"gene-AM1_RS13220",268.528193540715,-0.215107267674601,0.380517292690749,-0.565302213083443,0.571868223678677,0.99593231790249
"gene-AM1_RS13225",1507.9927990587,1.3829695968253,0.384233254104231,3.59929699486692,0.000319078610241374,0.0049436137185682
"gene-AM1_RS13230",118.032474268287,-0.283314460299017,0.442307309095329,-0.640537595633436,0.521823155413528,0.991984531728213
"gene-AM1_RS13235",257.655449068242,-0.214065880955688,0.37056191029634,-0.577679127313702,0.563480773705134,0.994977061149491
"gene-AM1_RS13240",614.701075417542,-0.253610198162019,0.578605681787253,-0.438312664643464,0.66115964649027,0.997177134360943
"gene-AM1_RS13245",1283.76799399113,-0.829575431199308,0.552925543032169,-1.50033841202204,0.133526764161803,0.610392166309814
"gene-AM1_RS13250",225.609662048147,0.00604579132760799,0.425431346005241,0.0142109681958731,0.988661669516099,0.999709482207881
"gene-AM1_RS13255",328.09298826634,0.23642702331612,0.692729307194015,0.341297850200385,0.732879366151912,0.997177134360943
"gene-AM1_RS13260",298.057500881838,-0.047166026340407,0.434284563395589,-0.108606269519747,0.91351478781575,0.997177134360943
"gene-AM1_RS13265",357.912940036606,0.143718274742541,0.381146056990194,0.377068769587819,0.706122499379124,0.997177134360943
"gene-AM1_RS13270",424.722647035222,0.225278457331402,0.376992462039913,0.59756753785584,0.550128529927954,0.99354618231587
"gene-AM1_RS13275",312.434678374938,-0.20386875653299,0.356258168773069,-0.57225005460254,0.567152581150451,0.995078277288082
"gene-AM1_RS13280",297.571043723163,-0.375929012784646,1.40588094831834,-0.267397472904315,0.789163144956549,0.997177134360943
"gene-AM1_RS13285",351.704037611361,-0.0428748688719182,0.391335762762506,-0.109560313550842,0.912758086318613,0.997177134360943
"gene-AM1_RS13290",285.88778175926,-0.440883003129923,0.37207983327204,-1.18491507387765,0.236051026825034,0.81717880328944
"gene-AM1_RS13295",290.194713481478,-0.246798247030372,0.391249168994148,-0.630795581406241,0.528174192883697,0.99354618231587
"gene-AM1_RS13300",19.6932653759593,-0.0885044973135672,0.514519742420748,-0.172013802419252,0.863426677975519,0.997177134360943
"gene-AM1_RS13305",42.481430574527,-0.0365349969994354,0.441210549035888,-0.0828062635385075,0.934005588651696,0.997177134360943
"gene-AM1_RS13310",940.668013411473,0.00332793700757739,0.355017341726776,0.00937401252398141,0.992520729671048,0.999709482207881
"gene-AM1_RS13315",445.854152058499,-0.308859381660938,0.594213447708925,-0.519778512000678,0.603217957801777,0.997177134360943
"gene-AM1_RS13320",111.24021731768,-0.531038124698099,0.469551151415327,-1.13094840274044,0.258076809094637,0.853675284476279
"gene-AM1_RS37600",31.4052479955481,-0.467218731794088,0.468524698874429,-0.997212597151274,0.318661327653428,0.906764324510265
"gene-AM1_RS13330",115.129322516767,-1.56636500830303,0.427225547037802,-3.66636550450582,0.000246022218398826,0.00399072504540857
"gene-AM1_RS13340",69.4764401341037,0.0410038684707232,0.403798422005579,0.101545390561622,0.919117527290265,0.997177134360943
"gene-AM1_RS13345",60.1924640791944,-0.13913398255619,0.472722249032888,-0.294325013981964,0.7685095603218,0.997177134360943
"gene-AM1_RS13355",250.733674214778,0.243292404800286,0.449474917466768,0.541281382666419,0.588313650714706,0.997177134360943
"gene-AM1_RS13360",194.703610427615,-0.00106125726449918,0.420414442108943,-0.00252431210301802,0.997985892485387,0.999709482207881
"gene-AM1_RS13365",203.122734667776,0.458014038488594,0.408432231953052,1.12139543027359,0.26211958044163,0.856577511684301
"gene-AM1_RS13370",87.6316584050111,0.458507980253854,0.413789751993392,1.10806992692554,0.267831617507445,0.862229856361688
"gene-AM1_RS13385",40.4175556663315,-0.302825062208293,0.526099904143155,-0.575603720554741,0.564883065682317,0.994977061149491
"gene-AM1_RS13390",19.2867845831288,-0.667775373953537,0.654246542303145,-1.02067849163217,0.307406788001318,0.897564114226004
"gene-AM1_RS13395",73.3036773090173,-0.0800805749965185,0.399975706062743,-0.200213597432731,0.841313533260146,0.997177134360943
"gene-AM1_RS13400",28.0881423091375,-0.450327914100252,0.50507819750941,-0.891600382516734,0.3726071650618,0.942161630815008
"gene-AM1_RS13405",116.02392041397,-0.382559671041819,0.387700458133287,-0.986740312053743,0.323769962340804,0.907870319432565
"gene-AM1_RS13410",747.865046696574,0.617822560321529,0.450896417445965,1.3702095124665,0.170621509745672,0.708049120301473
"gene-AM1_RS13415",299.266351007887,0.123841503724255,0.363827460758943,0.340385256972967,0.733566419801431,0.997177134360943
"gene-AM1_RS13420",271.65451999205,0.123778490196925,0.425833367499402,0.290673534870652,0.771301014157131,0.997177134360943
"gene-AM1_RS13425",227.983173897393,-0.0680229830078809,0.348456581304572,-0.19521222056766,0.845226812474302,0.997177134360943
"gene-AM1_RS13430",472.094968312709,-0.338547111981021,0.333377003835368,-1.01550829267218,0.309863595596882,0.89847150485718
"gene-AM1_RS13435",99.8024596954825,-0.750806741753697,0.430862368613465,-1.74256745644747,0.0814091987806503,0.447179434275003
"gene-AM1_RS13440",180.293959258015,-0.418873810780554,0.432243067731207,-0.969070048894417,0.332510240253318,0.917466566242291
"gene-AM1_RS13445",60.1091265477875,-0.252098723263782,0.436083503869528,-0.578097362149262,0.563198387879137,0.994977061149491
"gene-AM1_RS13450",24.4877750252402,-0.341666912452483,0.528942042566314,-0.645943950295174,0.518315655044168,0.991747974838319
"gene-AM1_RS13455",76.8041835571707,0.113555837632193,0.426365407554197,0.266334546893931,0.789981569039767,0.997177134360943
"gene-AM1_RS13460",458.459695063696,0.0676348847078379,0.382220069984958,0.176952729642113,0.859545519818725,0.997177134360943
"gene-AM1_RS13465",181.641698497185,0.212556471452513,0.371473633198665,0.572198003993563,0.567187839591827,0.995078277288082
"gene-AM1_RS13470",193.034023715132,-0.125881255021735,0.396557904416024,-0.317434739340549,0.750913750987516,0.997177134360943
"gene-AM1_RS13475",40.0838835730376,-0.286154801612213,0.457948053200081,-0.624863015821556,0.532060967667222,0.99354618231587
"gene-AM1_RS13480",18.0388624491441,-0.219926866700772,0.497331500937521,-0.44221382777119,0.658334480784718,0.997177134360943
"gene-AM1_RS13485",15.1011549208608,-0.0165064925408046,0.571750159382273,-0.0288701144546045,0.976968180892728,NA
"gene-AM1_RS13490",12.8327847085386,-0.463389866026191,0.569231067389302,-0.814062851754496,0.415608945745227,NA
"gene-AM1_RS13495",55.6781977453418,-0.461525073231173,0.45294492569957,-1.01894302606073,0.308230015556916,0.898083252146036
"gene-AM1_RS13500",55.3595927049526,-0.196745888655571,0.461830085357219,-0.426013581387604,0.670097949639274,0.997177134360943
"gene-AM1_RS38700",85.9104124187478,0.496298401230339,0.565302533730805,0.877934153160322,0.379979453589034,0.946383626596995
"gene-AM1_RS13505",41.3189104502947,-0.748839380415756,0.420468884018059,-1.78096265592769,0.0749185516350359,0.424634879537578
"gene-AM1_RS13515",15.2799577328858,-0.0625534375802687,0.527975284840863,-0.118477965496288,0.905688953103739,NA
"gene-AM1_RS13520",21.5463727740459,-0.318218825548789,0.527174170018963,-0.603631292362716,0.54608880338191,0.99354618231587
"gene-AM1_RS13525",174.122463509658,-0.526276464528161,0.406664475551098,-1.29412942651302,0.195620718722209,0.750515417710563
"gene-AM1_RS13530",4792.47057746518,-1.78426346549312,0.482436432382714,-3.69844262524037,0.000216926369888633,0.00355807721783814
"gene-AM1_RS13535",15403.2497571803,-1.67083144579367,0.381625614111061,-4.37819523641152,1.19666129648239e-05,0.000302879100557955
"gene-AM1_RS13540",6200.86873574279,-0.178711235172411,0.393306527048495,-0.454381564713713,0.649554218835828,0.997177134360943
"gene-AM1_RS13545",1345.47341834,-0.473023897524829,0.388312121179815,-1.21815382967607,0.223165521151353,0.799528944600821
"gene-AM1_RS13550",1094.41459329401,-0.486829242890325,0.368404784371948,-1.32145201023995,0.186350693858179,0.731940651729249
"gene-AM1_RS13555",152.435883120863,-0.614595498127842,0.389391784899904,-1.57834736622867,0.114485829854841,0.558820276731192
"gene-AM1_RS13560",35.2419530902984,-0.0252268581175121,0.438559997246585,-0.0575220227013273,0.954129363571966,0.998338158331194
"gene-AM1_RS13565",167.981943739055,-0.169114169879357,0.361370454556122,-0.467980067952934,0.639798843601127,0.997177134360943
"gene-AM1_RS13570",51.8693089868987,0.0855091092199116,0.403306164869331,0.21202033757063,0.832091167910205,0.997177134360943
"gene-AM1_RS13575",72.0568184409366,0.199535284073125,0.430449837494468,0.463550608439222,0.642969748178259,0.997177134360943
"gene-AM1_RS13580",102.75154019902,0.301552409873543,0.405017026621188,0.744542550196499,0.456548309168069,0.982825588333525
"gene-AM1_RS13585",266.236832710644,-0.346508713570283,0.530451234456527,-0.653233871583499,0.513605516890615,0.990440589550638
"gene-AM1_RS13590",276.240089706564,-0.0262160852240975,0.46694079077236,-0.0561443457975344,0.955226816791751,0.998373313302674
"gene-AM1_RS13595",104.835146520702,0.0532159009412064,0.412604508408644,0.128975568266213,0.897376981038213,0.997177134360943
"gene-AM1_RS13600",422.505894237239,0.350527600606481,0.359931207306307,0.973873877816259,0.330119165392365,0.916096285058585
"gene-AM1_RS13605",275.715808084878,-0.600155901975057,0.351406331870288,-1.70786877624217,0.0876606939571136,0.471115032453874
"gene-AM1_RS13610",569.407775339402,0.725159820908157,0.380166628434044,1.90747889654383,0.0564586012721584,0.348973585968541
"gene-AM1_RS13615",2543.2549698698,1.04105035483731,0.519773932483461,2.00289066029765,0.0451890257942857,0.29398631939507
"gene-AM1_RS13620",215.040874207755,0.256093052749105,0.39982503897788,0.640512793805475,0.52183927426915,0.991984531728213
"gene-AM1_RS13625",64.491994056061,-0.35005366491111,0.453129383877849,-0.772524752015365,0.439803692686592,0.977489509256499
"gene-AM1_RS13630",246.52273579035,1.33464119091692,0.446995808811996,2.98580247198306,0.00282835272046997,0.0325648768129405
"gene-AM1_RS13635",26.2558120694217,0.98211069192534,0.484087546841547,2.02878735124084,0.0424799541787576,0.280903480785658
"gene-AM1_RS13645",55.2934347832556,-0.0609337213506958,0.395081242564881,-0.154230863898048,0.877427707459196,0.997177134360943
"gene-AM1_RS13650",393.224814113696,0.335722142991234,0.450666236263855,0.744946295010828,0.456304186814779,0.982825588333525
"gene-AM1_RS13655",158.386173835667,0.0371883838888743,0.378821858408881,0.0981685271411533,0.921798473424511,0.997177134360943
"gene-AM1_RS13660",72.6491664115058,-0.277711210739919,0.37563564446456,-0.739310059714315,0.459718742162555,0.982825588333525
"gene-AM1_RS13665",52.0693123343,-0.0655834281468909,0.428404011456034,-0.15308780121827,0.878329035700646,0.997177134360943
"gene-AM1_RS13670",47.2324240301117,-0.138951714921198,0.4137195250997,-0.335859698397634,0.736976669446092,0.997177134360943
"gene-AM1_RS13675",267.70248640628,-0.166850815731126,0.39017721083011,-0.427628295809864,0.6689217617407,0.997177134360943
"gene-AM1_RS13680",42.0001664036668,-0.28963323074758,0.41598229300567,-0.696263364132261,0.486263912042699,0.988029326430846
"gene-AM1_RS13685",39.8790608394802,0.461137458084713,0.411571058796893,1.12043217866852,0.262529638776009,0.856577511684301
"gene-AM1_RS13690",37.6112886962236,0.144698357134736,0.461037369437283,0.313853858118588,0.753632036692668,0.997177134360943
"gene-AM1_RS13695",23.7383113863539,-0.369023255400319,0.46355267675334,-0.796076204294423,0.42598774411019,0.971298466877678
"gene-AM1_RS13700",15.4873372218626,-0.512858540360301,0.573635935541382,-0.894048835828738,0.371295762490874,NA
"gene-AM1_RS13705",19.1598633353624,0.10030828104524,0.554393423642725,0.180933389119499,0.856419860626622,0.997177134360943
"gene-AM1_RS13710",59.8934153616332,0.091132571232347,0.435746144431523,0.20914142878129,0.834337834254823,0.997177134360943
"gene-AM1_RS13715",27.933865645495,0.190288716722641,0.446562812761462,0.42611859134873,0.670021433804836,0.997177134360943
"gene-AM1_RS39830",57.03162727852,0.8310726406996,0.402622379676895,2.06414914483029,0.0390035775634419,0.263858303516741
"gene-AM1_RS13730",10.8065873021399,-0.203976285322121,0.616578299399676,-0.330819760476033,0.740780633837603,NA
"gene-AM1_RS13735",22.9843400148093,0.111574837576073,0.533996820240201,0.208942887573535,0.834492823543336,0.997177134360943
"gene-AM1_RS13740",47.6396105450729,-0.420411084929197,0.559735439440197,-0.751088916845534,0.452599145367987,0.982825588333525
"gene-AM1_RS13745",254.698223924018,-0.491191539266747,0.430783115742087,-1.14022932031725,0.25419077519642,0.850461733857687
"gene-AM1_RS13750",1259.85153243418,-0.493709767323839,0.397635377328468,-1.24161429156744,0.21437890622258,0.781842816067301
"gene-AM1_RS13755",34.5030826330676,-0.176124194560783,0.463598425845746,-0.379906800243074,0.704014599279354,0.997177134360943
"gene-AM1_RS13760",75.4055540186073,-0.356665231822476,0.421238330656847,-0.846706498115493,0.397158735857455,0.953847172404751
"gene-AM1_RS13765",117.971073420023,0.514234734630494,0.664418465455633,0.773962135862451,0.438953182942794,0.976624842627761
"gene-AM1_RS13770",61.481595553919,0.22385518603368,0.394873383944091,0.566903709228919,0.570779603964336,0.99593231790249
"gene-AM1_RS13775",44.2348703562282,0.149285851072918,0.412116060431613,0.362242255049631,0.717171005668932,0.997177134360943
"gene-AM1_RS13780",10.6350942890671,0.30339195011267,0.583374289042855,0.520063972326319,0.603018988082082,NA
"gene-AM1_RS13785",20.1607447555613,0.246216258569577,0.481479783885604,0.511374032327131,0.609089174571544,0.997177134360943
"gene-AM1_RS13790",78.2161319326482,0.119226923244159,0.390637473932846,0.305211177114705,0.760205320194025,0.997177134360943
"gene-AM1_RS13795",15.5178738363534,-0.237442851044055,0.555755225947505,-0.427243577672597,0.669201923978889,NA
"gene-AM1_RS13800",34.3329592227921,-0.176740232164723,0.440494296517603,-0.401231601775483,0.688249616097781,0.997177134360943
"gene-AM1_RS13805",23.9644932886677,-0.0552976006657536,0.528099151637522,-0.10471064097393,0.91660541810733,0.997177134360943
"gene-AM1_RS13810",19.0134046384376,0.165700910877298,0.520317222658456,0.318461322557579,0.75013502873819,0.997177134360943
"gene-AM1_RS13815",100.189174620007,0.0232584899099174,0.3915830182917,0.059396063729688,0.952636648214927,0.997889813204431
"gene-AM1_RS13820",77.2718081308973,-0.639628379469544,0.391370978838093,-1.63432756656735,0.102190088386949,0.516472674180188
"gene-AM1_RS37605",43.3724057697108,0.0258032783463411,0.403092979771713,0.0640132169033419,0.948959702825936,0.997889813204431
"gene-AM1_RS13830",6.3058854925359,-0.952761323040627,0.74680832543055,-1.2757775865599,0.202034152808685,NA
"gene-AM1_RS13835",34.6815253775588,-0.235631843074075,0.5222211990127,-0.451210796343686,0.651837629134128,0.997177134360943
"gene-AM1_RS13850",33.2854552700246,-0.0188492266307947,0.439852205911603,-0.0428535457534634,0.965818279823173,0.999088916092384
"gene-AM1_RS13865",21.771825875622,0.161239237420896,0.558925617637769,0.288480671367961,0.772978823935821,0.997177134360943
"gene-AM1_RS13870",26.5854106079211,-0.23327291574335,0.471647666580494,-0.494591476376018,0.620888520096305,0.997177134360943
"gene-AM1_RS13875",22.616027467893,-0.500078163817762,0.483303264595564,-1.03470884732433,0.30080490299811,0.894285546343303
"gene-AM1_RS13880",21.8094269687151,-0.0103901343175073,0.505600939956366,-0.0205500692273316,0.983604571027752,0.99966258039135
"gene-AM1_RS13885",21.1074280267111,-0.167572193821942,0.479014946223559,-0.349826649759139,0.726468797603858,0.997177134360943
"gene-AM1_RS13890",103.450375353611,-0.333991866292709,0.38832370994313,-0.86008620576277,0.389741524502659,0.950794446148572
"gene-AM1_RS13895",395.896305979931,0.325628181919056,0.374288685903408,0.869992052078994,0.384304747672713,0.948167007703433
"gene-AM1_RS13900",169.843373677621,1.25818282104296,0.364344216718923,3.453280615714,0.000553812568663014,0.00799014103977696
"gene-AM1_RS13905",39.3011996024666,1.40219206217768,0.425993670536111,3.29157956833732,0.000996264292439721,0.0134175778101056
"gene-AM1_RS13910",69.4893065740012,-0.125692568195043,0.422481483444347,-0.297510241562102,0.766076990153988,0.997177134360943
"gene-AM1_RS42175",21.8988880804096,-0.159788761141198,0.627208763240698,-0.25476168463526,0.798907170199757,0.997177134360943
"gene-AM1_RS13930",50.3756796473027,-0.0913425548056616,0.389788786387092,-0.234338590528233,0.814722128930707,0.997177134360943
"gene-AM1_RS13935",14.4418014496186,-0.637977935912487,0.603181953389218,-1.05768737331705,0.290197993682262,NA
"gene-AM1_RS13940",22.8841013029995,0.310081412919776,0.552146452960699,0.561592692042245,0.574393560653004,0.99593231790249
"gene-AM1_RS13945",32.0113147465699,0.0929961735770566,0.608889333458782,0.15273083049229,0.878610546776063,0.997177134360943
"gene-AM1_RS13950",273.889254292562,-0.0106316594502036,0.385058838561345,-0.0276104802318667,0.977972822836828,0.999592065395623
"gene-AM1_RS13955",219.48217826539,-0.276424548058965,0.40002510446912,-0.691018001047243,0.489554228733301,0.988029326430846
"gene-AM1_RS13960",96.9772474854319,0.0823565216841377,0.416155754138578,0.197898312987674,0.843124624116168,0.997177134360943
"gene-AM1_RS13965",318.191032270886,0.367732922123723,0.435860297430871,0.843694468827013,0.39884015916998,0.953847172404751
"gene-AM1_RS43220",113.176135529014,-0.377348698499965,0.576476882965855,-0.654577329378038,0.512739924298346,0.98947674555308
"gene-AM1_RS13980",36.7622618393082,-0.441927316688395,0.459151401563896,-0.962487134272411,0.335804962868459,0.920133803996077
"gene-AM1_RS13985",47.8318943494147,-0.198890561956686,0.396969562771518,-0.501022195676902,0.616355502169641,0.997177134360943
"gene-AM1_RS13990",344.407952462788,-0.0958405430840831,0.361543312632291,-0.265087306929552,0.790942205264728,0.997177134360943
"gene-AM1_RS13995",318.957008018041,-0.00159172964336652,0.435622909302954,-0.00365391628717019,0.997084603095297,0.999709482207881
"gene-AM1_RS14000",618.849848704335,0.148671567712137,0.384092375217571,0.387072426595091,0.698702590013436,0.997177134360943
"gene-AM1_RS14005",100.684944772924,0.284815812018827,0.529467176513434,0.537929119410863,0.590625984054153,0.997177134360943
"gene-AM1_RS14010",1101.01158500299,0.549149649179192,0.399744691359274,1.3737509491668,0.169519013719543,0.706469587339359
"gene-AM1_RS14015",249.957185491744,0.450466846349304,0.38404929927085,1.17294015951742,0.240819803481162,0.826976300215258
"gene-AM1_RS14020",3275.0712436977,2.69399268761638,0.425343415360995,6.33368847459399,2.3936858362458e-10,1.9254415384158e-08
"gene-AM1_RS14025",32.4219266037183,0.165659877028148,0.461462998159976,0.358988429600414,0.719603744993435,0.997177134360943
"gene-AM1_RS14030",54.851438021314,-0.00396568908065424,0.433350240127211,-0.00915123314455785,0.99269847427292,0.999709482207881
"gene-AM1_RS14035",287.939976817234,-0.250428225625159,0.52542519088535,-0.476620135405354,0.633632642598337,0.997177134360943
"gene-AM1_RS14040",691.442015644508,-0.533544998017665,0.385569366620877,-1.38378471996789,0.166424383136781,0.699530406427474
"gene-AM1_RS14045",4483.75877817212,-0.385150819839932,0.373861942537233,-1.0301953101353,0.302918330844688,0.895025419745171
"gene-AM1_RS14050",1250.2687329027,-0.536482094441944,0.358627763495449,-1.4959301790051,0.134671850918268,0.612543074044982
"gene-AM1_RS14055",366.442543591181,-0.404353756020832,0.449595569176176,-0.899372199689948,0.368454441879851,0.941245946653286
"gene-AM1_RS38705",409.436720417548,-0.522902474492113,0.335010723422098,-1.56085294569297,0.118558451742446,0.568914500333074
"gene-AM1_RS14060",540.706241557211,0.176599729154251,0.353044318395835,0.50021971733375,0.616920376241204,0.997177134360943
"gene-AM1_RS14065",340.972881605449,0.501738183891737,0.550588739999736,0.911275780706989,0.362150084137785,0.937216965208054
"gene-AM1_RS14070",466.622037714104,0.571808684089911,0.383195165041534,1.49221267973966,0.135643399349528,0.615531716368182
"gene-AM1_RS14075",591.890649936559,0.292877176729317,0.432816771384454,0.676677051567315,0.498610879786775,0.989169154080495
"gene-AM1_RS14080",41.71704669041,-0.153500912777326,0.408491301897744,-0.375775229641858,0.707084004325873,0.997177134360943
"gene-AM1_RS14085",69.6420627475329,0.99578723912199,0.435871920406365,2.2845868075044,0.022337067218201,0.172521022295833
"gene-AM1_RS14090",48.4319410742016,-1.10944472607184,0.435678756557729,-2.54647422986032,0.0108817245772857,0.099528795510626
"gene-AM1_RS14095",355.708173086954,-4.21303076931813,0.502866432105018,-8.37803142214569,5.3820278416576e-17,1.43651215846425e-14
"gene-AM1_RS14100",474.54789793316,-4.67040574733148,0.422767951637761,-11.0472085909984,2.26137289203204e-28,2.65575632440243e-25
"gene-AM1_RS14105",16.0558282059612,-0.603515551322161,0.561523541546209,-1.07478227833569,0.282472216462005,NA
"gene-AM1_RS14110",50.7113511958008,0.230480544238703,0.545418331730227,0.422575720012107,0.672604844432614,0.997177134360943
"gene-AM1_RS14115",14.8275224425787,0.0375154820500175,0.576326920962191,0.0650940996949866,0.948099078232241,NA
"gene-AM1_RS14120",18.8569538631889,0.0454061545756079,0.517717476714018,0.087704504131874,0.930111539642294,0.997177134360943
"gene-AM1_RS14125",12.3113647150509,-0.661791815332681,0.572209342211177,-1.15655541864335,0.247454045341953,NA
"gene-AM1_RS14130",378.239653595321,-0.433708992607066,0.440139920986295,-0.985388900046107,0.324433079839999,0.908041489428254
"gene-AM1_RS14135",64.4564460005925,-0.0353640436593938,0.49588874333795,-0.0713144715109878,0.943147477954256,0.997177134360943
"gene-AM1_RS14140",110.494610337483,0.227183575326482,0.531146883137384,0.427722693173971,0.668853026046335,0.997177134360943
"gene-AM1_RS14145",3272.98361914639,0.314621127757241,0.379064202207579,0.829994301558846,0.406542005499497,0.957539570110794
"gene-AM1_RS42180",17.7856703720217,-0.0329710856995338,0.575381470069371,-0.0573030022943885,0.954303828799897,0.998338158331194
"gene-AM1_RS14155",48.5287387716362,-0.510968263662342,0.456646788277263,-1.11895731401071,0.263158349979305,0.856577511684301
"gene-AM1_RS42185",31.0955954300045,-0.573497821865275,0.464572485264947,-1.23446359837304,0.217030202999277,0.787208332439115
"gene-AM1_RS14160",693.490002238778,0.00588103031637057,0.344964404661466,0.0170482236338036,0.986398144454921,0.999709482207881
"gene-AM1_RS14165",136.430992174766,0.118002059420045,0.401323910419106,0.294031968583219,0.768733475137675,0.997177134360943
"gene-AM1_RS14170",13117.8862367047,0.947770076222907,0.543412937624012,1.74410657274169,0.0811405081700566,0.446120846418139
"gene-AM1_RS14175",1165.08388990936,1.19738252974409,0.49439878270746,2.42189619316395,0.0154397603207337,0.130074996561475
"gene-AM1_RS14180",78.1033578700957,0.231327228430318,0.385864783275056,0.599503345360805,0.54883727989835,0.99354618231587
"gene-AM1_RS14185",87.591706516176,-0.0388178720878459,0.487726932494965,-0.079589355234646,0.936563861650811,0.997177134360943
"gene-AM1_RS14190",68.3351265322445,0.168412893209649,0.401347945727578,0.419618176702872,0.674764407652415,0.997177134360943
"gene-AM1_RS14195",157.980775869445,-0.693794983171363,0.396018139446545,-1.75192728328297,0.0797863124574479,0.441986062971825
"gene-AM1_RS14200",13.1728274917843,-0.0210786850510489,0.689392286013529,-0.0305757483492283,0.975607883118711,NA
"gene-AM1_RS14205",61.4063449550108,-0.0724924801799529,0.420161023208973,-0.172534995336533,0.863016951559888,0.997177134360943
"gene-AM1_RS14210",76.4911925439709,0.0545991859773409,0.410666993459614,0.132952457457992,0.894230980055785,0.997177134360943
"gene-AM1_RS14215",14.5838891583218,-0.209904600862845,0.534932472466342,-0.392394576263179,0.694766692895861,NA
"gene-AM1_RS14225",10.5729367489751,0.0446985110108665,0.623398186366723,0.0717013812173203,0.94283955694143,NA
"gene-AM1_RS14230",14.2156274680425,0.00585678094600559,0.540280543413856,0.0108402588569977,0.991350894217711,NA
"gene-AM1_RS14235",58.2311027153294,-0.176580941520019,0.443837310564799,-0.397850602724934,0.690740313976542,0.997177134360943
"gene-AM1_RS14240",47.1894523204772,-0.258467072569156,0.454965948112876,-0.568102016516258,0.569965698596775,0.99583107983958
"gene-AM1_RS14245",33.0043987156657,0.127687261931955,0.523066982702478,0.244112639785149,0.807143583499605,0.997177134360943
"gene-AM1_RS14250",19.9896548264148,0.211505811268202,0.48737398497336,0.433970252392038,0.664310043050984,0.997177134360943
"gene-AM1_RS14255",28.6819864126039,1.11584901384528,0.509114076490654,2.1917465365265,0.0283978134619816,0.205612775152597
"gene-AM1_RS14260",7.76241880796977,0.723878549840607,0.699254859640787,1.03521418530072,0.300568895531291,NA
"gene-AM1_RS14265",288.367383064199,-0.106621448670572,0.435698443069654,-0.244713861999105,0.806677994010533,0.997177134360943
"gene-AM1_RS14270",395.40611549645,-0.184746545939633,0.451979073348298,-0.408750220604277,0.682722974561474,0.997177134360943
"gene-AM1_RS14275",217.483234316919,-0.0852233433228347,0.418663925964284,-0.203560273616946,0.838697140128953,0.997177134360943
"gene-AM1_RS14280",11.5556653625385,-0.108141963001994,0.599667587631049,-0.18033651515034,0.856888390622133,NA
"gene-AM1_RS14285",1220.90987940178,0.00885848052639163,0.358825016239111,0.0246874663846976,0.980304252411114,0.99966258039135
"gene-AM1_RS14290",215.74285857947,0.197205094942367,0.43877455697802,0.449445146274162,0.653110569962994,0.997177134360943
"gene-AM1_RS14295",52.5770611399624,1.31147543039677,0.41713770672649,3.14398676803553,0.00166662975538066,0.0210470677024155
"gene-AM1_RS41010",25.1727647254418,1.05018737329921,0.507295474404732,2.07016901645243,0.0384365196321241,0.261868568089322
"gene-AM1_RS14300",36.7642541315686,0.401266094237151,0.445014907440902,0.90169135354289,0.367220847379957,0.941006433311144
"gene-AM1_RS14305",66.4666989483174,0.928594718125613,0.423000072264282,2.19525900587895,0.0281450237433803,0.204845377151032
"gene-AM1_RS14310",77.0246981819797,1.80503183284279,0.45045545775593,4.00712612482278,6.14620456987669e-05,0.00123175813086402
"gene-AM1_RS14315",37.8391521931038,-0.00375400896848995,0.445333617096861,-0.0084296554860655,0.993274187689894,0.999709482207881
"gene-AM1_RS14320",232.071440569393,-0.452872764194851,0.377255939991119,-1.20043905526182,0.229968868542362,0.806921443311917
"gene-AM1_RS14325",169.496616099125,0.0604889104098649,0.358825152208385,0.168574889573896,0.866131033079137,0.997177134360943
"gene-AM1_RS14330",369.746031490791,0.391724938446385,0.344152753787109,1.13822985327238,0.255024516042307,0.850461733857687
"gene-AM1_RS14335",583.047022090333,1.19849266769241,0.474958908150922,2.52336075210865,0.0116239086237947,0.103731901882861
"gene-AM1_RS14340",845.054168307364,-0.808498834526194,0.353871148971928,-2.284726621187,0.022328862649176,0.172521022295833
"gene-AM1_RS14345",179.436448578241,0.514231324309215,0.522834587405755,0.983544961822,0.325339297913643,0.909277656996151
"gene-AM1_RS14350",741.14433151074,0.279323813154991,0.379869926397918,0.735314363533997,0.462148062500719,0.982825588333525
"gene-AM1_RS14355",1746.76448376037,0.12690633001957,0.492007948017002,0.257935528340661,0.796456664699451,0.997177134360943
"gene-AM1_RS14360",208.327012127428,0.0966856778705447,0.388553045055576,0.248835208219036,0.803488255283994,0.997177134360943
"gene-AM1_RS14365",180.565957365797,1.07412493383399,0.463138841539352,2.31922878734134,0.0203826343517926,0.16195781991032
"gene-AM1_RS14370",273.699802887293,1.82232412000429,0.372068944518015,4.8978130178668,9.69091836372024e-07,3.49110875041504e-05
"gene-AM1_RS14375",630.92034342897,2.03229481556467,0.412281481291214,4.92938661518286,8.24881925797573e-07,3.02731666767709e-05
"gene-AM1_RS14380",88.0022795391853,-0.316548259369391,0.423074974233523,-0.748208423206491,0.454334451102255,0.982825588333525
"gene-AM1_RS14385",93.1905861488635,-1.99734885073584,0.46010940451962,-4.34103026609766,1.41816185201095e-05,0.000350494674567732
"gene-AM1_RS14390",99.0075403566529,-0.176968255069202,0.456691834257599,-0.387500370697196,0.698385810545169,0.997177134360943
"gene-AM1_RS14395",181.411654988683,-1.92302846339229,0.416818975730621,-4.61358185534022,3.95788286830842e-06,0.000117973036561965
"gene-AM1_RS14400",61.5220767018705,0.546116572649013,0.425057399092188,1.28480664920873,0.198859858245661,0.757758006241741
"gene-AM1_RS14405",262.634061690045,0.159513730640606,0.369348386618049,0.431878780089442,0.665829518156413,0.997177134360943
"gene-AM1_RS14410",1323.17611183307,0.28131694051834,0.394633509001857,0.712856192141088,0.475934749761865,0.984738847992133
"gene-AM1_RS14415",64.8883023572032,-0.260709902108434,0.419562882472173,-0.621384571896027,0.534346620652016,0.99354618231587
"gene-AM1_RS14420",71.5736432844639,-0.459143704544306,0.446826384489313,-1.02756623261867,0.30415391501903,0.89568294332585
"gene-AM1_RS14425",256.017327731149,-0.046394214272088,0.368859338995352,-0.125777523753228,0.899908033905399,0.997177134360943
"gene-AM1_RS14430",486.522132995586,-0.190011211370307,0.403703902778613,-0.470669741021819,0.637876595994518,0.997177134360943
"gene-AM1_RS14435",275.708985968309,-0.456735242194658,0.414247319185616,-1.10256656118517,0.270215438298195,0.864242057047992
"gene-AM1_RS14440",756.068211584225,-0.092765959928992,0.392471566763638,-0.236363517219731,0.813150603240227,0.997177134360943
"gene-AM1_RS14445",191.404237922342,-1.12306647872644,0.479680353133571,-2.34128096218631,0.0192176988217703,0.155568867328238
"gene-AM1_RS14450",90.2647049390339,-0.171099503584769,0.36422933091932,-0.46975761988446,0.638528196058564,0.997177134360943
"gene-AM1_RS14455",154.75759593987,-0.108378498631071,0.384748216781306,-0.281686812060454,0.778183667630396,0.997177134360943
"gene-AM1_RS14460",236.581079496307,-0.0946552862522513,0.335157430750468,-0.282420371943728,0.77762119597239,0.997177134360943
"gene-AM1_RS14465",1561.38199021068,0.0565130339377666,0.332307579475165,0.17006242838945,0.864961040850909,0.997177134360943
"gene-AM1_RS14470",1100.48366906823,-0.0946709032753027,0.369633154840195,-0.256121243550872,0.797857218959793,0.997177134360943
"gene-AM1_RS14480",59.5311973998623,-0.186844058084282,0.388692081514973,-0.480699419849344,0.630730143531292,0.997177134360943
"gene-AM1_RS14490",167.392869702506,-0.103292067387707,0.416547944864415,-0.247971616859922,0.804156367524044,0.997177134360943
"gene-AM1_RS14495",37.0122338699366,0.690406098687169,0.439150370528272,1.57214053549961,0.115917962493476,0.563935605436366
"gene-AM1_RS14500",54.6889191427988,1.03219101506991,0.548984661588602,1.88018188355765,0.060083293771671,0.364096079491488
"gene-AM1_RS14505",293.878777204266,0.0505558841442621,0.393682989345964,0.128417751115566,0.897818384104781,0.997177134360943
"gene-AM1_RS14510",239.124868254196,0.311566112715394,0.337850398108063,0.922201407664875,0.356423528982843,0.933672522671186
"gene-AM1_RS14515",56.3513176545562,1.5310388557464,0.502497033043791,3.04686148388258,0.0023124424461626,0.0277115551915649
"gene-AM1_RS14520",319.991485515811,0.737001874391522,0.391228903030348,1.88381243993712,0.059590350266713,0.361481959469152
"gene-AM1_RS14525",198.794885491693,-1.92154286695568,0.528175521601644,-3.63807633706457,0.00027468201818909,0.00436758084604682
"gene-AM1_RS14530",90.3380459351952,0.062548569710853,0.391253195681167,0.159867243006045,0.872985652886899,0.997177134360943
"gene-AM1_RS14535",178.41750699394,-0.317695627505617,0.356469573059628,-0.891227895774641,0.37280692183809,0.942161630815008
"gene-AM1_RS14540",901.489083679621,-0.523121434656473,0.711634852008627,-0.735098109908383,0.462279745360286,0.982825588333525
"gene-AM1_RS14545",987.958493644343,-0.193648897063036,0.578757874450909,-0.334593973769703,0.737931391388069,0.997177134360943
"gene-AM1_RS14550",43.0952336739661,-0.916262840000976,0.506293699037932,-1.80974569057856,0.0703352334784289,0.40429039005493
"gene-AM1_RS14555",258.557760965845,-0.57187045199861,0.449982220605272,-1.27087343857583,0.203773677158917,0.762342562796953
"gene-AM1_RS14560",48.3226598146424,-0.720999996761338,0.530913700674868,-1.35803614757887,0.174452214418815,0.715699333563395
"gene-AM1_RS14565",21.1758645946149,-0.452623822390658,0.564863840428809,-0.80129721535557,0.422959602568172,0.968993062826186
"gene-AM1_RS14570",43.4450431297149,-0.544338538742341,0.524771094944761,-1.0372875792628,0.299601852635759,0.894285546343303
"gene-AM1_RS14575",64.1987372548776,-0.88352886310971,0.532406483644717,-1.65950057005561,0.0970149658777718,0.502356154880314
"gene-AM1_RS14580",67.4954266644316,-0.761784511055526,0.483216552865987,-1.5764867874193,0.114913661365342,0.560442707256885
"gene-AM1_RS14585",53.6240018589337,0.0431639058034254,0.417067558034263,0.103493798479237,0.917571071162831,0.997177134360943
"gene-AM1_RS14590",35.1143947883525,0.242533914348198,0.43803686500332,0.553683796331525,0.579795266553259,0.997177134360943
"gene-AM1_RS14595",106.41963560255,1.69805571718844,0.432787895849339,3.92352866952537,8.72613756895373e-05,0.00168552236200317
"gene-AM1_RS14600",1878.18037830565,1.90477789233648,0.476873395871827,3.99430521565193,6.48842371719313e-05,0.00129152623957146
"gene-AM1_RS14610",72.4910192747529,0.877694971046306,0.437186391412027,2.00759902020628,0.0446859187723181,0.29244879815274
"gene-AM1_RS14615",29.8816850684583,0.451779762911158,0.517466761395173,0.873060448738944,0.382630130283178,0.946383626596995
"gene-AM1_RS14620",18.6918870076452,0.34611269124383,0.500695379110907,0.691264001394276,0.489399649987062,0.988029326430846
"gene-AM1_RS14625",4476.2700398867,0.195034234768289,0.488215999800229,0.399483496747534,0.689536981513843,0.997177134360943
"gene-AM1_RS14630",478.694518175984,-1.85342109303804,0.789083317431261,-2.34882813017967,NA,NA
"gene-AM1_RS14635",252.165726258893,3.29979168852642,0.466817283527221,7.06870076359117,1.56390971096372e-12,1.99459736656111e-10
"gene-AM1_RS14640",527.792834422491,0.0543041824756634,0.405807855136833,0.13381747491643,0.893546908495792,0.997177134360943
"gene-AM1_RS14645",201.232722457435,0.0956072537646239,0.371550475079134,0.257319691878368,0.796931992220704,0.997177134360943
"gene-AM1_RS14655",211.269674295677,-0.0953771275202445,0.386592302969642,-0.246712432678035,0.805130784055191,0.997177134360943
"gene-AM1_RS14660",108.759953246277,1.259563492937,0.360203509434862,3.49681071934356,0.000470855792309306,0.00696439600110893
"gene-AM1_RS14665",52.525727638111,-0.344939920606644,0.391565363346849,-0.880925518177398,0.378358134686127,0.946383626596995
"gene-AM1_RS14670",196.353768597638,-0.421874959501155,0.37046244721823,-1.13877928159514,0.25479522533778,0.850461733857687
"gene-AM1_RS14675",189.375553493469,0.0542297181644197,0.482590872312648,0.112372034523866,0.910528428079092,0.997177134360943
"gene-AM1_RS14680",191.890016498195,0.349046980218982,0.402862121319161,0.866417967209321,0.386260994414538,0.950098436360828
"gene-AM1_RS14685",58.6332897677274,0.19936441412664,0.458490564814585,0.434827735674917,0.663687471188662,0.997177134360943
"gene-AM1_RS14690",24.2473143989239,-1.15540673221081,0.503339636672,-2.29548131724768,0.0217055558892196,0.170166921470624
"gene-AM1_RS14695",267.97176099665,1.02777702934679,0.350467703921437,2.93258699117446,0.00336150735752857,0.0373133671141924
"gene-AM1_RS14700",45.0149557117992,-1.77892074178448,0.487416103468508,-3.64969628439742,0.000262550553121493,0.00421228646975247
"gene-AM1_RS14705",39.8084049382637,-2.62958338359406,0.482914708489161,-5.44523357306911,5.17374496476439e-08,2.53168586942471e-06
"gene-AM1_RS14710",142.335424048202,-3.28541712004037,0.512455626165762,-6.41112508535062,1.4444961420224e-10,1.24736490381699e-08
"gene-AM1_RS14715",10.8580751364723,-1.76283114243503,0.684792577583937,-2.57425562154105,0.0100456024191636,NA
"gene-AM1_RS14720",171.48345974554,-0.816676572736054,0.371204810623296,-2.20007001354524,0.0278019280055232,0.203557258414504
"gene-AM1_RS14725",858.209172040003,3.03805443944125,0.505784112540438,6.00662291304841,1.89427383959271e-09,1.34014168507089e-07
"gene-AM1_RS14730",95.1634805420218,0.749096446197666,0.390013903724036,1.92069164469508,0.0547705935953328,0.341052943363515
"gene-AM1_RS14735",205.239431330003,0.209954231441764,0.382266563045069,0.549235145677678,0.582844088063241,0.997177134360943
"gene-AM1_RS14745",169.7153293087,0.0709198383082325,0.490736160533716,0.144517245745863,0.885092039263816,0.997177134360943
"gene-AM1_RS14750",181.948071754846,1.90666334998889,0.445520612004318,4.27962993992838,1.87204317591757e-05,0.000452371914773169
"gene-AM1_RS14755",62.9445804819641,0.811410864609817,0.439720307994368,1.84528858426118,0.064995570208549,0.382418825916432
"gene-AM1_RS14760",23.7562005494947,-0.260487025902989,0.524696302821425,-0.496452947166359,0.619574876917199,0.997177134360943
"gene-AM1_RS14770",55.7616294095771,-0.0255498025517851,0.50852313612226,-0.0502431467457212,0.959928628820837,0.998854654019967
"gene-AM1_RS14775",23.752627042408,-0.291457118490504,0.476046662273935,-0.612244852423287,0.540375770351796,0.99354618231587
"gene-AM1_RS14780",18.9052252288378,-0.426178808622614,0.547027756841891,-0.779080774772813,0.435932134328044,0.973955953215161
"gene-AM1_RS14785",127.537582262542,-0.234666280837421,0.39568963475078,-0.593056426623918,0.553143390058438,0.99354618231587
"gene-AM1_RS14790",209.029975693287,-0.288982965054954,0.466020484224055,-0.620107859713771,0.53518677793685,0.99354618231587
"gene-AM1_RS14795",25.4671660447272,-0.605371536731981,0.518918993479147,-1.16660123128892,0.243371445878423,0.831342135077429
"gene-AM1_RS43970",26.6537354693398,0.34096904724299,0.520935110545684,0.65453266700688,0.512768688133178,0.98947674555308
"gene-AM1_RS14800",138.925567761269,0.131528843531785,0.376299733322377,0.349532119968588,0.726689861318702,0.997177134360943
"gene-AM1_RS14805",55.3768189876092,-0.356233195195238,0.789572188987549,-0.451172419905047,0.651865285762071,0.997177134360943
"gene-AM1_RS14810",25.3213398119896,-0.38295748478205,0.504304543862057,-0.759377422716224,0.447626815247404,0.979391811661579
"gene-AM1_RS14815",18.4503400424842,-0.0385368797811391,0.495250604147128,-0.077812887977196,0.937976894411709,0.997177134360943
"gene-AM1_RS14820",14.1503815247326,0.178301979552985,0.561581518249896,0.31749972846087,0.75086444547941,NA
"gene-AM1_RS14825",104.384908686668,0.397028235719896,0.396177363782445,1.00214770457688,0.316272260719638,0.904169375678628
"gene-AM1_RS14830",698.975446353965,0.550364874029308,0.398985642321069,1.37941022345466,0.167768308914365,0.702269999571711
"gene-AM1_RS14835",123.167685431748,-0.13038382559261,0.359358362615213,-0.362823963922107,0.716736389352431,0.997177134360943
"gene-AM1_RS14845",37.2736361738247,-0.609087688112958,0.476140285984423,-1.27921897399138,0.200819956061964,0.76153067261414
"gene-AM1_RS14860",14.2999076797238,-0.711263766619961,0.617994570029832,-1.15092235613919,0.249764179571589,NA
"gene-AM1_RS14870",22.5788845747312,0.0533621565321939,0.516180101201333,0.103378949339584,0.917662218614497,0.997177134360943
"gene-AM1_RS14875",35.1679005988,0.545964662123875,0.448687352321231,1.21680421634216,0.223678715442834,0.800310706835746
"gene-AM1_RS14885",13.7816144178754,0.770780800531795,0.597393378846979,1.29023994544343,0.19696736085616,NA
"gene-AM1_RS14890",36.4355841270293,-0.213914124914798,0.495487901350239,-0.431724214318588,0.665941866256421,0.997177134360943
"gene-AM1_RS14895",49.1084955755721,-0.298951573129121,0.460959816732507,-0.648541504654843,0.516634775354258,0.991398497019674
"gene-AM1_RS14900",29.2356330640812,0.248994981302297,0.461675498516638,0.539328992121776,0.589659867435444,0.997177134360943
"gene-AM1_RS14905",21.6276157253715,-0.22926343344266,0.48363416968058,-0.474043084247083,0.635469184031302,0.997177134360943
"gene-AM1_RS14920",27.1627799443048,0.0168153829514858,0.455621131018501,0.0369065036862897,0.970559554090064,0.999088916092384
"gene-AM1_RS14925",50.8074630531388,0.134147805518116,0.454529898082585,0.295135272913868,0.767890545288234,0.997177134360943
"gene-AM1_RS14930",49.7206805890793,0.122808384982808,0.419862232176943,0.292496861044299,0.769906759526059,0.997177134360943
"gene-AM1_RS14935",20.3653220287986,-0.567199211040071,0.512276855257794,-1.10721225294209,0.268202171186457,0.862260690382301
"gene-AM1_RS14940",16.6468454173634,-0.770711423549108,0.575803725357871,-1.3384967647962,0.180734554258258,NA
"gene-AM1_RS14945",150.5884358328,-0.301522050824174,0.370692071650672,-0.81340302068375,0.415987028025391,0.963340416703143
"gene-AM1_RS14955",208.828079473124,0.620589180431253,0.451265525359484,1.37521956709829,0.16906338379104,0.705572274073194
"gene-AM1_RS14960",21.3951964783035,-0.087468816265676,0.51568036828749,-0.16961827838463,0.865310346778164,0.997177134360943
"gene-AM1_RS42870",38.961391029907,-0.910981152920552,0.440739961421242,-2.06693568239861,0.0387402148917375,0.262985597507841
"gene-AM1_RS42875",22.6298007688848,-0.351242318578776,0.490355188684213,-0.716301829131811,0.473804997605605,0.983875589834479
"gene-AM1_RS14970",75.5972282545446,-0.110204306190762,0.50163385251296,-0.219690727885864,0.826112026341569,0.997177134360943
"gene-AM1_RS14975",95.2919457385527,-0.366898691191983,0.420212367813064,-0.873126826564995,0.382593953214616,0.946383626596995
"gene-AM1_RS14980",52.5463470140269,-0.0521775900855702,0.628413861258133,-0.0830306161310744,0.933827195505772,0.997177134360943
"gene-AM1_RS14985",18.5539567649695,-0.23046340851819,0.507905274376263,-0.453752737262302,0.650006804492826,0.997177134360943
"gene-AM1_RS14990",130.134618088811,0.105447268723036,0.396957490057005,0.265638692717181,0.79051748336637,0.997177134360943
"gene-AM1_RS14995",56.7493367190032,-0.149336317240997,0.409570404914967,-0.364616963161684,0.715397350591661,0.997177134360943
"gene-AM1_RS15000",35.7070353492576,0.79365108988987,0.425832451105928,1.86376375926419,0.0623548871541675,0.374001938068714
"gene-AM1_RS15005",107.642153467828,0.788226292765365,0.48180017384225,1.63600250800956,0.101839062498436,0.516467893200781
"gene-AM1_RS15010",129.56089123855,0.340693250805546,0.465927291015337,0.731215486568979,0.46464754228461,0.982825588333525
"gene-AM1_RS15015",141.936683316523,-0.0238567144313648,0.415126091302542,-0.0574685979301122,0.954171919974338,0.998338158331194
"gene-AM1_RS15020",15.4410143966455,0.140032663207137,0.540424953785472,0.25911583509655,0.795545867303208,NA
"gene-AM1_RS15025",91.2642820156557,-0.184475331264775,0.410300894773211,-0.449609868305896,0.652991771252355,0.997177134360943
"gene-AM1_RS15030",300.042175782991,-0.188756207848338,0.406093103746888,-0.464810178027518,0.642067398403528,0.997177134360943
"gene-AM1_RS15035",121.834690467692,-0.0193686073098503,0.381224027640133,-0.0508063655634366,0.95947981844406,0.998854654019967
"gene-AM1_RS15040",517.722957520777,-0.274455258240946,0.486507924661747,-0.564133170968934,0.57266350471711,0.99593231790249
"gene-AM1_RS15045",30.5483643060228,-0.322485276793335,0.448289460894507,-0.719368410200533,0.471913955396378,0.983283656549519
"gene-AM1_RS15050",360.154539304131,-0.336819743995817,0.40225914954221,-0.837320280667659,0.402412562468925,0.955451821303974
"gene-AM1_RS15055",154.279860490383,-0.161993785621923,0.381540455634457,-0.424578267467198,0.671144138443501,0.997177134360943
"gene-AM1_RS15060",348.719894159544,0.170573963604396,0.363863239212765,0.468785920703175,0.639222664618962,0.997177134360943
"gene-AM1_RS15065",665.020137132822,0.363717905586228,0.355226850316031,1.02390319105282,0.305881002854799,0.897564114226004
"gene-AM1_RS15070",21.0914479114211,0.833061351334876,0.556189245021968,1.49780197799756,0.134184706768143,0.611748911601346
"gene-AM1_RS41035",13.5514775935848,1.1723236588538,0.631164488533205,1.8573980002871,0.0632545507805314,NA
"gene-AM1_RS15075",58.3908756200306,0.459976809306563,0.416733512987913,1.10376726366114,0.269694108890088,0.863491716141003
"gene-AM1_RS15080",178.924817326879,0.636931506087401,0.373051450375458,1.7073556621918,0.0877559660624044,0.471115032453874
"gene-AM1_RS15085",102.216569603676,0.130982795378347,0.407210469593572,0.321658712530348,0.747711259412303,0.997177134360943
"gene-AM1_RS15090",134.305757239649,0.219833087383434,0.416041488015373,0.528392224612251,0.597227133045707,0.997177134360943
"gene-AM1_RS15095",47.3480619577171,0.602471955255594,0.4527791256502,1.33060894622832,0.183317717281457,0.731253919654119
"gene-AM1_RS15100",202.474073058608,-0.0761704067748044,0.387338978153673,-0.196650507877843,0.844101042692082,0.997177134360943
"gene-AM1_RS15105",61.7041480016028,-0.0481788870573873,0.447123375263881,-0.107753004478805,0.914191622744681,0.997177134360943
"gene-AM1_RS15110",27.5536212118344,-0.508335895754054,0.488832300274119,-1.03989833623719,0.2983871355341,0.894285546343303
"gene-AM1_RS15115",150.09216088247,0.0314534310641158,0.38619287330055,0.0814448769996787,0.93508816094276,0.997177134360943
"gene-AM1_RS15120",2108.84469986051,-0.159140832118459,0.389829272796052,-0.408232124224588,0.683103265810971,0.997177134360943
"gene-AM1_RS15125",119.904195121112,-0.308237368619076,0.430843346260409,-0.715427942184749,0.474344651706643,0.983875589834479
"gene-AM1_RS15130",38.2444750779507,-0.547161048647879,0.659410823844486,-0.829772622563018,0.406667352480169,0.957539570110794
"gene-AM1_RS39840",96.5144249220116,-0.301609720625027,0.401480219872491,-0.751244284764061,0.452505653076588,0.982825588333525
"gene-AM1_RS15140",556.871621019505,-0.599257802942393,0.423621658124185,-1.41460615020472,0.157184004565192,0.675684095759008
"gene-AM1_RS15145",371.950198645452,-0.140501361455604,0.456162722639392,-0.308007109047957,0.758076922907835,0.997177134360943
"gene-AM1_RS41040",1450.06568860759,0.296427612895172,0.504351592281437,0.587740015956489,0.556706811774361,0.99354618231587
"gene-AM1_RS15155",325.628712274416,-0.00658742311793635,0.416341833263712,-0.0158221504341695,0.987376277156804,0.999709482207881
"gene-AM1_RS15160",12.5242602756378,0.12392595202269,0.587956893869196,0.210773873586488,0.833063726408669,NA
"gene-AM1_RS15165",130.803569544,-0.410272861088174,0.360630182896812,-1.13765536149138,0.255264419780829,0.850461733857687
"gene-AM1_RS15170",1059.73235267355,-0.246818557274332,0.402243414910015,-0.613604966857065,0.539476400597982,0.99354618231587
"gene-AM1_RS15175",122.278356922141,-0.475710114812742,0.445215850808278,-1.06849321278455,0.285298090361531,0.881721256106795
"gene-AM1_RS15180",67.7799075638893,0.133374071236421,0.536587938535915,0.24855957739254,0.803701479833402,0.997177134360943
"gene-AM1_RS15185",104.439322509472,0.286179701765339,0.442277593895054,0.647059009354304,0.517593753195619,0.991747974838319
"gene-AM1_RS15190",141.939807777061,0.113280934780768,0.458624443872869,0.247001520076348,0.804907047667226,0.997177134360943
"gene-AM1_RS15195",109.906895882299,2.18646503930801,0.445485160485948,4.9080535857198,9.19847248861002e-07,3.33416237364926e-05
"gene-AM1_RS15200",165.328067402802,-0.175743089535684,0.417460508107234,-0.420981353020681,0.673768698279384,0.997177134360943
"gene-AM1_RS15205",39.6950373304198,0.274959839582966,0.486685801116342,0.564963758861001,0.572098414781297,0.99593231790249
"gene-AM1_RS15210",71.8023886355485,0.95486998048799,0.475526703097552,2.00802599363616,0.0446405295390113,0.29244879815274
"gene-AM1_RS15215",38.0152298713728,0.141833587757345,0.447026567429325,0.31728223352132,0.751029457069103,0.997177134360943
"gene-AM1_RS15220",31.0271692088522,-0.126479576208639,0.528930250958747,-0.239123355072584,0.811009932293822,0.997177134360943
"gene-AM1_RS15225",14.4550241252868,-0.525721473732157,0.571240025359112,-0.920316242549111,0.357407523577843,NA
"gene-AM1_RS15235",24.7488430425087,0.917186485701096,0.515755105155644,1.77833719246329,0.0753484913756455,0.425988188632698
"gene-AM1_RS15240",110.362244268221,0.441235540797985,0.358047482262449,1.23233806312471,0.217822826929257,0.788566978870899
"gene-AM1_RS15245",81.9893771039684,-0.031950346002256,0.412932434586834,-0.0773742707671399,0.938325808362142,0.997177134360943
"gene-AM1_RS15250",60.851281094787,-0.286915627646926,0.388020623579681,-0.739433963586752,0.459643525017032,0.982825588333525
"gene-AM1_RS15255",241.822955373195,0.0809968346738764,0.365186225842178,0.221795974059768,0.824472713646364,0.997177134360943
"gene-AM1_RS15270",38.2782357605143,-0.378150483627226,0.45089790349533,-0.838660993310967,0.401659573147629,0.955171930570576
"gene-AM1_RS15275",12.4975974340997,-0.195337962694217,0.618909502133923,-0.315616357513847,0.7522937203687,NA
"gene-AM1_RS15280",13.4401319518028,-0.198486834215501,0.581476419155858,-0.34134975671696,0.732840294311231,NA
"gene-AM1_RS39850",23.210160300831,-0.167035500406337,0.512434655417689,-0.325964488623795,0.744451222955491,0.997177134360943
"gene-AM1_RS15295",36.0377932818835,-0.221452287758926,0.452982600079812,-0.488875925300239,0.624929540833868,0.997177134360943
"gene-AM1_RS15305",14.3771260240202,-0.230749180588769,0.63539775731566,-0.363157058601538,0.716487563227302,NA
"gene-AM1_RS15315",14.6531347932934,0.102182840088047,0.619974902099513,0.164817704300625,0.869087468601703,NA
"gene-AM1_RS15320",35.6104202213362,-0.0373839854955104,0.49789097874834,-0.0750846813683809,0.940147335914102,0.997177134360943
"gene-AM1_RS15325",41.9592508076709,-0.515461661391427,0.429965249169337,-1.19884493546226,0.230588246232527,0.806921443311917
"gene-AM1_RS15330",15.1299190050414,-0.0603855068874253,0.530502475693277,-0.113827002990913,0.909374932417016,NA
"gene-AM1_RS15340",54.2416564168449,0.328395254513403,0.408934962450151,0.803050080496442,0.421945789037456,0.968815186523028
"gene-AM1_RS15345",10.8431133856409,-0.379485478735545,0.619472178489338,-0.612594870137621,0.540144251022365,NA
"gene-AM1_RS15350",26.0321676445977,0.326615960166898,0.492522911722486,0.663148764033401,0.507235282053177,0.989201002062665
"gene-AM1_RS15355",37.2952303638694,0.237573776139327,1.46384446261604,0.162294411876763,0.871074015020784,0.997177134360943
"gene-AM1_RS15360",73.4275658786854,0.0244295493011204,1.76599644247226,0.013833294741478,NA,NA
"gene-AM1_RS15365",123.547088072209,-0.184642097651766,1.64664191625736,-0.112132513953876,0.910718337582121,0.997177134360943
"gene-AM1_RS15370",7.43161692967061,0.487923427509853,0.688857697781572,0.708308013514523,0.478754001783415,NA
"gene-AM1_RS15375",19.218162137324,0.161014761451056,0.53009520954079,0.303746871416816,0.76132074578939,0.997177134360943
"gene-AM1_RS15380",23.9637020911728,-0.251710368439124,0.505307624634314,-0.498132931639977,0.618390350583208,0.997177134360943
"gene-AM1_RS15385",44.2779301642486,-0.148666761271684,0.558595671787383,-0.266143775865616,0.790128482088227,0.997177134360943
"gene-AM1_RS37630",19.2091429770278,0.01514352456936,0.541931295341438,0.0279436244031985,0.977707114772477,0.999572364444542
"gene-AM1_RS15395",35.4604827570197,0.0756659472586423,0.687643024375493,0.110036668120586,0.912380294516781,0.997177134360943
"gene-AM1_RS15400",65.8133659797236,0.125287140426088,0.662294417492622,0.189171367169924,0.849958508155323,0.997177134360943
"gene-AM1_RS15405",74.5474785967061,-0.467341284844142,1.40316714004053,-0.333061736915135,0.739087681506322,0.997177134360943
"gene-AM1_RS15410",239.752654529009,-0.848255665973085,1.64010105891666,-0.517197194259106,NA,NA
"gene-AM1_RS15415",8.54255864990995,0.895179447403456,0.650745586714761,1.37562123459446,0.168938928986254,NA
"gene-AM1_RS15420",10.6140049445473,-0.670611794874262,0.644767352452348,-1.04008336080233,0.298301173411375,NA
"gene-AM1_RS15425",17.4845996131815,0.181220449436086,0.515745222533295,0.351375914925487,0.725306348980736,0.997177134360943
"gene-AM1_RS15430",27.1293690443768,0.31831316597068,0.579121502809615,0.549648328418787,0.582560604115822,0.997177134360943
"gene-AM1_RS15435",241.238154558753,-0.515636252584158,0.377456252081123,-1.36608216115423,0.171913176734125,0.709817763451769
"gene-AM1_RS15440",36.2070359291069,0.0305618379446544,0.543137133975539,0.0562691004405359,0.95512743409702,0.998373313302674
"gene-AM1_RS15445",13.5576354833821,0.0145995353906676,0.599017680885668,0.0243724615425068,0.980555514304321,NA
"gene-AM1_RS15450",18.2958172849853,-0.0955138443917433,0.591878007736845,-0.161374207426558,0.871798679901825,0.997177134360943
"gene-AM1_RS15455",28.7205045787162,-0.481881215086768,0.480397087290032,-1.00308937717568,0.31581773962163,0.904169375678628
"gene-AM1_RS15460",22.0708540964245,-0.551506034806993,0.502620626287187,-1.09726104732493,0.272527293536802,0.865484190182856
"gene-AM1_RS15465",62.8269492943119,-0.127630062881979,0.411472179686356,-0.310179081801507,0.756424776895571,0.997177134360943
"gene-AM1_RS15470",113.572037439495,2.16431275127903,0.525459629989537,4.11889444546316,3.80694470755079e-05,0.000821852180983023
"gene-AM1_RS15475",83.9207744978804,1.63084348577726,0.404365851112899,4.03308904866431,5.50484073808436e-05,0.00112237586159831
"gene-AM1_RS15480",17.1670111823412,0.159855945010164,0.535822864092431,0.298337297123231,0.765445740639202,NA
"gene-AM1_RS15485",47.3228892889179,-0.188292267756056,0.514253968973268,-0.366146455091032,0.714255794557292,0.997177134360943
"gene-AM1_RS15490",152.431440502679,-0.1871469520256,0.348142473234912,-0.537558518174027,0.590881874929954,0.997177134360943
"gene-AM1_RS15495",1597.36311046492,0.398079284721224,0.425630347281733,0.93526997608027,0.349649184098366,0.930569315030588
"gene-AM1_RS15500",259.672056110008,-0.159764367235705,0.339890889246294,-0.470046042098926,0.638322123113513,0.997177134360943
"gene-AM1_RS15505",510.469143136838,0.374578455465398,0.500673693854332,0.748148864346723,0.454370370880476,0.982825588333525
"gene-AM1_RS15510",187.55503443309,-0.23658074370448,0.54644417239129,-0.432945862830197,0.665054100190814,0.997177134360943
"gene-AM1_RS15515",1727.86571110924,-0.582936541387536,0.448380847619119,-1.30009242027821,0.193569295208152,0.747788750962018
"gene-AM1_RS15520",3399.81265628405,-0.419121576128103,0.551728730763609,-0.759651533006132,0.447462906792806,0.979391811661579
"gene-AM1_RS15525",144.509389762813,0.588830412287868,0.359932920437599,1.6359448632039,0.1018511274398,0.516467893200781
"gene-AM1_RS15530",378.247085512375,0.533996224486308,0.365206463701854,1.46217626893441,0.143692912910471,0.636323366976083
"gene-AM1_RS15535",48.6052776670098,0.575355178830249,0.432325215250014,1.33083881886815,0.183242051877646,0.731253919654119
"gene-AM1_RS41050",11.673885811229,0.0724209575727359,0.570539032151965,0.126934273540546,0.898992419675236,NA
"gene-AM1_RS15545",118.681844251473,0.0341453406607846,0.384930969252834,0.0887051014031478,0.929316278187686,0.997177134360943
"gene-AM1_RS15550",290.751797124152,-0.602091023442355,0.372836387212611,-1.61489340657893,0.106333780355682,0.530044107171957
"gene-AM1_RS15555",1824.95755651623,-0.622559790146939,0.444033070157358,-1.40205726101958,0.16089814826579,0.684137528324924
"gene-AM1_RS15560",306.734845013648,-0.288549601787707,0.348369676351089,-0.828285644175601,0.407508750971879,0.957539570110794
"gene-AM1_RS15565",503.030465214783,2.21111121826829,0.420582752460549,5.25725604612304,1.46220667419807e-07,6.36005747473412e-06
"gene-AM1_RS42190",29.1463169936992,0.130418650432246,1.35561257473639,0.0962064330641128,0.92335662167125,0.997177134360943
"gene-AM1_RS15570",18.2962902601155,-0.276464290819293,0.50449004066718,-0.548007430342279,0.583686800865736,0.997177134360943
"gene-AM1_RS15575",44.3421136379536,-0.248448547794476,0.418848828613753,-0.59316997165005,0.553067406538202,0.99354618231587
"gene-AM1_RS15580",1721.83419260143,-1.52474439772315,0.445871036084259,-3.41969824080479,0.000626906355390592,0.00895667668820816
"gene-AM1_RS15585",310.432446106617,-1.42791916058643,0.514815533795079,-2.77365204981327,0.0055430930093936,0.0570035764468637
"gene-AM1_RS15590",3928.85313949084,0.11758331293802,0.367265532843565,0.320158856257562,0.748847910872827,0.997177134360943
"gene-AM1_RS15595",663.666241121924,-0.195637980924551,0.361318279831196,-0.541456084137097,0.588193259419764,0.997177134360943
"gene-AM1_RS15600",1627.49140642866,-0.20891851720933,0.336893337158047,-0.620132529101697,0.535170537613596,0.99354618231587
"gene-AM1_RS15605",2700.1515538421,-0.403950762464235,0.380602977319378,-1.06134419995686,0.288533505634048,0.887516367251509
"gene-AM1_RS15610",2251.73874106437,-0.185877491100642,0.331192177008202,-0.56123756539104,0.574635597423833,0.99593231790249
"gene-AM1_RS15615",2601.82842781445,0.296167146876329,0.333144504026708,0.889005051251231,0.374000365103002,0.942161630815008
"gene-AM1_RS15620",392.454088020448,0.309931962705426,0.413668312342506,0.749228194323985,0.453719678429388,0.982825588333525
"gene-AM1_RS15625",594.593575776085,0.62896171429262,0.436174159073716,1.44199673733153,0.149303294031546,0.65328535212611
"gene-AM1_RS15630",316.192602114773,0.360622923218315,0.402192711653115,0.896642114015598,0.369909918107951,0.941413609128933
"gene-AM1_RS15635",727.26317859117,1.0739682263121,0.374181502652184,2.87017989585228,0.00410238330112268,0.0443631579082733
"gene-AM1_RS15640",211.070179654936,-0.208212106825207,0.361134707339177,-0.576549699028663,0.564243687413881,0.994977061149491
"gene-AM1_RS15645",17.3054020065627,-0.0251009999301706,0.545473413699411,-0.0460169080651156,0.963296773497733,NA
"gene-AM1_RS15650",38.1803641216409,-0.0547292279770307,0.437006193919573,-0.125236732885079,0.900336137519155,0.997177134360943
"gene-AM1_RS15660",74.4522801331121,-0.35448299826415,0.432730406170221,-0.819177467563277,0.412685168587441,0.960778261039216
"gene-AM1_RS15665",23.7388402039851,-0.0188078985553678,0.501844007314379,-0.0374775792502103,0.970104216751891,0.999088916092384
"gene-AM1_RS15670",58.9496290978242,-0.363471205869462,0.589698282499391,-0.616368093067725,0.537651606865625,0.99354618231587
"gene-AM1_RS15675",17.5945435254347,-0.0258002273596085,0.697709903752173,-0.0369784450827757,0.970502192316033,0.999088916092384
"gene-AM1_RS15680",26.7573719972872,0.0742234872580505,0.478403366800057,0.155148338011324,0.876704375294731,0.997177134360943
"gene-AM1_RS15685",14.5152188653767,0.183429750897414,0.544589738715801,0.336821900702647,0.736251162409488,NA
"gene-AM1_RS15690",19.5451812271742,-0.0436898815545791,0.496520278337379,-0.0879921394164941,0.92988292374638,0.997177134360943
"gene-AM1_RS15695",68.2717480260427,0.249654464195795,0.394422601502386,0.632961861832568,0.52675854856261,0.992659241707204
"gene-AM1_RS15700",90.9622255974813,-2.63149999789498,1.29615235235779,-2.03023972691798,0.0423321774993072,0.280241878552347
"gene-AM1_RS15705",578.589811421449,-1.38741326014171,0.622889581976374,-2.22738234879377,0.025921731088042,0.192187379986089
"gene-AM1_RS15710",24.549570381465,-0.139993218476298,0.466352229206342,-0.300187733024338,0.76403396147923,0.997177134360943
"gene-AM1_RS15715",707.685047007037,0.849840137054414,0.435824521498296,1.94995943351879,0.0511809543295685,0.324201255472736
"gene-AM1_RS15720",62.4387710884594,0.255237760939459,0.496494713246673,0.514079514100786,0.607196399485126,0.997177134360943
"gene-AM1_RS15730",16.7451164680997,0.099511145454778,0.514402738116841,0.193449875129115,0.84660665834105,NA
"gene-AM1_RS15740",336.857606713072,1.30724375958932,0.451703708333488,2.89402928395752,0.00380332689489315,0.0414343887324908
"gene-AM1_RS15745",792.404955911893,0.631269897413698,0.423920864298033,1.48912202861025,0.136455238006849,0.616866851540363
"gene-AM1_RS37635",598.181795366762,0.463094805779049,0.427271102405478,1.0838430288683,0.278434403229966,0.870792177529596
"gene-AM1_RS15755",40.0870350022089,0.168216475147362,0.435384062312044,0.386363419584246,0.699227537729069,0.997177134360943
"gene-AM1_RS15760",153.901779367669,0.223962023849593,0.37282705219026,0.600712911077335,0.548031218119893,0.99354618231587
"gene-AM1_RS15765",319.758771662709,0.210878829909061,0.455208216637534,0.463257960207201,0.643179475494664,0.997177134360943
"gene-AM1_RS15770",143.514254127944,0.0895336718906008,0.593081074129125,0.150963630094033,0.880004406011061,0.997177134360943
"gene-AM1_RS15775",347.854903525124,-0.128819909941351,0.551515678908525,-0.23357433862314,0.815315451530502,0.997177134360943
"gene-AM1_RS15780",156.622620877397,-0.129045351448171,0.579331259985312,-0.222748814644394,0.823731007070233,0.997177134360943
"gene-AM1_RS15785",61.7251956016391,0.477131447477527,0.403516774617022,1.18243274503364,0.237034036769852,0.81778135365016
"gene-AM1_RS15790",29.8054636221425,-0.351721470948332,0.495965011690998,-0.709165894080177,0.478221535548914,0.986441366799053
"gene-AM1_RS15795",44.6748236418141,0.35857551025166,0.42570788627853,0.842304128744876,0.399617740602385,0.953847172404751
"gene-AM1_RS15800",75.5380450848633,0.186011944752602,0.419797689302198,0.443099020058443,0.657694113969191,0.997177134360943
"gene-AM1_RS15805",113.432459113644,0.392434089190262,0.40351972759033,0.972527642040532,0.330788120160287,0.917466566242291
"gene-AM1_RS15810",295.844917988508,0.438289556060372,0.3957428945377,1.10751086654979,0.268073116751476,0.862260690382301
"gene-AM1_RS15815",17.7923140059926,-0.6535635370445,0.503299467379134,-1.2985579747339,0.194095668223621,0.749282433365027
"gene-AM1_RS15820",31.3101017811396,-0.0426434659057673,0.446798801671648,-0.0954422118999011,0.923963588840129,0.997177134360943
"gene-AM1_RS15825",72.6646287913522,-0.0556053936052349,0.410576639616969,-0.135432433898601,0.892269981815522,0.997177134360943
"gene-AM1_RS15830",32.4964074118337,-0.200954000849776,0.484590189404572,-0.414688545586721,0.678369918653596,0.997177134360943
"gene-AM1_RS15835",158.863983633511,-0.0987154319965702,0.35479933393639,-0.278228910131687,0.780836643586949,0.997177134360943
"gene-AM1_RS15840",71.3218611573777,0.0437657666549227,0.401911993869385,0.108893905438278,0.913286640655187,0.997177134360943
"gene-AM1_RS15845",87.864407156906,0.0202779264618714,0.411635431625686,0.049261858683513,0.960710614955224,0.998854654019967
"gene-AM1_RS15850",38.9977654699306,0.228158385327571,0.456666078575388,0.499617545580201,0.617344401076148,0.997177134360943
"gene-AM1_RS15855",26.65412987493,0.436065832866447,0.489048339704359,0.891662024923872,0.372574113936741,0.942161630815008
"gene-AM1_RS15860",46.2695337612045,0.0836018585890669,0.400644511646625,0.208668423399757,0.834707091953334,0.997177134360943
"gene-AM1_RS15865",59.640856452174,-0.2454046049364,0.452619406151876,-0.54218754565299,0.58768931408406,0.997177134360943
"gene-AM1_RS15870",46.4475956464807,-0.0126287424083545,0.531052248499628,-0.02378060246244,0.981027612666911,0.99966258039135
"gene-AM1_RS15875",30.8510805502747,0.102477710820232,0.507715214869574,0.201840929361467,0.840041082998795,0.997177134360943
"gene-AM1_RS37640",72.0607168881694,-0.0278634781518048,0.381624049332952,-0.0730128989525368,0.941795853028134,0.997177134360943
"gene-AM1_RS15890",29.9727185475637,0.198623205019596,0.471636600638591,0.421136113589705,0.673655692086134,0.997177134360943
"gene-AM1_RS15895",1151.86805576003,2.38848962769048,0.497323371468956,4.80268928571674,1.5654871253002e-06,5.31360716749292e-05
"gene-AM1_RS15900",5834.68068765933,-0.240329776101083,0.530974415322165,-0.452620256581035,0.650822209884871,0.997177134360943
"gene-AM1_RS15905",77.0167019120699,-0.326545483886791,0.49629818967494,-0.65796227082889,0.510562375238455,0.989201002062665
"gene-AM1_RS15910",180.191452462331,-0.34637206959375,0.511096442828722,-0.677703933286472,0.497959432049598,0.989160615038241
"gene-AM1_RS15915",13.7487259205139,-0.245781874678754,0.554598372236963,-0.443170926895074,0.657642106066061,NA
"gene-AM1_RS15920",23.1731136193276,-0.254146151949497,0.48783571167346,-0.52096668174964,0.602389981808185,0.997177134360943
"gene-AM1_RS15925",659.226142318178,-0.117657033831044,0.399875925032497,-0.294233852216741,0.768579214593053,0.997177134360943
"gene-AM1_RS15930",247.853963965468,0.203978654004151,0.401216313815086,0.508400698028847,0.611172363367299,0.997177134360943
"gene-AM1_RS15935",71.1336518050513,0.0677340825508703,0.39864463944728,0.169910932816715,0.865080183000225,0.997177134360943
"gene-AM1_RS15940",64.3921320806454,0.423112414006309,0.414170355321994,1.02159029145716,0.306974854604695,0.897564114226004
"gene-AM1_RS15945",743.266647763042,-0.393074674211379,0.459693762687196,-0.85507941616091,0.392507184058404,0.952791238080031
"gene-AM1_RS15950",306.871553767097,-0.153914887779578,0.380257256401474,-0.404765156189617,0.685650143323358,0.997177134360943
"gene-AM1_RS15955",24.7694020573953,-0.250489834683019,0.463304358226743,-0.540659353263473,0.58874239965621,0.997177134360943
"gene-AM1_RS15960",11.2969923647489,0.707166202881501,0.605219550549527,1.16844573550112,0.24262701577978,NA
"gene-AM1_RS15965",54.0970642037568,-0.134121004062098,0.403447094630282,-0.332437650059188,0.739558812891515,0.997177134360943
"gene-AM1_RS15970",86.6086951078368,0.17438970836684,0.417049138388804,0.418151465413797,0.675836378644815,0.997177134360943
"gene-AM1_RS15975",53.7067814016958,0.0890982170802468,0.53273775179478,0.167245923120855,0.867176551815533,0.997177134360943
"gene-AM1_RS38735",12.1407173636053,0.369970493675805,0.708652094149596,0.522076342862968,0.60161717722733,NA
"gene-AM1_RS15980",62.946075876966,0.0946971300330374,0.499117178967723,0.189729254017845,0.849521295769808,0.997177134360943
"gene-AM1_RS15985",699.120069182,0.0135767880715887,0.405152974606378,0.0335102761735343,0.973267671233854,0.999088916092384
"gene-AM1_RS15990",1284.34641911462,-0.081395134706164,0.373274192193328,-0.218057225515359,0.82738452451739,0.997177134360943
"gene-AM1_RS15995",13690.5622992959,1.02312873234364,0.465808012697137,2.19646013905919,0.0280590252348746,0.204674032520725
"gene-AM1_RS16000",13424.3551947716,1.1364744546269,0.487648648820275,2.33051902712388,0.0197787355746409,0.15866220668619
"gene-AM1_RS16005",350.933678945048,-0.150032792601269,0.446400090025354,-0.336094897724477,0.73679930588794,0.997177134360943
"gene-AM1_RS16010",122.909872332463,0.12012505938338,0.383576560222863,0.313171011580026,0.754150740879675,0.997177134360943
"gene-AM1_RS16015",854.858310975354,0.324258278603848,0.343485040190012,0.944024457148037,0.345157150488587,0.927426881680544
"gene-AM1_RS16020",220.826605089601,0.211750336539356,0.351683225214608,0.602105307724414,0.547104041676733,0.99354618231587
"gene-AM1_RS16025",191.094863120085,-0.165952120582007,0.357687525769692,-0.463958367641986,0.642677573645043,0.997177134360943
"gene-AM1_RS37645",158.825272016192,0.0784998979411523,0.355715801882047,0.220681503396305,0.825340434562924,0.997177134360943
"gene-AM1_RS16035",31.7754443834876,0.456134135854877,0.530788558096287,0.859351862238394,0.39014641925751,0.950956832841625
"gene-AM1_RS16040",96.5359966743687,0.700585606512229,0.443169159277281,1.58085370303011,0.113911492104421,0.556942782378983
"gene-AM1_RS16045",365.471463748784,0.28610018108146,0.359838206883117,0.795080054337841,0.426566936184619,0.971298466877678
"gene-AM1_RS16050",211.242671556218,-0.176770223652296,0.447443113356146,-0.395067480928226,0.692793087332735,0.997177134360943
"gene-AM1_RS16055",974.522814780945,2.15123233663785,0.381217302359092,5.64306059385381,1.67053519543386e-08,9.16764735288562e-07
"gene-AM1_RS16060",578.925420758036,0.845828697911328,0.42911941386093,1.97108000847859,0.0487147250105307,0.310962616644749
"gene-AM1_RS16065",35.5469913799238,-0.29346295347185,0.441178264952588,-0.665179989098935,0.505935377965133,0.989201002062665
"gene-AM1_RS16070",209.489844037457,-0.228417369896862,0.341184407154137,-0.669483613867705,0.503187030004,0.989201002062665
"gene-AM1_RS16075",115.608867566779,-0.0518901937197513,0.45087371107999,-0.115088088847445,0.908375300891328,0.997177134360943
"gene-AM1_RS16080",407.42081858979,-0.154800706211356,0.36952453987463,-0.418918608934269,0.675275616550328,0.997177134360943
"gene-AM1_RS16085",104.14978109092,0.0567355967578963,0.394507137250486,0.143813866469729,0.885647452846678,0.997177134360943
"gene-AM1_RS41055",15.4803920906907,1.18594741704136,0.595224289868126,1.99243787128397,0.0463230355826429,NA
"gene-AM1_RS16090",1497.52211884764,-1.39356318566594,0.383101084903228,-3.63758611129477,0.000275205196361942,0.00436758084604682
"gene-AM1_RS16095",436.697637848367,-0.610784967951176,0.384566343403341,-1.58824342906829,0.112231304144389,0.552407559040949
"gene-AM1_RS16100",182.955623001335,-0.788242138233261,0.354721424653943,-2.22214414875631,0.0262735654915295,0.194060851026744
"gene-AM1_RS16105",212.843508459408,-0.0653015141307978,0.429709686118432,-0.151966586372922,0.879213289728835,0.997177134360943
"gene-AM1_RS16110",17.153805862666,0.169208888019385,0.547367350677883,0.309132226848806,0.757220945484945,NA
"gene-AM1_RS16115",21.9568192261374,-0.149714375812691,0.501811022512015,-0.298348121297209,0.765437480128406,0.997177134360943
"gene-AM1_RS16120",61.4428393101594,-0.182716251091338,0.395403108990432,-0.462101199856168,0.644008749796143,0.997177134360943
"gene-AM1_RS16125",24.4747877299312,-0.188924225458867,0.508208286407844,-0.371745661201701,0.710082224728235,0.997177134360943
"gene-AM1_RS16130",139.828806383736,-0.176684922942926,0.406251180859172,-0.434915469216014,0.663623785729195,0.997177134360943
"gene-AM1_RS16135",121.564914395196,0.779352890071332,0.372227398414678,2.09375476762487,0.0362818314020252,0.251073034715766
"gene-AM1_RS16140",224.81283261178,1.50946270676761,0.402333469077068,3.75177016774229,0.000175590398103264,0.00298859947148512
"gene-AM1_RS16145",879.503032853495,0.613460231777784,0.39951760697317,1.53550236853261,0.124660475731787,0.584355852877171
"gene-AM1_RS16150",59.0419757637172,0.56819077805087,0.418015680201913,1.35925709240481,0.174065135473077,0.714762570278258
"gene-AM1_RS16155",208.02977606577,0.403063057033845,0.406539689737187,0.991448232998875,0.32146675813818,0.907311677187678
"gene-AM1_RS16160",196.848682658732,0.107578549157245,0.418717646133621,0.256923848685648,0.797237559809399,0.997177134360943
"gene-AM1_RS16165",210.79190432948,1.26716701192153,0.349568204335089,3.62494928373648,0.000289018163998429,0.00453773972994325
"gene-AM1_RS16170",57.3153160813854,-0.187982262978309,0.488251360135523,-0.385011242828142,0.7002290858558,0.997177134360943
"gene-AM1_RS16175",3014.22184175326,-0.120547873851052,0.335479030285359,-0.359330577975363,0.719347801841674,0.997177134360943
"gene-AM1_RS16180",283.890057255617,-0.060819383456807,0.378284684501332,-0.160776753457469,0.87226923507603,0.997177134360943
"gene-AM1_RS16185",191.860428319566,-0.371674922964173,0.362615797937699,-1.02498270918696,0.305371346329415,0.897564114226004
"gene-AM1_RS16190",421.860924664826,-0.294630196474357,0.362393760816178,-0.813011227927311,0.416211620772458,0.963340416703143
"gene-AM1_RS16195",629.170240452622,-0.310693147912205,0.372505116104671,-0.834064109403809,0.404244858492107,0.957198044947986
"gene-AM1_RS16200",529.685608701251,-0.171080706070046,0.378809289485966,-0.451627536120347,0.651537329426918,0.997177134360943
"gene-AM1_RS16205",399.475363079809,0.361453954660495,0.349750513244892,1.03346225658691,0.301387624795804,0.894285546343303
"gene-AM1_RS16210",280.269591521269,-0.0732527795566495,0.36563623573538,-0.200343325954336,0.84121208013332,0.997177134360943
"gene-AM1_RS16215",249.587083024677,-0.196840571035401,0.452799766064947,-0.434718800201781,0.663766550434935,0.997177134360943
"gene-AM1_RS16220",247.114581346292,-0.194243228152124,0.351022512811638,-0.55336401815446,0.580014172428762,0.997177134360943
"gene-AM1_RS16225",224.26929394651,0.260089464109087,0.439283934998542,0.592075974984039,0.553799714073708,0.99354618231587
"gene-AM1_RS16230",375.7997139294,-0.205001126991133,0.53838947642183,-0.380767336600974,0.70337589833126,0.997177134360943
"gene-AM1_RS16235",673.711240113762,-0.151025456270516,0.397155751588926,-0.380267579321964,0.703746799045106,0.997177134360943
"gene-AM1_RS16240",25.5395031602682,0.271176142067358,0.456426767102642,0.59412848152785,0.552426182577633,0.99354618231587
"gene-AM1_RS16245",331.516159166702,-1.16104918848001,0.357485387874427,-3.2478227862221,0.00116291675359567,0.0155196526752586
"gene-AM1_RS16250",722.04199342013,-0.426233374756006,0.337967566388931,-1.26116650573948,0.207248863443403,0.765386997572113
"gene-AM1_RS16255",337.477317519702,-0.775710439209813,0.368847674504821,-2.10306447031611,0.0354601342421613,0.247588475945269
"gene-AM1_RS16260",219.745455383452,-0.349338269774346,0.354118769860326,-0.986500291730184,0.323887672160245,0.907870319432565
"gene-AM1_RS16265",1199.2424374992,-0.144685018783621,0.533526039654882,-0.271186423960136,0.786247653998524,0.997177134360943
"gene-AM1_RS16270",1386.67921594011,-0.0663505171747643,0.700350890526438,-0.0947389631001827,0.924522169068336,0.997177134360943
"gene-AM1_RS16275",7611.96339882524,-0.109067850389617,0.453879877064442,-0.240301136712725,0.810096813857267,0.997177134360943
"gene-AM1_RS43980",5381.80654358856,-0.0787314205427635,0.445728009069198,-0.176635569093305,0.859794653261197,0.997177134360943
"gene-AM1_RS16285",9584.04189862887,0.0782176647079412,0.42392466952138,0.184508405222679,0.853614633942552,0.997177134360943
"gene-AM1_RS16290",279.288029727505,0.15431622005895,0.510876731940467,0.302061554991573,0.762605138996322,0.997177134360943
"gene-AM1_RS16295",296.145323596667,-0.61131357201975,0.379743808342845,-1.60980523866195,0.107440381219323,0.533296634420851
"gene-AM1_RS16300",1337.50493601581,0.105751393016081,0.380266727477591,0.278097938564223,0.780937178137878,0.997177134360943
"gene-AM1_RS41060",458.658695812056,-5.52357006520224,0.413046520914055,-13.3727553326894,8.72480071279198e-41,2.56160148927573e-37
"gene-AM1_RS16305",138.958122960654,-0.271783468654383,0.469046722491217,-0.57943794428597,0.562293707392124,0.994977061149491
"gene-AM1_RS16310",541.150609688309,0.0315493512462581,0.461797105779867,0.0683186422162145,0.945531984456741,0.997177134360943
"gene-AM1_RS16315",404.236205054587,0.0697639400684636,0.416567454134974,0.167473333252432,0.866997628169386,0.997177134360943
"gene-AM1_RS16320",318.634205827394,0.650603027472526,0.403479376752172,1.61248149213868,0.106857204191141,0.530850679365804
"gene-AM1_RS16325",941.628167848112,3.56203155799199,0.41829136802618,8.5156707268438,1.65628832164539e-17,5.11880264457987e-15
"gene-AM1_RS16330",64.6160984884967,0.293924307711375,0.381249207596991,0.770950606203161,0.440736209466227,0.977667369113699
"gene-AM1_RS16335",143.210091036719,0.674092509301062,0.384393813271603,1.75365077695662,0.0794903647048987,0.441179037379173
"gene-AM1_RS16340",42.6753222874237,0.244230955618949,0.41705351000281,0.585610598547184,0.55813722445562,0.99354618231587
"gene-AM1_RS38250",74443.3385043759,0.050510015926015,0.522297486474802,0.0967073693326148,0.922958787384148,0.997177134360943
"gene-AM1_RS41065",8244.35408821201,0.150165488563682,0.511478545054326,0.293590982487315,0.769070467206274,0.997177134360943
"gene-AM1_RS16345",223.514154966246,0.190702452051583,0.521346017669574,0.365788642452907,0.714522795452589,0.997177134360943
"gene-AM1_RS16350",211.130526902681,-0.12292017860984,0.448198529056216,-0.274253864395041,0.783889536512681,0.997177134360943
"gene-AM1_RS16355",493.372176460522,-0.0499564107583943,0.415209667641531,-0.120316106901258,0.904232745335473,0.997177134360943
"gene-AM1_RS16360",211.531535783346,-0.0862888790212231,0.408313592657373,-0.211329920367433,0.832629837030526,0.997177134360943
"gene-AM1_RS16365",385.492083505467,0.196897057207196,0.456273494163036,0.431532972495748,0.666080883188634,0.997177134360943
"gene-AM1_RS16370",281.459405054331,-0.0775157785831804,0.523799055848209,-0.147987625631848,0.882352534025882,0.997177134360943
"gene-AM1_RS16380",87.4267788956744,0.299814209491154,0.534060224049557,0.561386517830868,0.574534072928581,0.99593231790249
"gene-AM1_RS16385",247.567498594121,0.0936710748637253,0.44619968094455,0.209930842320271,0.833721649872599,0.997177134360943
"gene-AM1_RS16390",337.660162044591,-0.0674784595798089,0.481565962867935,-0.140122983729883,0.88856282135178,0.997177134360943
"gene-AM1_RS16395",98.2596692286906,0.0539508717386861,0.391824193398056,0.137691527597626,0.890484215616814,0.997177134360943
"gene-AM1_RS16400",214.433229177303,0.0560015580560214,0.54046973864154,0.103616454450864,0.917473729189914,0.997177134360943
"gene-AM1_RS16405",70.9102206080143,0.192649772682163,0.494164896753828,0.389849165628073,0.696648085494265,0.997177134360943
"gene-AM1_RS16410",247.195060012955,-0.243267430898419,0.470972852865227,-0.516521131565162,0.605490483896916,0.997177134360943
"gene-AM1_RS16415",129.404395623322,0.0514787791621572,0.469541003034482,0.109636387087534,0.912697751871164,0.997177134360943
"gene-AM1_RS16420",298.476217333732,0.0761517345366926,0.505754392922507,0.15057058446225,0.880314466993996,0.997177134360943
"gene-AM1_RS16425",663.380671296662,-0.0140719503324765,0.441596454878776,-0.0318660853750274,0.974578844846472,0.999174515952571
"gene-AM1_RS16430",206.99242954625,-0.186449765722185,0.46774807330216,-0.398611509836708,0.690179479433613,0.997177134360943
"gene-AM1_RS16435",249.043461181056,-0.103949594099524,0.433657011208386,-0.239704631570162,0.810559244139243,0.997177134360943
"gene-AM1_RS16440",322.267282056437,-0.337904164690344,0.427837566728455,-0.789795452685924,0.429647235156251,0.971298466877678
"gene-AM1_RS16445",1492.75871587189,-0.670505712036548,0.369365876506649,-1.81528872774602,0.0694795503668332,0.400376761289543
"gene-AM1_RS42200",6213.69076933221,-1.2857205781383,0.390573076596977,-3.29188224989968,0.000995192702147581,0.0134175778101056
"gene-AM1_RS16450",616.34491857975,-0.0618445224557027,0.42043977675092,-0.147094841819263,0.883057161225048,0.997177134360943
"gene-AM1_RS16455",54.8258999817728,0.325090686127037,0.40718214157994,0.79839131663689,0.424643440729937,0.969858531297623
"gene-AM1_RS16460",101.017702590236,-0.190988100473194,0.596899572040146,-0.319966891281921,0.74899342911598,0.997177134360943
"gene-AM1_RS16465",1123.64847309776,-0.24478193753695,0.369758719208663,-0.662004504074492,0.507968335124152,0.989201002062665
"gene-AM1_RS16470",1447.80733336436,-0.419775191711543,0.428796078336187,-0.978962292146779,0.32759861140318,0.912461210980843
"gene-AM1_RS16475",345.873670852275,0.87696822143448,0.559928386472042,1.56621497073942,0.11729829908586,0.568765988631025
"gene-AM1_RS16480",51.2294525133086,-0.00435921358363086,0.455924590285478,-0.00956126007790308,0.9923713344347,0.999709482207881
"gene-AM1_RS16485",886.343732443697,0.0545525937569429,0.424615444448905,0.128475293280359,0.897772849281844,0.997177134360943
"gene-AM1_RS16490",1739.2569486934,-2.05065533210589,0.398563987183068,-5.14510943800848,2.67364900193702e-07,1.09025464856765e-05
"gene-AM1_RS16495",380.794862510529,-0.643592839334727,0.3535895312066,-1.82016938436642,0.06873321390718,0.396854898783639
"gene-AM1_RS16500",100.082449600706,-0.0983545952907896,0.420222206156198,-0.234053778810135,0.814943228478235,0.997177134360943
"gene-AM1_RS16505",456.118845510908,1.44533319157699,0.369055647767384,3.91630151257834,8.99177808327983e-05,0.00171986061579867
"gene-AM1_RS16510",394.207648328471,0.726367210183541,0.434598255137203,1.67135325923991,0.0946519223876683,0.494480505569741
"gene-AM1_RS16515",83.8505297106547,0.402038679646619,0.38342509016095,1.04854556982136,0.294387318421054,0.892154652167842
"gene-AM1_RS16520",47.5582348200577,0.0373561922619196,0.465728833361965,0.0802101772232048,0.936070095990383,0.997177134360943
"gene-AM1_RS16525",170.799848711204,0.047073650680478,0.44007153786883,0.10696817819313,0.914814224996537,0.997177134360943
"gene-AM1_RS16530",968.13153997491,-0.52504861244323,0.486636664611547,-1.07893352602674,0.280617362013194,0.874620567803332
"gene-AM1_RS16535",194.945965382475,-0.0869634784929695,0.41035050589373,-0.211924872137213,0.832165646126403,0.997177134360943
"gene-AM1_RS16540",76.9346075958142,-0.0667103587084417,0.480537537183518,-0.13882444876094,0.889588873735518,0.997177134360943
"gene-AM1_RS16545",71.9041525856478,-0.29347150370593,0.500191492481875,-0.586718303123806,0.55739291309984,0.99354618231587
"gene-AM1_RS16550",68.5951572221716,0.117528101023914,0.454546267087455,0.258561360050289,0.795973699788366,0.997177134360943
"gene-AM1_RS16555",174.156553368343,0.135883831293311,0.392422624782605,0.34626910558123,0.729140484289609,0.997177134360943
"gene-AM1_RS16560",36891.7207135026,-0.748318150940615,0.439562694452606,-1.70241506020548,0.0886775888368067,0.473807826796842
"gene-AM1_RS16565",26864.9228449454,-0.76129969673756,0.415597081355786,-1.83182156682622,0.0669780089895905,0.390560942191534
"gene-AM1_RS16575",445.252181329583,-0.516954834107428,0.399237078185703,-1.29485677146192,0.195369643315726,0.750301207030702
"gene-AM1_RS16580",124.122932198823,-0.500197911392623,0.378897034010207,-1.32014206102006,0.18678759194105,0.732743111922997
"gene-AM1_RS16585",68.2674401514991,-0.246761050783174,0.40722031957564,-0.605964483894912,0.544538337666462,0.99354618231587
"gene-AM1_RS16590",202.51399514897,-0.113455561431721,0.398849016901482,-0.284457417779582,0.776059862379316,0.997177134360943
"gene-AM1_RS16595",113.297782573123,-0.449223812758852,0.393678074033476,-1.1410943163694,0.253830676227345,0.850461733857687
"gene-AM1_RS16600",46.1642925363257,-0.00511103114206193,0.427516851358959,-0.0119551571495144,0.990461391907809,0.999709482207881
"gene-AM1_RS16605",56.9644847555668,0.413053895683865,0.455108140179899,0.907595050970939,0.364092210027046,0.938932567974885
"gene-AM1_RS16610",333.275553381957,-0.165569418020606,0.461545277260494,-0.358728441559071,0.719798249355841,0.997177134360943
"gene-AM1_RS16615",2061.24238960374,0.15825367402923,0.332700932798926,0.475663451550565,0.634314162941131,0.997177134360943
"gene-AM1_RS16620",485.249593198903,0.71637049451055,0.42119495782039,1.70080501014932,0.0889796081736038,0.474700532602278
"gene-AM1_RS16625",82.8705384552567,-0.0017473304075913,0.388593729579151,-0.00449654812877108,0.996412285761117,0.999709482207881
"gene-AM1_RS16630",3354.72166705554,0.0285910447180375,0.39722194681136,0.0719775051392498,0.942619809707564,0.997177134360943
"gene-AM1_RS16635",1076.84337080662,-1.04908193352143,0.455937393786215,-2.30093418047947,0.0213953517368064,0.168309641446761
"gene-AM1_RS16645",85.8638001326123,-0.484747854080945,0.469609871006647,-1.03223523185713,0.301961934029833,0.894611744007658
"gene-AM1_RS16650",268.455763120584,-0.525052864522503,0.450550859444484,-1.16535759174864,0.243874275882632,0.832266401226088
"gene-AM1_RS16655",14.7420919793684,-0.0521799321287824,0.54442579776134,-0.0958439742263216,0.92364449171433,NA
"gene-AM1_RS16660",157.109802492129,0.0751911217027705,0.45197648798804,0.16636069287029,0.867873105400671,0.997177134360943
"gene-AM1_RS16670",165.476204432219,1.1793341431023,0.423689800568793,2.78348485500258,0.00537783731445778,0.0556028149752175
"gene-AM1_RS16675",37.6321774496045,-0.205311325399058,0.455276025905559,-0.450960107092585,0.652018301224277,0.997177134360943
"gene-AM1_RS16680",28.8268725431544,0.0373878347720124,0.485851697999942,0.0769531832983669,0.938660788786724,0.997177134360943
"gene-AM1_RS16685",13.4840823964359,-0.326149190454324,0.576703891469516,-0.565540124279817,0.571706440736077,NA
"gene-AM1_RS16690",258.092799496475,0.0999195360397609,0.363889877950911,0.274587291634531,0.783633330979751,0.997177134360943
"gene-AM1_RS16695",416.413837197343,-0.48111207144839,0.391400032196807,-1.22920805281506,0.218993810431314,0.790855876293159
"gene-AM1_RS16700",572.987518263692,-0.404355168831856,0.407290513289404,-0.992792995756662,0.320810844010368,0.907311677187678
"gene-AM1_RS16705",916.875798672408,0.0807717550790343,0.372127465892805,0.217054000261032,0.828166261800023,0.997177134360943
"gene-AM1_RS16710",426.413010842567,2.03504550928433,0.547496448131991,3.7170022129417,0.000201600678223019,0.00335353876069565
"gene-AM1_RS16715",94.1704164116674,0.563671273884999,0.608945125844146,0.925652000422227,0.354626860103976,0.932960986796839
"gene-AM1_RS16720",135.398087856203,0.7541410466009,0.781287681360958,0.965253983381934,0.334417614100272,0.919335313668911
"gene-AM1_RS16725",1000.25060157382,0.947193623235408,0.724704333148149,1.30700698189668,0.191210340274833,0.74307552488009
"gene-AM1_RS16730",676.802851170045,0.898959668531527,0.67387849216375,1.33400854751287,0.182201055281986,0.730296652980082
"gene-AM1_RS16735",508.487443922041,0.782116027888972,0.682862401331909,1.14534937985086,0.252064458358526,0.850156518943863
"gene-AM1_RS16740",635.127200600872,0.445379478046182,0.424499973824206,1.04918611427435,0.294092468231813,0.892154652167842
"gene-AM1_RS16745",811.396771625135,-2.91977651382827,0.431868600957719,-6.76079832466016,1.37233441358844e-11,1.41374520641953e-09
"gene-AM1_RS16750",184.416358639672,-2.06972753541183,0.364180993052969,-5.68323876010408,1.32167549152136e-08,7.39131284401281e-07
"gene-AM1_RS37650",44.4668566064915,-1.71756156346453,0.426363185596913,-4.02840025003548,5.61576784138776e-05,0.00113709616429755
"gene-AM1_RS16760",36.0904140497184,-0.314580396756461,0.44800127192282,-0.702186392030279,0.482562930846678,0.986441366799053
"gene-AM1_RS16770",7.14212465252987,-0.188069505174715,0.698532511185972,-0.269235149635927,0.787748733060864,NA
"gene-AM1_RS16775",28.9207833024792,-0.0954456838400282,0.481128379691059,-0.198378827499878,0.842748681459892,0.997177134360943
"gene-AM1_RS16780",8.50958200223283,0.398615643840326,0.65962077729434,0.60431032126578,0.545637345555319,NA
"gene-AM1_RS16795",35.1957050635052,-0.536462379347458,0.429820632468556,-1.24810755655548,0.211991671355146,0.774620469320111
"gene-AM1_RS16800",43.6865953581479,0.275684797586644,0.43194165901499,0.638245447811916,0.523313916894165,0.992659241707204
"gene-AM1_RS16810",25.1187650864581,-0.430047621652415,0.503346618670934,-0.854376697290503,0.392896303182487,0.952791238080031
"gene-AM1_RS16815",84.7145561359905,-0.130789732887558,0.41876440776365,-0.312322944507203,0.754795104382442,0.997177134360943
"gene-AM1_RS16820",86.3057997617958,0.889418888551439,0.473725130246778,1.87749990820228,0.060449609909273,0.36518529772351
"gene-AM1_RS16825",119.860190701673,0.302367261820925,0.377805392895042,0.80032542548943,0.423522275680382,0.968993062826186
"gene-AM1_RS16830",78.3836189262796,-0.283128524237605,0.476883007252315,-0.593706464545514,0.552708458549457,0.99354618231587
"gene-AM1_RS16835",222.320962734847,-0.404975233198709,0.386117108140077,-1.04884042861885,0.294251566822619,0.892154652167842
"gene-AM1_RS16845",199.727283021242,0.188890438929383,0.355822932862569,0.530855157113605,0.595519154469217,0.997177134360943
"gene-AM1_RS16850",612.60485722651,0.281674979649972,0.425184653258907,0.662476826223669,0.507665681630725,0.989201002062665
"gene-AM1_RS16855",87.1918525909605,-1.68077822222343,0.778281142177663,-2.15960291356995,0.030803422688388,0.219376764344023
"gene-AM1_RS16860",517.614115970395,-0.27490258924376,0.351907692065056,-0.781178119837573,0.434697740665087,0.972183285066938
"gene-AM1_RS16865",86.5649831157681,0.344654052501795,0.537753241017187,0.640914877332705,0.521577989369886,0.991984531728213
"gene-AM1_RS16870",1840.92277986622,0.326295941749286,0.601704204434363,0.54228629174367,0.587621297604383,0.997177134360943
"gene-AM1_RS16875",255.366041891212,-0.455636088307615,0.424957660511984,-1.07219172789748,0.283633925110932,0.878279486095243
"gene-AM1_RS16880",430.82686503068,-0.717302072165116,0.44405157119324,-1.61535758163766,0.106233280605298,0.530044107171957
"gene-AM1_RS16885",133.827424968058,-0.21539023736699,0.373999979077885,-0.575909757797434,0.564676179761106,0.994977061149491
"gene-AM1_RS16890",80.6413378314443,-0.403344624768213,0.418628498263079,-0.963490604298849,0.335301377039703,0.920041909335111
"gene-AM1_RS16895",94.9291544898661,-0.510956875647004,0.401043820287692,-1.27406744549876,0.202639514520785,0.761799309864981
"gene-AM1_RS16900",111.189605710466,-1.36767272916725,0.468246694625497,-2.92083797892287,0.00349091321258578,0.0385312826772626
"gene-AM1_RS16905",57.2038141231291,0.483417975669973,0.469003852346898,1.03073348598513,0.302665817126818,0.895025419745171
"gene-AM1_RS16910",503.425797302879,-0.736314604838636,0.616968298464229,-1.19343993309135,0.232697123488921,0.811965706993886
"gene-AM1_RS16915",1827.21811110757,0.963190404966473,0.366313460313548,2.62941581273597,0.00855317067161028,0.0828782478278805
"gene-AM1_RS16920",1853.74661977664,0.721848127606565,0.471279886285942,1.53167607744795,0.125602388575206,0.58627760390589
"gene-AM1_RS16925",960.648378146026,0.233630785606623,0.385000901308306,0.606831788737901,0.54396254951564,0.99354618231587
"gene-AM1_RS16930",41.7699681669929,-0.200395807940576,0.469615091027128,-0.426723526925586,0.669580712310924,0.997177134360943
"gene-AM1_RS16935",27.2539452229198,0.0816953225959546,0.55038258655893,0.148433697924066,0.882000507521897,0.997177134360943
"gene-AM1_RS16940",98.0998265157138,-0.147709885870547,0.44220778840127,-0.334028232303569,0.738358254712605,0.997177134360943
"gene-AM1_RS16945",863.63161725146,-0.325927032984523,0.507047505757404,-0.642793878845076,0.520357855521125,0.991984531728213
"gene-AM1_RS16950",434.470563439771,-1.99503175399817,0.481391832231986,-4.14429913517259,3.40854572043511e-05,0.000744051318602043
"gene-AM1_RS16955",63.7058383118394,-0.101519459729343,0.53225933415313,-0.190733075429985,0.848734723924117,0.997177134360943
"gene-AM1_RS16965",105.80000481822,0.0277201636003256,0.562385816029958,0.0492902964658856,0.960687952418249,0.998854654019967
"gene-AM1_RS16970",110.114393763835,-0.174006573565455,0.376638550372993,-0.461998840514687,0.644082151937893,0.997177134360943
"gene-AM1_RS16975",851.685625536475,-1.44161646621898,0.388360212398234,-3.71206014466978,0.000205579118821479,0.00340066341062383
"gene-AM1_RS16980",816.787627362485,-1.35009580278654,0.347197761813987,-3.88854984471318,0.000100844961480981,0.00190405663606534
"gene-AM1_RS16985",294.068141821193,-1.33890194262603,0.372978228368529,-3.58975897462601,0.000330983858549928,0.00511457162475046
"gene-AM1_RS16990",205.875017863806,-1.54710618663652,0.400594891220953,-3.86202175949167,0.000112452547862522,0.00207648226744884
"gene-AM1_RS16995",262.88898104503,-1.65588050359137,0.380576238332172,-4.35098237043925,1.35528950126964e-05,0.000338649359636398
"gene-AM1_RS17000",53.5580035328534,0.230517304828006,0.404553627673645,0.569806544940848,0.568808915954494,0.995736205574952
"gene-AM1_RS17005",527.201370907115,-0.593612304691467,0.381530635714744,-1.5558706146347,0.119738862256729,0.570410755427969
"gene-AM1_RS43990",342.615211428928,3.29890956654415,0.650549195123552,5.07096095310306,3.95811984410995e-07,1.56237698359737e-05
"gene-AM1_RS17010",2335.54397516032,0.165441690435748,0.429107633419312,0.385548234407853,0.699831277324349,0.997177134360943
"gene-AM1_RS17015",77.4952887147955,0.406371156533921,0.400351381612357,1.01503622866823,0.310088558236883,0.89847150485718
"gene-AM1_RS17020",139.510686409589,0.37738881637666,0.490382408476654,0.76958065757089,0.441548682372195,0.977667369113699
"gene-AM1_RS17025",38.6363825468207,0.0412365706327879,0.41886556662678,0.0984482228149603,0.921576384356502,0.997177134360943
"gene-AM1_RS17030",85.8569543853547,-0.130681732151954,0.392057351020342,-0.333322999331221,0.738890480135105,0.997177134360943
"gene-AM1_RS17035",572.952819792879,2.24703002009047,0.384537823028885,5.84345644439163,5.11286712463902e-09,3.09512945936911e-07
"gene-AM1_RS17040",117.49800182421,0.606430956759338,0.371429292207721,1.63269556139421,0.102533041425181,0.517313751236156
"gene-AM1_RS17045",166.425862372928,1.18588346581599,0.387738476422873,3.05846217986023,0.00222476159453169,0.0267700821374797
"gene-AM1_RS17055",42.6155600633148,-1.15802880979657,0.46679840955867,-2.48078996432617,0.0131091592515793,0.114497659469117
"gene-AM1_RS17060",3516.6965512998,-2.54877077097509,0.40377360652398,-6.3123758705207,2.74783844434889e-10,2.15137431269556e-08
"gene-AM1_RS17065",381.395179446931,-0.753734999588796,0.429555847553788,-1.75468452794002,0.0793132839517461,0.440612680572046
"gene-AM1_RS17070",1107.96246756248,-0.262188732008035,0.487756759876336,-0.537539924766004,0.590894714556018,0.997177134360943
"gene-AM1_RS17075",419.882597727183,-0.470715787887372,0.483233795892263,-0.974095338299389,0.330009203947105,0.916096285058585
"gene-AM1_RS17080",245.523844555834,-0.567420825568007,0.586739812428324,-0.967074013981834,0.333507034978124,0.918986888333412
"gene-AM1_RS17085",32.7966956991604,-0.285224881071353,0.512480043931723,-0.55655802493912,0.577829439351912,0.997130606716526
"gene-AM1_RS17090",55.4992176582501,-0.273205483261566,0.448712624287015,-0.608865158843431,0.542613819767466,0.99354618231587
"gene-AM1_RS17095",139.275311923839,0.569818442460141,0.41545351107781,1.37155765270069,0.170201184362655,0.708049120301473
"gene-AM1_RS17100",91.2269163911852,0.467221596984558,0.412486918399497,1.13269433803486,0.257342636199963,0.853255764972434
"gene-AM1_RS17105",92.7083049953951,-0.306552463081069,0.38806630798597,-0.789948667979061,0.429557747223363,0.971298466877678
"gene-AM1_RS17110",63.2313131133017,0.30830028924596,0.42351317668128,0.727959143235762,0.466638596997044,0.982825588333525
"gene-AM1_RS38740",4343.67751190428,-0.349202052529115,0.474682301117637,-0.735654250657589,0.461941138074638,0.982825588333525
"gene-AM1_RS17115",990.234461631567,-0.283440605936698,0.371359645000155,-0.76325096103692,0.445313741840903,0.978877246244682
"gene-AM1_RS17120",222.446079881378,-0.105977037007883,0.377184490070843,-0.2809687031086,0.778734404571916,0.997177134360943
"gene-AM1_RS17125",29.0779901396528,1.22533938330539,0.471697711396224,2.5977217054507,0.00938445167637677,0.0883160694212522
"gene-AM1_RS17130",122.236828948311,-0.981079715922323,0.397485841920632,-2.46821298384313,0.0135789498764404,0.11725822599185
"gene-AM1_RS17135",292.283029313202,0.246583426278993,0.369988486497011,0.66646243134105,0.505115569111418,0.989201002062665
"gene-AM1_RS17140",853.315237863726,1.50116159621357,0.487720328145118,3.07791475890034,0.0020845453273399,0.0253425469195443
"gene-AM1_RS17145",62.8226103366199,0.501699010942349,0.428418394391243,1.17104918348623,0.241579008107799,0.828207456823159
"gene-AM1_RS17150",402.239474904563,0.433740250049452,0.383583999542049,1.13075688914888,0.258157429644224,0.853675284476279
"gene-AM1_RS17155",102.644474787504,-0.10916086270205,0.375873170555369,-0.290419405409436,0.771495399763162,0.997177134360943
"gene-AM1_RS17160",40.9301565584461,0.0132117701374666,0.407502094243492,0.0324213551883545,0.974136032461155,0.999174515952571
"gene-AM1_RS17165",66.8788702977132,-0.364126869420333,0.415029893223768,-0.877350945957067,0.380296048462097,0.946383626596995
"gene-AM1_RS17170",107.542747102691,-0.386695172846721,0.427453648976114,-0.904648196998617,0.36565179311637,0.940861343347646
"gene-AM1_RS17175",68.0649750562616,0.175156303576344,0.496441672572455,0.352823530443609,0.724220742069226,0.997177134360943
"gene-AM1_RS17180",52.3920432398679,-0.478716145150996,0.405997246352227,-1.17911180297928,0.238353659309606,0.820887206724929
"gene-AM1_RS17185",439.48940124865,-0.252950929248254,0.340153268312661,-0.743638097328957,0.457095448572034,0.982825588333525
"gene-AM1_RS17190",763.636030339433,0.0277596244341732,0.405049809388205,0.0685338538391165,0.945360671951215,0.997177134360943
"gene-AM1_RS17195",60.8442700579764,-0.265959185612429,0.408276292290721,-0.651419616162887,0.514775651303655,0.991398497019674
"gene-AM1_RS17200",226.401127886449,-0.148925847583869,0.412775801817078,-0.36079112905428,0.718255594779531,0.997177134360943
"gene-AM1_RS17205",207.07899207379,2.46887346532314,0.552453639811599,4.46892424523639,7.86139641873281e-06,0.000212728662538244
"gene-AM1_RS17210",303.694028691737,0.150940406051432,0.348845255005952,0.432685851062691,0.665243010198468,0.997177134360943
"gene-AM1_RS17215",9530.56771036021,0.368029768376831,0.361785334439926,1.01726005269554,0.309029734742238,0.89847150485718
"gene-AM1_RS17220",836.76090025589,0.159760916129575,0.373181050264612,0.428105650102794,0.668574203401333,0.997177134360943
"gene-AM1_RS17225",121.572073913516,0.169567654506353,0.37041112417878,0.457782294962909,0.647108857029348,0.997177134360943
"gene-AM1_RS17230",2942.9324369377,0.48745767748756,0.373930288393111,1.30360575919728,0.192368036028777,0.744831259720141
"gene-AM1_RS38745",1427.69804904592,-1.18708741354929,0.38473355542581,-3.0854792799018,0.00203224383250242,0.0248611162176129
"gene-AM1_RS17235",491.134819207675,0.0306717395772922,0.373670338205564,0.0820823502464331,0.934581228220762,0.997177134360943
"gene-AM1_RS17240",95.8130610485164,-0.0508224784420146,0.407421606429291,-0.12474173593156,0.900728014940794,0.997177134360943
"gene-AM1_RS17245",43.2525144779216,-0.115293379507126,0.441827549160072,-0.260946560997165,0.794133717875621,0.997177134360943
"gene-AM1_RS17250",233.785149581182,-3.85934010077606,0.473939393610514,-8.14310891393782,3.85255419927369e-16,9.83573837310222e-14
"gene-AM1_RS17255",52.2269878955344,-0.193576073441151,0.448010720724012,-0.4320791099113,0.665683917031892,0.997177134360943
"gene-AM1_RS17260",14.9219538917511,0.250570293158862,0.572963844525251,0.43732304499332,0.661877084864885,NA
"gene-AM1_RS17265",67.016489776225,1.29777795226651,0.495855074570721,2.61725253772999,0.00886407344978242,0.0850487570214418
"gene-AM1_RS17270",151.721666642024,-0.955108265852798,0.378345075363127,-2.52443689120602,0.011588380973299,0.103710356136791
"gene-AM1_RS17275",112.557256000153,1.77857501928468,0.506026262782311,3.51478796674592,0.000440105227378051,0.00657582161619317
"gene-AM1_RS17280",24.0405966540116,0.40915506689387,0.480491394562107,0.851534640421086,0.394472429137546,0.953227203249246
"gene-AM1_RS17285",18.2127653171231,-0.807799855621551,0.537745196731305,-1.50219817960584,0.133045934831738,0.610191097997489
"gene-AM1_RS17290",29.4663733593381,-0.534610500950309,0.474175760874237,-1.12745219191434,0.259551342925026,0.854151227581448
"gene-AM1_RS17295",23.5611647815196,0.0121938391286436,0.545017964055895,0.0223732792913832,0.982150195051812,0.99966258039135
"gene-AM1_RS17300",99.9208596494021,0.969378573810156,0.475005897654049,2.04077165904193,0.0412735288258917,0.275407001438223
"gene-AM1_RS17305",85.1077582964726,0.182600298236743,0.541411137047215,0.337267347754649,0.735915371897334,0.997177134360943
"gene-AM1_RS17310",23.4101585122604,-0.0689447250498389,1.85475658968276,-0.0371718453156332,0.970347987275382,0.999088916092384
"gene-AM1_RS17315",80.317655460801,-0.327675762398094,1.89077147517556,-0.173302679197479,NA,NA
"gene-AM1_RS17320",114.757023766566,0.471301219633767,0.368876299234821,1.27766739313805,0.201366726926435,0.761607290950234
"gene-AM1_RS17325",29.1191018158788,0.368951217235904,0.466401784285677,0.791058760208166,0.428909702995282,0.971298466877678
"gene-AM1_RS17330",30.8924130425286,-0.0501419191705934,0.444229007450535,-0.112874031928626,0.910130424255179,0.997177134360943
"gene-AM1_RS17335",16.3513442553887,-0.0746611399563012,0.519601788933006,-0.143689151089369,0.885745938470113,NA
"gene-AM1_RS17340",72.8310999071489,0.414158494683185,0.452028537384616,0.916222009078139,0.359550464090824,0.934960229293754
"gene-AM1_RS17345",42.9095682712595,-0.0688170961114015,0.44095406376668,-0.15606409321542,0.87598250097553,0.997177134360943
"gene-AM1_RS17350",49.3024472724134,-0.17082559081794,0.402796862377484,-0.424098613404415,0.67149389670171,0.997177134360943
"gene-AM1_RS17360",172.076832473485,0.379527632965329,0.368387285998719,1.03024085626736,0.302896955039119,0.895025419745171
"gene-AM1_RS17370",34.2674784578368,0.37523351332679,0.489476469839651,0.766601739711233,0.443318340803421,0.978877246244682
"gene-AM1_RS17375",107.997637666203,-0.265660684422938,0.375433562757576,-0.707610375779003,0.47918724769463,0.986441366799053
"gene-AM1_RS17380",59.1827012738579,-0.031580223285325,0.424497445390977,-0.0743943777005265,0.94069658235323,0.997177134360943
"gene-AM1_RS17385",178.454893279919,0.408428577364505,0.448400407926814,0.910856837202448,0.36237081051301,0.937375065785195
"gene-AM1_RS17390",66.283807164022,-0.0787230804869484,0.439693632018955,-0.179040756459158,0.85790569967964,0.997177134360943
"gene-AM1_RS17395",33.8352391092071,-0.141228841341071,0.451033670491036,-0.313122612747108,0.754187509835022,0.997177134360943
"gene-AM1_RS17400",68.0685769722244,-0.547004794566295,0.418829497902922,-1.30603216178695,0.191541620603279,0.743378979631495
"gene-AM1_RS17405",258.750980472728,-0.0519383492681859,0.361756306941704,-0.143572754010217,0.885837856864265,0.997177134360943
"gene-AM1_RS17410",290.743419319143,-0.345758082213521,0.341515671508412,-1.01242230169518,0.311336179590842,0.898528284146969
"gene-AM1_RS17415",42.4372719392619,0.0606366388729156,0.43919443667288,0.138063312760218,0.890190380225299,0.997177134360943
"gene-AM1_RS17420",572.847453796619,-0.794019794840023,0.32111389285986,-2.47270458393573,0.0134094937722506,0.116136500635185
"gene-AM1_RS17425",28.8533246583003,0.473989275151851,0.472837798903865,1.00243524576642,0.316133426485023,0.904169375678628
"gene-AM1_RS17430",187.860001312353,0.83607719173047,0.390156273872014,2.14292899466416,0.0321188003595334,0.227468688359937
"gene-AM1_RS17435",91.5865215267261,0.305048959575289,0.418392743764434,0.729097156013392,0.465942234166742,0.982825588333525
"gene-AM1_RS17440",119.869291881,0.761951643905617,0.436140680012786,1.74703181524658,0.080631819522206,0.444990643077438
"gene-AM1_RS17445",583.076140277306,0.196053376738392,0.381572761692007,0.513803385412085,0.607389460785808,0.997177134360943
"gene-AM1_RS17450",2208.39433919464,0.918658528153392,0.38019189519492,2.41630224043152,0.0156790406731954,0.131218501537052
"gene-AM1_RS17455",171.278691788961,-0.11588746363367,0.348475807464642,-0.33255526252114,0.739470018215008,0.997177134360943
"gene-AM1_RS17460",184.664534550489,0.12661963284856,0.386609038586131,0.327513379696504,0.74327962495369,0.997177134360943
"gene-AM1_RS17465",1681.00930873178,-0.0834995995105412,0.364172937866597,-0.22928556965188,0.818646968507285,0.997177134360943
"gene-AM1_RS17470",127.569035958021,0.133879813758076,0.438207166261606,0.3055171710226,0.759972294156273,0.997177134360943
"gene-AM1_RS17475",4060.1362140814,-1.12103409086633,0.406082478017018,-2.7606069002055,0.00576940731127877,0.058815902312203
"gene-AM1_RS17480",68.9300259732826,-0.587532718216958,0.421257577949224,-1.39471133333007,0.163102905881974,0.690512086041059
"gene-AM1_RS17485",408.289121200045,0.404869415681477,0.409559824188526,0.988547684049961,0.322884493344508,0.907870319432565
"gene-AM1_RS17490",26.8006734884056,-0.363082672707266,0.462976411185324,-0.784235792440684,0.432901766749408,0.971712222611821
"gene-AM1_RS17495",21.8925933772272,-0.87380163930961,0.512183206803359,-1.70603336404406,0.0880018678524909,0.471115032453874
"gene-AM1_RS17500",34.5789434206198,0.0141267759508369,0.466904055664001,0.03025627166752,0.975862670745932,0.999174515952571
"gene-AM1_RS17505",46.4642827543967,-0.408859836932562,0.408352267680004,-1.00124296910469,0.316709357431224,0.904531783480617
"gene-AM1_RS17510",28.5170981161431,0.115912949368189,0.462055047368497,0.250863939325711,0.801919305279264,0.997177134360943
"gene-AM1_RS43245",19.552238920803,0.0472082584089445,0.501120949397294,0.094205318028956,0.924946060387766,0.997177134360943
"gene-AM1_RS17525",36.238917825001,-0.50847895969094,0.42857697513211,-1.18643555112638,0.235450339070036,0.817118434408541
"gene-AM1_RS17535",22.6501490137548,-0.0820584550473919,0.518798699133008,-0.158170124914585,0.874322744251958,0.997177134360943
"gene-AM1_RS17540",31.4630877097328,0.563928651067525,0.465344533592562,1.2118518868458,0.225569082263225,0.802752515787671
"gene-AM1_RS17545",128.470821937248,0.124923043495036,0.417531729197354,0.299194132467929,0.764791925981299,0.997177134360943
"gene-AM1_RS17550",245.126338101807,2.2862050625037,0.393874976096126,5.80439276737843,6.4599687246334e-09,3.79329363510473e-07
"gene-AM1_RS37655",209.421884726968,0.0604416437706728,0.34689848648433,0.174234383041631,0.861681265024835,0.997177134360943
"gene-AM1_RS17560",129.412891004725,-0.199155973653766,0.439824676511825,-0.452807639701432,0.650687261957624,0.997177134360943
"gene-AM1_RS17565",754.057131943562,1.41420517138826,0.451439706486486,3.13265570367057,0.00173232517382515,0.0216430072780879
"gene-AM1_RS17570",49.4673737564911,0.850339287392753,0.423001693853515,2.01025031282079,0.0444047028003187,0.291660419287999
"gene-AM1_RS17575",68.8173229579076,0.0140304611537664,0.461006679141576,0.0304343988679123,0.975720611225127,0.999174515952571
"gene-AM1_RS17580",130.993361265061,-0.208570682667794,0.3949683675165,-0.528069333701971,0.597451214426571,0.997177134360943
"gene-AM1_RS17585",67.0664045806284,0.829088565809862,0.535345466761279,1.54869820944906,0.121454284524282,0.574218646317701
"gene-AM1_RS17590",2034.80106026651,0.519004087829841,0.430381497030904,1.20591635888235,0.227849742309669,0.803563775881306
"gene-AM1_RS17595",78.0989140411567,1.70281547703774,0.399432781649018,4.26308394120241,2.01624733373434e-05,0.000476579305048926
"gene-AM1_RS17600",1037.90024684978,-0.139459853756807,0.406691401020439,-0.342913209885639,0.731663753607272,0.997177134360943
"gene-AM1_RS17605",1641.95407307499,-0.18719214390194,0.374567297884185,-0.499755704673983,0.617247103783919,0.997177134360943
"gene-AM1_RS17610",10024.6236113727,-0.193464519640192,0.420883549873689,-0.459662820507603,0.645758260158424,0.997177134360943
"gene-AM1_RS17615",5787.84847263677,0.0109689478511999,0.425825329191323,0.0257592658286223,0.979449352218226,0.99966258039135
"gene-AM1_RS17620",11695.4292831167,0.199093264208457,0.363106439248707,0.5483055178542,0.583482139243467,0.997177134360943
"gene-AM1_RS17625",292.233000146627,-0.37982689626846,0.372290197151702,-1.02024415140237,0.307612682966279,0.897564114226004
"gene-AM1_RS17630",24.6503942233391,-0.545382354885431,0.488192765898721,-1.11714550681928,0.263932115805623,0.857121505737998
"gene-AM1_RS17635",125.81635074654,-0.0194945189103152,0.41546019605908,-0.0469227114781002,0.962574826886376,0.999088916092384
"gene-AM1_RS17640",31.6435499258576,0.826620660883918,0.575844671537481,1.43549241964309,0.151146826901179,0.658754905190865
"gene-AM1_RS17645",90.713950156493,0.195843248236453,0.365174193579794,0.536300898802859,0.591750609529311,0.997177134360943
"gene-AM1_RS17650",44.2340334570356,-0.122810479735911,0.431216549969071,-0.284800014620774,0.775797361021262,0.997177134360943
"gene-AM1_RS17655",244.424983335899,-0.0811598858118197,0.371356180846243,-0.218549979771101,0.827000621105671,0.997177134360943
"gene-AM1_RS17660",15.9276684015698,-1.27748469697689,0.643384432110271,-1.98556979811712,0.0470811127659913,NA
"gene-AM1_RS17665",21.8976050037678,-0.651073388442957,0.523172381408864,-1.24447201645023,0.213325892248052,0.77852681123714
"gene-AM1_RS17670",49.7105039151578,-1.02866591093896,0.438809215566771,-2.34422130266868,0.0190668543234168,0.154641669319204
"gene-AM1_RS17675",56.9254073113604,-3.68992624957759,0.487419374912492,-7.57033150403603,3.72273004350978e-14,6.83120962984045e-12
"gene-AM1_RS17680",50.9663505416426,-2.8936327938776,0.489345723548221,-5.91326878856937,3.35384200891474e-09,2.19006988445197e-07
"gene-AM1_RS17685",20.0305907903124,-0.512856877094717,0.507599720770104,-1.01035689364966,0.312324332328824,0.900226789896439
"gene-AM1_RS17690",62.8359693665712,-0.627197425655116,0.469196373950999,-1.33674823693462,0.181304830718617,0.729193127383369
"gene-AM1_RS17695",176.299865851909,0.278690528863741,0.436161453540369,0.638961849107894,0.522847750889453,0.992659241707204
"gene-AM1_RS17700",1311.82041510999,4.47784697346887,0.560391792104654,7.9905648807801,1.34321852618352e-15,3.28640799406234e-13
"gene-AM1_RS17705",148.197175978329,-0.895025498125971,0.4148898386426,-2.15726059007431,0.0309853658487689,0.220007337683157
"gene-AM1_RS17710",48.3772630898906,-0.26576212230974,0.514175782286793,-0.516870166711791,0.605246794592702,0.997177134360943
"gene-AM1_RS17715",1598.69099408498,-0.232651428663923,0.395574964847619,-0.588134865292962,0.556441772587089,0.99354618231587
"gene-AM1_RS17720",132.191821251238,-0.226400160868888,0.368367370275883,-0.614604275887219,0.538816089919823,0.99354618231587
"gene-AM1_RS17725",1106.28766575055,0.0281802203515795,0.42631151009206,0.0661024149816976,0.947296288181496,0.997177134360943
"gene-AM1_RS17730",437.32602975953,-0.00677681625687234,0.46638771789615,-0.0145304346508999,0.98840679848399,0.999709482207881
"gene-AM1_RS17735",281.46329543068,0.306603395136653,0.391995596937178,0.782160303667364,0.434120370414045,0.972183285066938
"gene-AM1_RS17740",450.593340754037,0.437598828313286,0.372480069244769,1.17482481465532,0.240064810246135,0.825811696406153
"gene-AM1_RS17745",20.3199127526688,-0.0981258505893432,0.481627004716148,-0.203738265563358,0.83855803771707,0.997177134360943
"gene-AM1_RS17750",117.304028707058,-0.0812746299793182,0.49526432435104,-0.164103542256581,0.869649633301674,0.997177134360943
"gene-AM1_RS17755",396.643033487944,0.47338256779629,0.432485531063213,1.09456278602555,0.273708226586572,0.865643192518048
"gene-AM1_RS17760",136.105566797634,-0.180499267537896,0.421357051621492,-0.428376045549226,0.66837736186186,0.997177134360943
"gene-AM1_RS17765",108.380157531305,-0.310027291753784,0.424267818693045,-0.730734875694371,0.464941108798096,0.982825588333525
"gene-AM1_RS17770",400.531101911695,2.23742184077079,0.353088859398445,6.33671038101478,2.34722608049001e-10,1.91429327008852e-08
"gene-AM1_RS39860",39.3423480572778,-0.428749358569503,0.457996833732364,-0.936140442446918,0.349200882755891,0.930569315030588
"gene-AM1_RS17795",50.4266906943757,-0.33458019557854,0.408546908253263,-0.818951725785988,0.41281395650578,0.960778261039216
"gene-AM1_RS17800",1735.29726719125,-3.24305247089544,0.35156356960677,-9.22465451844981,2.84476470882275e-20,1.51858712456429e-17
"gene-AM1_RS17805",26.7109719676021,-0.291151834410614,0.499014100833225,-0.583454122688048,0.559587632348152,0.994220446943524
"gene-AM1_RS17810",297.911949163732,-0.628153835940639,0.374234852629638,-1.67850169893795,0.0932491990755715,0.490393097476739
"gene-AM1_RS17815",500.142809913238,0.201505902761247,0.378649168854592,0.532170461038642,0.594607939625644,0.997177134360943
"gene-AM1_RS17820",60.9586584146238,-0.522140406365502,0.412782465024527,-1.26492874723852,0.205896871162536,0.76270920401304
"gene-AM1_RS17825",90.7322288818586,-0.563228029969123,0.461615500497055,-1.22012373796516,0.222417971066804,0.797824267626311
"gene-AM1_RS17830",127.856269151314,-0.37478475808625,0.481191749865763,-0.778867796862276,0.4360575955386,0.973955953215161
"gene-AM1_RS17835",372.182066004467,-0.108447509415359,0.377980192229779,-0.286913207741406,0.774178777161517,0.997177134360943
"gene-AM1_RS17840",308.289105597909,0.213206900771971,0.417276391838617,0.510948869722851,0.609386860000474,0.997177134360943
"gene-AM1_RS17845",225.939730392392,0.400610807363186,0.351886371382476,1.13846639126512,0.254925785014168,0.850461733857687
"gene-AM1_RS17850",66.2930751846353,0.393806903014008,0.406239055616156,0.969396953763364,0.332347171638024,0.917466566242291
"gene-AM1_RS17855",91.3031843453132,-0.0732644857359709,0.424408885465167,-0.172627125032197,0.862944529289391,0.997177134360943
"gene-AM1_RS17860",5617.54924360297,-0.795261992021005,0.353688969950139,-2.24847835128451,0.024545704016014,0.18502230292944
"gene-AM1_RS17865",277.370084067774,-0.330067072184946,0.415974247494666,-0.793479582384912,0.427498460439613,0.971298466877678
"gene-AM1_RS17870",46.5661920709574,-0.158163342959363,0.472548434098155,-0.334702924709112,0.737849194985366,0.997177134360943
"gene-AM1_RS17875",170.002527798392,0.35441695953401,0.364679830588558,0.971857859432521,0.331121266705243,0.917466566242291
"gene-AM1_RS17880",843.137193201252,0.0582550672681421,0.442588887132183,0.131623429692539,0.895282152543921,0.997177134360943
"gene-AM1_RS17885",462.85048914632,-0.0805947814083305,0.539405308096108,-0.149414142201898,0.881226853127605,0.997177134360943
"gene-AM1_RS17890",378.969809272773,0.19967630369605,0.467225672167477,0.427365865342425,0.669112865768711,0.997177134360943
"gene-AM1_RS17895",515.261375136315,-0.0558117607273109,0.416189690093922,-0.13410173787514,0.893322125431883,0.997177134360943
"gene-AM1_RS17900",518.578505609455,-0.0659093095625726,0.360861910567958,-0.182644129603034,0.855077256292037,0.997177134360943
"gene-AM1_RS17905",1679.90097679527,0.523647203930105,0.430128266798663,1.2174210447211,0.223444060077222,0.800038732178933
"gene-AM1_RS17910",1612.56161042644,0.63146578856804,0.320727125102208,1.9688568229669,0.0489695349221844,0.311200334483839
"gene-AM1_RS17915",86.4785280859572,0.834785852664297,0.370561431876925,2.25275967991606,0.0242743057268008,0.184396795896215
"gene-AM1_RS17920",3983.08264778932,-0.779360934916952,0.530008003436129,-1.47047012472307,0.141434471217233,0.630545861017346
"gene-AM1_RS17925",26.1550050746806,0.191365013571815,0.506909448882231,0.377513210680503,0.705792248727688,0.997177134360943
"gene-AM1_RS17930",215.449233711227,-0.0298200295733802,0.361220986265412,-0.0825534249316001,0.934206636319702,0.997177134360943
"gene-AM1_RS17935",645.354110814246,-0.00521167273896269,0.373411983991749,-0.0139568973744502,0.988864368596914,0.999709482207881
"gene-AM1_RS17940",17.7522206942252,0.235493444026579,0.539088355518638,0.436836451048955,0.662229961765198,0.997177134360943
"gene-AM1_RS17945",16.5947077535749,0.161361638749963,0.578372359798291,0.278992652425918,0.780250463497488,NA
"gene-AM1_RS17950",9.9559208294605,0.403741131986947,0.617649099747996,0.653673958484965,0.513321884260762,NA
"gene-AM1_RS17955",46.8527113805896,0.444824593551546,0.446506831406931,0.996232447664723,0.31913721723274,0.907054084990632
"gene-AM1_RS17960",39.4783210135707,1.18590950283426,0.460356912021807,2.57606537854717,0.00999317490778499,0.0927013002504162
"gene-AM1_RS17965",250.956373463237,-0.171066066493925,0.383378082871725,-0.446207214592292,0.65544757196064,0.997177134360943
"gene-AM1_RS17970",227.101286044887,0.0762138588594935,0.424032702401078,0.179735804403608,0.857359983306152,0.997177134360943
"gene-AM1_RS17975",195.693912216971,-0.426120816869484,0.398560741783921,-1.06914899586499,0.285002536989193,0.881271667825457
"gene-AM1_RS17980",372.147265042777,-0.14925707217234,0.391346162729418,-0.381393984117173,0.702910924277367,0.997177134360943
"gene-AM1_RS17985",12178.9652502886,-0.344843235718868,0.320639990580316,-1.07548417493011,0.282158013543387,0.87616703095017
"gene-AM1_RS17990",77.7462468535595,0.113852294979037,0.406053021842121,0.280387754442829,0.779180030956551,0.997177134360943
"gene-AM1_RS17995",488.32829419937,-0.368821310661417,0.380338770634206,-0.969717891358844,0.332187129915518,0.917466566242291
"gene-AM1_RS18000",245.185064268855,-0.162630428172769,0.474451574631367,-0.342775610554413,0.731767275546874,0.997177134360943
"gene-AM1_RS18005",78.3802039347691,-0.629650142044743,0.57359626047788,-1.09772358264707,0.272325208843221,0.865383562256196
"gene-AM1_RS18010",366.015887607999,0.0342594319832256,0.359098155541129,0.0954040878644996,0.923993869244782,0.997177134360943
"gene-AM1_RS18015",93.483338853318,0.220911082596671,0.375133314145553,0.588886868391958,0.555937167278419,0.99354618231587
"gene-AM1_RS18020",487.899400174165,0.196986768601514,0.350626473821888,0.561813734297711,0.574242933547807,0.99593231790249
"gene-AM1_RS18025",16.6373575585271,0.269501669692831,0.546238657681565,0.493377145507595,0.621746127848489,NA
"gene-AM1_RS18030",217.470181409157,0.305000021068294,0.354183278802167,0.861136138611035,0.389163067436736,0.950568024953625
"gene-AM1_RS18040",46.9032104316278,0.286189968746671,0.474300728630052,0.60339348323012,0.546246956463183,0.99354618231587
"gene-AM1_RS18045",344.563839963391,0.0687045238325729,0.430177880484459,0.159711893496706,0.873108031517803,0.997177134360943
"gene-AM1_RS18050",1071.14772831073,-0.217535622322507,0.475630337605807,-0.45736279863375,0.647410298870468,0.997177134360943
"gene-AM1_RS18055",300.087172780704,-0.407774310261487,0.331710283650048,-1.22930861767218,0.218956117465873,0.790855876293159
"gene-AM1_RS18060",94946.3016276547,-1.47381198910109,0.546839246411797,-2.69514669762974,0.00703576474767312,0.0700237467768416
"gene-AM1_RS18065",289.520744393066,-0.689803473523155,0.573996272724422,-1.20175601532927,0.229458071458523,0.806921443311917
"gene-AM1_RS18070",3668.67815405755,-0.122370734965197,0.456971510447444,-0.267786354657817,0.788863774662982,0.997177134360943
"gene-AM1_RS18075",263.834153141725,0.158580007744035,0.378404969475749,0.419074855078504,0.675161426733088,0.997177134360943
"gene-AM1_RS18080",425.457285221106,1.38746745998561,0.48587105641595,2.85562896094351,0.00429516756766473,0.0459402986472264
"gene-AM1_RS18085",11263.9721317516,-0.155893632977625,0.45750182677175,-0.340749749739034,0.733291982661756,0.997177134360943
"gene-AM1_RS18090",61.71326055846,0.892430032856819,0.417694599085127,2.1365611018469,0.0326337062534394,0.230595816029117
"gene-AM1_RS18095",180.175272446639,0.42600639515892,0.530595176308309,0.802884033215153,0.422041765518717,0.968815186523028
"gene-AM1_RS18100",660.619690614215,-0.0136669993760092,0.35173074955869,-0.0388564246747175,0.969004858383331,0.999088916092384
"gene-AM1_RS18105",804.368824118098,-0.122451545886599,0.425107021935292,-0.288048749063567,0.773309422912415,0.997177134360943
"gene-AM1_RS18110",192.385710961078,-0.0462177297033337,0.425337964560173,-0.108661190757157,0.913471224817966,0.997177134360943
"gene-AM1_RS18115",213.525411759552,0.388078423383518,0.409465039070824,0.947769373092665,0.343246875373797,0.92637212865092
"gene-AM1_RS18120",599.456592983334,0.538197880627953,0.488979438247845,1.10065544382903,0.271046645108119,0.864522487819053
"gene-AM1_RS18125",382.834406550349,0.0139391391918659,0.412260734670125,0.0338114644922937,0.973027493830885,0.999088916092384
"gene-AM1_RS18130",369.202180055279,0.226740579499351,0.378513660946193,0.599028787844947,0.549153687593441,0.99354618231587
"gene-AM1_RS18135",224.814776058026,0.133393278746076,0.401022874782617,0.332632593136699,0.739411637289092,0.997177134360943
"gene-AM1_RS42205",73.7417472592533,0.1185694557561,0.376795128135927,0.314678845086677,0.753005508018648,0.997177134360943
"gene-AM1_RS18140",1901.29849362451,0.435161602185834,0.389629451951007,1.11686013469165,0.26405413215377,0.857121505737998
"gene-AM1_RS18145",75.3795532769469,-0.0736311065721384,0.392592379638945,-0.187551033567831,0.851228614491453,0.997177134360943
"gene-AM1_RS18150",259.380063651283,0.12788556111323,0.399530805644058,0.320089363089472,0.74890058884439,0.997177134360943
"gene-AM1_RS18155",289.27425350529,-0.493005368203942,0.416626753087878,-1.1833262375735,0.236679878217672,0.81717880328944
"gene-AM1_RS18160",289.217604339252,-0.280997819454944,0.366586321352129,-0.766525653271793,0.44336359379372,0.978877246244682
"gene-AM1_RS18165",40.8284475069603,-0.814776707398491,1.64118774297042,-0.496455515761903,NA,NA
"gene-AM1_RS38750",6.75555043661948,0.323061271412639,0.869410331782308,0.371586648562546,0.710200631329131,NA
"gene-AM1_RS18170",92.9211541150502,-0.261414552016624,0.41609505706594,-0.628256807134331,0.529835721887462,0.99354618231587
"gene-AM1_RS18175",23.1004715439759,0.268903957637702,0.544435044173596,0.493913756132056,0.621367089091853,0.997177134360943
"gene-AM1_RS18180",133.734462282354,0.575117701015899,0.579759668720129,0.991993289711791,0.321200798792173,0.907311677187678
"gene-AM1_RS18185",17.6033377616533,0.105118013251999,0.76382790614,0.137620022006282,0.890540730823016,0.997177134360943
"gene-AM1_RS18190",84.248647003592,0.619528350737852,0.511389065968046,1.21146186331751,0.225718442267088,0.802797512412078
"gene-AM1_RS18195",17.1198610294312,0.16263486418142,0.536943827730973,0.302889903528056,0.761973765978335,NA
"gene-AM1_RS18200",113.595766217242,0.0914253434542821,0.358367882694556,0.255115895896859,0.798633587139824,0.997177134360943
"gene-AM1_RS18205",40.8402186489022,0.656583735759894,0.452032702655782,1.45251379358691,0.146358796648753,0.64472532177155
"gene-AM1_RS18215",24.5582811505194,0.0838637007041182,0.489677046523513,0.171263287302341,0.864016746411205,0.997177134360943
"gene-AM1_RS18220",28.5725487537061,0.300413893655912,0.490030210795666,0.613051781375129,0.539842101630229,0.99354618231587
"gene-AM1_RS18225",31.0812040289031,-0.0351260801665817,0.478149803207524,-0.0734625005196048,0.941438083664657,0.997177134360943
"gene-AM1_RS18230",58.589244395705,-0.982987912058951,0.729239016263854,-1.34796395987579,0.177669974589488,0.722296101158253
"gene-AM1_RS18235",76.3473988641189,-0.384999418979256,0.38924138320898,-0.989101970107206,0.322613253821284,0.907870319432565
"gene-AM1_RS18240",172.295830426286,1.55361678879599,0.456132530585479,3.40606443219872,0.000659066229111967,0.0093479152109794
"gene-AM1_RS18245",197.897849104131,0.33230205893458,0.342639772888291,0.969829206146827,0.332131632281206,0.917466566242291
"gene-AM1_RS18250",23.0122810002418,-0.247378118688665,0.496128946412451,-0.498616580381928,0.618049522278651,0.997177134360943
"gene-AM1_RS18255",144.458275989229,0.133512602126644,0.404534830517527,0.330039818711875,0.741369875243805,0.997177134360943
"gene-AM1_RS18260",95.1735733097908,-0.298390639136897,0.443519198386465,-0.672779532932172,0.501087560574363,0.989201002062665
"gene-AM1_RS18265",214.893353860553,-0.0156655251516044,0.392527255758042,-0.0399093946262441,0.968165361243007,0.999088916092384
"gene-AM1_RS18270",217.533966587274,-0.449019985986121,0.35265843858577,-1.27324327694179,0.202931728033735,0.761799309864981
"gene-AM1_RS18275",420.785750678166,-0.275622435584374,0.417578778249672,-0.660048953492502,0.509222415042551,0.989201002062665
"gene-AM1_RS18280",264.619590605609,-0.351278495008713,0.355149375354964,-0.98910069786162,0.322613876223615,0.907870319432565
"gene-AM1_RS18285",372.818425782172,-0.147020162945861,0.346199812005353,-0.424668523342781,0.671078332850705,0.997177134360943
"gene-AM1_RS18290",6101.32537420911,0.92533501957173,0.564688602554352,1.63866423969955,0.101283205504392,0.516263005834887
"gene-AM1_RS18295",4788.59577474533,-0.0395648400855617,0.585265254146723,-0.0676015529800152,0.946102819130234,0.997177134360943
"gene-AM1_RS18300",86.6494356154419,-0.0984044569823918,0.390338764445984,-0.252100139534077,0.800963662113878,0.997177134360943
"gene-AM1_RS18305",3844.36886647435,-0.784664911096049,0.3722970148652,-2.10763148713443,0.0350628777808407,0.245398353193202
"gene-AM1_RS18310",1307.56248434971,-2.57953529165823,0.403306513471888,-6.39596734863553,1.59534094642023e-10,1.33826314819709e-08
"gene-AM1_RS18315",171.872582731273,-1.70995658255363,0.403420797037719,-4.23864261612113,2.24875309122972e-05,0.000520152056457256
"gene-AM1_RS18320",149.902195227413,0.00352729818571046,0.454737346150793,0.00775678139384838,0.993811045946866,0.999709482207881
"gene-AM1_RS18325",441.358578318525,2.09993208573614,0.422581454781393,4.96929541506373,6.71966275760213e-07,2.49733289320505e-05
"gene-AM1_RS18330",121.161868709406,0.8660366397811,0.482056282218013,1.79654673474296,0.0724076070021722,0.413194818577994
"gene-AM1_RS18335",793.317766719758,-0.528160989436159,0.518781107302302,-1.01808061627886,0.308639646258634,0.898083252146036
"gene-AM1_RS18340",114.783874019219,-0.236532707737195,0.472350232401271,-0.500757047444946,0.616542118065974,0.997177134360943
"gene-AM1_RS18345",99.9472087859304,-0.054186940870938,0.391241581924177,-0.138499953416096,0.889845306429991,0.997177134360943
"gene-AM1_RS18350",43.6545780309594,-0.00404316755069082,0.436646656510559,-0.00925958664839348,0.992612024348086,0.999709482207881
"gene-AM1_RS18355",1807.81305973894,-0.631596139326339,0.383129255919937,-1.64851973470364,0.099246064429779,0.508202867515336
"gene-AM1_RS18360",448.732001418421,-0.389059520342979,0.348550171642175,-1.11622243222531,0.264326934698349,0.857121505737998
"gene-AM1_RS18365",1448.21613868617,0.245824868322579,0.378726439782858,0.649082932956893,0.51628477273287,0.991398497019674
"gene-AM1_RS18370",1815.75574244298,0.337024994139884,0.39023949440455,0.863636302763606,0.387787715056893,0.950568024953625
"gene-AM1_RS18375",197.835643292416,0.63694249123017,0.384765559925251,1.65540411505102,0.0978425518375212,0.505089451060486
"gene-AM1_RS18380",145.688475412698,1.30186263208217,0.43611568135045,2.98513144047216,0.00283456494108769,0.032571197151651
"gene-AM1_RS18385",948.245097354549,-0.0252585383748011,0.357172342504223,-0.0707180690355453,0.943622139830376,0.997177134360943
"gene-AM1_RS18390",144.49278185781,-0.0118053669276724,0.356284903456952,-0.033134625725445,0.973567230565501,0.999088916092384
"gene-AM1_RS18395",275.69120368126,0.810124172909725,0.39155168509726,2.06900954265717,0.0385451912325812,0.26226809144579
"gene-AM1_RS18400",72.2962693223197,0.260172117608986,0.393819275353158,0.660638353406333,0.508844266649431,0.989201002062665
"gene-AM1_RS18405",1781.30038099801,-0.883313957462128,0.340511518843034,-2.59407952031517,0.00948445474940453,0.0889660036557562
"gene-AM1_RS18410",200.868587317536,-1.06886405131117,0.401622858135882,-2.6613625934347,0.00778250984420824,0.0762919829802851
"gene-AM1_RS18415",1193.33755257067,-0.494247466112645,0.547427053178022,-0.902855390948166,0.366602648770336,0.940861343347646
"gene-AM1_RS18420",474.108592313626,-0.246930261582985,0.337468650578393,-0.731713186276021,0.464343646295412,0.982825588333525
"gene-AM1_RS18425",1309.65288309019,0.0408844418364174,0.488470845387286,0.0836988373461717,0.933295881566599,0.997177134360943
"gene-AM1_RS18430",550.103655102471,-0.0313131984513403,0.437453015614323,-0.0715807122905912,0.942935590056414,0.997177134360943
"gene-AM1_RS18435",230.652290979258,-0.395292678837281,0.376700240615475,-1.04935605613479,0.294014275232282,0.892154652167842
"gene-AM1_RS18440",116.50910945571,-0.173354762030309,0.436018203751357,-0.397586065303747,0.690935333842202,0.997177134360943
"gene-AM1_RS18450",414.950844206301,0.49881260296412,0.370217829880676,1.34734894622685,0.177867875046804,0.722296101158253
"gene-AM1_RS18455",118.340048056264,0.119645036999309,0.441321158027687,0.271106505597911,0.786309118149008,0.997177134360943
"gene-AM1_RS18460",269.727245890365,-0.33736772588858,0.354326131711906,-0.952138992003236,0.341026496390005,0.924111025083135
"gene-AM1_RS18465",114.595249906139,-0.0144059922032451,0.356963353626256,-0.0403570620258356,0.967808461879866,0.999088916092384
"gene-AM1_RS18470",27.3187958301442,-0.297193232827287,0.460672606172091,-0.645128945905383,0.518843627163371,0.991747974838319
"gene-AM1_RS18475",38.5328539106179,-0.211238440052508,0.45943797610459,-0.459775750022937,0.645677191080728,0.997177134360943
"gene-AM1_RS18495",38.649759686754,-1.04570833179612,0.528287059435066,-1.9794320400624,0.0477673841250543,0.307218049925869
"gene-AM1_RS18500",33560.9147388066,-1.29352575246343,0.394009240752105,-3.2829832873825,0.00102714754933626,0.0138018544844451
"gene-AM1_RS18505",494.50595958788,-0.18918841949832,0.401669503373124,-0.471005186875182,0.637637030884625,0.997177134360943
"gene-AM1_RS18525",37.7470621841807,-0.350335591702062,0.462075209134468,-0.758178722373551,0.448343997317356,0.980512458937622
"gene-AM1_RS18530",126.070007542412,-0.442875204252221,0.394615641351589,-1.12229510907206,0.26173698503144,0.856577511684301
"gene-AM1_RS18535",16.9085817686317,-0.53315670217056,0.525960643539361,-1.0136817435289,0.310734638190517,NA
"gene-AM1_RS18540",43.8438055828095,-0.785056362399629,0.425196465868891,-1.84633792944483,0.0648431536815575,0.382418825916432
"gene-AM1_RS18550",1089.37599967395,-0.434461977522729,0.589681521052175,-0.73677393985064,0.461259833504327,0.982825588333525
"gene-AM1_RS18555",787.389348153541,-0.243256979284143,0.597767616830331,-0.406942384356677,0.684050305240784,0.997177134360943
"gene-AM1_RS18560",158.150243161496,0.487935107875707,1.25139177512834,0.389913948272246,0.696600179407741,0.997177134360943
"gene-AM1_RS18565",148.033352985828,-0.56947245013282,0.468827009446291,-1.21467500519093,0.224490069214524,0.80141197652194
"gene-AM1_RS18570",143.686468154817,0.791750300912469,0.574344825583651,1.37852778617425,0.168040395034523,0.702801424246952
"gene-AM1_RS18580",23.2017915787786,-0.901857487640542,0.47560183370718,-1.89624476552334,0.0579276862663125,0.355402685960036
"gene-AM1_RS18585",126.587155153712,-0.178921818253981,0.450330839563517,-0.39731193721354,0.691137445694839,0.997177134360943
"gene-AM1_RS18590",16.4587390338529,-0.204188675832882,0.550784165735078,-0.370723576558108,0.710843428147653,NA
"gene-AM1_RS18595",10.7168599187107,-0.304463911534353,0.70984394077394,-0.428916687240294,0.667983855775664,NA
"gene-AM1_RS18610",30.4809637486172,-0.137411344161608,0.56075953111647,-0.245045044331253,0.806421554003667,0.997177134360943
"gene-AM1_RS18615",26.9366495009829,-0.559077241624723,0.465537693944675,-1.20092797832857,0.2297791401857,0.806921443311917
"gene-AM1_RS18620",23.6882503339173,-0.614160473302165,0.526182355836968,-1.1672008125876,0.243129282835269,0.831260219404308
"gene-AM1_RS18630",265.723555618569,-0.365499121947613,0.353009977058488,-1.03537901391114,0.300491942493868,0.894285546343303
"gene-AM1_RS18635",177.958833564531,0.24392240369602,0.41656898261011,0.585551046474145,0.558177253580227,0.99354618231587
"gene-AM1_RS18645",222.386705416494,-0.139426919540051,0.380526459455412,-0.366405321037573,0.714062649793609,0.997177134360943
"gene-AM1_RS18655",71.4483139807256,0.0316160174345861,0.41800299715326,0.0756358630198868,0.939708803609267,0.997177134360943
"gene-AM1_RS18660",78.9215519569127,-0.0524075117010333,0.437038352178671,-0.119915132023946,0.904550377352948,0.997177134360943
"gene-AM1_RS18665",286.384710622617,-0.0176872746349422,0.367839469996853,-0.0480842217261064,0.961649120898209,0.998903880756109
"gene-AM1_RS18670",570.177106437331,-0.433918927146676,0.346657161917854,-1.25172353210894,0.210670622244712,0.77370071515002
"gene-AM1_RS18675",489.623558414098,-0.430393163767598,0.377995906854286,-1.13861858280257,0.254862274276257,0.850461733857687
"gene-AM1_RS18680",404.202946226128,0.606260836913959,0.327161527675775,1.85309330599158,0.0638689861323034,0.378063192105731
"gene-AM1_RS18685",141.689372063673,0.00745987464048351,0.350205654206281,0.0213014111876373,0.983005218130504,0.99966258039135
"gene-AM1_RS18690",102.593438053413,0.508348294044638,0.381939232221303,1.33096642386842,0.183200059113917,0.731253919654119
"gene-AM1_RS18695",125.175121019772,0.118767553417883,0.368300786164831,0.322474341297577,0.747093373082638,0.997177134360943
"gene-AM1_RS18700",155.728939295717,-0.0905618454544406,0.389279623917847,-0.232639572919318,0.816041295519287,0.997177134360943
"gene-AM1_RS18705",138.771909318595,-0.229843307454679,0.389543010263306,-0.590033196332594,0.555168394027161,0.99354618231587
"gene-AM1_RS18710",552.481011954641,-0.41358837838219,0.504766380545301,-0.819365937040793,0.412577663125336,0.960778261039216
"gene-AM1_RS18715",1228.67999098729,-0.320251997210685,0.365761711043713,-0.87557551143567,0.381260843028403,0.946383626596995
"gene-AM1_RS18720",26.9444361022685,-0.532083648647813,0.56428167417915,-0.942939799386228,0.345711696159816,0.927676347474028
"gene-AM1_RS18725",33.6885372032298,0.0786633908795143,0.46053897882134,0.170807237816955,0.864375337758815,0.997177134360943
"gene-AM1_RS18730",220.504611941729,-0.711727557436837,0.561714504721164,-1.26706280762705,0.205132832924853,0.76270920401304
"gene-AM1_RS18735",50.8137433756841,-0.408408368502287,0.549497219350582,-0.743240100441202,0.457336329318497,0.982825588333525
"gene-AM1_RS41085",20.1316769829242,-0.593336816163113,0.688724544842567,-0.86150090134909,0.388962224948751,0.950568024953625
"gene-AM1_RS37660",28.6457467508043,-0.146615110661586,0.526427238441143,-0.278509734974472,0.780621093125034,0.997177134360943
"gene-AM1_RS18750",29.0343106902843,0.130560663007308,0.480225887097319,0.27187343813652,0.785719335507461,0.997177134360943
"gene-AM1_RS18760",20.5063469362904,-0.551198479569984,0.525292980733369,-1.04931628593333,0.29403257289575,0.892154652167842
"gene-AM1_RS18765",376.285416659415,-0.788844737298964,0.393069704770455,-2.00688256491208,0.0447621687225747,0.29244879815274
"gene-AM1_RS18770",51.8993115146162,-0.716401540665321,0.412709964724571,-1.73584745195921,0.0825908112384528,0.450718627873787
"gene-AM1_RS18775",22.7873002928203,-0.267949821410877,0.538286154436735,-0.497783231469627,0.618636836201769,0.997177134360943
"gene-AM1_RS18785",20.3932473984332,-0.192245236074791,0.57749484213176,-0.332895156890299,0.739213425387212,0.997177134360943
"gene-AM1_RS18790",27.595753007325,-0.104298284966668,0.504527693956852,-0.206724598502591,0.836224945512736,0.997177134360943
"gene-AM1_RS18795",23.0547941843398,-0.652077455765558,0.485691347508901,-1.34257581303445,0.179409366551031,0.725545317071385
"gene-AM1_RS18800",241.890626552488,-0.120247563806839,0.461142529338681,-0.260760082092807,0.794277529537175,0.997177134360943
"gene-AM1_RS18805",97.1204417428273,-0.390767771998332,0.486043014062551,-0.803977756479064,0.421409821367928,0.968507314876059
"gene-AM1_RS18810",226.25633309331,-0.395452643996494,0.468135464296992,-0.844739769054568,0.398256149941702,0.953847172404751
"gene-AM1_RS18815",310.710119175441,-0.0782939159601845,0.420832394659585,-0.186045363792673,0.852409187127094,0.997177134360943
"gene-AM1_RS18820",235.926794456095,-0.117484186504617,0.395328876807103,-0.297180887602962,0.76632841257755,0.997177134360943
"gene-AM1_RS18825",90.2622962612524,-0.0835032500991241,0.455990987549156,-0.183124781803111,0.854700111488571,0.997177134360943
"gene-AM1_RS18830",64.5943413584574,-0.330978086698066,0.422519886367433,-0.783343216206017,0.433425591701705,0.972183285066938
"gene-AM1_RS37665",69.4925133470441,-0.551660816722701,0.409371098825473,-1.34758124915381,0.177793104818079,0.722296101158253
"gene-AM1_RS18840",199.104503839711,-3.5947868669716,1.4631240991386,-2.4569254713855,NA,NA
"gene-AM1_RS18845",33.6766160842574,-2.99479392473281,0.875612940350634,-3.42022574898626,0.000625691891031081,0.00895667668820816
"gene-AM1_RS18850",44.073326470614,-2.11829180297591,0.699987609223818,-3.02618471393341,0.00247660956661093,0.0292021111950589
"gene-AM1_RS41090",15.257029747244,-0.117163883115972,0.642466406352228,-0.182365773459193,0.855295684196263,NA
"gene-AM1_RS44270",15.0149973648119,-0.0317230517350226,0.536979596790882,-0.0590768288490049,0.952890914300521,NA
"gene-AM1_RS18865",50.0582860825795,-0.0770625324651922,0.426799420840948,-0.180559130828602,0.856713637402398,0.997177134360943
"gene-AM1_RS18870",238.856208786725,0.264565577757903,0.417152834572243,0.634217379894335,0.525938966714539,0.992659241707204
"gene-AM1_RS18875",16.4238349454765,-0.291534905999272,0.608846454238045,-0.478831573987107,0.632058452778702,NA
"gene-AM1_RS18885",50.1908878646739,-0.405822110303571,0.425378493181233,-0.954025924697304,0.340070519801189,0.92389306342344
"gene-AM1_RS18890",37.3512848252846,-0.166436219149794,0.483510046285105,-0.34422494512483,0.730677123821805,0.997177134360943
"gene-AM1_RS41095",70.3133318572556,0.312491879084456,0.402331433695848,0.776702621055187,0.437334240122166,0.975695998293985
"gene-AM1_RS18900",420.144493575822,0.733167147470129,0.39501852589831,1.8560323108969,0.0634489527223848,0.377567513998075
"gene-AM1_RS18905",13.4371420076855,-0.141049673485686,0.572619202165241,-0.24632368763104,0.805431674668274,NA
"gene-AM1_RS18910",110.043542797853,-1.15981563459667,0.60054510278036,-1.93127148856437,0.0534494873434222,0.335315587265571
"gene-AM1_RS42220",14.4677697735028,-1.19251897339748,0.61157266171805,-1.94992197664201,0.0511854193089187,NA
"gene-AM1_RS18915",30.142387306389,-0.735962123878586,0.480759666646422,-1.53083167107663,0.125811000005201,0.586319200024239
"gene-AM1_RS18920",9.91935682439853,0.509523401233811,0.699574390804697,0.728333409471612,0.466409515562557,NA
"gene-AM1_RS18925",45.9105054997616,-0.0644998468297758,0.450293099273597,-0.143239696397359,0.886100879857924,0.997177134360943
"gene-AM1_RS18930",33.6468726775936,-0.201920596780161,0.437151657480043,-0.461900563168696,0.644152630136772,0.997177134360943
"gene-AM1_RS18935",193.421319366411,-1.0638393118784,0.440156934759154,-2.41695456294586,0.0156509706726229,0.131218501537052
"gene-AM1_RS18940",136.336282023179,-0.573329147670794,0.412251952738897,-1.39072512297817,0.164308796301038,0.692621142770777
"gene-AM1_RS18950",48.7208293863262,-0.166884966080269,0.409420278580085,-0.407612848731001,0.68355792972365,0.997177134360943
"gene-AM1_RS18955",27.3821644158854,0.0543017962022962,0.491169901739234,0.110556033686131,0.91196841371387,0.997177134360943
"gene-AM1_RS18970",34.8327599824934,0.359741877458153,0.481952048344185,0.746426700942754,0.455409694744744,0.982825588333525
"gene-AM1_RS18985",29.9363104240635,1.07195345444069,0.469171150564463,2.2847812640462,0.0223256568003466,0.172521022295833
"gene-AM1_RS18990",67.9125208910583,1.37383071391267,0.396853472405768,3.46180847450916,0.000536558839745459,0.00776027957385551
"gene-AM1_RS18995",29.3922932146854,1.27493791006568,0.588625867325758,2.16595630745548,0.0303145258855006,0.21629027460469
"gene-AM1_RS19000",52.0464503816011,-0.0661105295304709,0.466315657555893,-0.141772056029551,0.887260057142636,0.997177134360943
"gene-AM1_RS19010",34.020320450438,-0.516402878832655,0.453334121309921,-1.13912201742171,0.254652265416061,0.850461733857687
"gene-AM1_RS39870",22.7470192779796,-0.38448917397622,0.496676745015222,-0.774123567964584,0.438857721529874,0.976624842627761
"gene-AM1_RS19025",51.11137634943,-0.0544239402039714,0.443743338862058,-0.122647340112275,0.902386365414919,0.997177134360943
"gene-AM1_RS19030",324.762673952444,-0.0105174110311146,0.438177543045476,-0.0240026245024225,0.980850515261042,0.99966258039135
"gene-AM1_RS19035",208.020411714908,-0.433110519182671,0.378762701247771,-1.14348777679497,0.252836126820511,0.850461733857687
"gene-AM1_RS19040",365.979911505181,-0.143700966231903,0.326038945206108,-0.440747856490156,0.659395546634439,0.997177134360943
"gene-AM1_RS19050",892.448948914737,-0.144222309543599,0.365738658466638,-0.394331597726783,0.693336237687249,0.997177134360943
"gene-AM1_RS19055",334.997794159989,-0.123925169813807,0.392507916273839,-0.315726548881499,0.752210073585276,0.997177134360943
"gene-AM1_RS19060",1748.98139537959,-0.0909427158434351,0.404502796790526,-0.224825925963944,0.822114696343817,0.997177134360943
"gene-AM1_RS19065",545.241468493137,-1.05054610812578,0.609778399154975,-1.72283260538847,0.0849188006435968,0.460427698411081
"gene-AM1_RS19070",148.224303624858,0.582269637819667,0.373251562335715,1.55999249989998,0.118761653583016,0.568914500333074
"gene-AM1_RS19075",1726.85157909628,0.870219060243345,0.401739748740357,2.1661263615858,0.030301532272613,0.21629027460469
"gene-AM1_RS19080",46.1223344719766,0.409546736654972,0.424443824976072,0.964902096709878,0.334593851157474,0.919389374822971
"gene-AM1_RS19085",173.647234415768,-0.238029975188007,0.401314855211521,-0.593125253393744,0.553097331065015,0.99354618231587
"gene-AM1_RS19090",10.8821797643599,-0.0604090346852386,0.602580556279138,-0.100250554147079,0.920145411726039,NA
"gene-AM1_RS19100",47.0658595746948,0.0484800468746993,0.426865182620741,0.113572267892771,0.909576872092286,0.997177134360943
"gene-AM1_RS19110",276.028135412089,-0.531487482107655,0.347371641028696,-1.53002553845134,0.126010407631502,0.586517667879543
"gene-AM1_RS19115",35.8008985289161,-0.314080632563443,0.523887666451898,-0.599519043253295,0.548826814982882,0.99354618231587
"gene-AM1_RS19120",52.7781501000483,0.0373795095392415,0.411730955188736,0.0907862502641,0.927662435629739,0.997177134360943
"gene-AM1_RS19135",450.161758121303,-0.489723078133602,0.460289081619222,-1.06394676234951,0.287352817456427,0.886205747953855
"gene-AM1_RS19140",45.2874724256146,-0.194029675040377,0.493191577188245,-0.393416441023929,0.694011928475026,0.997177134360943
"gene-AM1_RS19145",155.951449201022,-0.321672646525705,0.397967364611657,-0.808289008420573,0.418924228532564,0.966570950861774
"gene-AM1_RS19150",89.3163424155963,-0.326547514346689,0.451259869261649,-0.723635174740854,0.469289740703831,0.982825588333525
"gene-AM1_RS19155",406.174260561687,-0.847071225829519,0.386004138565534,-2.19446151271175,0.0282022479062193,0.204948852568242
"gene-AM1_RS19160",180.407973466095,-0.181467259310201,0.377315830288969,-0.480942607606002,0.630557289406764,0.997177134360943
"gene-AM1_RS19165",218.673098653813,-0.0589874112725237,0.376132103541229,-0.15682631372639,0.875381734096274,0.997177134360943
"gene-AM1_RS19170",14.981686723094,-0.110701858027544,0.540570115369972,-0.204787232738122,0.837738362418856,NA
"gene-AM1_RS19175",13.6084093551109,-0.319554318815932,0.602531899160256,-0.530352532805802,0.59586753013876,NA
"gene-AM1_RS19180",24.168234948701,-0.0692479642055521,0.631312584882976,-0.109688870242288,0.912656127411904,0.997177134360943
"gene-AM1_RS19185",116.943296872129,-0.0172062302383082,0.460988532533106,-0.0373246383023043,0.970226160652805,0.999088916092384
"gene-AM1_RS19190",39.1305321875853,-0.0584253587932544,0.432460074934192,-0.13510000617316,0.892532805297871,0.997177134360943
"gene-AM1_RS19195",243.497964947625,-0.0764499391458346,0.354103068822346,-0.21589742048858,0.82906770783944,0.997177134360943
"gene-AM1_RS19200",28.7760242720197,0.0786106929051971,0.464628773333779,0.169190324441498,0.865646940056264,0.997177134360943
"gene-AM1_RS19205",4986.84776491636,0.436453053870036,0.62289006627758,0.700690342484188,0.483496284319684,0.986480257652949
"gene-AM1_RS19210",84.0268123579981,-0.119192311569579,0.437961618548876,-0.272152413639591,0.7855048296375,0.997177134360943
"gene-AM1_RS19215",74.8240162729598,-0.0399268307985117,0.401299650167797,-0.0994938091319463,0.920746203109202,0.997177134360943
"gene-AM1_RS19225",18.0211867691331,0.328289837740337,0.5448603171892,0.60252110014894,0.54682732222006,0.99354618231587
"gene-AM1_RS19230",112.388598635999,-0.19846735329155,0.468920080905267,-0.423243451012808,0.672117647815808,0.997177134360943
"gene-AM1_RS19235",33.947915256762,-0.304423078209587,0.618259937049101,-0.492386874786956,0.622445876106814,0.997177134360943
"gene-AM1_RS19240",23.639093603872,-0.363933113954715,0.472358517604061,-0.770459514101045,0.441027361967511,0.977667369113699
"gene-AM1_RS19245",23.3830982448292,-0.072503287967645,0.47810045202353,-0.151648649694388,0.879464060210629,0.997177134360943
"gene-AM1_RS19250",22.3203723202264,0.290349016476392,0.610370028589186,0.47569343656586,0.634292797570362,0.997177134360943
"gene-AM1_RS19255",116.460031503997,-0.327045209116526,0.392845530125436,-0.832503322647199,0.4051249034942,0.957230215163916
"gene-AM1_RS19260",128.29067325317,-0.193881716766966,0.43584632219097,-0.444839630152976,0.656435652591458,0.997177134360943
"gene-AM1_RS19265",121.327067726702,-0.216804504935449,0.543943861373847,-0.39857882463801,0.690203566907023,0.997177134360943
"gene-AM1_RS19270",68.4023036606556,0.124365571504691,0.51754320017587,0.240299885038447,0.810097784126737,0.997177134360943
"gene-AM1_RS19275",101.675512895572,0.504959522376869,0.368967443232359,1.36857473915082,0.171132244700671,0.708707992090292
"gene-AM1_RS41105",92.6582400886805,1.22947029256792,0.452345231412918,2.71799105459258,0.00656796138182453,0.0658141113209448
"gene-AM1_RS19290",11.2683579435521,-0.213688006209872,0.626090615455614,-0.341305237508422,0.732873805425925,NA
"gene-AM1_RS19295",147.008565558283,-0.166126143796559,0.407621168433537,-0.407550335118686,0.683603832775329,0.997177134360943
"gene-AM1_RS19300",263.211759791939,0.215894543608191,0.603830448287425,0.35754166458566,0.720686340807736,0.997177134360943
"gene-AM1_RS19305",47.1364607529715,0.0701966938698835,0.440576574876058,0.159329156094218,0.873409550919096,0.997177134360943
"gene-AM1_RS19310",152.778215666779,-0.425528171752869,0.414412093890211,-1.02682372939049,0.304503473579457,0.896075211678202
"gene-AM1_RS19315",620.35704224209,-0.178674436890168,0.382528606150324,-0.467087778580287,0.640437077689355,0.997177134360943
"gene-AM1_RS19320",1394.25398108311,0.25202253041747,0.361078023786866,0.697972498504179,0.485194393158093,0.988029326430846
"gene-AM1_RS19325",30.0103148175352,1.27472819662243,0.492782158750655,2.58679859647158,0.00968721962057336,0.0903080843136522
"gene-AM1_RS19330",17.8623468768843,0.235450805845418,0.52900215853254,0.445084773375144,0.656258492182959,0.997177134360943
"gene-AM1_RS19335",33.0399278809936,-0.153582339328265,0.515648943837952,-0.297842827302541,0.765823125649849,0.997177134360943
"gene-AM1_RS19340",46.6914251851786,-0.251795903474527,0.477941325458607,-0.526834341501892,0.598308632655212,0.997177134360943
"gene-AM1_RS19345",28.8101205271708,0.280183957112765,0.45818025389844,0.611514692588367,0.540858894505477,0.99354618231587
"gene-AM1_RS19350",59.2809101670516,-0.247879632206077,0.415072813880121,-0.5971955375465,0.550376838193049,0.99354618231587
"gene-AM1_RS19355",13.1340222665132,0.374698751546606,0.56521644383092,0.662929671697051,0.507375597266035,NA
"gene-AM1_RS19360",14.1539554434994,0.176329307120549,0.570802912020647,0.308914519192521,0.757386551913277,NA
"gene-AM1_RS19365",10.0919497326424,-0.415720744513217,0.616984341671917,-0.673794643453492,0.500441880819172,NA
"gene-AM1_RS19370",37.9974074790949,0.353025717026086,0.478212412254641,0.738219477327378,0.460381088816761,0.982825588333525
"gene-AM1_RS19375",113.623282118926,1.87036942934264,0.389661417251208,4.79998620991732,1.58676556085113e-06,5.35487780075737e-05
"gene-AM1_RS19380",69.0188457047685,-0.384353487546701,0.446185230133527,-0.861421359536437,0.389006016190459,0.950568024953625
"gene-AM1_RS19385",261.446199653069,-0.20777671321929,0.359783442227909,-0.577504934447959,0.563598406219344,0.994977061149491
"gene-AM1_RS19390",120.89309557838,0.143204249195694,0.582359605164155,0.24590347257229,0.805756955633797,0.997177134360943
"gene-AM1_RS39885",152.343234488399,1.67279152103302,0.433105303412546,3.86232056696762,0.000112315053845458,0.00207648226744884
"gene-AM1_RS19415",66.773362599272,0.5406882170521,0.401001339409015,1.34834516475419,0.177547391968517,0.722296101158253
"gene-AM1_RS19420",151.320170825899,1.17623754466188,0.425423382486059,2.7648634115696,0.00569466352674168,0.0582562094582355
"gene-AM1_RS19425",99.7009891001883,1.56614084182673,0.417824281558081,3.74832414235606,0.000178020091468313,0.00302119646561252
"gene-AM1_RS19430",64.2438958333018,0.247345311039185,0.41496558017239,0.596062234695298,0.551133651896437,0.99354618231587
"gene-AM1_RS19435",316.104029070296,-0.200749764021035,0.398961974099439,-0.503180195240861,0.614837587656747,0.997177134360943
"gene-AM1_RS19440",210.499104656749,0.696060948194017,0.402742036785266,1.7283046829431,0.0839336139360476,0.456773105683477
"gene-AM1_RS19445",35.4858052287312,-0.125925220818148,0.491668609401993,-0.256118081183399,0.797859660748761,0.997177134360943
"gene-AM1_RS19450",145.118167297078,-0.034011791745661,0.398271302329957,-0.0853985500503954,0.931944545845538,0.997177134360943
"gene-AM1_RS39890",53.7329236042184,0.521042422353151,0.593499551646494,0.87791544392522,0.379989607408422,0.946383626596995
"gene-AM1_RS19465",310.38606774608,0.926329935144116,0.57308785126746,1.61638382857954,0.106011352532916,0.529826632001464
"gene-AM1_RS19470",336.709713344708,0.871353390950082,0.59224419234309,1.47127384652394,0.141217073240041,0.630545861017346
"gene-AM1_RS19480",383.010680855495,0.0155065866782089,1.2142817175591,0.0127701722376086,0.989811153661828,0.999709482207881
"gene-AM1_RS19485",180.57954272499,0.107354286571629,0.553682448659604,0.193891438732654,0.846260887395104,0.997177134360943
"gene-AM1_RS19490",38.3364501945288,0.0488776573686638,0.693190128599663,0.0705111849578747,0.943786798400489,0.997177134360943
"gene-AM1_RS19495",519.548372800416,-0.271461152667408,0.419468457096354,-0.647155103262155,0.517531565273913,0.991747974838319
"gene-AM1_RS19500",328.048821861608,0.127147843154777,0.4105069077139,0.309733748118539,0.75676343667429,0.997177134360943
"gene-AM1_RS19505",49.1944546884321,-0.121837716943024,0.443408524853627,-0.274775314667764,0.783488864398474,0.997177134360943
"gene-AM1_RS19510",72.5601258720497,0.157221747893582,0.471302997918093,0.333589534944789,0.738689316240317,0.997177134360943
"gene-AM1_RS41115",168.810502962363,1.42006581251711,0.440638095887172,3.22274861336712,0.0012696692968378,0.0167539283393967
"gene-AM1_RS19515",353.593997344849,0.304705290198822,0.353592611291135,0.861741112423695,0.388829996475898,0.950568024953625
"gene-AM1_RS19520",407.049978905371,-0.307194912519751,0.410214252033595,-0.748864553088695,0.453938847002557,0.982825588333525
"gene-AM1_RS19525",221.573110743715,0.0619995178244382,0.517471475962374,0.11981243547605,0.90463173082283,0.997177134360943
"gene-AM1_RS19530",788.274553813992,-0.124993367311397,0.440687163639209,-0.283632875255992,0.776691740491043,0.997177134360943
"gene-AM1_RS19535",18.1564857334011,0.238480643198621,0.560640560266053,0.42537172673602,0.670565713404863,0.997177134360943
"gene-AM1_RS19540",45.6824698005324,0.236172752377961,0.495949383700488,0.476203338767712,0.633929521107029,0.997177134360943
"gene-AM1_RS19550",118.792117205409,0.357612381521905,0.352966228327503,1.01316316639248,0.310982230850708,0.898528284146969
"gene-AM1_RS19555",169.197143352969,0.517716765974829,0.364481572493193,1.42041959058026,0.155485562764891,0.671331782761351
"gene-AM1_RS19560",88.8945215468024,-0.0337422301132819,0.41093733829349,-0.0821104021683794,0.934558921324323,0.997177134360943
"gene-AM1_RS19565",55.1984099399909,-0.354850027287596,0.416455805715202,-0.852071270031144,0.394174536655129,0.953133313919014
"gene-AM1_RS19570",25.7451537802323,0.377782746377506,0.471375366000146,0.801447792198349,0.42287245671055,0.968993062826186
"gene-AM1_RS19575",121.81679380901,-0.0933845521423175,0.383548177026353,-0.243475416481777,0.807637127007189,0.997177134360943
"gene-AM1_RS19580",100.555644488194,0.00435985341790499,0.372256027952699,0.0117119753355854,0.990655409337208,0.999709482207881
"gene-AM1_RS19585",185.499329664979,1.97240072540539,0.438739943723245,4.49560326936991,6.93729784857877e-06,0.000192150061164408
"gene-AM1_RS19590",217.915340947149,0.356382042518879,0.722279209799424,0.493413125677321,0.621720709857928,0.997177134360943
"gene-AM1_RS19595",3021.13062305441,1.91966178278116,0.495347304317128,3.87538554474936,0.000106456009661053,0.00198447520231652
"gene-AM1_RS19600",3992.36877036375,0.307995396187512,0.437291049217024,0.704325864293317,0.481229862713404,0.986441366799053
"gene-AM1_RS19605",97.9049116378975,0.32421643706886,0.492244359375747,0.65864936975616,0.510120952220317,0.989201002062665
"gene-AM1_RS19610",34.7259773994633,-0.287213814421321,0.470094332360408,-0.610970596006085,0.541219046671874,0.99354618231587
"gene-AM1_RS19615",90.6595979243293,-0.23157291468432,0.464711455610104,-0.498315485638923,0.618261694737163,0.997177134360943
"gene-AM1_RS19620",131.094889547098,-0.124951050793026,0.412786383655299,-0.302701483722795,0.762117366962492,0.997177134360943
"gene-AM1_RS19625",37.5071691597968,-0.203250741789836,0.492660779786873,-0.412557179562301,0.679931079464986,0.997177134360943
"gene-AM1_RS19635",17.0485394652043,0.187572599816203,0.53150435357366,0.352908868111855,0.724156762274631,NA
"gene-AM1_RS19640",142.93925246803,0.349111433090338,0.392655476301082,0.889103690540775,0.373947355691866,0.942161630815008
"gene-AM1_RS19645",73.4636326422714,0.112648195980537,0.424493449392418,0.265370870014063,0.790723774296816,0.997177134360943
"gene-AM1_RS19650",315.979270877036,0.274542488499439,0.385128440746957,0.71285955398922,0.475932669245041,0.984738847992133
"gene-AM1_RS19655",573.88068889568,0.634801905599228,0.473592557667439,1.34039670877808,0.180116405172192,0.725904963054986
"gene-AM1_RS19660",426.301193344504,-0.215108554456208,0.405744293954008,-0.530157928679563,0.596002437821718,0.997177134360943
"gene-AM1_RS19665",252.353109575613,0.0966634180277294,0.342404043848789,0.282308050282308,0.777707313296901,0.997177134360943
"gene-AM1_RS19670",52.925261866843,0.511730897272115,0.441917893987562,1.15797731713149,0.246873293133764,0.840117534689015
"gene-AM1_RS19675",185.449205216585,-1.8065100368024,0.474098551639042,-3.81041036838644,0.000138736306362431,0.00251438145358085
"gene-AM1_RS19680",3121.06196839192,0.418744330679135,0.371755020282084,1.12639859002145,0.259996843344486,0.854151227581448
"gene-AM1_RS19685",4283.31987289097,0.634323054622117,0.377546850198571,1.68011745903454,0.0929344646193182,0.489545031123644
"gene-AM1_RS19690",115.099915923228,0.177616875471587,0.55252585218259,0.321463465953608,0.747859194138125,0.997177134360943
"gene-AM1_RS19695",111.197445801883,0.00401939970551295,0.535737873430198,0.00750254911002973,0.994013888056449,0.999709482207881
"gene-AM1_RS19700",77.4553564263531,-0.133831633178916,0.567390221432409,-0.235872294099554,0.813531767819963,0.997177134360943
"gene-AM1_RS19705",43.3687565424498,-0.550527531887973,0.506207657018085,-1.08755275479427,0.27679259733221,0.870554971363009
"gene-AM1_RS19710",597.367070686372,-0.10921110759953,0.329950993788345,-0.330991903814618,0.740650601027371,0.997177134360943
"gene-AM1_RS19715",264.612657765759,-0.167567479716342,0.368045908093239,-0.455289614777868,0.648900896632903,0.997177134360943
"gene-AM1_RS19720",1890.80852603446,0.279602531859951,0.380389539494019,0.73504264137197,0.462313525071666,0.982825588333525
"gene-AM1_RS19725",567.242482885624,0.755909699761183,0.362256727061507,2.08666849582848,0.0369181109483765,0.254440313954069
"gene-AM1_RS19730",70.0185307020249,-0.153895473772863,0.395203850638779,-0.38940782971653,0.696974480965156,0.997177134360943
"gene-AM1_RS19735",359.038337639638,0.157143913759046,0.398053898391721,0.394780491772503,0.693004893297934,0.997177134360943
"gene-AM1_RS19740",46.1341490262866,-0.0277893167762247,0.440861845015537,-0.0630340708555655,0.949739373636511,0.997889813204431
"gene-AM1_RS19745",403.920710544582,-0.229280251477048,0.370820607183821,-0.618305043018796,0.536374278251056,0.99354618231587
"gene-AM1_RS19750",1278.86884331795,-0.0394133621962041,0.385615477257269,-0.102208973759393,0.918590805031048,0.997177134360943
"gene-AM1_RS19755",166.723344044386,1.41465655745758,0.389092386968729,3.63578575381193,0.000277134595328596,0.00438634594007956
"gene-AM1_RS19760",419.506744215313,2.23551816804908,0.53247689010721,4.19833838722837,2.68880641473139e-05,0.000600329705981093
"gene-AM1_RS19765",2093.35235020578,-0.0794788531840589,0.354826742880974,-0.223993413063344,0.822762428640116,0.997177134360943
"gene-AM1_RS19770",203.338073312516,-0.254149042445092,0.47695734175348,-0.532854870229572,0.594134047489487,0.997177134360943
"gene-AM1_RS19775",371.608670138575,-0.0118192317448675,0.516473540016135,-0.0228844864821115,0.981742415149946,0.99966258039135
"gene-AM1_RS19780",90.5180021411319,-0.0291739851609643,0.446979651092645,-0.0652691573087237,0.947959698866582,0.997298121398595
"gene-AM1_RS19785",95.6856875692033,0.722931481778822,0.362792489577412,1.99268590874333,0.0462958513535388,0.298407507297453
"gene-AM1_RS19790",12499.6136529383,-0.275095547425069,0.380328034361817,-0.723311253893429,0.469488680269248,0.982825588333525
"gene-AM1_RS19795",727.105912022793,-1.56324132710632,0.335115677582536,-4.66478124325087,3.08945524157138e-06,9.54804272553006e-05
"gene-AM1_RS19800",2873.41653236895,-0.28347034766793,0.450011134220427,-0.629918520036172,0.528747895165842,0.99354618231587
"gene-AM1_RS19805",179.745741674097,-0.000481856506597678,0.384390129777321,-0.00125356108096953,0.998999803229425,0.999851175142864
"gene-AM1_RS19810",118.097472399543,-0.477321683946928,0.388848321579951,-1.22752666645826,0.219624705444252,0.792646754989951
"gene-AM1_RS19815",38.3021410572887,-0.70417440395042,0.517343046243677,-1.36113630803253,0.173470617474829,0.713327436892327
"gene-AM1_RS19820",119.147759209723,-0.141386125866347,0.363483002865816,-0.388975893650085,0.697293978983398,0.997177134360943
"gene-AM1_RS19825",84.7409919860965,1.06275231343433,0.517475867416612,2.05372343011839,0.0400024675024855,0.269065852433671
"gene-AM1_RS19830",143.446993401084,0.313470978549829,0.4113489016733,0.762056194327203,0.446026466095568,0.978877246244682
"gene-AM1_RS19835",641.362257325773,3.06849375308094,0.397229968998013,7.72472872784754,1.12091796529233e-14,2.35072510435592e-12
"gene-AM1_RS19840",672.853195364063,3.24332554153038,0.441840316531162,7.34049252678742,2.12809256471965e-13,3.288463036851e-11
"gene-AM1_RS19845",262.457913829036,0.0103524959083044,0.541894349039536,0.0191042699128591,0.984757925154716,0.99966258039135
"gene-AM1_RS19850",228.69675813605,-0.555707199294123,0.487219073032322,-1.1405694687516,0.254049128577995,0.850461733857687
"gene-AM1_RS19855",69.3542243698336,-0.213552272381265,0.585508690565113,-0.364729466568893,0.715313360496464,0.997177134360943
"gene-AM1_RS19860",198.290940770058,-0.187815510395592,0.505675356204691,-0.371415193742539,0.710328310669933,0.997177134360943
"gene-AM1_RS19865",238.681381065867,-0.395603127714763,0.462554550449325,-0.855257239022887,0.392408754602281,0.952791238080031
"gene-AM1_RS19875",541.82855044196,-0.219032334968855,0.515314161266731,-0.425046217302541,0.670802983409212,0.997177134360943
"gene-AM1_RS19880",147.266081697989,-0.010090829954811,0.49549603271857,-0.0203651074650327,0.983752118283572,0.99966258039135
"gene-AM1_RS19885",421.751276171488,-0.204484946018506,0.357114672668928,-0.572603036694824,0.566913503141883,0.995078277288082
"gene-AM1_RS19890",1108.52899515914,-0.652795994861592,0.414792023563501,-1.57379109958139,0.115535752392739,0.562542237189189
"gene-AM1_RS19895",68.1646515314066,0.667659656723978,0.448796506287704,1.48766678744146,0.136838790586187,0.617615202399763
"gene-AM1_RS19900",440.60478831512,0.957460698539074,0.425662704043512,2.24934129639228,0.0244907903546661,0.18502230292944
"gene-AM1_RS19905",52.0284814816182,0.314121117464791,0.465901731780612,0.674221828419189,0.500170293912465,0.989201002062665
"gene-AM1_RS19910",255.863705229036,-0.171057791047634,0.392445326608554,-0.435876743713289,0.662926159314698,0.997177134360943
"gene-AM1_RS19915",189.685031570663,-0.0689402295584266,0.461265560743256,-0.149458870173053,0.881191561630087,0.997177134360943
"gene-AM1_RS19920",298.498183281105,-0.800203116728675,0.514361793204199,-1.55572036512245,0.119774601744327,0.570410755427969
"gene-AM1_RS19925",97.2223368597724,0.995270721597395,0.4290365547708,2.31978070523405,0.0203527433689112,0.161939443173776
"gene-AM1_RS19930",16.2213264941785,-0.519733704532732,0.548196403560031,-0.948079376583904,0.343089046416764,NA
"gene-AM1_RS19935",627.945666825313,-0.590380941417855,0.496444687272701,-1.18921796637851,0.234353906357018,0.815240603156641
"gene-AM1_RS19940",438.954862895783,-0.718962580386162,0.464463458467789,-1.54794218420957,0.121636217021862,0.574616143485417
"gene-AM1_RS19945",81.8391348833619,-0.61514684032862,0.458476510864778,-1.34171942455313,0.179686986381926,0.725668489707476
"gene-AM1_RS42235",92.0369901232124,-1.20909296970955,0.437155584802933,-2.76581842195749,0.00567801409768764,0.0581872579085896
"gene-AM1_RS19950",318.858312370066,-1.06566203181624,0.54395823579618,-1.95908796243604,0.0501024862907943,0.317712526457391
"gene-AM1_RS19955",113.955565673611,-1.24609506698779,0.476549913222424,-2.61482592360937,0.00892729414171762,0.0853763374595535
"gene-AM1_RS19960",318.921941070319,-0.846232316058407,0.578456069446973,-1.46291544121482,0.143490518260451,0.635906659038014
"gene-AM1_RS19965",1312.02601029906,-0.588115688467351,0.502243053725797,-1.17097824271441,0.241607522741497,0.828207456823159
"gene-AM1_RS19970",184.993404398644,-0.836154810558783,0.522203638269241,-1.60120449051271,0.109331634590097,0.541768234863331
"gene-AM1_RS19975",4312.66091624635,0.134338642130864,0.536454467429477,0.250419467610313,0.802262976150052,0.997177134360943
"gene-AM1_RS19980",716.819462714393,0.101531669883643,0.50550126701674,0.200853442925754,0.840813172922235,0.997177134360943
"gene-AM1_RS19985",49.0014389756774,-0.128505128611995,0.434339618884184,-0.295863243933684,0.767334522121151,0.997177134360943
"gene-AM1_RS19990",55.9845352051645,0.229773851647952,0.449852994074685,0.510775419246859,0.609508323123044,0.997177134360943
"gene-AM1_RS19995",462.858508891122,0.173231374620123,0.351409479555904,0.492961586690962,0.622039729755103,0.997177134360943
"gene-AM1_RS20000",46.4502817746341,0.216095771708334,0.412550576581944,0.523804313882498,0.600414652648478,0.997177134360943
"gene-AM1_RS20005",435.322862805552,0.420650903931438,0.406824726401666,1.0339855879756,0.301142900814584,0.894285546343303
"gene-AM1_RS20010",1025.37366272814,1.29638410783779,0.580135959289746,2.23462119022055,0.0254422284805489,0.189349512848901
"gene-AM1_RS20015",70.5956141000674,0.0855045282227093,0.49198573643418,0.173794729990406,0.862026786225131,0.997177134360943
"gene-AM1_RS20020",550.480474434024,0.218222816574246,0.481657549055698,0.453066326899843,0.650500981701439,0.997177134360943
"gene-AM1_RS20025",177.462202644579,0.290673245483794,0.409349285196432,0.7100861195942,0.477650733280899,0.986441366799053
"gene-AM1_RS20030",27.2699275534558,-0.0627411249124482,0.470855276838651,-0.133249276367243,0.893996241364605,0.997177134360943
"gene-AM1_RS20035",56.2833841516406,0.27800439147036,0.503367289330573,0.552289346890375,0.580750128209519,0.997177134360943
"gene-AM1_RS20040",151.669662180089,-0.673720548809807,0.396571754988891,-1.69886165702517,0.0893452529984312,0.475643994203797
"gene-AM1_RS20045",1022.90136282953,-0.512079697809338,0.449365996662692,-1.13956040646689,0.254469488531624,0.850461733857687
"gene-AM1_RS20050",57.1595292517318,-0.0334696133005835,0.506603422588268,-0.066066694002155,0.947324727232658,0.997177134360943
"gene-AM1_RS20055",1687.03628330391,0.379968727949241,0.452828541258825,0.839100660247608,0.401412825633874,0.955171930570576
"gene-AM1_RS20060",86.5632414178471,0.131576268358446,0.441236509359183,0.298198960347902,0.765551315240197,0.997177134360943
"gene-AM1_RS20065",1832.57435056716,0.772920230671053,0.416412792839025,1.85613949418179,0.0634336776610312,0.377567513998075
"gene-AM1_RS20070",249.381136376852,-0.241536530648079,0.408991806635715,-0.590565695276171,0.554811455763648,0.99354618231587
"gene-AM1_RS39895",27.0857668939326,-0.087102446670232,0.443045653949532,-0.196599257647055,0.844141151585719,0.997177134360943
"gene-AM1_RS37675",48.9641050044101,-0.0477601719551947,0.556565211847843,-0.0858123557464668,0.931615584246408,0.997177134360943
"gene-AM1_RS20090",11.402722265433,0.438257518252917,0.612928179748486,0.71502262864265,0.474595060807834,NA
"gene-AM1_RS20095",27.9599510957657,-0.230540429512356,0.483007540483515,-0.477301926345857,0.63314713944055,0.997177134360943
"gene-AM1_RS39900",51.1169242485647,0.404475541749219,0.43782387941958,0.923831615318537,0.355573991918198,0.933361859876468
"gene-AM1_RS20110",48.641697275006,-0.121030042463273,0.425918851235959,-0.284162210975306,0.776286073505743,0.997177134360943
"gene-AM1_RS20115",20.6870539946717,0.174645257946815,0.518343495683331,0.336929583184179,0.736169983707236,0.997177134360943
"gene-AM1_RS20120",55.5229806185198,-0.140875696743998,0.417632388835514,-0.337319854757439,0.735875793964641,0.997177134360943
"gene-AM1_RS20125",22.8280737757455,-0.252839496295876,0.512532604371737,-0.493313974836404,0.621790755508945,0.997177134360943
"gene-AM1_RS20130",655.588067904247,0.100563675774126,0.367136276735367,0.273913753956306,0.784150901555162,0.997177134360943
"gene-AM1_RS20135",68.3449378757234,0.209594385952523,0.39930413226839,0.524899115773853,0.599653324131811,0.997177134360943
"gene-AM1_RS20140",327.726670726747,-0.52180526436926,0.38071195313024,-1.37060383862114,0.170498485704202,0.708049120301473
"gene-AM1_RS20150",1689.30095952508,-2.38664110328453,1.41586533613502,-1.68564131232953,NA,NA
"gene-AM1_RS20155",421.005520896688,0.078040420603263,0.417452071232037,0.186944624260553,0.851704050806531,0.997177134360943
"gene-AM1_RS20160",8449.77709041994,-0.76107338250295,0.371397243494902,-2.04921656214015,0.0404409432576817,0.271083583115419
"gene-AM1_RS20165",4612.23738742093,-0.760338398832822,0.364126038116346,-2.08811872604913,0.0367871262521424,0.253835493951328
"gene-AM1_RS20170",73.0085231025617,-0.392870793294248,0.438409425148815,-0.896127616692756,0.370184608903049,0.941413609128933
"gene-AM1_RS20175",256.734064157606,-0.570766511136384,0.377305948400204,-1.51274188375896,0.130345236145284,0.600333246299935
"gene-AM1_RS20180",129.03162346148,0.0302916605199049,0.445732193117677,0.0679593284658882,0.945818010579364,0.997177134360943
"gene-AM1_RS20185",441.907013458159,0.0475653559208507,0.399289271132524,0.119125053838634,0.905176281978863,0.997177134360943
"gene-AM1_RS20190",561.932220961997,-0.781404003722378,0.341407450278811,-2.28877255925213,0.0220925706327865,0.17182460232546
"gene-AM1_RS20195",428.062083442524,-0.120661574573865,0.464626467720851,-0.259695869599834,0.79509837894314,0.997177134360943
"gene-AM1_RS20200",136.766842020427,-0.0360002616621736,0.403488676650453,-0.0892224831710979,0.928905097647147,0.997177134360943
"gene-AM1_RS20205",153.749680122169,-0.278717597388206,0.369616424927312,-0.754072542752984,0.450805663483248,0.982825588333525
"gene-AM1_RS20210",110.973891697023,-0.00189009049519811,0.392640993414547,-0.00481378798163995,0.996159167724126,0.999709482207881
"gene-AM1_RS20220",307.027518108805,-0.0468510486870423,0.344022533837835,-0.136185988064163,0.891674251869305,0.997177134360943
"gene-AM1_RS20225",72.7677403005797,0.313265988508592,0.404187694230975,0.775050782049725,0.438309652925189,0.97601603412086
"gene-AM1_RS20230",177.381447890875,1.34826045996687,0.510872454695961,2.63913320746422,0.00831183139076085,0.0806728494653681
"gene-AM1_RS20235",59.3532936063579,1.03652883093969,0.505728212177016,2.0495768398558,0.0404057424012753,0.271083583115419
"gene-AM1_RS20240",147.748134993531,1.39889114050827,0.554242708603977,2.52396850475812,0.0116038324219809,0.103710356136791
"gene-AM1_RS20245",271.800066735422,1.39424865543176,0.52477352145995,2.65685786042116,0.00788726901295293,0.0771900727400993
"gene-AM1_RS20250",117.4577090845,1.50061909323951,0.508258187692237,2.95247401729644,0.00315238598666421,0.0352586866927471
"gene-AM1_RS20255",137.178854935944,1.44482131190767,0.498399309458658,2.89892318164924,0.00374446622776257,0.0409450757717352
"gene-AM1_RS20260",385.455899854491,1.21221603265431,0.452226334597765,2.68055161743848,0.00735009277824715,0.0725373862081803
"gene-AM1_RS20265",241.961954656284,-0.137162177158678,0.375069429792643,-0.365698098174804,0.714590365414405,0.997177134360943
"gene-AM1_RS20270",152.907252294119,0.361901972803064,0.45754461406171,0.790965430868897,0.428964164444611,0.971298466877678
"gene-AM1_RS20275",132.58174485064,1.21489254350936,0.419687600481167,2.89475443667265,0.00379455248987639,0.0414156360976844
"gene-AM1_RS20280",29.3675296823994,0.992908434457237,0.516029877339305,1.92412974143428,0.054338322960166,0.339802590438866
"gene-AM1_RS20285",68.1524249059881,1.99643959357498,0.477062071048531,4.18486338515032,2.85337653521179e-05,0.000634660114195591
"gene-AM1_RS20295",89.8337895037302,0.376413243528271,0.407154235537495,0.924497919151837,0.355227134374479,0.933361859876468
"gene-AM1_RS20300",197.702597082731,1.03023582647416,0.377370527350993,2.73003785882816,0.00633270526388285,0.0638928613565637
"gene-AM1_RS20305",196.530408184115,-0.0480494991156507,0.359738865867488,-0.133567717237842,0.89374441330843,0.997177134360943
"gene-AM1_RS20315",142.300263296996,-0.18186200709162,0.341890445893813,-0.531930649937215,0.594774028209696,0.997177134360943
"gene-AM1_RS20320",223.956933386515,-0.0113976423794749,0.38413525002803,-0.0296709098648021,0.976329512268022,0.999174515952571
"gene-AM1_RS20325",71.8104556441019,0.127263034457152,0.50486689679558,0.252072447738004,0.800985065969955,0.997177134360943
"gene-AM1_RS20330",24.6868897181772,-0.473682630654216,0.472669673267926,-1.00214305559163,0.316274505729547,0.904169375678628
"gene-AM1_RS20335",63.8765268901873,-0.0142781478623923,0.406877590444228,-0.0350919986691905,0.97200638162131,0.999088916092384
"gene-AM1_RS20340",24.2312872714219,-0.154328589704072,0.487572134186147,-0.316524630681932,0.751604332872249,0.997177134360943
"gene-AM1_RS20345",26.0895132997489,-0.21936439859895,0.518738551340678,-0.422880462676243,0.672382477954992,0.997177134360943
"gene-AM1_RS20350",41.8111907383267,-0.034076987651609,0.497051416433844,-0.0685582749086573,0.945341232479348,0.997177134360943
"gene-AM1_RS20360",12.0319432802536,-0.195133874664042,0.590194072049141,-0.330626625893652,0.740926531727775,NA
"gene-AM1_RS20365",227.480420508099,1.22193592694992,0.364241646578104,3.35473974058015,0.000794396846452776,0.0109243519493459
"gene-AM1_RS20370",209.371173336453,0.360649181607516,0.521193674524416,0.691967687322001,0.488957621411875,0.988029326430846
"gene-AM1_RS20375",47.7418865930662,0.564897767383389,0.447357105072311,1.26274459705313,0.206680981149378,0.764251083947825
"gene-AM1_RS20380",280.458437655235,1.08994744274266,0.431796751693655,2.52421408560281,0.0115957287569932,0.103710356136791
"gene-AM1_RS20385",111.216390362419,0.561538016223579,0.417901066415733,1.3437104170128,0.179042047460036,0.724558857812082
"gene-AM1_RS20390",28.4699447921873,0.343526928257164,0.470598204861568,0.729979257694398,0.465402863532063,0.982825588333525
"gene-AM1_RS20395",1744.18601460374,0.73092820739187,0.399164072994195,1.83114728214154,0.0670785628487463,0.390684516885369
"gene-AM1_RS20400",177.065167210061,0.506117563478894,0.408451712535248,1.23911235513603,0.215303892113601,0.783034302490266
"gene-AM1_RS20405",30.9336153225602,0.0744262797468647,0.450153442552684,0.165335356150596,0.868680031561542,0.997177134360943
"gene-AM1_RS20410",53.0929016451544,0.0699865363493081,0.521327071298844,0.134246886843881,0.893207351101137,0.997177134360943
"gene-AM1_RS20415",89.0601601610633,1.01530018893658,0.436201308308543,2.32759546933412,0.0199335942555621,0.159686310325595
"gene-AM1_RS20420",81.9004860540059,-0.134564231365823,0.434484807790265,-0.309709865461579,0.756781599871107,0.997177134360943
"gene-AM1_RS20425",347.854869998665,-0.537544876789036,0.41762087511771,-1.28715997886247,0.19803853337326,0.756342655479871
"gene-AM1_RS20430",34.5763032329433,-0.155535994357495,0.476468335069247,-0.326435112072852,0.744095175584249,0.997177134360943
"gene-AM1_RS20435",29.4364501421717,-0.685757027505219,0.48458221428303,-1.41515104618489,0.157024214182149,0.675684095759008
"gene-AM1_RS20440",30.9741325950155,-0.378853488364463,0.48446586809315,-0.78200243467228,0.434213142756085,0.972183285066938
"gene-AM1_RS20445",344.848713226808,-0.460665571927825,0.481379931735072,-0.956968792337094,0.338583006934109,0.923856019292814
"gene-AM1_RS20450",10.2111104336449,-0.354849706063002,0.742726566354728,-0.477766276497406,0.632816566234392,NA
"gene-AM1_RS20455",22.1718881927823,0.245671307159419,0.524306732538335,0.468564090279838,0.639381250097784,0.997177134360943
"gene-AM1_RS20460",48.0857866420358,0.57015814419411,0.490717403578313,1.16188694355757,0.245281391305132,0.836406695553854
"gene-AM1_RS20465",19.6469430478346,-0.065493900645951,0.556169103043461,-0.11775896986646,0.906258640577885,0.997177134360943
"gene-AM1_RS20470",58.6031625587695,-0.208500687755375,0.408801222590179,-0.510029511248296,0.610030786849419,0.997177134360943
"gene-AM1_RS20475",49.3402331039176,-0.1057779499941,0.48292950806594,-0.219033933995305,0.82662361401251,0.997177134360943
"gene-AM1_RS20480",355.633536935906,0.560746159375913,0.446450207675455,1.25601052420955,0.20911215443035,0.770813917649098
"gene-AM1_RS20485",87.5773076344804,-0.215726343811154,0.400779462899703,-0.538266961710911,0.590392756848021,0.997177134360943
"gene-AM1_RS20490",122.149951272463,-0.267494690547322,0.357790776101137,-0.747628805477392,0.454684084899389,0.982825588333525
"gene-AM1_RS20495",616.655492041021,-0.180930860567058,0.390778394314427,-0.463001187372394,0.643363516010272,0.997177134360943
"gene-AM1_RS20500",63.7150152217554,0.746158272442742,0.393585309182601,1.89579807740377,0.0579867502122017,0.355402685960036
"gene-AM1_RS20505",348.032991252729,0.310360213277824,0.341801708721914,0.908012468510887,0.363871634132492,0.938932567974885
"gene-AM1_RS20510",72.9691105190094,0.12289318004543,0.393694558985359,0.3121536156409,0.754923781339272,0.997177134360943
"gene-AM1_RS20515",31.3804994861803,0.189970677138047,0.454622068984706,0.417865057810113,0.676045781341196,0.997177134360943
"gene-AM1_RS20520",177.402535995309,0.0815012408430122,0.381783928095885,0.21347478205668,0.830956656784049,0.997177134360943
"gene-AM1_RS20525",303.613703947936,0.201044666557629,0.340957869274447,0.58964665336937,0.555427567105946,0.99354618231587
"gene-AM1_RS20530",375.603781874314,-0.195199940113776,0.329485097939054,-0.592439358668303,0.553556416973941,0.99354618231587
"gene-AM1_RS20535",313.720174127484,0.0728312616451221,0.384169294644542,0.189581162941484,0.849637349301265,0.997177134360943
"gene-AM1_RS20540",270.509098463882,0.0384498726924671,0.348849341438056,0.110219135097019,0.912235587116549,0.997177134360943
"gene-AM1_RS42890",37.3013961134179,-0.371396041857877,0.513836445240359,-0.722790384563221,0.469808675663562,0.982825588333525
"gene-AM1_RS20550",129.70671861697,1.12896007364743,0.419613481988957,2.69047616939329,0.00713501307615355,0.0707716161877933
"gene-AM1_RS20555",116.707006627082,1.269410236473,0.540538477222266,2.34841790171216,0.0188533549623068,0.153121577231903
"gene-AM1_RS20560",215.690569932681,1.67186435295385,0.540399697353741,3.09375516148646,0.00197640517144932,0.0242791865413189
"gene-AM1_RS20565",847.299758571476,-0.133478239521477,0.550796991289265,-0.242336544375525,0.808519399193787,0.997177134360943
"gene-AM1_RS42240",202.005216367856,-0.398249833207523,0.48361581148797,-0.823483897232812,0.410232870624908,0.959469112980649
"gene-AM1_RS20570",138.655860735283,-0.459345998385449,0.361161124192398,-1.27185892283563,0.203423248955771,0.761799309864981
"gene-AM1_RS20575",74.3169347937905,-0.000198333054112164,0.379656688873133,-0.000522401053174753,0.999583184284083,0.999967049861105
"gene-AM1_RS20580",104.335255317574,-0.351419027661676,0.478198318767312,-0.734881353342177,0.462411755482459,0.982825588333525
"gene-AM1_RS20585",507.132567362247,0.596045193499496,0.347092914130485,1.71724967360014,0.0859335630255808,0.463362609812865
"gene-AM1_RS20590",8.29010265427745,0.110951416610013,0.684188743263462,0.162164925544951,0.871175979523863,NA
"gene-AM1_RS20595",89.1154340823219,0.792851991438371,0.394265368992348,2.01096026634224,0.0443296537877397,0.291493535320949
"gene-AM1_RS20600",360.154996746544,-0.440055806558975,0.522388501613607,-0.842391831366283,0.399568663853473,0.953847172404751
"gene-AM1_RS20605",228.25496269966,0.595439300012959,0.374539197705059,1.58979167911246,0.11188177009698,0.551348146288306
"gene-AM1_RS20610",206.689377531738,1.0001219319792,0.431742055577437,2.31648022021292,0.0205320631904665,0.162924696019486
"gene-AM1_RS20615",209.461139406646,-0.117188602493544,0.361730817002285,-0.323966322429211,0.745963531163722,0.997177134360943
"gene-AM1_RS37685",23.1921758483214,0.215410048486112,0.580713909604243,0.370940053137205,0.71068218186693,0.997177134360943
"gene-AM1_RS20625",74.1218372594482,0.787569615658722,0.421285002554156,1.8694461252688,0.0615607724143311,0.370373827476385
"gene-AM1_RS42245",8.04452694174153,-0.232225940138909,0.676216523277448,-0.343419499738589,0.731282891875093,NA
"gene-AM1_RS20635",166.140281872627,-0.0495077337143962,0.580437779326383,-0.0852937825167953,0.932027834354569,0.997177134360943
"gene-AM1_RS20640",3511.14914831088,-0.305337910869368,0.459482224283589,-0.664526057227659,0.506353677196061,0.989201002062665
"gene-AM1_RS20645",93.1035809680002,0.775931048980869,0.384611789870393,2.01743958302044,0.0436496600021187,0.287343950148477
"gene-AM1_RS20650",225.929760168718,2.18779531763317,0.45987524424158,4.75736701426764,1.96134382982944e-06,6.39833942708802e-05
"gene-AM1_RS42250",1327.31326593799,2.8136027626652,0.648198098952767,4.34065259865908,1.42060171231472e-05,0.000350494674567732
"gene-AM1_RS20655",234.848911212499,-0.192479868784911,0.516953886028047,-0.372334697517812,0.709643667844718,0.997177134360943
"gene-AM1_RS20660",1350.08807842028,-0.0332176797246742,0.349068641544819,-0.0951608817614434,0.924187040767609,0.997177134360943
"gene-AM1_RS42255",33.2615458489331,-0.327957996424348,0.458143264701518,-0.71584157553427,0.474089177349269,0.983875589834479
"gene-AM1_RS20665",57.8360098094322,0.205886917307191,0.449325418931564,0.458213376391576,0.646799150665754,0.997177134360943
"gene-AM1_RS20670",499.646159653735,0.0220125037661731,0.380151318478748,0.0579045835070639,0.953824632139783,0.998338158331194
"gene-AM1_RS20675",1273.74788649442,-2.1113642915719,0.416927640429937,-5.06410246486574,4.1032891810833e-07,1.60630093808808e-05
"gene-AM1_RS20680",634.695444549087,-0.379454059604713,0.346853714881055,-1.09398874316464,0.273959915282359,0.865819495445648
"gene-AM1_RS20685",211.753836071044,0.876729778164514,0.406133077413908,2.15872537087394,0.0308714792725309,0.219464075409566
"gene-AM1_RS20690",1805.80103069951,1.30290061919337,0.368537407444033,3.53532800979295,0.000407269270515011,0.00614777675183584
"gene-AM1_RS20695",24.3851894685528,0.610220697113217,0.47780603663194,1.27713057251154,0.201556152952429,0.761607290950234
"gene-AM1_RS20700",571.48711856535,0.125672194354755,0.375061532496625,0.335070870953385,0.737571625617197,0.997177134360943
"gene-AM1_RS20705",92.2041807676931,-0.253144972034556,0.384288881960268,-0.658736132940554,0.510065225878091,0.989201002062665
"gene-AM1_RS20710",61.2834062815886,0.79057430921797,0.533464901834813,1.48196124337112,0.138350607674687,0.622524726640433
"gene-AM1_RS20720",26.0848606486941,1.06354296908713,0.700351202518567,1.51858519734452,0.128866939455758,0.597242832268516
"gene-AM1_RS20735",1271.86880829773,-1.24854992017291,0.320464745407559,-3.89606013786332,9.77701222775815e-05,0.00186398103251285
"gene-AM1_RS20740",956.046762799872,-1.28588568965861,0.431873075274304,-2.97746204447193,0.00290645629379565,0.0330750220100156
"gene-AM1_RS20745",212.836332935165,-0.00158048603260575,0.386347712571796,-0.00409083833338872,0.99673599235689,0.999709482207881
"gene-AM1_RS20750",412.781559320365,-0.492801530062694,0.371606302679538,-1.32613878319408,0.184793731859217,0.731253919654119
"gene-AM1_RS20755",13.5824339853326,-0.387972170859925,0.583127693825112,-0.665329695310754,0.505839641292422,NA
"gene-AM1_RS20760",235.176072463099,-0.249258663127828,0.413691187386341,-0.602523502380168,0.546825723681088,0.99354618231587
"gene-AM1_RS20765",252.18291014315,-0.438972991307519,0.389522170524903,-1.12695251907222,0.259762556461631,0.854151227581448
"gene-AM1_RS20770",71.7308684920891,-1.21085599746884,0.526425868120338,-2.30014532111108,0.0214399883859293,0.168309641446761
"gene-AM1_RS20775",53.3707428248269,-1.38778758862279,0.455744227598904,-3.04510184568737,0.00232601529054781,0.0278139535046122
"gene-AM1_RS20780",33.0813576909894,-3.83642733726289,0.709459801131646,-5.40753307113874,6.38987468982073e-08,3.03281000968377e-06
"gene-AM1_RS20785",21.3174965870009,-1.53576099959412,0.612284672030889,-2.50824668613727,0.0121331928718325,0.107137005328421
"gene-AM1_RS20795",115.508829886942,-1.5268555684051,0.674036773308532,-2.26524075372102,0.0234979095170817,0.179661099849354
"gene-AM1_RS20800",1027.39415460449,-1.21954715377395,0.592602897553785,-2.05795003502031,0.0395949299672052,0.267550550940654
"gene-AM1_RS20805",772.042038042352,-0.23201894402697,0.38907354142722,-0.596336988569992,0.550950125711839,0.99354618231587
"gene-AM1_RS41120",333.929982584515,-0.205304645564707,0.407231196047892,-0.504147637895016,0.614157633010819,0.997177134360943
"gene-AM1_RS20815",33.8448714608794,-0.123180132163712,0.458492784201027,-0.268663186004915,0.788188883781204,0.997177134360943
"gene-AM1_RS20820",10.3600075940499,0.551656750838704,0.640354750989845,0.861486152770735,0.388970344458643,NA
"gene-AM1_RS20830",15.1971531637403,-0.468465304211579,0.541790793820978,-0.864660879354795,0.387224947337169,NA
"gene-AM1_RS20835",74.8474434716012,-0.131868621100768,0.48625777191512,-0.271190773118967,0.786244309156471,0.997177134360943
"gene-AM1_RS20840",94.4680771027323,0.023531623726061,0.392594093006907,0.0599388124916261,0.952204367551476,0.997889813204431
"gene-AM1_RS20845",64.4248428693825,-0.221545500455672,0.400524260553732,-0.553138779032714,0.580168384338231,0.997177134360943
"gene-AM1_RS20850",169.492460024812,0.0304835147034591,0.357956183568451,0.0851599053257585,0.932134265657495,0.997177134360943
"gene-AM1_RS20855",3827.34080891918,0.708207488139944,1.31333810190021,0.539242322380862,NA,NA
"gene-AM1_RS20860",2105.90448879959,1.1418647049597,0.792763565383144,1.44035971734881,NA,NA
"gene-AM1_RS20865",225.275882597929,0.577037188525618,0.73312760312651,0.787089704527253,0.431229355820597,0.971416527865743
"gene-AM1_RS20870",173.15106677292,-0.202882963819255,0.548111910332064,-0.370148796249185,0.711271625866027,0.997177134360943
"gene-AM1_RS20875",544.342708630674,-0.906138518677683,0.509072056291664,-1.77998086415988,0.075079092436847,0.425134455920121
"gene-AM1_RS20880",116.238155538781,-0.169985933356358,0.376060686097256,-0.452017293061035,0.651256524501971,0.997177134360943
"gene-AM1_RS20885",37.7994333381526,-0.35733051949016,0.491619095047195,-0.726844264370685,0.467321363574464,0.982825588333525
"gene-AM1_RS20890",30.7583580849113,-0.484181828714799,0.505020492807704,-0.958736993073191,0.337691257374987,0.922746038451726
"gene-AM1_RS20895",80.9423981090015,-0.260343862649165,0.56590865222332,-0.460045736403457,0.645483392143747,0.997177134360943
"gene-AM1_RS20900",106.649729566285,-0.413556759265672,0.466883787477439,-0.885780938121901,0.375735583539658,0.943274624431326
"gene-AM1_RS20905",193.57500926698,0.0237806412592772,0.387987354062389,0.0612923102010516,0.951126414860176,0.997889813204431
"gene-AM1_RS20910",109.523530187746,0.384170792937614,0.368457596119467,1.04264587562758,0.297112333857736,0.894285546343303
"gene-AM1_RS20915",49.7899077069853,0.886049581632674,0.4552462972284,1.94630815676495,0.0516177343747061,0.325946367013719
"gene-AM1_RS20920",200.271071602022,1.22734093790545,0.37055285459568,3.3121885924874,0.000925691198477451,0.0126410667847897
"gene-AM1_RS20925",309.405176790518,1.10895970609682,0.381588624903018,2.90616552413916,0.00365887840675688,0.040158755148554
"gene-AM1_RS20930",688.108584032771,1.16763942014903,0.429032293650459,2.72156534002154,0.00649735391604277,0.0652178840940225
"gene-AM1_RS20935",297.992170173484,-0.0210872945721918,0.425108225592576,-0.0496045319819379,0.960437535080824,0.998854654019967
"gene-AM1_RS20940",923.692336950351,0.115565283347147,0.330454375478672,0.349716305555789,0.726551615419687,0.997177134360943
"gene-AM1_RS20945",1501.79531131294,0.0558952734548981,0.321736092426887,0.173730193069962,0.862077507701641,0.997177134360943
"gene-AM1_RS20950",1437.14068900889,0.18752786817353,0.33361958987948,0.562100889343081,0.574047282455323,0.99593231790249
"gene-AM1_RS20955",1888.6552593518,0.0758521693638929,0.338124375398846,0.224332153736089,0.822498858635842,0.997177134360943
"gene-AM1_RS20960",1924.04969089285,0.136110616698256,0.349067510268685,0.389926340017977,0.696591015979489,0.997177134360943
"gene-AM1_RS20965",785.992944628269,-0.0164887345578642,0.389082808774844,-0.0423784710760788,0.966196990520917,0.999088916092384
"gene-AM1_RS20970",1316.29973516501,-0.0815838090984046,0.380176865740825,-0.214594354497157,0.830083595859353,0.997177134360943
"gene-AM1_RS20975",139.758780449132,-0.0249314534277309,0.400564777542881,-0.0622407531202914,0.95037110908663,0.997889813204431
"gene-AM1_RS20980",284.963911143068,0.366281543236797,0.360460238552498,1.01614964443145,0.309558131431324,0.89847150485718
"gene-AM1_RS41125",26.5193215076418,0.23459654034799,0.531914362951132,0.441041935860535,0.659182637774209,0.997177134360943
"gene-AM1_RS20985",124.810384252437,0.304471103492616,0.483008503747381,0.630363857220737,0.528456552128048,0.99354618231587
"gene-AM1_RS20990",2868.93334733496,-0.470791604262106,0.391413474812165,-1.20279866319889,0.229054242243999,0.806842537766502
"gene-AM1_RS20995",158.116775567966,-0.0919176846005112,0.416871390216778,-0.220494106234331,0.825486361983917,0.997177134360943
"gene-AM1_RS21000",249.434453317216,-0.143187557491129,0.374492748793541,-0.382350680894141,0.702201267195989,0.997177134360943
"gene-AM1_RS21005",250.587159289202,-0.263028135145798,0.346082766649582,-0.760015119192922,0.447245547507998,0.979391811661579
"gene-AM1_RS21010",829.514210479441,-0.138510309170496,0.330236569758676,-0.419427531214106,0.674903706910848,0.997177134360943
"gene-AM1_RS21015",231.646617259628,-0.310486205092949,0.410105785072778,-0.75708808896185,0.448997089544688,0.981044016184048
"gene-AM1_RS21020",138.182817045759,-0.259544785700979,0.368996026990356,-0.703380976261195,0.481818358781774,0.986441366799053
"gene-AM1_RS21025",1561.11172973205,0.140675541016942,0.502060696363567,0.280196283110502,0.779326918155015,0.997177134360943
"gene-AM1_RS21030",180.665444501959,-0.208331484013181,0.46670570370028,-0.446387267953707,0.655317528163895,0.997177134360943
"gene-AM1_RS21035",224.932273326097,0.54573490654597,0.425154346454577,1.28361596464186,0.199276360982353,0.758360850089679
"gene-AM1_RS21040",648.534507433108,-0.251466465837919,0.446000141705568,-0.563825977445377,0.572872570736324,0.99593231790249
"gene-AM1_RS21045",653.954179469716,0.0510657911813413,0.382163969307946,0.133622725537981,0.893700912962473,0.997177134360943
"gene-AM1_RS44280",206.065340818329,-0.439941497051367,0.350479484711681,-1.25525605988973,0.209385820644225,0.77133848106831
"gene-AM1_RS21055",739.313591156274,-0.25108976480812,0.400260785186644,-0.627315425594429,0.530452493896702,0.99354618231587
"gene-AM1_RS21060",831.594533280831,0.221027545478105,0.350755033146282,0.630147894088595,0.528597826672417,0.99354618231587
"gene-AM1_RS21065",1713.45379010563,0.618851993265181,0.371938163659614,1.66385720458505,0.0961409689860681,0.499592716713444
"gene-AM1_RS21070",206.122921111442,-0.25626695892303,0.345433325440289,-0.741870977840347,0.458165511278389,0.982825588333525
"gene-AM1_RS21075",1687.53081465617,-0.239355035228357,0.371493055520478,-0.644305543997344,0.51937732129865,0.991822910981087
"gene-AM1_RS21080",515.841052761257,-0.0189690644246891,0.396765977435905,-0.0478092011499484,0.961868303486273,0.998905865242881
"gene-AM1_RS21085",1655.29190082777,-0.221022380818248,0.342572439980849,-0.645184361096312,0.518807719567612,0.991747974838319
"gene-AM1_RS21090",1859.47401083604,0.856738962071808,0.445767869021887,1.92193969464799,0.0546133463393704,0.340796567167676
"gene-AM1_RS21095",297.697923457178,0.626010341513664,0.339418554359211,1.84436099168329,0.0651305482471655,0.382829408716072
"gene-AM1_RS21100",354.545780241354,0.0908777736066121,0.336373693836266,0.270169086560163,0.787030174001405,0.997177134360943
"gene-AM1_RS21105",60.3459871712579,-0.226015494096835,0.409413946765843,-0.552046396763568,0.580916565757042,0.997177134360943
"gene-AM1_RS21110",128.61503706578,-0.482132370812062,0.432214579828119,-1.11549307523081,0.264639184247784,0.857121505737998
"gene-AM1_RS21115",169.913005519867,-1.33093970284766,0.395037418617522,-3.36914844043238,0.000754008099995175,0.0103932759698865
"gene-AM1_RS21120",477.717240371211,-3.71957727100084,0.51286503466051,-7.25254602989849,4.0900917580638e-13,6.00425470083766e-11
"gene-AM1_RS21125",4101.14324728045,-4.14941768758556,0.438973382294445,-9.45254964184209,3.30676041204446e-21,1.94172971395251e-18
"gene-AM1_RS21130",663.246819021023,-0.346207060483221,0.362019826859312,-0.956320717256638,0.338910226240213,0.923856019292814
"gene-AM1_RS42260",15.892644317911,-0.555362186634999,0.533374329785411,-1.04122406276739,0.297771570401114,NA
"gene-AM1_RS21135",142.367300876328,-0.293649064136863,0.456788169264373,-0.64285610682467,0.52031747282446,0.991984531728213
"gene-AM1_RS21140",544.571930638006,-0.10062774128409,0.323384127064523,-0.311170935313135,0.75567067721886,0.997177134360943
"gene-AM1_RS21145",5195.31010679004,-0.248680997133841,0.343651861592126,-0.723642223213085,0.469285412325067,0.982825588333525
"gene-AM1_RS21150",8211.20237468964,-0.231207669076643,0.365634957883601,-0.632345633510916,0.527161050859152,0.992932346260411
"gene-AM1_RS21155",487.92333197513,-0.162687243738369,0.350708576923023,-0.46388156561702,0.642732600909841,0.997177134360943
"gene-AM1_RS21160",238.05844454871,-0.142147747015328,0.433277131233562,-0.328075812842063,0.742854341344719,0.997177134360943
"gene-AM1_RS21165",729.021818216326,-0.501774031388121,0.344440076675835,-1.45678178982743,0.145176624148051,0.639997850598616
"gene-AM1_RS21170",104.302954953843,-0.122702826202454,0.377777135057497,-0.324802151363075,0.745330816202617,0.997177134360943
"gene-AM1_RS21175",88.6899218351629,-0.124054689816412,0.401447240405209,-0.309018663800491,0.757307329530936,0.997177134360943
"gene-AM1_RS21180",126.432925526736,-0.369770723101628,0.409529251930174,-0.902916510502833,0.366570207253514,0.940861343347646
"gene-AM1_RS21185",186.336297505291,-0.173366792736605,0.398010092521382,-0.435583911046909,0.663138646042015,0.997177134360943
"gene-AM1_RS21190",37.4768912517923,0.855908487385509,0.428130588276142,1.9991762112392,0.0455892915088971,0.294824140683088
"gene-AM1_RS21195",220.643565253509,0.209674111627563,0.348859381247684,0.601027585606758,0.547821613083283,0.99354618231587
"gene-AM1_RS21200",106.243985251673,0.181797535981014,0.413722794038738,0.43941870885652,0.660358172742517,0.997177134360943
"gene-AM1_RS21205",159.645615981471,0.192387180026893,0.350626855591275,0.548694935824193,0.583214822133007,0.997177134360943
"gene-AM1_RS21210",141.257717974267,-0.0397679496111658,0.388291030106081,-0.102417894125191,0.918424980899102,0.997177134360943
"gene-AM1_RS21215",41.6065579892345,-0.425748572340584,0.464057479920214,-0.917447925661673,0.358907968770419,0.934960229293754
"gene-AM1_RS21220",27.7961515795362,-0.040617486106655,0.473736921330192,-0.0857384853867972,0.931674307840882,0.997177134360943
"gene-AM1_RS39920",59.0453212491824,-0.247466749546831,0.400401843174906,-0.618045979970005,0.536545029809903,0.99354618231587
"gene-AM1_RS21235",25.7223180744625,-0.315297221057498,0.454576510208917,-0.693606497424586,0.487929017926543,0.988029326430846
"gene-AM1_RS21240",91.1591548095882,-0.220174184257342,0.363688720287472,-0.6053918419117,0.544918670341551,0.99354618231587
"gene-AM1_RS21245",106.743242175065,-0.110909921055604,0.39203412141815,-0.282908846440195,0.7772467130279,0.997177134360943
"gene-AM1_RS21250",38.4551908091329,-0.491766210256098,0.513646563786045,-0.957401927565389,0.338364425918895,0.923698702461996
"gene-AM1_RS21255",29.8590001633713,-0.364044473778024,0.492204944170001,-0.739619701285014,0.459530783906524,0.982825588333525
"gene-AM1_RS21260",98.8673413571324,-0.548128710925334,0.434572636806689,-1.2613051639723,0.207198921415993,0.765386997572113
"gene-AM1_RS21265",230.430567497799,-0.425632357967551,0.37955184931685,-1.12140767785387,0.262114369470091,0.856577511684301
"gene-AM1_RS21270",76.8655659958556,-0.487332050469146,0.403260568586151,-1.20847930204967,0.22686295253408,0.803563775881306
"gene-AM1_RS21275",13.0077552518977,-0.899551726542613,0.561065220092232,-1.60329261969711,0.10887006513882,NA
"gene-AM1_RS21280",40.4209580508827,-0.675125496571228,0.456137998335612,-1.48009045296527,0.13884910904456,0.623811758461865
"gene-AM1_RS21285",2730.11357689076,-0.517368148707335,0.75871971142919,-0.681896279896005,0.495304537893107,0.989035047236538
"gene-AM1_RS21290",4355.28916438384,-0.74376014560128,0.686375440315276,-1.08360541755347,0.278539787750304,0.870792177529596
"gene-AM1_RS21295",1241.85654095423,-0.78111664888926,0.616185241307941,-1.26766530018023,0.204917501545818,0.76270920401304
"gene-AM1_RS21300",5447.12838561047,-0.543197929296598,0.658578359814068,-0.824803793203827,0.409482992803927,0.959469112980649
"gene-AM1_RS21305",1398.85995979323,-0.506926310075716,0.692205450630501,-0.732335045345248,0.463964093966254,0.982825588333525
"gene-AM1_RS21310",1736.45563285249,-0.643903967095026,0.663723778862923,-0.97013846362134,0.33197747883536,0.917466566242291
"gene-AM1_RS21315",5048.46276807089,-0.499979801508857,0.676461097227571,-0.73911094600708,0.459839630660663,0.982825588333525
"gene-AM1_RS21320",2438.58054082883,-0.615705612408458,0.664007477851964,-0.927257045960143,0.353793090551607,0.932960986796839
"gene-AM1_RS21325",713.956953852358,-0.513147747786042,0.615728166114691,-0.833399828083322,0.404619271646686,0.957198044947986
"gene-AM1_RS21330",996.943154040794,-0.561656910743357,0.602816940121379,-0.931720516398007,0.35148098078687,0.931803238918675
"gene-AM1_RS21335",1709.23648468895,-0.526410718865638,0.64195092229756,-0.820017076977785,0.412206372120664,0.960506276624023
"gene-AM1_RS21340",1564.80754563776,-0.546435731624861,0.625755449936597,-0.87324166602181,0.382531368666743,0.946383626596995
"gene-AM1_RS21345",2931.13399617594,-0.525454308869804,0.698887945498887,-0.75184342819752,0.452145222060919,0.982825588333525
"gene-AM1_RS21350",1773.74607969206,-0.431130667862268,0.641513681004326,-0.672052180067787,0.501550478060985,0.989201002062665
"gene-AM1_RS21355",2109.0549593739,-0.45098524923788,0.652943499504919,-0.690695672106131,0.489756809699786,0.988029326430846
"gene-AM1_RS21360",1270.29654084009,-0.635212172549992,0.638654483185135,-0.994610057980058,0.319925953786653,0.907311677187678
"gene-AM1_RS21365",4155.61609605575,-0.519247882651478,0.695873575389424,-0.746181348186554,0.45555787371385,0.982825588333525
"gene-AM1_RS21370",1515.15879608914,-0.499573276160748,0.629244912416392,-0.793925014414997,0.42723908628274,0.971298466877678
"gene-AM1_RS21375",7081.94507712651,-0.182701839582665,0.574030505055548,-0.318278972935393,0.750273332814958,0.997177134360943
"gene-AM1_RS21380",1384.37072224216,-0.215750738189259,0.68618820648087,-0.314419187260214,0.753202685218334,0.997177134360943
"gene-AM1_RS21385",440.637108632692,-0.338554958861352,0.657303697016555,-0.515066262974062,0.606506716837091,0.997177134360943
"gene-AM1_RS21390",265.630660020321,0.291898998975028,1.28616687093047,0.226952664986508,0.820460549600606,0.997177134360943
"gene-AM1_RS21395",97.5889021033159,0.891765248133229,0.363204642592362,2.45526940891582,0.0140779038781645,0.121032871994996
"gene-AM1_RS21400",68.808938741763,-0.0524272347228453,0.388776434597804,-0.134851884160834,0.892728982825465,0.997177134360943
"gene-AM1_RS21405",12.7755640097644,0.0596998650186973,0.552809050044654,0.107993646294095,0.914000732256724,NA
"gene-AM1_RS21410",19.1812602620589,0.18694336213292,0.666558300441114,0.280460631889521,0.779124125107939,0.997177134360943
"gene-AM1_RS21415",43.0720270700115,0.315320304097439,0.573090502540111,0.550210311809119,0.582175131635107,0.997177134360943
"gene-AM1_RS21420",17.6824874247601,0.128175183794526,0.573742977472558,0.223401747519701,0.823222844371381,0.997177134360943
"gene-AM1_RS21425",38.2530397097399,-0.107600226997572,0.448919297367542,-0.239687239173141,0.81057272828672,0.997177134360943
"gene-AM1_RS43270",116.02283528094,1.30382480546527,0.490957591219791,2.65567704580328,0.0079149373983879,0.0773319673932342
"gene-AM1_RS21435",920.228876484933,3.17971869582288,0.483799926329551,6.57238358828717,4.95160981336063e-11,4.61521473397676e-09
"gene-AM1_RS21440",21.0400206172562,0.0471377376315139,0.549652349890126,0.0857591851302675,0.931657852443637,0.997177134360943
"gene-AM1_RS21445",48.5759966779337,0.545858285310118,0.499816268680481,1.09211788313972,0.27478128999352,0.867015440538395
"gene-AM1_RS21450",12.3668767043542,0.0349882035171914,0.59243030520046,0.0590587672677421,0.952905300239147,NA
"gene-AM1_RS21455",283.700051408062,0.318161685708419,0.335723703165261,0.94768907500047,0.343287764295709,0.92637212865092
"gene-AM1_RS21460",112.460726900892,1.10857348560222,0.447260134895966,2.47858773700025,0.0131903666078742,0.11465077078729
"gene-AM1_RS21465",34.0309153881968,0.769199028487851,0.462645486016488,1.66261003670624,0.0963905207304926,0.500446629292177
"gene-AM1_RS21470",28.7859617943662,0.0368477455517461,0.523135176540786,0.0704363751552718,0.943846339945092,0.997177134360943
"gene-AM1_RS21475",34.5499481712481,0.157989636804174,0.451542169639433,0.349888996924323,0.726422004932121,0.997177134360943
"gene-AM1_RS21480",30.3612073268971,0.0423365405292253,0.528729949263586,0.0800721438008034,0.93617987761819,0.997177134360943
"gene-AM1_RS21485",36.2254993224967,0.0787169767571887,0.451510688977949,0.174341336049816,0.861597215174427,0.997177134360943
"gene-AM1_RS21490",44.2275890993093,-0.313366447928274,0.419757185438199,-0.746542188673054,0.45533995618236,0.982825588333525
"gene-AM1_RS21505",16.1602207894008,0.356883998040223,0.628632256189415,0.56771505840879,0.570228464892416,NA
"gene-AM1_RS21510",17.4333394550086,-0.473486616076114,0.526867285827745,-0.89868289190177,0.368821592167739,0.941245946653286
"gene-AM1_RS38770",530.314342748475,-0.177184670226102,0.327184933219023,-0.541542877548985,0.588133452072214,0.997177134360943
"gene-AM1_RS21530",52.5469882861457,-0.153777116172302,0.417497044371132,-0.368331029514075,0.712626418155688,0.997177134360943
"gene-AM1_RS21535",91.3982679126133,-0.140961459291665,0.359705933464908,-0.391879716672553,0.695147090522343,0.997177134360943
"gene-AM1_RS21540",82.2457949003412,0.156929970697762,0.365908446853907,0.428877693442312,0.668012234361893,0.997177134360943
"gene-AM1_RS21545",193.229457786063,-0.0407549744885447,0.49394092558663,-0.0825098151973172,0.934241313550615,0.997177134360943
"gene-AM1_RS21550",79.970473104351,-0.257161947247406,0.412282426301193,-0.623751901225923,0.532790532068371,0.99354618231587
"gene-AM1_RS21555",224.810507932401,-1.03279231392675,0.499582738648268,-2.06730984485413,0.0387049671845563,0.262985597507841
"gene-AM1_RS21560",330.570666428351,-2.51194761013134,0.795371122816364,-3.15820821007013,0.00158742135896978,0.0202198226027561
"gene-AM1_RS21565",170.621184497247,0.305882643565152,0.337742285560456,0.905668779547592,0.365111192072515,0.94048306334288
"gene-AM1_RS21575",1105.45717954913,2.37664240795437,0.544583986979213,4.36414302436161,1.27622063404264e-05,0.000321629509145854
"gene-AM1_RS21580",3381.78912026557,0.676220461005148,0.403587820564863,1.67552246759753,0.0938317666350626,0.490632354123854
"gene-AM1_RS21585",275.437931668356,0.222779383753128,0.357975927200145,0.622330628474277,0.533724485371321,0.99354618231587
"gene-AM1_RS21590",510.84370993984,0.438915149366727,0.341833011174175,1.28400457246385,0.1991403555384,0.758334739118991
"gene-AM1_RS21595",133.654219644572,-0.255692495658701,0.376535352836952,-0.67906637114476,0.497095809063288,0.989152769345463
"gene-AM1_RS21600",58.2212126571494,-0.139832938624623,0.395169948844586,-0.353855193274368,0.723447407762643,0.997177134360943
"gene-AM1_RS21605",306.937345922037,-0.0225908768234689,0.375955240290222,-0.0600892723453719,0.952084533953147,0.997889813204431
"gene-AM1_RS21610",129.082850860286,1.56917335342332,0.483314958473686,3.24668898802302,0.0011675590180394,0.0155462733649147
"gene-AM1_RS21615",125.937955598056,-0.178934570174552,0.388472916599021,-0.460610154605056,0.645078324855505,0.997177134360943
"gene-AM1_RS21620",235.955247039609,0.0541502743715494,0.364460647431581,0.148576464299112,0.881887845619414,0.997177134360943
"gene-AM1_RS21625",940.188796695326,0.228196470654733,0.53591975536823,0.425803431146028,0.670251086544851,0.997177134360943
"gene-AM1_RS21630",120.860450831262,0.126238580052701,0.455068982735999,0.277405371145536,0.781468857830698,0.997177134360943
"gene-AM1_RS21635",301.116427974448,0.549663770722122,0.358808207923047,1.53191526443566,0.125543346207481,0.58627760390589
"gene-AM1_RS42265",50.5927921962033,2.08812528896349,0.488615758351157,4.27355289565345,1.92382618459777e-05,0.000461090096161556
"gene-AM1_RS21645",238.035398700842,-0.0741472953400425,0.373190945519266,-0.198684604303227,0.842509467912317,0.997177134360943
"gene-AM1_RS21650",110.147703447389,-0.197569345893358,0.489056630380493,-0.403980507818995,0.686227052942045,0.997177134360943
"gene-AM1_RS44665",66.7271944819055,2.38971993513628,0.535604983117059,4.46172087725703,8.13040843673569e-06,0.000217998896532018
"gene-AM1_RS21655",27.3800472957457,-0.133838925345027,0.449200371506735,-0.297949275723207,0.765741878302472,0.997177134360943
"gene-AM1_RS21660",19.3201448057494,0.222554561321154,0.569465826296427,0.390812847837698,0.695935577558965,0.997177134360943
"gene-AM1_RS21670",26.9811559294192,-0.207683012344895,0.484398829548561,-0.428743836021335,0.66810965562771,0.997177134360943
"gene-AM1_RS21675",33.1797546285939,-0.281608540545443,0.484949653966747,-0.580696445995925,0.56144505743471,0.994977061149491
"gene-AM1_RS37700",19.8470108546512,-0.633900062833995,0.617454115428111,-1.02663509238169,0.304592323315683,0.896075211678202
"gene-AM1_RS42270",43.0752437349517,-0.350872460356623,0.416213711276933,-0.843010335435983,0.399222663479289,0.953847172404751
"gene-AM1_RS21690",17.8870705187896,-0.315626062240343,0.539440044193496,-0.585099429747059,0.55848086227857,0.99354618231587
"gene-AM1_RS21695",12.0476318711644,-0.220387379492938,0.660930845686141,-0.333449983355134,0.738794638551943,NA
"gene-AM1_RS21700",187.497708038491,0.00842415193992682,0.399492443135726,0.0210871371528416,0.983176145679917,0.99966258039135
"gene-AM1_RS21710",59.759059265179,0.124099435242862,0.500162887078399,0.248118040040443,0.804043078028064,0.997177134360943
"gene-AM1_RS21720",17.351636875309,0.410807975611559,0.521238235614302,0.788138604466351,0.430615636421676,NA
"gene-AM1_RS21725",21.5609524289884,-0.34699301896371,0.479200500280202,-0.724108215164245,0.468999301470713,0.982825588333525
"gene-AM1_RS21730",156.701556309767,0.262758027027956,0.35409312871293,0.74205909610005,0.458051531232764,0.982825588333525
"gene-AM1_RS21735",200.423891047264,0.246073565932442,0.404431090646212,0.608443741402913,0.542893208022756,0.99354618231587
"gene-AM1_RS21740",178.09199176366,0.311552014599378,0.381867130535864,0.815864968954478,0.414577369765544,0.961832601842463
"gene-AM1_RS21745",18.2909553810427,1.88269425476913,0.601859763698647,3.12812779375596,0.00175923672586991,0.0219325648711425
"gene-AM1_RS21750",118.006950601978,2.23275605740541,0.564104651055463,3.95805291310368,7.55632206678079e-05,0.00148397067478718
"gene-AM1_RS21755",102.172199095141,2.61042301639667,0.616510472884313,4.23419087137958,2.29376066534099e-05,0.000526131352612589
"gene-AM1_RS21760",1331.904009987,-1.85067894044497,0.526118201446138,-3.51761055853613,0.000435450913018461,0.00652819733150881
"gene-AM1_RS21765",1109.77410529931,-1.51637227691183,0.59639876718685,-2.54254763815894,0.0110047598758858,0.100185968978607
"gene-AM1_RS21770",699.80562098215,-1.7297797701091,0.463445787227657,-3.73243174882801,0.000189640090175738,0.00319073527080784
"gene-AM1_RS21775",115.512124011702,-0.695873713581867,0.468182997585175,-1.48632845953631,0.137192262508107,0.618734996503538
"gene-AM1_RS21780",903.759294134457,1.2288367482154,0.414223823081357,2.96660085620921,0.00301111584163859,0.034002446580965
"gene-AM1_RS21785",90.3506995334859,-1.0819275947342,0.417934835119541,-2.58874710557387,0.0096325807699017,0.090067697899463
"gene-AM1_RS21790",691.282746198492,0.122260411026169,0.402503481692715,0.303749946489922,0.761318402851209,0.997177134360943
"gene-AM1_RS21795",35.750554710178,0.0626602602460576,0.453245336928479,0.138247997587111,0.89004442266636,0.997177134360943
"gene-AM1_RS21800",17.2140217771114,0.0426171472272058,0.550263687053429,0.0774485909753804,0.938266686824876,NA
"gene-AM1_RS21805",33.6135385798333,-0.48489906209558,0.442783859390221,-1.09511458426546,0.273466440051916,0.865643192518048
"gene-AM1_RS21810",403.948605877423,-0.329463309343937,0.376989409095563,-0.873932533368389,0.382154996196843,0.946383626596995
"gene-AM1_RS21815",946.17804489101,0.33398457028723,0.665810740012276,0.5016208814551,0.615934227991231,0.997177134360943
"gene-AM1_RS21820",517.257412685567,-0.315541105210167,0.590145232267122,-0.534683816724187,0.59286851394602,0.997177134360943
"gene-AM1_RS38775",522.654514441238,-0.286788567393088,0.622181847792202,-0.460940106836532,0.644841576052972,0.997177134360943
"gene-AM1_RS21825",105.306451514491,-0.170828555511176,0.408994130922097,-0.417679723486581,0.676181299156421,0.997177134360943
"gene-AM1_RS21830",38.1444631338704,-0.0443041637020759,0.511591712092548,-0.0866006283034959,0.93098896646443,0.997177134360943
"gene-AM1_RS21835",5111.07301590872,-0.979279798862052,0.431490692933591,-2.26952704866978,0.0232362942626003,0.178124699621396
"gene-AM1_RS21840",532.72888501109,0.70122874975829,0.451778343631123,1.55215219951057,0.120625810429183,0.573534217684343
"gene-AM1_RS21845",177.838915293111,-0.408514137317025,0.426132912015192,-0.958654273816009,0.337732941168952,0.922746038451726
"gene-AM1_RS21850",98.4458333928014,-0.339173138821323,0.458863741064594,-0.739158727238765,0.459810619476577,0.982825588333525
"gene-AM1_RS21855",83.4815953447623,-0.0308702400499148,0.375571241276029,-0.0821954310053961,0.934491306682529,0.997177134360943
"gene-AM1_RS21860",123.801375709334,-0.0417951138702282,0.395805042927816,-0.105595203034971,0.915903530896446,0.997177134360943
"gene-AM1_RS21865",98.2270843632355,0.5692156457296,0.44409758851745,1.28173550239225,0.199935446389212,0.759485281109002
"gene-AM1_RS21870",227.549940131339,-1.03204086977417,0.404892095663425,-2.54892817327824,0.0108054552476537,0.0990102902531438
"gene-AM1_RS21875",711.016658191574,-1.6076832080381,0.35991040225406,-4.46689842241137,7.93617881817642e-06,0.00021376716523088
"gene-AM1_RS21880",823.237570616879,-0.707827530097735,0.385072789488719,-1.8381655349825,0.06603801667919,0.385462459185093
"gene-AM1_RS21885",1661.49321194391,-1.9718743480342,0.379783880608558,-5.19209594908165,2.07939786616681e-07,8.72158876437966e-06
"gene-AM1_RS21890",19.5326995778466,0.293141376400811,0.532561620352528,0.550436541421753,0.582019991132067,0.997177134360943
"gene-AM1_RS21895",369.807719861842,-0.62804854445088,0.413788096806001,-1.51780234689866,0.129064233295967,0.597601854525719
"gene-AM1_RS21900",146.491789214317,-0.413672528593626,0.42089121978907,-0.982849033536358,0.325681744980253,0.909661989875111
"gene-AM1_RS21910",78.6785850967127,-0.049797640199358,0.487032730907308,-0.102247009367499,0.918560615169957,0.997177134360943
"gene-AM1_RS21915",112.125779047448,-0.265915251005346,0.383253454888322,-0.693836539798009,0.487784724718301,0.988029326430846
"gene-AM1_RS21920",106.593704055193,-0.175939001622141,0.387319779403823,-0.454247397055097,0.649650772409759,0.997177134360943
"gene-AM1_RS21925",41.5271490618574,0.194485489600016,0.461921067437303,0.421036197112646,0.673728650271912,0.997177134360943
"gene-AM1_RS21930",103.033475381825,-0.676666735665709,0.467489122286219,-1.44744915637079,0.147771166721934,0.648514417781163
"gene-AM1_RS21935",658.34618576389,-0.859965112416434,0.556598467991954,-1.54503679379309,0.122337363851105,0.576074579417554
"gene-AM1_RS21940",426.597406132426,0.0640751024193588,0.370114774542587,0.173122249709018,0.862555336270958,0.997177134360943
"gene-AM1_RS21945",20.8609504990527,-0.322711862609688,0.51953340503497,-0.621157098816325,0.534496263556786,0.99354618231587
"gene-AM1_RS21950",177.735827403256,-1.11186146747774,1.27033023024738,-0.875253883599395,0.381435780444765,0.946383626596995
"gene-AM1_RS21955",1312.24713821521,-1.43064309085024,1.30036693278033,-1.10018415170814,NA,NA
"gene-AM1_RS21960",197.175286698528,-0.603794413358678,0.599657660919566,-1.00689852345548,0.313983541630686,0.901570345454957
"gene-AM1_RS44020",9.89213015696336,-0.243471606615252,0.605334816272498,-0.402209818550483,0.687529616865138,NA
"gene-AM1_RS21965",65.52439107868,-0.107725271790358,0.409884094810703,-0.262818863074228,0.79269019586966,0.997177134360943
"gene-AM1_RS21970",106.527602278267,-0.484527808349358,0.404118296249871,-1.19897518336999,0.230537595403443,0.806921443311917
"gene-AM1_RS21975",549.285052258005,-1.14035750843021,0.494864580268409,-2.30438296434894,0.0212011554422326,0.167329549404287
"gene-AM1_RS21980",117.924121519332,-0.40215529662862,0.40494604632542,-0.99310834190845,0.320657159162684,0.907311677187678
"gene-AM1_RS21985",105.064122997382,-0.590951136998555,0.496891620541971,-1.18929583951122,0.234323271954102,0.815240603156641
"gene-AM1_RS21990",18.0207886857853,-0.152218420295349,0.542532207292892,-0.280570292876958,0.779040003971621,0.997177134360943
"gene-AM1_RS21995",216.280491073485,-0.201753191608118,0.365991934252257,-0.55125037665191,0.581462050649008,0.997177134360943
"gene-AM1_RS22000",77.8935719620046,-0.0696484147441716,0.552472842233977,-0.126066675897663,0.899679145755182,0.997177134360943
"gene-AM1_RS22005",916.438906739339,-0.966541664854872,0.327508429811901,-2.95119629564952,0.0031654567454843,0.0353375703602354
"gene-AM1_RS22010",84.7361593168988,-0.495671652201218,0.428155388365736,-1.15769102916862,0.246990146144879,0.840117534689015
"gene-AM1_RS22015",959.742828578662,-0.0822751829518275,0.387468829075096,-0.212340133652097,0.831841687108702,0.997177134360943
"gene-AM1_RS22020",136.014118851751,-0.265376020078986,0.384200710946936,-0.690722355575336,0.489740037656348,0.988029326430846
"gene-AM1_RS22025",20.3607718529768,-0.285874154471499,0.49138815090607,-0.581768514247599,0.560722614795397,0.994977061149491
"gene-AM1_RS22030",87.0534047449841,-0.105784622301527,0.374318350378526,-0.282606028249892,0.777478858765341,0.997177134360943
"gene-AM1_RS22035",95.9027643027466,0.482956551780206,0.406477344452409,1.18815121770397,0.234773838786773,0.816132380110903
"gene-AM1_RS22040",116.000494293357,-0.863583126523744,0.396406666739024,-2.1785282614641,0.0293667305341153,0.21151456093277
"gene-AM1_RS22045",1939.98349213242,-0.729212809373796,0.396427681646273,-1.83945986401742,0.0658475760550337,0.385367750492821
"gene-AM1_RS22050",44.6215447663156,-0.215130717450491,0.404460493415437,-0.531895502657961,0.594798372323766,0.997177134360943
"gene-AM1_RS22060",975.801150523193,0.776341658425324,0.451086697839246,1.72104755503562,0.0852421948366425,0.461272126106384
"gene-AM1_RS41140",19.5058382012745,0.383761594062326,0.635511859425763,0.603862207086247,0.545935257096191,0.99354618231587
"gene-AM1_RS22065",1358.70537174221,0.459015736029792,0.462236851958532,0.993031460137607,0.320694623277307,0.907311677187678
"gene-AM1_RS22070",970.071644499665,1.57290413836258,0.562740993499966,2.79507652104729,0.00518874319038655,0.0542140569643236
"gene-AM1_RS22075",47.1368677492497,0.773039668747338,0.588138029273349,1.31438477070159,0.18871675284296,0.73712242008117
"gene-AM1_RS22080",216.302128629737,-0.259862655255462,0.384934605477318,-0.675082602493566,0.499623286203485,0.989201002062665
"gene-AM1_RS22085",2574.6803689971,-0.0510185648379026,0.425576101990357,-0.11988117894613,0.904577273966023,0.997177134360943
"gene-AM1_RS22090",167.322396750935,0.0616149884555965,0.352203919977706,0.174941234213114,0.861125809627877,0.997177134360943
"gene-AM1_RS22100",80.7105456460559,0.592844356376668,0.457659071652092,1.29538425674941,0.195187706209689,0.750301207030702
"gene-AM1_RS22105",35.5623630908405,2.4056897989834,0.489275335788967,4.91684256902951,8.79512246335204e-07,3.20776143508094e-05
"gene-AM1_RS42275",41.4597754077545,0.166432896700162,0.486990453527687,0.341758027276605,0.732532999002889,0.997177134360943
"gene-AM1_RS22120",17.8523168465764,0.175906634599958,0.581631533029443,0.302436550652169,0.76231929509815,0.997177134360943
"gene-AM1_RS22125",20.2215459730716,-0.204792100457112,0.572425368486211,-0.357762097439337,0.720521357493716,0.997177134360943
"gene-AM1_RS22130",50.703563378254,0.46703631431927,0.442262719541595,1.05601556197943,0.290961105140498,0.890201939102019
"gene-AM1_RS22140",148.049900805245,0.32814699951595,0.414836104724437,0.791028060910774,0.428927616834893,0.971298466877678
"gene-AM1_RS22145",157.030053568513,-0.190740658023159,0.35468898734472,-0.537768763138337,0.590736699786645,0.997177134360943
"gene-AM1_RS22150",129.805678774345,0.0210000910115252,0.365706181555999,0.0574233963510665,0.954207926156371,0.998338158331194
"gene-AM1_RS22155",22.0786153351039,0.147816434013985,0.520528535222177,0.283973738252203,0.776430506346589,0.997177134360943
"gene-AM1_RS22160",356.292619179025,-0.621890037837232,0.344722594267664,-1.80403039481177,0.0712265422015464,0.407643524178831
"gene-AM1_RS22165",562.477335728068,-0.873300696238995,0.382378323234742,-2.28386559376923,0.0223794312462453,0.172521022295833
"gene-AM1_RS22170",717.999714768914,0.249769127148921,0.366469625908661,0.681554785146568,0.495520513635534,0.989035047236538
"gene-AM1_RS22175",306.245318991243,-0.764591338666468,0.387688601871019,-1.97217905034217,0.0485891703333856,0.310801316119434
"gene-AM1_RS22180",57.9738887360499,-1.14524618665006,0.479237617419527,-2.38972514890771,0.0168609856541486,0.140039190609846
"gene-AM1_RS22185",220.532257689818,-0.676855758728608,0.419278500445615,-1.61433452468762,0.106454885327408,0.530197698594181
"gene-AM1_RS22190",262.470757994318,-0.685710745596774,0.367000007934851,-1.86842160973059,0.0617033272860128,0.370851522848994
"gene-AM1_RS22195",76.0584790195352,-1.0605564513943,0.411434797962529,-2.57770236413229,0.00994596254387166,0.0924093228759721
"gene-AM1_RS22200",98.7862304573691,-0.710115415718939,0.400100109067605,-1.77484434426622,0.0759235920716875,0.428676281389374
"gene-AM1_RS22205",523.842388039968,-0.107900412042564,0.375114116549695,-0.287646898056075,0.773617041864413,0.997177134360943
"gene-AM1_RS22210",897.145640597784,1.88347037089907,0.609602597165678,3.08966920360279,0.00200379533512495,0.0245642718326799
"gene-AM1_RS22215",118.043407680017,0.0482986736049217,0.412603394052245,0.117058352648466,0.906813812545242,0.997177134360943
"gene-AM1_RS22220",319.126778121187,-0.363396241947236,0.375769826098342,-0.967071373772658,0.333508354740889,0.918986888333412
"gene-AM1_RS22225",464.335209730085,-0.157751534630515,0.444880813819195,-0.354592802679568,0.722894668866911,0.997177134360943
"gene-AM1_RS22230",75.0546338333149,0.209991945908823,0.422934435527933,0.496511819016813,0.619533350726709,0.997177134360943
"gene-AM1_RS22235",21.6621518098673,-0.0866778445613858,0.481418773629501,-0.180046664794366,0.857115933550187,0.997177134360943
"gene-AM1_RS22240",93.6399854053289,0.347214433804342,0.390447322143075,0.889273441289244,0.373856141393064,0.942161630815008
"gene-AM1_RS22245",2012.37363138452,-0.112228809831725,0.43994530523196,-0.255097187075455,0.798648036702061,0.997177134360943
"gene-AM1_RS22250",230.539070943051,-1.62976049123361,0.336334422760749,-4.84565474403713,1.2619480637186e-06,4.46395122298531e-05
"gene-AM1_RS22255",1003.07626335834,-2.79164249493475,0.370875394950494,-7.52717093919748,5.18514706538032e-14,9.22641926300401e-12
"gene-AM1_RS22260",87.6481866209108,-1.09679701212743,0.393521327684068,-2.78713486402946,0.00531763433693094,0.0551698354120899
"gene-AM1_RS22265",33.3191229355348,-0.486764192837653,0.470374314988001,-1.0348443299887,0.300741616560709,0.894285546343303
"gene-AM1_RS22270",4916.15196274021,-0.333993596718196,0.373832336893302,-0.89343153001107,0.371626123968138,0.9416059586083
"gene-AM1_RS22275",263.263172136495,-0.309581281758711,0.449579847243189,-0.68860133223732,0.491074182471149,0.988029326430846
"gene-AM1_RS22280",28.219117988333,-0.407998494673967,0.474922459405036,-0.859084439142111,0.390293931735068,0.950956832841625
"gene-AM1_RS22285",383.736099426461,-1.78123423533734,0.344231138378425,-5.17452965971708,2.28485814415455e-07,9.44837114258837e-06
"gene-AM1_RS22290",683.095642736328,-1.36717982426127,0.547355316490469,-2.49779217095643,0.0124969435684344,0.110183262212983
"gene-AM1_RS22295",186.039403604296,-0.0704787326154121,0.605334535843635,-0.116429393074671,0.907312241494021,0.997177134360943
"gene-AM1_RS22300",52.8043879003228,-0.00167363216287973,0.426657315225523,-0.00392266135644499,0.996870177093009,0.999709482207881
"gene-AM1_RS22305",219.360250429223,0.627732764353507,0.401809917100751,1.56226299460923,0.1182260458484,0.568914500333074
"gene-AM1_RS22310",42.5992536359425,-0.145452152963339,0.470357026591553,-0.309237759276946,0.757140672812211,0.997177134360943
"gene-AM1_RS22315",10.7157440116708,-0.238866299177836,0.59072369543585,-0.404362142611522,0.685946434602734,NA
"gene-AM1_RS22320",29.8277407242506,-0.0562906810960256,0.458755784135623,-0.122702934856913,0.902342339751278,0.997177134360943
"gene-AM1_RS22325",17.7944861401377,0.211341285786395,0.573551283476414,0.368478446261007,0.712516513721291,0.997177134360943
"gene-AM1_RS22330",39.5921731324038,0.0412687554430336,0.447098621206646,0.092303472848241,0.926456929217793,0.997177134360943
"gene-AM1_RS22335",35.9921145487938,-0.235338447717167,0.463292994710252,-0.507968931980829,0.611475131303374,0.997177134360943
"gene-AM1_RS22350",30.7395391036984,-0.045120835814694,0.438587754758527,-0.102877554891007,0.91806015176699,0.997177134360943
"gene-AM1_RS22355",102.470815350006,-0.133330092818951,0.479960348184092,-0.277793974696866,0.781170516711234,0.997177134360943
"gene-AM1_RS22360",67.3737785815364,-0.904516051308036,0.486929833454463,-1.85759012729013,0.0632272415931394,0.377567513998075
"gene-AM1_RS22365",250.332081210233,-0.861094652608072,0.392270059321656,-2.19515772908375,0.0281522853135019,0.204845377151032
"gene-AM1_RS22370",59.6276677746618,-0.200001730030581,0.435397810081181,-0.459354010056436,0.645979968405323,0.997177134360943
"gene-AM1_RS22375",38.5356964836276,-0.33384854784941,0.526658198552206,-0.633899840099645,0.526146189947538,0.992659241707204
"gene-AM1_RS22380",72.9451052261806,-0.585394438003765,0.39540488157431,-1.48049370476411,0.138741539505447,0.62380575802143
"gene-AM1_RS22385",48.7232166587197,-0.0134003128184372,0.404198297401659,-0.0331528185659849,0.97355272274957,0.999088916092384
"gene-AM1_RS22395",298.61172524758,-0.149726113851488,0.377064876180921,-0.397083163427949,0.691306135132602,0.997177134360943
"gene-AM1_RS22400",85.7529685274648,-0.518909691217559,0.414570008529746,-1.25168169559069,0.210685872534891,0.77370071515002
"gene-AM1_RS22405",77.7684143416215,-0.778225790823832,0.464021412508035,-1.67713336032819,0.0935164065853951,0.490487501454741
"gene-AM1_RS22410",33.129825871865,-0.173023374144119,0.462580872221498,-0.374039188678925,0.708375160458453,0.997177134360943
"gene-AM1_RS22415",83.3458203667413,0.101836587731758,0.407820229982669,0.249709504935755,0.802812007147532,0.997177134360943
"gene-AM1_RS22420",84.7745247043794,0.64282282258015,0.398648555631891,1.61250508373528,0.10685207456942,0.530850679365804
"gene-AM1_RS22425",37.1870183181941,1.2554129740925,0.513116400526775,2.44664363252406,0.0144193331309309,0.123246468915322
"gene-AM1_RS22430",670.526857274623,1.60811855676144,0.426932549970593,3.76668060767962,0.000165432419729569,0.00284873656496196
"gene-AM1_RS37705",195.466510858384,-0.0795870708564878,0.467302602956841,-0.170311636085276,0.86476506067703,0.997177134360943
"gene-AM1_RS22440",143.724036093911,-0.288195223213844,0.414679806041935,-0.694982535958599,0.487066246159923,0.988029326430846
"gene-AM1_RS22445",1168.79673102658,-0.0347453831510526,0.398792743719971,-0.0871264176648373,0.930571026967057,0.997177134360943
"gene-AM1_RS22450",54.3909699022319,-0.758632183761797,0.457367173632348,-1.65869399357379,0.097177470350266,0.502754278323138
"gene-AM1_RS22455",151.353738560774,-0.59485114406284,0.44984363129916,-1.32235092968838,0.186051320838429,0.731253919654119
"gene-AM1_RS22460",134.150578479057,-0.618546549553084,0.464297455077925,-1.33222041772611,0.18278776910706,0.731253919654119
"gene-AM1_RS22465",89.0054749690184,-0.204994962608964,0.457684614185727,-0.447895682431173,0.654228484535081,0.997177134360943
"gene-AM1_RS22470",132.543186042819,0.398003302560557,0.367030391098494,1.08438786600032,0.278192861462692,0.870792177529596
"gene-AM1_RS22475",382.161731095632,0.415520039430621,0.393283319047274,1.0565412243703,0.290721017076119,0.890048911507282
"gene-AM1_RS22480",79.903397411777,1.70857578557517,0.607968462747542,2.81030331384912,0.00494948307170894,0.0523664226974323
"gene-AM1_RS22485",188.192216257886,1.90655078869503,0.620512455682737,3.07254233373493,0.00212243725925211,0.0256968073944915
"gene-AM1_RS22490",175.766752552108,1.00344032122418,0.515572435090483,1.9462644876429,0.0516229770645025,0.325946367013719
"gene-AM1_RS22495",15.871770984634,0.893381950947565,0.53495587592709,1.67001053946611,0.0949172783809533,NA
"gene-AM1_RS22500",181.687640458446,0.772677552427889,0.482108522875135,1.60270461061318,0.108999885127254,0.540580511374354
"gene-AM1_RS22505",92.5988502335457,0.0682031046015594,0.376519466069893,0.181140978747959,0.856256920207776,0.997177134360943
"gene-AM1_RS22510",362.073406344849,0.091056681416389,0.355649447120055,0.256029306818102,0.797928207753321,0.997177134360943
"gene-AM1_RS37710",116.185584326899,0.579423288592471,0.472285569578638,1.22684944430849,0.219879183028114,0.792975467037161
"gene-AM1_RS22520",263.332107243732,0.682426417749307,0.330394000888557,2.06549276292547,0.0388763995949295,0.263301289990111
"gene-AM1_RS22525",440.529356528991,0.757284388855834,0.338597455862258,2.23653301507351,0.0253168771736469,0.188895429178723
"gene-AM1_RS41145",407.972686299193,0.154876443440836,0.412114080418099,0.375809638155799,0.707058421974796,0.997177134360943
"gene-AM1_RS41150",112.223195714701,-0.165667423354505,0.390322003977411,-0.424437827399792,0.671246538364056,0.997177134360943
"gene-AM1_RS22535",271.239568653249,0.311362539417182,0.799876450391872,0.389263290930293,0.697081388622434,0.997177134360943
"gene-AM1_RS22540",2402.69863642992,0.196458027978654,0.431521734454804,0.455267979090009,0.648916459899353,0.997177134360943
"gene-AM1_RS22545",540.660865477912,-0.456351171309261,0.339554612112613,-1.34396988004366,0.178958126978114,0.724558857812082
"gene-AM1_RS22550",122.916931078594,-2.98820982155713,0.447753178310992,-6.67378807411086,2.49283529578985e-11,2.48100489099627e-09
"gene-AM1_RS22555",80.6330486646919,-0.716797050472189,0.438080281663389,-1.63622304055894,0.101792915983324,0.516467893200781
"gene-AM1_RS22560",44.2544812639393,0.516349171089129,0.469838608158078,1.09899263730877,0.271771277398145,0.865026326414118
"gene-AM1_RS22565",267.224615311032,2.81489800515927,0.480122306639522,5.86287695079477,4.54915346200954e-09,2.84176905626809e-07
"gene-AM1_RS22570",112.407260443116,0.576268988065562,0.356774050286011,1.61522113955203,0.106262814218135,0.530044107171957
"gene-AM1_RS37715",59.0651096577415,0.134831059779306,0.444734727809379,0.30317187156362,0.761758884094341,0.997177134360943
"gene-AM1_RS22580",39.2896206751781,0.0759606569054023,0.501413980175448,0.151492897902095,0.879586912835074,0.997177134360943
"gene-AM1_RS22585",43.0074232305788,-0.0994932093638514,0.490879168230426,-0.202683706710381,0.839382259015669,0.997177134360943
"gene-AM1_RS22590",151.934823082315,0.132232205474878,0.438297532587026,0.301695071597563,0.762884525626812,0.997177134360943
"gene-AM1_RS22595",74.107211984399,0.34613027323886,0.396455459617574,0.873062193601122,0.38262917927614,0.946383626596995
"gene-AM1_RS22600",12.2578548364689,-0.358841176182591,0.634399228251768,-0.565639364302916,0.571638962564655,NA
"gene-AM1_RS37720",24.304412845278,-0.98229130604811,0.593004540438983,-1.65646506740227,0.0976276736555281,0.504638820163082
"gene-AM1_RS22610",95.0370170217731,-0.280060520398148,0.436238048159761,-0.641990128049499,0.520879592794716,0.991984531728213
"gene-AM1_RS22615",311.745614851349,-0.126753115929263,0.380223406109507,-0.333364842596663,0.738858898353428,0.997177134360943
"gene-AM1_RS22620",16.8428947279895,-0.272136096692623,0.582724290318372,-0.467006612241857,0.640495147314006,NA
"gene-AM1_RS22630",30.8009891606204,-0.0144534611927787,0.48863558005127,-0.0295792238282405,0.976402635046064,0.999174515952571
"gene-AM1_RS22635",38.2530138328024,0.600571572448576,0.491319356549812,1.22236497390611,0.221569638604299,0.796299265328467
"gene-AM1_RS22640",136.948857192885,1.53042156621849,0.476231298936796,3.21360979346636,0.0013107767339689,0.0171422739017046
"gene-AM1_RS22665",80.0033570285395,-0.0912016687968867,0.43458333193769,-0.209860024751163,0.833776923048281,0.997177134360943
"gene-AM1_RS22670",49.7167228982615,0.0690193345392266,0.410256685418022,0.168234515103394,0.866398788770709,0.997177134360943
"gene-AM1_RS22675",28.9839137334217,0.205888576184823,0.49560430602978,0.415429352973482,0.677827622469474,0.997177134360943
"gene-AM1_RS22680",14.2769296895953,0.266230916985979,0.574105271566615,0.463731880147155,0.642839853481271,NA
"gene-AM1_RS22685",34.3945249962936,1.63024187911338,0.492031374021531,3.31328847140149,0.000922058243958716,0.0126208065466797
"gene-AM1_RS22690",27.2511728541778,-3.52182673334302,0.638022788262596,-5.51990743611734,3.39178282404021e-08,1.74706567918983e-06
"gene-AM1_RS22695",54.6373752264557,-0.0478296546880141,0.415346361171138,-0.115156070112545,0.908321417933073,0.997177134360943
"gene-AM1_RS43285",36.6571861714393,0.0558604095884082,0.448277755095509,0.124611156706865,0.900831395472903,0.997177134360943
"gene-AM1_RS22705",19.4854407411495,0.48250057895979,0.560918844290952,0.860196771548495,0.389680584022867,0.950794446148572
"gene-AM1_RS22710",14.9689566209721,0.384390354104298,0.529292659592131,0.726234054333014,0.467695298687179,NA
"gene-AM1_RS22720",37.1508659453834,0.0193559147478676,0.437680309729321,0.0442238645824347,0.964725959473857,0.999088916092384
"gene-AM1_RS22725",18.2000530099511,0.816470633272837,0.558033865910826,1.46312022110018,0.143434485656509,0.635906659038014
"gene-AM1_RS22730",72.5538109662197,0.204299911569027,0.487742675429123,0.418868230854069,0.675312436100635,0.997177134360943
"gene-AM1_RS44025",9.38839855429483,-0.194595877199176,0.624574780287804,-0.311565377502925,0.755370850061593,NA
"gene-AM1_RS22735",38.8281370220275,0.40630980269808,0.439808726318453,0.923832971890337,0.35557328551113,0.933361859876468
"gene-AM1_RS22740",198.601865211831,0.305456273085498,0.385030063308107,0.793330968654952,0.427585018309376,0.971298466877678
"gene-AM1_RS22745",81.3125215661486,0.233685573828602,0.37124094867201,0.62947143806343,0.529040461879345,0.99354618231587
"gene-AM1_RS22750",204.46121424877,0.137733056297607,0.370211431480805,0.37203890692054,0.709863881646048,0.997177134360943
"gene-AM1_RS37725",22.2434576605651,0.0458996710019314,0.492371768842205,0.0932215734258339,0.925727535900832,0.997177134360943
"gene-AM1_RS22760",53.9857868977677,-0.399033478889594,0.439313211093636,-0.908312039822868,0.36371338322439,0.938932567974885
"gene-AM1_RS22765",32.589154635792,0.145009266456341,0.46643351802551,0.310889464098097,0.755884654305716,0.997177134360943
"gene-AM1_RS22770",366.289767814915,0.0257502408069613,0.32697972236697,0.0787517972691338,0.937230045113489,0.997177134360943
"gene-AM1_RS22775",14.296833529843,0.0689595695257659,0.534789404780137,0.128947149867557,0.897399467870511,NA
"gene-AM1_RS22785",944.71012361761,0.0136252244736324,0.388329269562948,0.0350867821242709,0.972010541260364,0.999088916092384
"gene-AM1_RS22790",101.728287327391,0.243438947981295,0.434959160632441,0.559682310466409,0.575696150326137,0.996312347396132
"gene-AM1_RS22795",387.765290429602,0.305496769776061,0.437509575083883,0.698263048797249,0.485012703306773,0.988029326430846
"gene-AM1_RS22800",130.066557002547,-0.241517834437329,0.37737881296851,-0.639987795121617,0.522180534107513,0.992312005268387
"gene-AM1_RS22805",122.699951528356,-0.335011321454922,0.355741424949953,-0.941727046553694,0.346332404073667,0.927676347474028
"gene-AM1_RS22810",183.502103386708,-0.316744904104917,0.371588535097963,-0.852407634216737,0.393987884441913,0.953133313919014
"gene-AM1_RS22815",73.8327211924966,-0.561172915865502,0.40492806698404,-1.38585828353464,0.165790181177247,0.697827732945269
"gene-AM1_RS22820",31.7885879637331,-0.0851682899481005,0.471986153117742,-0.180446585954936,0.856801984206507,0.997177134360943
"gene-AM1_RS22825",27.7522334217699,0.0740003571175798,0.510542236035739,0.144944633165276,0.884754586336901,0.997177134360943
"gene-AM1_RS22830",20.9263784030881,0.020175810047217,0.558531001574058,0.0361229904702823,0.971184290544557,0.999088916092384
"gene-AM1_RS22835",12.2187341190728,-0.0766367466388016,0.57532319644105,-0.133206425732313,0.894030129137901,NA
"gene-AM1_RS22845",356.493246388897,-0.412311475543597,1.38920225484062,-0.296797297950616,0.766621268497908,0.997177134360943
"gene-AM1_RS22850",339.58122832813,-0.328830839201289,0.699518118716317,-0.470081946990487,0.638296471611979,0.997177134360943
"gene-AM1_RS22855",121.305155024119,-0.79882098469607,0.368578546281724,-2.16730190282288,0.0302118415136143,0.216082744662538
"gene-AM1_RS22860",33.7284730531392,-0.185920171466645,0.492901150180511,-0.377195653527198,0.706028210137186,0.997177134360943
"gene-AM1_RS22865",11.5929054150759,-0.275097466314744,0.593882471386457,-0.463218699943292,0.643207613655249,NA
"gene-AM1_RS22870",38.1516020886499,-0.0605023547750608,0.419280527502232,-0.144300416562366,0.885263249381557,0.997177134360943
"gene-AM1_RS22875",50.0048462312463,-0.145313543869382,0.426478849393076,-0.340728606063766,0.733307901415147,0.997177134360943
"gene-AM1_RS22880",16.1998162049003,-0.185334003212743,0.530466313780763,-0.349379401477583,0.726804495414574,NA
"gene-AM1_RS22890",28.7902726871516,-0.185510741008164,0.48074564360556,-0.385881273134054,0.699584600399004,0.997177134360943
"gene-AM1_RS22895",24.9633076757827,-0.401713280415533,0.4595213394159,-0.874199402635258,0.382009671302037,0.946383626596995
"gene-AM1_RS22900",29.9972843379727,-0.179813861172274,0.452078669822193,-0.397749049392215,0.690815177772018,0.997177134360943
"gene-AM1_RS22905",24.024150700137,0.164575163601249,0.485039277555683,0.339302755914144,0.734381666746813,0.997177134360943
"gene-AM1_RS22910",19.3298515530062,-0.404223986396183,0.532186736093692,-0.759552914383456,0.447521873381654,0.979391811661579
"gene-AM1_RS22915",45.2536280450695,-0.117573070135689,0.403648333920712,-0.291275995106136,0.770840245015325,0.997177134360943
"gene-AM1_RS37730",82.0318829321327,-0.272120705463472,0.373516612240676,-0.728537089236961,0.466284873183042,0.982825588333525
"gene-AM1_RS42900",254.67095764034,0.128242484081585,0.353834818285026,0.362436022274896,0.717026224794415,0.997177134360943
"gene-AM1_RS22935",59.1390593268229,-0.0463008046710303,0.436131503800996,-0.106162486010543,0.915453434522773,0.997177134360943
"gene-AM1_RS39930",103.457440672448,0.0796410176225444,0.420987400349914,0.189176724900434,0.849954309116235,0.997177134360943
"gene-AM1_RS22950",29.5749701910784,0.232941359159223,0.439895245505162,0.529538251525587,0.596432116538687,0.997177134360943
"gene-AM1_RS22955",168.547815976983,-0.0815691685560969,0.356123910272468,-0.229047155226642,0.818832265606045,0.997177134360943
"gene-AM1_RS44460",5.74007689819,0.527782721361142,0.791392085051508,0.666904220209369,0.50483331510179,NA
"gene-AM1_RS22965",781.989276727115,-0.241626693674623,1.21368538455492,-0.199085114436994,0.842196165118198,0.997177134360943
"gene-AM1_RS22970",184.184431572154,2.47668533885337,0.60890718538228,4.06742669212957,4.75351554558872e-05,0.000982839552242851
"gene-AM1_RS22975",529.430514693054,0.298019241247865,0.393338119619255,0.757666817384349,0.448650468650108,0.980817405775664
"gene-AM1_RS22980",274.414109133319,0.13418770534983,0.362104744529522,0.370577042629414,0.710952583794609,0.997177134360943
"gene-AM1_RS22985",202.80108754797,1.16865841655025,0.419165381811379,2.78806043452352,0.00530246510957583,0.0551698354120899
"gene-AM1_RS22990",734.39730231141,1.0674515628918,0.354371926102487,3.01223512435658,0.00259331645276539,0.0304559084212767
"gene-AM1_RS22995",1142.85509884409,1.09060166884374,0.388781299139994,2.80518037070254,0.00502884299007047,0.0529615980341514
"gene-AM1_RS23000",384.708162481486,0.974715532852029,0.367604983523627,2.65152970318582,0.00801280647354655,0.0781581388914707
"gene-AM1_RS39935",262.802195591434,1.14961238127488,0.370339918480457,3.10420865779703,0.0019078872622564,0.023535953789852
"gene-AM1_RS23010",92.5444919766889,1.3115771583992,0.438459482188368,2.99133035475266,0.00277764823887949,0.0320439105278986
"gene-AM1_RS23015",353.940825891219,-0.181232415633395,0.475336701512576,-0.381271665025427,0.703001676632223,0.997177134360943
"gene-AM1_RS23020",259.96845453063,-0.00719357745083959,0.385722616081838,-0.0186496128329518,0.985120624388428,0.99966258039135
"gene-AM1_RS23025",328.011594553848,0.187413593078518,0.367456598675785,0.510029194614838,0.610031008674355,0.997177134360943
"gene-AM1_RS23030",141.155892782155,-0.0220380037304451,0.354412950503785,-0.0621817111906293,0.950418126658069,0.997889813204431
"gene-AM1_RS23035",45.7876785132983,-0.527378713121402,0.400607862317382,-1.31644623765169,0.188024311921532,0.736052506402158
"gene-AM1_RS23040",217.600650926191,0.513822008378522,0.374981527436655,1.37025952155822,0.170605903953242,0.708049120301473
"gene-AM1_RS23045",134.658832878119,-0.0378868444345908,0.37738059350808,-0.100394257379267,0.920031328682032,0.997177134360943
"gene-AM1_RS23050",256.663502874296,0.237227412962479,0.446806738717662,0.53093964885875,0.595460601227223,0.997177134360943
"gene-AM1_RS23055",1686.70509519231,-0.262170102063312,0.378888416147499,-0.691945414243679,0.488971609210352,0.988029326430846
"gene-AM1_RS23060",17.1465884500416,0.389389675411672,0.528311642506539,0.737045418049541,0.461094730004995,NA
"gene-AM1_RS23065",27.4597100516188,-0.0514362848993355,0.463168452436674,-0.111053083664778,0.911574252343949,0.997177134360943
"gene-AM1_RS23070",64.2802697421246,-0.243514161089341,0.413616906494932,-0.588743248318659,0.556033521238342,0.99354618231587
"gene-AM1_RS23075",106.613625122273,-0.351001853226427,0.397858558933968,-0.882227729791487,0.37765366922841,0.946383626596995
"gene-AM1_RS23080",315.964263060146,-5.05092538910471,0.481431622710931,-10.4914699218615,9.45459217866194e-26,9.25289421218382e-23
"gene-AM1_RS23085",125.762997708727,-1.63228286638382,0.432554252796825,-3.77359107170891,0.000160914440219894,0.00281217140765244
"gene-AM1_RS23090",61.8839968304621,-0.900691376256893,0.439112192283863,-2.05116458181749,0.0402509217909479,0.270427245716758
"gene-AM1_RS23095",33.0887465940014,-0.27937411479059,0.529407309461543,-0.527711102203595,0.597699866350672,0.997177134360943
"gene-AM1_RS23100",115.451255848637,0.681972430542344,0.367413396578227,1.85614470483017,0.0634329351509285,0.377567513998075
"gene-AM1_RS23105",89.9245266798296,1.88217137020191,0.472354002072974,3.98466269353454,6.75760457570021e-05,0.00134056263744972
"gene-AM1_RS23110",69.0668795222174,0.956282068953796,0.380401592930328,2.51387503818614,0.0119412737020301,0.105920180027675
"gene-AM1_RS23115",35.3334838790253,0.466963754721037,0.537645183035829,0.868535177948239,0.385101423155686,0.948538404685481
"gene-AM1_RS23120",133.906135006358,0.740198510672416,0.398791624226281,1.85610345279573,0.0634388137047385,0.377567513998075
"gene-AM1_RS23125",67.1170847853519,0.250571555247358,0.498910567475068,0.502237418051643,0.615500525028351,0.997177134360943
"gene-AM1_RS23130",733.070198354536,0.028859782906604,0.415711130923443,0.0694226850325034,0.944653172433709,0.997177134360943
"gene-AM1_RS23135",93.9014543896484,0.096187870171035,0.407323887429527,0.236145910268218,0.813319449899485,0.997177134360943
"gene-AM1_RS23140",370.488718309384,0.952784139639066,0.379811503658633,2.5085710423753,0.0121220589823087,0.107137005328421
"gene-AM1_RS23150",10.5770896616628,0.812300481580994,0.630469345972642,1.28840598955344,0.197604674865357,NA
"gene-AM1_RS23155",8.46890997711569,-0.388281563745364,0.690858961387867,-0.562027252227206,0.574097451581834,NA
"gene-AM1_RS23160",21.1340099340178,-0.148163398509141,0.532743748074681,-0.278113819344851,0.780924987761488,0.997177134360943
"gene-AM1_RS39940",27.0623459978869,-0.0564267719011707,0.453200364780395,-0.124507339989704,0.900913589131507,0.997177134360943
"gene-AM1_RS23180",209.613379822056,0.284355333829252,0.373163103734638,0.762013529696285,0.446051929195511,0.978877246244682
"gene-AM1_RS23185",83.506156611157,0.155403602738321,0.364101008631736,0.426814535126711,0.669514418776737,0.997177134360943
"gene-AM1_RS23190",388.957309296373,-0.446776053903405,0.3307066414661,-1.35097393848138,0.176703781224625,0.720648227527571
"gene-AM1_RS23195",169.33698504932,0.343308231947952,0.363859728413155,0.943518078917853,0.345415972451524,0.927426881680544
"gene-AM1_RS23200",1091.37342469891,-0.186515622584281,0.418101963671946,-0.446100805043399,0.655524431321146,0.997177134360943
"gene-AM1_RS23215",35.2454252122513,-0.0569326406450624,0.48074204814834,-0.118426588363444,0.905729659545879,0.997177134360943
"gene-AM1_RS23220",61.1396286582122,-0.560533440829474,0.748444042414364,-0.748931662307418,0.453898395415338,0.982825588333525
"gene-AM1_RS23225",542.789598439123,-0.440482878303835,0.449927505899513,-0.979008556996764,0.327575751488873,0.912461210980843
"gene-AM1_RS23230",1908.33447416764,-0.0757119716379851,0.71756937464643,-0.105511709826372,0.915969778757303,0.997177134360943
"gene-AM1_RS23235",1104.55005999524,1.6991645414468,0.415671837527798,4.0877547816387,4.35568199889665e-05,0.000913261739160627
"gene-AM1_RS23240",155.181802395395,0.268848933231612,0.378822267932948,0.709696752248996,0.477892206590802,0.986441366799053
"gene-AM1_RS23245",219.552416659125,0.346958811908662,0.367394485588959,0.944376754464518,0.344977155911532,0.927426881680544
"gene-AM1_RS23250",432.227027106186,0.863326538772653,0.329981359199645,2.61628881360636,0.00888913336494214,0.0851500670782059
"gene-AM1_RS23255",78.892186640251,-0.00130539605410379,0.440289163195915,-0.00296486073976554,0.997634386856592,0.999709482207881
"gene-AM1_RS23260",74.0538500660824,0.00898439433206056,0.479483387970028,0.0187376550626654,0.98505038912566,0.99966258039135
"gene-AM1_RS23265",44.5316882570377,0.17312182552404,0.493798154800969,0.350592289260008,0.725894242089634,0.997177134360943
"gene-AM1_RS23270",81.5600106277229,0.31534579816697,0.481362029490799,0.655111493734879,0.512395972469604,0.98947674555308
"gene-AM1_RS23275",596.116808241114,0.116584130796265,0.406791498501263,0.286594314841373,0.774422968011959,0.997177134360943
"gene-AM1_RS23280",2814.47294257623,-0.381388436403223,0.40935172989579,-0.931688835174371,0.351497358083714,0.931803238918675
"gene-AM1_RS23285",344.000482163817,-0.141702354980269,0.437123773328403,-0.324169865897022,0.745809434797085,0.997177134360943
"gene-AM1_RS23290",1029.31146538408,1.0508304764483,0.460139064796545,2.28372367582599,0.0223877757134579,0.172521022295833
"gene-AM1_RS23295",11548.906444188,2.13650670537187,0.480213529268932,4.44907645276977,8.62403165616608e-06,0.000228109522004537
"gene-AM1_RS23300",383.89436321842,2.17627223883419,0.37434228118215,5.81358918891463,6.11473687381858e-09,3.62684191142048e-07
"gene-AM1_RS23305",32.9546198549875,0.114228573155985,0.437331627790671,0.261194402364744,0.793942594600102,0.997177134360943
"gene-AM1_RS23310",86.0266482499693,0.217161148342856,0.387634456997671,0.560221477793344,0.575328378929818,0.996143931444681
"gene-AM1_RS23315",1007.19798385487,-0.00601676535325799,0.387978228609405,-0.0155079973812534,0.987626904273275,0.999709482207881
"gene-AM1_RS23320",201.753825123843,0.0726648373565121,0.406693340095126,0.178672307098798,0.858195014978692,0.997177134360943
"gene-AM1_RS23325",190.606009268648,-0.149904758702557,0.338786264575076,-0.442475904064692,0.658144863108818,0.997177134360943
"gene-AM1_RS23330",176.73568572828,0.18649603860783,0.412095420187045,0.452555474950878,0.650868866412117,0.997177134360943
"gene-AM1_RS37740",178.439228402435,-0.300489146079627,0.350340773818364,-0.85770532160615,0.391055200788678,0.951680541682597
"gene-AM1_RS23340",167.087906189597,-0.444192017258367,0.404438559978488,-1.09829294536602,0.272076591416851,0.865383562256196
"gene-AM1_RS23345",20.3409948980274,-0.48263218962978,0.505556508267762,-0.95465527935437,0.33975205224862,0.92389306342344
"gene-AM1_RS44670",284.648750642288,0.0680272539937423,0.359529213883719,0.18921203442384,0.849926635925443,0.997177134360943
"gene-AM1_RS23355",553.038694903868,0.0027713544219582,0.361314886785165,0.0076701916342739,0.993880132523849,0.999709482207881
"gene-AM1_RS23360",298.563827049448,0.0463397341791415,0.349356127742371,0.132643255690406,0.894475521558906,0.997177134360943
"gene-AM1_RS23365",72.9825467157779,-0.0848669449632798,0.405819971214776,-0.209124614319104,0.834350960054015,0.997177134360943
"gene-AM1_RS23370",14.9835378811794,-0.425199018828122,0.568117545647167,-0.748434935843709,0.454197856597825,NA
"gene-AM1_RS23375",452.434928677608,-0.422364127782648,0.479730520480438,-0.880419547540276,0.378632070884905,0.946383626596995
"gene-AM1_RS23380",109.891050307905,-0.547135843151094,0.425132293561751,-1.28697784533657,0.198102010239789,0.756342655479871
"gene-AM1_RS23385",113.052087160734,-0.585068008133615,0.434705269169449,-1.3458958278823,0.178336114539207,0.72319728216452
"gene-AM1_RS23390",126.339694662673,-0.395424761035922,0.435152416603505,-0.908704044716861,0.363506368579465,0.938932567974885
"gene-AM1_RS23395",380.149457846886,-0.267110156687575,0.481549294302486,-0.554689124972093,0.579107315924956,0.997177134360943
"gene-AM1_RS23400",64.4724896157487,-0.2746436062541,0.472645327809784,-0.581077586288192,0.561188164009983,0.994977061149491
"gene-AM1_RS23405",34.8390708367359,-0.0934986714868268,0.437006545381595,-0.213952565413371,0.830584047910842,0.997177134360943
"gene-AM1_RS23415",70.2591501658008,0.00204767079645027,0.437963984344039,0.00467543192967606,0.996269558639264,0.999709482207881
"gene-AM1_RS23420",46.0875594192603,0.286437256804728,0.538303271592167,0.532111305876923,0.59464890739068,0.997177134360943
"gene-AM1_RS23425",59.4183921004958,-0.378975533643416,0.512610251838122,-0.739305412415147,0.459721563488336,0.982825588333525
"gene-AM1_RS23430",19.5018722797789,0.62402650353679,0.603143921783256,1.03462288352636,0.300845062865552,0.894285546343303
"gene-AM1_RS23440",17.4912886554134,-0.58462348174021,0.542681055338272,-1.07728743428457,0.281351874266576,0.876037665744249
"gene-AM1_RS23445",42.9750171633323,0.227965689419384,0.431294143567648,0.528561986800148,0.597109336000966,0.997177134360943
"gene-AM1_RS23455",83.4802137278686,-0.771775362288921,0.405651174921707,-1.90255916906411,0.0570980912562112,0.352184865395454
"gene-AM1_RS23460",308.862011958967,0.0469021738860079,0.755962943092084,0.0620429537116805,0.950528625752878,0.997889813204431
"gene-AM1_RS23470",59.4974891293625,-0.375688267218814,0.397451376296216,-0.945243342015296,0.344534656659563,0.927426881680544
"gene-AM1_RS23475",193.556503661364,-0.333564737139882,0.408515557118657,-0.816528847744704,0.414197731247149,0.961832601842463
"gene-AM1_RS23480",496.830144206911,-0.313245736738992,0.397789130867898,-0.787466806987791,0.431008651906452,0.971416527865743
"gene-AM1_RS23485",4157.53817550393,0.227765008644405,0.442167528501519,0.515110210413434,0.60647600816597,0.997177134360943
"gene-AM1_RS23490",55.7962431887693,-0.218875443853891,0.475963507775585,-0.459857615716812,0.645618424520994,0.997177134360943
"gene-AM1_RS23495",140.974189800824,-0.404703107394714,0.374293366943077,-1.08124573700036,0.279587817919651,0.872801524095794
"gene-AM1_RS23500",3094.71034144213,-0.136628282256617,0.345439744695504,-0.395519868094654,0.692459261809257,0.997177134360943
"gene-AM1_RS23505",299.827266523647,-0.126928783406347,0.385262172800743,-0.329460799339867,0.74180741909692,0.997177134360943
"gene-AM1_RS23510",75.5454219058454,-1.04446325278546,0.407746401397213,-2.56155112394967,0.0104205903170594,0.0962102300971268
"gene-AM1_RS23515",155.126309853516,0.521593307637689,0.393125020480306,1.32678735889266,0.184579033245738,0.731253919654119
"gene-AM1_RS23520",187.042423362433,-0.0651834064593521,0.404299334338165,-0.161225609154308,0.871915711775423,0.997177134360943
"gene-AM1_RS23525",140.759586777539,-0.839636581916407,0.63617621637848,-1.3198176233248,0.186895916161823,0.732743111922997
"gene-AM1_RS23530",199.171821350125,-1.36404422844589,0.522424147299018,-2.61099000782818,0.0090280531573772,0.0861995579514129
"gene-AM1_RS23535",309.91772203277,-0.301677153071905,0.552050664543703,-0.546466424999697,0.58474536084441,0.997177134360943
"gene-AM1_RS23540",241.006047049605,-0.332386945277929,0.565700312899462,-0.587567193615821,0.556822836625395,0.99354618231587
"gene-AM1_RS23545",808.425091620413,-0.0797397272828642,0.422573039631784,-0.188700460759036,0.850327590442599,0.997177134360943
"gene-AM1_RS23550",322.267762742836,-0.184460426322105,0.347291390260195,-0.531140222577659,0.595321613061056,0.997177134360943
"gene-AM1_RS23555",169.22300173534,0.116907518152556,0.479213728079916,0.243956947187163,0.807264163772189,0.997177134360943
"gene-AM1_RS23560",31.7424088076761,-0.108098213561274,0.430154735367794,-0.251300763825946,0.801581584661368,0.997177134360943
"gene-AM1_RS23565",151.576479520501,-0.0649977537942683,0.384495131384066,-0.16904701383421,0.865759661811379,0.997177134360943
"gene-AM1_RS23570",275.088051096706,-0.499846095759527,0.428967375971696,-1.16523102631587,0.243925489868886,0.832266401226088
"gene-AM1_RS23575",440.984365257686,-0.573200162979669,0.344901593770202,-1.66192378734433,0.0965280565105082,0.50071797511458
"gene-AM1_RS23580",24.4111658601128,-0.465055256266919,0.48756280289056,-0.95383662065645,0.340166349305429,0.92389306342344
"gene-AM1_RS23585",110.1363993204,2.11077823386096,0.43243299843393,4.88116827694745,1.05459202049764e-06,3.77595386851351e-05
"gene-AM1_RS23590",385.19147331155,1.00578018582374,0.443304288759483,2.26882575090409,0.0232789243608421,0.178218831612601
"gene-AM1_RS23595",323.32808928749,-0.469711408043102,0.391629446338944,-1.19937714703041,0.230381329572695,0.806921443311917
"gene-AM1_RS23600",44.7911399030628,-0.434353409966997,0.411607519958421,-1.05526111381754,0.291305920495357,0.890446832456396
"gene-AM1_RS23605",65.1934779613271,0.551817040166479,0.389995175414311,1.41493299136395,0.157088143828009,0.675684095759008
"gene-AM1_RS23610",499.657600293279,2.1610193702341,0.336137686010132,6.42897080623374,1.2847079538487e-10,1.14300077348479e-08
"gene-AM1_RS23615",11.2593536370988,0.728133110299031,0.614176274869983,1.18554418347269,0.23580235613376,NA
"gene-AM1_RS23620",251.868847544753,0.79390242603953,0.403014039996933,1.96991257685606,0.0488483907780404,0.310962616644749
"gene-AM1_RS23630",163.375722304825,0.242405631127765,0.380809646367236,0.636553284403935,0.524415862592439,0.992659241707204
"gene-AM1_RS23635",126.026750458058,-0.344026701852876,0.380533373387171,-0.904064468224312,0.365961217858794,0.940861343347646
"gene-AM1_RS23640",24.5114655643439,0.323043881406446,0.491731585035807,0.656951660697009,0.511211998963481,0.989201002062665
"gene-AM1_RS42290",20.7664747679081,-0.0260036070891542,0.517370185052552,-0.0502611241243306,0.959914303047699,0.998854654019967
"gene-AM1_RS23645",9.29384466660425,-0.403344491920956,0.610094964117871,-0.661117556517037,0.508536927043473,NA
"gene-AM1_RS23650",13.0106812858382,-0.460544298422711,0.564025034048432,-0.816531661931809,0.414196122394529,NA
"gene-AM1_RS23655",20.3189301712964,-0.314990638985857,0.504089003634909,-0.624871077755133,0.532055676003711,0.99354618231587
"gene-AM1_RS23660",43.6081649482698,-0.19653235591778,0.422978506282406,-0.464639108131331,0.642189921110038,0.997177134360943
"gene-AM1_RS23665",178.329882059715,-0.0454355378928255,0.410134957696711,-0.110781919561279,0.911789283189136,0.997177134360943
"gene-AM1_RS23675",34.2033754236826,0.0692972729269017,0.493755641380725,0.140347303644209,0.888385591246259,0.997177134360943
"gene-AM1_RS23680",94.4647559974483,0.234732636984404,0.382229616927241,0.614114204104405,0.539139862669285,0.99354618231587
"gene-AM1_RS23685",142.361062311567,-0.185551037013075,0.508255950296414,-0.365074008292204,0.715056162243491,0.997177134360943
"gene-AM1_RS39945",65.1234408837484,0.183484895282001,0.451289143463136,0.406579457848157,0.684316887211092,0.997177134360943
"gene-AM1_RS23700",16.1008209291234,-0.310997966222864,0.621707726522617,-0.500231785701558,0.61691187949284,NA
"gene-AM1_RS23705",123.165639090426,-0.363886094414697,0.380817076795321,-0.955540380376053,0.33930449498207,0.92388089255472
"gene-AM1_RS23710",125.811142168569,-0.596104048825786,0.431904386601383,-1.38017595402648,0.167532475765295,0.702177514413855
"gene-AM1_RS23715",705.492660338848,-0.353234356281987,0.328210174198724,-1.07624438256479,0.281817975236867,0.876037665744249
"gene-AM1_RS23720",19.3556736713354,-0.192082202004294,0.501485515477454,-0.38302642065627,0.701700174351464,0.997177134360943
"gene-AM1_RS23725",16.2117024235568,0.108764455611889,0.611456562993893,0.177877648543573,0.858819064776981,NA
"gene-AM1_RS23730",114.58106706799,-0.509404708742709,0.395386288985698,-1.28837221454873,0.197616426077914,0.755963292462223
"gene-AM1_RS23735",21.5920835943873,-1.10646416647555,0.657553678898043,-1.68269785719975,0.092433596770493,0.487664043339025
"gene-AM1_RS23740",398.093900746345,-0.410573398331904,0.412681508255952,-0.994891678250968,0.319788950679027,0.907311677187678
"gene-AM1_RS23745",99.6978349629606,-0.290151242090376,0.687564620043248,-0.421998505496292,0.673026108303232,0.997177134360943
"gene-AM1_RS23750",125.973460477064,-0.0839263582923963,0.540698412652853,-0.155218429217546,0.876649119951496,0.997177134360943
"gene-AM1_RS23760",38.1963933477978,1.46584024195686,0.512353053712578,2.86099639952409,0.00422311848056918,0.0454146573100775
"gene-AM1_RS23765",690.012627353179,1.94879862834364,0.361331615182279,5.39337978316827,6.91445923544038e-08,3.24813637044047e-06
"gene-AM1_RS23770",34.5494834140969,2.78536617748934,0.543736877885717,5.12263613297675,3.01293421802302e-07,1.21177737864597e-05
"gene-AM1_RS23775",989.797677925391,1.77879650631516,0.384109498522947,4.63096203857319,3.63970606943801e-06,0.000110166773400722
"gene-AM1_RS37745",111.672236666904,1.34139388850267,0.392477942751137,3.41775611413969,0.000631396574234327,0.00899893369879604
"gene-AM1_RS23785",126.203237838275,0.535335425622367,0.488415232077147,1.09606619626844,0.273049806569977,0.865643192518048
"gene-AM1_RS23790",88.870861070778,0.0462552190652678,0.393889083507904,0.117432091931382,0.906517654315819,0.997177134360943
"gene-AM1_RS42295",10.0072372108326,-0.452171704430011,0.707510733923748,-0.639102253505518,0.522756414025007,NA
"gene-AM1_RS23795",281.016901918046,0.387343625905562,0.340027199855595,1.13915482664346,0.254638583156078,0.850461733857687
"gene-AM1_RS23800",160.020712323757,1.8049517456742,0.45952321703148,3.92787932965431,8.56981883030953e-05,0.00166629060170787
"gene-AM1_RS23805",621.435062079248,-0.780994623995095,0.346167462414947,-2.25611794518956,0.024063245565393,0.183267675693888
"gene-AM1_RS23810",33.3963852779862,-0.156522000261679,0.469738931159713,-0.333210619514227,0.738975302531892,0.997177134360943
"gene-AM1_RS23815",212.669822226681,-0.193798892705174,0.341746760539004,-0.567083335038828,0.57065756459738,0.99593231790249
"gene-AM1_RS23820",233.982725457634,0.0321376601265003,0.400767074313075,0.0801903703830585,0.936085848819024,0.997177134360943
"gene-AM1_RS23825",120.408100801455,0.224599713784211,0.381185154232343,0.589214221200523,0.555717578438824,0.99354618231587
"gene-AM1_RS23830",317.089640651755,-0.501392019323902,0.466890245999377,-1.07389696747824,0.282868862652064,0.87744636106335
"gene-AM1_RS23835",1051.91475041499,-0.673489051897584,0.47827145556659,-1.40817321221842,0.159079786329893,0.679801633695542
"gene-AM1_RS23840",708.218775453613,-1.5275331595216,0.365229758788542,-4.1823896403962,2.88461049689297e-05,0.000639186144820964
"gene-AM1_RS23845",172.297673570189,0.105831653897563,0.456148401524885,0.232011454043844,0.816529117477915,0.997177134360943
"gene-AM1_RS23850",295.034841015458,0.300056686513662,0.427728187542185,0.701512538226321,0.482983212664559,0.986480257652949
"gene-AM1_RS42300",17.3813838214332,-0.16575201522909,0.542294794985243,-0.305649282939551,0.759871692621732,0.997177134360943
"gene-AM1_RS23855",21.7651564868991,-0.361362151987008,0.515232248225994,-0.70135779200782,0.483079755758356,0.986480257652949
"gene-AM1_RS39950",69.9842996472665,0.261392818352129,0.464978891464473,0.562160612342768,0.574006594571339,0.99593231790249
"gene-AM1_RS23885",44.8440485833215,0.218210230268526,0.434832756491389,0.501825649082274,0.61579016922159,0.997177134360943
"gene-AM1_RS23890",19.2225917300235,-0.118399808028783,0.531492875285114,-0.222768382295377,0.823715776940373,0.997177134360943
"gene-AM1_RS23895",30.7136377609098,0.372052204536246,0.565166958448807,0.658304946838018,0.510342199917589,0.989201002062665
"gene-AM1_RS23900",100.255300205658,0.146362942397869,0.387041329829598,0.378158431974974,0.705312903037418,0.997177134360943
"gene-AM1_RS23905",29.1287388507026,0.104804628523119,0.457724083547055,0.228969006199004,0.81889300569421,0.997177134360943
"gene-AM1_RS37755",10.6402730529136,-0.00922216557705458,0.60784436202002,-0.0151719192498669,0.987895024276176,NA
"gene-AM1_RS23915",24.3714510731923,-0.174531559301352,0.521668574789581,-0.334564065645991,0.7379539556478,0.997177134360943
"gene-AM1_RS23925",44.2038194605219,0.320923834829018,0.433044518147418,0.741087397207896,0.458640450533899,0.982825588333525
"gene-AM1_RS23930",23.0624423387005,-0.383187388475274,0.485051117497377,-0.789993826737955,0.429531373567764,0.971298466877678
"gene-AM1_RS23940",15.2798194612697,0.25147813719556,0.622703461653497,0.403848946861154,0.686323800529449,NA
"gene-AM1_RS23945",58.9868050669808,-0.127612223858727,0.465625189800607,-0.274066409322429,0.784033587304686,0.997177134360943
"gene-AM1_RS23955",57.6641555800636,0.14663561897645,0.412498293206985,0.355481759297537,0.722228707728055,0.997177134360943
"gene-AM1_RS43300",34.7995455744755,-0.345812376541511,0.445092105866994,-0.776945652333922,0.437190835389506,0.975695998293985
"gene-AM1_RS23965",30.1579430975149,0.217656471904857,0.460848769898678,0.47229478762135,0.636716390324661,0.997177134360943
"gene-AM1_RS23970",27.1419632814657,0.0610226582118338,0.58821696508112,0.103741751486917,0.917374292498415,0.997177134360943
"gene-AM1_RS23980",11.7805995157761,0.557235493271125,0.691070224200712,0.806337002749063,0.420048560262189,NA
"gene-AM1_RS23985",97.7884597816061,-0.263226905460096,0.399386486539667,-0.659078146936632,0.509845587821218,0.989201002062665
"gene-AM1_RS23990",58.9113526310872,-0.519517090991551,0.390965304442954,-1.32880612445075,0.183911941105897,0.731253919654119
"gene-AM1_RS23995",59.5611207702956,0.0529324197559633,0.409548108660221,0.129245914305707,0.897163066491944,0.997177134360943
"gene-AM1_RS24000",47.5096083943384,-0.632527213318184,0.705078460514478,-0.89710188119581,0.369664554999916,0.941314079340637
"gene-AM1_RS24010",34.540307899137,1.27397043212207,0.53307376058854,2.38985770133488,0.0168549018184601,0.140039190609846
"gene-AM1_RS24015",186.52163635759,0.830457689490475,0.505919821610872,1.64148083157972,0.100697642886666,0.513724204196786
"gene-AM1_RS24020",21.1799358154728,0.906767419235871,0.631799927136851,1.43521292150998,0.151226432594906,0.658754905190865
"gene-AM1_RS24025",242.771159379421,-1.22689278264994,0.53673295143162,-2.2858532895688,0.0222628428950136,0.172521022295833
"gene-AM1_RS24030",68.2846425965739,-1.14739501869483,0.501141798966018,-2.28956159925633,0.0220467432027494,0.17182460232546
"gene-AM1_RS24035",235.423473786335,1.18595930145441,0.549216615027532,2.1593653014211,0.0308218376334842,0.219376764344023
"gene-AM1_RS24040",261.279167280385,-0.260232934859783,0.430030998730462,-0.605149246514887,0.545079835142832,0.99354618231587
"gene-AM1_RS24045",115.091682985552,-0.703514026109825,0.464982978366552,-1.51298877344116,0.130282510554837,0.600333246299935
"gene-AM1_RS24050",72.7364036210176,-0.263156936705121,0.379608293795,-0.69323284292422,0.48816344036949,0.988029326430846
"gene-AM1_RS24055",186.513282779413,-0.879177809820118,0.37390174754609,-2.35136052610116,0.0187049005784683,0.152126282821005
"gene-AM1_RS24065",56.4219482043769,-0.0375417828849707,0.441656520749547,-0.0850022157971484,0.932259629135771,0.997177134360943
"gene-AM1_RS24070",82.1934001158169,-0.839738761422893,0.37131844881037,-2.26150562707899,0.0237279646407388,0.180948842039504
"gene-AM1_RS24075",220.236475036075,-0.285420900063734,0.373415549033748,-0.76435194196463,0.444657539550103,0.978877246244682
"gene-AM1_RS24080",124.4751109071,-0.674717205865609,0.366024096705366,-1.84336826984571,0.0652752595668373,0.383296324176468
"gene-AM1_RS24085",200.86082109077,-0.175270893886547,0.412280170596361,-0.425125694580506,0.670745047882652,0.997177134360943
"gene-AM1_RS24090",57.745186496332,-0.132669750650262,0.414017113239165,-0.320445088881201,0.748630950045708,0.997177134360943
"gene-AM1_RS24095",17.6098412149368,-0.536802339813594,0.558008247099221,-0.96199714359803,0.336051038771845,0.920378591263189
"gene-AM1_RS24100",107.530748635187,-1.64641137280908,0.521244374848338,-3.15861705613249,0.00158519634712532,0.0202198226027561
"gene-AM1_RS24105",2627.98967919334,-2.30423082878563,0.436295013204044,-5.28135953666745,1.2822877213957e-07,5.63663558488158e-06
"gene-AM1_RS24110",12229.1669069345,-2.26880237668164,0.411816348840325,-5.50925766563322,3.60350106938509e-08,1.82411709305425e-06
"gene-AM1_RS24115",28.3999401459018,-0.534807066417241,0.475531643826478,-1.12465084786743,0.260737017697797,0.855333948559478
"gene-AM1_RS24120",57.9757668845464,-0.470995018055414,0.432052071703029,-1.0901348446239,0.275653749165716,0.868834576007023
"gene-AM1_RS24125",606.160993304214,0.523966458131249,0.400511766170876,1.3082423598704,0.190791118612795,0.74193738310883
"gene-AM1_RS24130",75.8191054169074,-0.39461038796355,0.368340889269445,-1.07131844294074,0.284026269926237,0.87871562539877
"gene-AM1_RS24135",26.8956865559174,-0.418589102167755,0.475675404879432,-0.879988954387612,0.37886529329939,0.946383626596995
"gene-AM1_RS24140",45.530945364507,-0.350046769496998,0.457830913197909,-0.764576526849076,0.444523751129175,0.978877246244682
"gene-AM1_RS24145",112.449931300794,-0.0147524343155829,0.376504325573449,-0.039182642305938,0.968744772441995,0.999088916092384
"gene-AM1_RS24150",1720.4969684509,-0.462878622383999,0.494942923210542,-0.935216164687127,0.349676909639756,0.930569315030588
"gene-AM1_RS24155",126.811969719742,-0.139806156533936,0.372501821706392,-0.375316705549246,0.707424943501183,0.997177134360943
"gene-AM1_RS24160",48.9357660572634,-0.183057415229011,0.408851846666105,-0.447735326920286,0.654344222947215,0.997177134360943
"gene-AM1_RS24165",83.8990039902464,0.132728712830009,0.395118603233165,0.335921193646465,0.736930294592291,0.997177134360943
"gene-AM1_RS24170",33.1923075811041,0.087559371997572,0.440032583488698,0.19898383729536,0.842275387750646,0.997177134360943
"gene-AM1_RS24180",19.0870474220498,0.392946489997855,0.543392097026948,0.723136188670715,0.469596217914746,0.982825588333525
"gene-AM1_RS24185",38.3553923464303,-1.85668997799476,0.453247235176223,-4.09641765883663,4.19592635286922e-05,0.000886484544005782
"gene-AM1_RS24190",38.801200575761,-1.709088915535,0.461594776664656,-3.70257420996909,0.000213422904024933,0.00351041818609078
"gene-AM1_RS24195",214.917767505054,-2.54686666828175,0.36407251066247,-6.99549291334147,2.6432794520384e-12,3.16761978415703e-10
"gene-AM1_RS24200",614.896957554986,-0.123082222705868,0.438608651030089,-0.280619687771332,0.779002113906676,0.997177134360943
"gene-AM1_RS24205",1091.44656405306,-0.134991347965517,0.520617777386585,-0.259290700066277,0.795410954380448,0.997177134360943
"gene-AM1_RS24210",819.918955642139,-0.242940224107972,1.28728156383855,-0.188723454862157,0.85030956759358,0.997177134360943
"gene-AM1_RS24215",259.718541433142,-0.170154488333019,0.512769692928042,-0.331834136610911,0.740014506117064,0.997177134360943
"gene-AM1_RS24220",158.223235603514,-0.293393532806603,0.462821501859962,-0.633923730050418,0.526130598157869,0.992659241707204
"gene-AM1_RS24225",20.7143877160799,-0.0424696312072352,0.562762768705986,-0.0754663129277185,0.939843699469476,0.997177134360943
"gene-AM1_RS24230",24.9286901782828,-0.277181170611297,0.520556769531762,-0.532470590788052,0.594400105361995,0.997177134360943
"gene-AM1_RS24235",162.381750460075,-0.332623345164641,0.357815879266539,-0.92959358272881,0.352581551307818,0.932411011711044
"gene-AM1_RS24240",56.409748888706,0.527752590164037,0.441843500303021,1.19443330003066,0.232308517299444,0.811490549424353
"gene-AM1_RS24245",68.9498500381342,1.3104467616819,0.483628769432617,2.70961291905626,0.00673617712302767,0.0673847224300144
"gene-AM1_RS24250",117.942245285005,0.241590029606806,0.468429208410601,0.515745016043151,0.606032509550513,0.997177134360943
"gene-AM1_RS24255",404.721457657442,0.322623752825169,0.345394135186562,0.934074206705641,0.350265615943955,0.931081800281985
"gene-AM1_RS24260",62.2910481722021,-0.00951202823400068,0.499584667866336,-0.0190398722095003,0.984809297743886,0.99966258039135
"gene-AM1_RS24265",140.041695856516,0.0597867781294509,0.442849348016184,0.13500477848116,0.892608096241309,0.997177134360943
"gene-AM1_RS24270",110.096030168315,-0.100579250910186,0.627207022720116,-0.160360530521464,0.872597079282904,0.997177134360943
"gene-AM1_RS24275",35.9813511413725,0.018158729280677,0.507667745919793,0.0357689245113986,0.971466611850897,0.999088916092384
"gene-AM1_RS24280",79.3381906127509,-0.140380008476429,0.465033055786506,-0.301871032025897,0.762750379289744,0.997177134360943
"gene-AM1_RS24285",5364.70970662527,0.314038487341534,0.457684061426718,0.686146872501078,0.492620495810304,0.988029326430846
"gene-AM1_RS24290",1932.33288005071,-0.131893022302829,0.356206428033314,-0.370271314392153,0.711180345106245,0.997177134360943
"gene-AM1_RS24295",142.361503663387,-0.422350604463356,0.365859994249903,-1.15440499399032,0.248334168696254,0.842945371836704
"gene-AM1_RS24300",278.934702488916,-0.310690174676292,0.356282741723475,-0.872032625474266,0.38319057937771,0.946383626596995
"gene-AM1_RS24305",261.248460983621,-0.308598958071391,0.661462968968268,-0.466540037082855,0.640828996413114,0.997177134360943
"gene-AM1_RS24310",935.92346632375,0.0632304074734912,0.430227917560737,0.146969559372132,0.883156047472913,0.997177134360943
"gene-AM1_RS24315",67.1285043975991,-0.210612864630025,0.478707109754197,-0.439961847941153,0.659964739935802,0.997177134360943
"gene-AM1_RS24320",160.888960898346,-0.283810657953987,0.454121823547565,-0.624965908347852,0.531993433434951,0.99354618231587
"gene-AM1_RS24325",179.696985011668,0.31193869867087,0.373935577629885,0.834204385279492,0.404165820416975,0.957198044947986
"gene-AM1_RS24330",298.425765139126,0.313388067082832,0.371289212867882,0.844053789395566,0.398639348643014,0.953847172404751
"gene-AM1_RS24335",65.8493458958102,-1.1590283067686,0.445769227733934,-2.60006351865184,0.00932065064612892,0.0879917372895
"gene-AM1_RS24340",779.010150916335,-1.77578467321422,0.438138399575515,-4.05302222981293,5.05601960267508e-05,0.00104171744234765
"gene-AM1_RS24345",2148.55356025041,-1.67744845448588,0.446303074602422,-3.75854111240483,0.00017090695930666,0.00291734204956019
"gene-AM1_RS24350",2026.59174343926,-1.86912958482056,0.424058199014038,-4.40771948087882,1.04464721227292e-05,0.000270227684161523
"gene-AM1_RS24360",3036.14335390216,-1.46205498602161,0.74128987380929,-1.9723120977068,0.0485739894413029,0.310801316119434
"gene-AM1_RS24365",3467.90654169056,-1.78635850675119,1.19874053682352,-1.49019612825038,NA,NA
"gene-AM1_RS24370",1587.07900775117,-1.7353281613498,1.24037732238067,-1.39903247990632,NA,NA
"gene-AM1_RS24375",11229.8685468299,-1.44918260075709,0.784775713304952,-1.84662009308889,0.0648022199896675,0.382418825916432
"gene-AM1_RS24380",636.375270817913,-1.88453048405995,1.29559482831754,-1.45456777294118,NA,NA
"gene-AM1_RS24385",401.390763354142,-1.16172431905089,0.528502382695963,-2.19814395750644,0.0279388488746433,0.204305006963768
"gene-AM1_RS24390",1128.25699584631,-0.479386604072938,0.510699019638927,-0.938687143773788,0.347891396054699,0.930245117319305
"gene-AM1_RS24395",61.6412444885868,-0.346014298445869,0.430506513374451,-0.803737661792144,0.421548498496143,0.968507314876059
"gene-AM1_RS24400",301.979400736825,0.346159840407194,0.413904958066162,0.83632687567821,0.40297103766721,0.95605896290176
"gene-AM1_RS24405",169.542135634674,0.0514275545389008,0.377365976473499,0.136280316046225,0.891599684217501,0.997177134360943
"gene-AM1_RS24410",15.641372970243,-0.271231509126424,0.56170926463977,-0.482868142294872,0.629189363271346,NA
"gene-AM1_RS24415",27.1076939472453,0.171812937589088,0.605974001867408,0.283531862851572,0.776769160285659,0.997177134360943
"gene-AM1_RS24420",78.9377764638137,-0.051583729094946,0.384175850892377,-0.134271139050322,0.893188174257195,0.997177134360943
"gene-AM1_RS41205",14.4183730776621,0.207957935092904,0.611769039257844,0.339928832203056,0.733910123216871,NA
"gene-AM1_RS24430",121.365586765665,-0.259404375285695,0.450731250871763,-0.575518947896288,0.564940379760686,0.994977061149491
"gene-AM1_RS24435",18.3489759004593,0.0234734669141322,0.548536094954911,0.0427929303650686,0.965866599580291,0.999088916092384
"gene-AM1_RS39955",14.7420933577372,0.628389391749275,0.56569112004888,1.11083481687847,0.266639456929875,NA
"gene-AM1_RS24450",29.0647924929959,0.33182799036946,0.475686056470772,0.697577710877991,0.485441324803912,0.988029326430846
"gene-AM1_RS42310",2160.85270298573,-0.209232426333496,0.44573531675879,-0.469409576640575,0.638776904427664,0.997177134360943
"gene-AM1_RS24460",29.2587303324715,0.161880674381492,0.468119869655551,0.345810303887776,0.729485280992826,0.997177134360943
"gene-AM1_RS24465",18.240305947555,0.157523353724357,0.537917584605318,0.29283919736503,0.769645065756147,0.997177134360943
"gene-AM1_RS24470",20.6274158877505,-0.542213194067256,0.499576976114555,-1.08534464154914,0.277769040932605,0.870792177529596
"gene-AM1_RS24475",106.146226967552,-0.230856962607886,0.517470451297432,-0.44612588415255,0.65550631641245,0.997177134360943
"gene-AM1_RS24480",1381.53152588745,0.150299513352749,0.354775745163893,0.42364652996026,0.671823615919011,0.997177134360943
"gene-AM1_RS24485",31.1796276557603,-0.228849907010399,0.470215537684125,-0.486691503512444,0.626476967267095,0.997177134360943
"gene-AM1_RS24490",112.124583103234,-0.0600294635864635,0.451763177562388,-0.13287816840312,0.894289732869087,0.997177134360943
"gene-AM1_RS24495",68.7848922896506,-0.128141365959289,0.454116484472626,-0.282177305472849,0.777807559138602,0.997177134360943
"gene-AM1_RS41215",21.7449506836756,0.232540964869297,0.49248694606476,0.472176910936272,0.636800518735712,0.997177134360943
"gene-AM1_RS24505",829.468811721888,0.261902666004593,0.510456017323852,0.513075871605276,0.607898248814051,0.997177134360943
"gene-AM1_RS24510",796.153721120636,-0.076625560904103,0.384219694341119,-0.199431632559869,0.841925118233338,0.997177134360943
"gene-AM1_RS24515",187.545389712027,-0.226206826129656,0.438521753279739,-0.515839463921315,0.60596653718446,0.997177134360943
"gene-AM1_RS24525",27.9086519677522,-0.213756245032874,0.485458575718298,-0.440318197524051,0.659706662611466,0.997177134360943
"gene-AM1_RS24530",48.0422316304729,-0.368685518403687,0.562821049168256,-0.655067039423162,0.51242459229383,0.98947674555308
"gene-AM1_RS24535",37.8644686312068,-0.297439795884756,0.436666614605855,-0.681159919114109,0.495770306310151,0.989035047236538
"gene-AM1_RS24540",154.010526286036,0.0128334444166335,0.366320286743123,0.0350333980428246,0.972053109424092,0.999088916092384
"gene-AM1_RS24545",590.090757100861,-0.306547382704324,0.543584948139165,-0.563936480864153,0.572797361497032,0.99593231790249
"gene-AM1_RS24550",1708.9620391669,-0.0321400246197829,0.458268254844739,-0.0701336483162508,0.944087285146992,0.997177134360943
"gene-AM1_RS24555",1041.9133246638,0.100045216336804,0.515446091797661,0.194094431850065,0.8461019414637,0.997177134360943
"gene-AM1_RS24560",59.9146917279284,-0.381686663191815,0.650933921494835,-0.586367756523261,0.557628407217062,0.99354618231587
"gene-AM1_RS24565",144.760994395873,-2.88395701373206,0.484160295335167,-5.9566161073485,2.57514180897477e-09,1.75828287236045e-07
"gene-AM1_RS24570",484.602923201527,-0.59154408883667,0.429303118492175,-1.3779170552367,0.168228898546705,0.70308903364146
"gene-AM1_RS24575",31.3761343768865,-0.255391488433855,0.509019257692504,-0.501732468024099,0.615855722419698,0.997177134360943
"gene-AM1_RS24580",21.9718083542077,0.576879107148751,0.501361524455805,1.1506250061269,0.249886540921737,0.845238345790577
"gene-AM1_RS24585",52.9095303855299,0.457017222616517,0.398631574138632,1.14646518807258,0.25160272332977,0.849086891604832
"gene-AM1_RS24595",241.066731275781,0.83946192773603,0.537787784035381,1.56095387931088,0.118534633257234,0.568914500333074
"gene-AM1_RS41225",34.8437353580956,1.07926941123445,0.455278743862668,2.37056841722443,0.017760756468799,0.145861765013689
"gene-AM1_RS24600",191.497267354496,1.25045033620564,0.388375769281465,3.21969194555856,0.00128328417126936,0.0168584910439355
"gene-AM1_RS24605",257.185941126493,1.23141735233811,0.457588693534399,2.69110091603594,0.00712166485066483,0.0707587411220032
"gene-AM1_RS24615",468.139264430158,-1.14567487319969,0.384481001534092,-2.97979579908607,0.0028844059326777,0.0329518125227305
"gene-AM1_RS24620",470.550759275272,0.0165009185438081,0.39588106159425,0.0416815052413909,0.966752597826112,0.999088916092384
"gene-AM1_RS24625",34.4946136357825,-0.171724679970062,0.447482170021442,-0.383757591865243,0.701158122557632,0.997177134360943
"gene-AM1_RS24630",42.9795028666414,-0.0597692024163474,0.417550599170917,-0.143142418032747,0.886177705111942,0.997177134360943
"gene-AM1_RS24635",205.609366293236,-0.176091997756675,0.348222776020076,-0.505687766231933,0.613075857828163,0.997177134360943
"gene-AM1_RS24640",79.4861376429268,-0.145183480582728,0.380329253833675,-0.381731037303323,0.702660875899946,0.997177134360943
"gene-AM1_RS24645",64.7043669791068,0.803873031181272,0.524806907492985,1.53175009647147,0.125584114958819,0.58627760390589
"gene-AM1_RS24650",67.2644957637187,0.626538813192057,0.539552068293505,1.1612202973731,0.245552322445582,0.836844595125047
"gene-AM1_RS24655",34.2281804927545,0.517266948310355,0.535363803117008,0.966197089341324,0.333945569072179,0.919335313668911
"gene-AM1_RS24660",66.6310417608978,0.487151578535865,0.480009673114955,1.01487866978714,0.310163667100206,0.89847150485718
"gene-AM1_RS24665",106.687131846715,-0.170943355669687,0.410423019031097,-0.416505282947434,0.677040302400072,0.997177134360943
"gene-AM1_RS24670",49.2753778390457,0.215758317967576,0.404241213514033,0.533736568055513,0.593523805331633,0.997177134360943
"gene-AM1_RS24675",674.719843000444,-0.246063476361902,0.382350783689139,-0.643554261842334,0.519864517568758,0.991822910981087
"gene-AM1_RS24680",33.6595992406102,-0.0526179080833794,0.452074472333761,-0.11639212409351,0.907341777034238,0.997177134360943
"gene-AM1_RS39965",25.4042078440731,-0.347082675072186,0.57455360208757,-0.604091026165537,0.545783125423465,0.99354618231587
"gene-AM1_RS24695",28.0789039500613,0.106335514834393,0.604793256992021,0.175821263886539,0.860434363700772,0.997177134360943
"gene-AM1_RS24710",76.3835831337433,-0.318837865861001,0.433760578799456,-0.73505496221779,0.46230602169691,0.982825588333525
"gene-AM1_RS24715",241.651424048457,-0.430451181637807,0.387128230077516,-1.11190853106119,0.266177480313752,0.860679605948432
"gene-AM1_RS24720",22.5964873287369,0.527531016910036,0.512570472181288,1.02918729333955,0.303391672135052,0.895215277186309
"gene-AM1_RS24725",41.4430584718166,0.249786690803728,0.444053287250973,0.562515125943774,0.573765100863995,0.99593231790249
"gene-AM1_RS24730",98.1866336673142,1.65622362353194,0.439200105063375,3.77100006224488,0.000162594632533132,0.00282300544847139
"gene-AM1_RS24735",92.8035726936435,-0.158568187712754,0.526422409040493,-0.301218536653436,0.763247855655726,0.997177134360943
"gene-AM1_RS24740",3113.27870180292,-0.0879117856596602,0.398433729023808,-0.22064343266081,0.825370080010492,0.997177134360943
"gene-AM1_RS24750",69.3738157918178,0.0421748336322667,0.416534517064625,0.101251713614224,0.919350646081072,0.997177134360943
"gene-AM1_RS24755",43.9307305181487,0.0655349519827159,0.437876498101229,0.149665378861154,0.881028624126173,0.997177134360943
"gene-AM1_RS24760",12.2451455362863,0.072042487230133,0.643295850310458,0.111989665711919,0.910831600590753,NA
"gene-AM1_RS24765",117.158025967627,0.0441375777916784,0.387313468501708,0.113958282841083,0.909270863412397,0.997177134360943
"gene-AM1_RS24770",12.1553128365718,-0.0111812365032718,0.567146222133375,-0.0197149096069309,0.984270796945247,NA
"gene-AM1_RS24775",51.8946894427491,-0.469325972013995,0.424070847759978,-1.10671595204684,0.268416756260215,0.862260690382301
"gene-AM1_RS24780",67.7085980100134,0.468641223461912,0.419678997405146,1.11666589550465,0.264137205105153,0.857121505737998
"gene-AM1_RS24795",134.079634244123,0.0625703593560353,0.411678605131601,0.151988368052388,0.879196110014382,0.997177134360943
"gene-AM1_RS24800",569.78942793464,0.990899062126123,0.391185071924827,2.53306972387878,0.0113068459886332,0.102459567353787
"gene-AM1_RS24805",168.524353817721,0.0790274749263991,0.367371595989275,0.215115909311362,0.82967695041961,0.997177134360943
"gene-AM1_RS24810",56.0168660032801,0.201054535937361,0.422399772041833,0.475981639302232,0.634087458597107,0.997177134360943
"gene-AM1_RS24815",771.53925950134,1.05356013269759,0.528080895669768,1.99507337102463,0.0460348781799915,0.297378222962498
"gene-AM1_RS24820",693.39131843121,-0.107238681512764,0.400966747641015,-0.267450311387851,0.789122466824243,0.997177134360943
"gene-AM1_RS24830",30.5528695809301,0.179229438710191,0.488227544148533,0.367102267904131,0.713542735679277,0.997177134360943
"gene-AM1_RS24835",21.890706540004,-0.179911778578051,0.607900506300367,-0.295955961071623,0.767263713502096,0.997177134360943
"gene-AM1_RS24840",16.6879958951127,-0.102151900141397,0.531158656786599,-0.192318997038277,0.847492338662676,NA
"gene-AM1_RS24845",32.3319526399134,-0.0926238372271373,0.476882305512294,-0.19422787584378,0.845997456702296,0.997177134360943
"gene-AM1_RS24850",67.7346658470757,0.151594291052316,0.380003918796098,0.398928230878741,0.689946086992826,0.997177134360943
"gene-AM1_RS24855",17.9636640510966,1.07254684950436,0.571176109632784,1.87778660804617,0.0604103630123422,0.36518529772351
"gene-AM1_RS24860",351.466538552763,-0.0631742012715607,0.41637816296736,-0.151723137499199,0.879405307354892,0.997177134360943
"gene-AM1_RS24865",3153.56854398419,2.74009284147758,0.427186314159429,6.41428049227009,1.4148949344339e-10,1.24003926193968e-08
"gene-AM1_RS24870",104.315132936117,0.0823458798172171,0.391143093023972,0.210526227577206,0.833256983671159,0.997177134360943
"gene-AM1_RS24875",249.151139742597,-0.0876130675353687,0.346509121579673,-0.252844909640348,0.80038806208427,0.997177134360943
"gene-AM1_RS24880",1649.95800613782,0.114373150687057,0.332797126616889,0.343672290232006,0.731092752413663,0.997177134360943
"gene-AM1_RS24885",299.734472481979,-0.0605292455650804,0.362451404866233,-0.16699961636904,0.867370350779303,0.997177134360943
"gene-AM1_RS24890",125.109511226556,0.318988924125598,0.390145277809838,0.817615750513013,0.413576631002454,0.961832601842463
"gene-AM1_RS24900",162.932558188125,-0.0878625474718094,0.357190849158498,-0.245982078428951,0.805696105687822,0.997177134360943
"gene-AM1_RS24905",317.084016781515,-0.546172189544472,0.352638141962252,-1.54881768178933,0.121425553775265,0.574218646317701
"gene-AM1_RS24910",207.994423502369,-0.0751768816885456,0.45510703250662,-0.165185058280663,0.86879832547303,0.997177134360943
"gene-AM1_RS24915",459.603162030126,0.0244314044798927,0.416139799500211,0.0587096079472215,0.953183406505117,0.99823309488105
"gene-AM1_RS24920",333.177420227912,-0.300106307731235,0.461810698271716,-0.649847023584241,0.515791040832234,0.991398497019674
"gene-AM1_RS24925",80.5884395162972,-0.204004573743251,0.490033324042096,-0.416307552434385,0.677184966796452,0.997177134360943
"gene-AM1_RS24930",340.196587250217,-0.86812138025143,0.363797153585346,-2.3862786492302,0.0170198497110667,0.140602264349106
"gene-AM1_RS24935",142.44889903992,-1.70988562207545,0.461059317738169,-3.70860224767538,0.000208406503360891,0.00343753648240211
"gene-AM1_RS24940",6509.92073800653,-0.804040346357731,0.407548457903022,-1.97287054033966,0.0485103137851346,0.310801316119434
"gene-AM1_RS24945",150.79537557261,-0.40523606053185,0.351709707579324,-1.15218901212857,0.249243411881537,0.844330151341968
"gene-AM1_RS24950",145.351152985462,-0.372532513144764,0.412570020669137,-0.902955848659491,0.366549327984983,0.940861343347646
"gene-AM1_RS24955",7502.57127095421,-2.07218971323223,0.453681942236899,-4.56749436183246,4.93588950174047e-06,0.00014277607465133
"gene-AM1_RS24960",170.641031145979,-0.823455833036586,0.405046140961866,-2.03299266370275,0.0420532641953614,0.279377114030211
"gene-AM1_RS37775",62.1388808948149,-0.562456780233426,0.438848184977265,-1.28166595986392,0.199959850918685,0.759485281109002
"gene-AM1_RS24970",28.4249266043196,-0.4208348067295,0.468921533949559,-0.897452508066666,0.369477504604193,0.941245946653286
"gene-AM1_RS24975",73.9665454959913,-0.201019630934116,0.373993523575173,-0.537494951817556,0.590925771030745,0.997177134360943
"gene-AM1_RS24980",8571.45569727507,-0.197536102782108,0.404956940478624,-0.487795325963886,0.6256948224379,0.997177134360943
"gene-AM1_RS24985",3324.42323211151,-0.194402284075073,0.357834106206851,-0.543274888287747,0.586940551411317,0.997177134360943
"gene-AM1_RS24990",842.102602082589,-0.419981941824534,0.344087297542108,-1.22056799197343,0.222249631507505,0.797824267626311
"gene-AM1_RS24995",84.1579393269899,0.262833748666783,0.505541167468335,0.519905727921249,0.603129282931583,0.997177134360943
"gene-AM1_RS25000",287.183459334646,1.61783520897925,0.350856616915346,4.61110074879846,4.00542341250011e-06,0.000118787102415155
"gene-AM1_RS25005",164.365150523681,1.06458507980653,0.354304766743331,3.00471565650075,0.00265829233625717,0.0309712154732184
"gene-AM1_RS25010",366.928526153424,0.0228634798137212,0.359642092238572,0.0635728695476347,0.949310334995275,0.997889813204431
"gene-AM1_RS25015",302.563755355687,-0.256718388368885,0.334008221021548,-0.768599011077405,0.442131392760343,0.977851426850746
"gene-AM1_RS25020",35.0693299359434,1.25429838806246,0.55034572953067,2.27910987722592,0.0226605345196403,0.174394048098726
"gene-AM1_RS25025",1233.36931900588,1.50024234058007,0.33937397637366,4.4206169153296,9.84195179868518e-06,0.000256853070941686
"gene-AM1_RS25030",233.623790538043,3.22106446185468,0.528609478558792,6.09346709150323,1.10491057467852e-09,8.11004361814035e-08
"gene-AM1_RS25040",224.315165187134,0.689233172310624,0.40585532913236,1.69822378280475,0.0894655334498103,0.475852909798266
"gene-AM1_RS25045",59.3997272090189,0.736481437557153,0.469940432704542,1.56718040479864,0.117072529333761,0.568140406816399
"gene-AM1_RS25050",158.870553363899,-0.344858645495986,0.397208475647429,-0.868205656825135,0.385281758026114,0.948584688943119
"gene-AM1_RS25055",379.845341525944,0.651310823314851,0.384072031573535,1.69580383306341,0.0899230363504027,0.477853456515443
"gene-AM1_RS25060",376.189199753019,0.646063585262129,0.367393297611363,1.75850672688523,0.0786613280046256,0.43939196513196
"gene-AM1_RS37780",940.390647827074,-1.34237919035975,0.660839164255707,-2.03132511353448,0.0422220254461607,0.280144331547859
"gene-AM1_RS25070",374.412206025385,-1.28812294211748,0.662716844006388,-1.94370032053246,0.0519315999589429,0.327542808763601
"gene-AM1_RS25075",105.817138553634,0.342064835198404,0.411092554954048,0.832087156714963,0.405359750677418,0.957230215163916
"gene-AM1_RS25080",473.689124606511,0.0551774982988659,0.412986067176656,0.133606198088188,0.893713982770737,0.997177134360943
"gene-AM1_RS25085",251.360056284039,-0.00615301281485711,0.345390270373611,-0.0178146674722521,0.985786703666281,0.999709482207881
"gene-AM1_RS25090",317.982518823736,-0.0972244158723905,0.381969493690065,-0.254534504661986,0.799082650775359,0.997177134360943
"gene-AM1_RS25095",174.603923176246,-0.174963220008078,0.368693519687904,-0.47454921409029,0.635108311981068,0.997177134360943
"gene-AM1_RS25100",170.186807105711,0.250059316585619,0.426242717513761,0.586659446158269,0.557432449308107,0.99354618231587
"gene-AM1_RS25105",311.84575779728,0.0472659193411294,0.366476238513684,0.128974035350356,0.897378193997552,0.997177134360943
"gene-AM1_RS25110",564.536908293709,-0.102001595193141,0.342277061918357,-0.298008854643817,0.765696405485599,0.997177134360943
"gene-AM1_RS25115",147.995646331333,0.0317645056743628,0.464000360227965,0.0684579332196138,0.945421105906321,0.997177134360943
"gene-AM1_RS25120",515.744116217633,-2.24914632246543,0.379402944059301,-5.92812037355696,3.0642184901535e-09,2.04466942888425e-07
"gene-AM1_RS25125",1071.62765834058,0.24874955629008,0.359498644079973,0.691934616128188,0.488978390652479,0.988029326430846
"gene-AM1_RS25130",114.459999219151,0.368593016552159,0.559578017730495,0.658698170537645,0.510089608015166,0.989201002062665
"gene-AM1_RS25135",2189.88342383604,-0.270037135395542,0.468719620662864,-0.576116559860787,0.564536399002287,0.994977061149491
"gene-AM1_RS25140",918.999709327846,-0.0371423776634839,0.333651166959958,-0.11132098833013,0.911361812564612,0.997177134360943
"gene-AM1_RS25145",1106.92904182343,0.0179739235183248,0.385890667257573,0.0465777616392253,0.962849756430593,0.999088916092384
"gene-AM1_RS25150",259.657120037941,-0.243107769472725,0.36627052594199,-0.663738281554298,0.506857833443378,0.989201002062665
"gene-AM1_RS25155",345.714735949591,-1.20751869803733,0.405457745602056,-2.97816162383162,0.00289983026011029,0.0330636957036264
"gene-AM1_RS25160",356.669799767976,-0.391352038460278,0.464765641338376,-0.842041673591253,0.399764627262958,0.953847172404751
"gene-AM1_RS25165",1492.65733657745,0.583993866454663,0.376631902511107,1.55056930270914,0.121004933383489,0.574218646317701
"gene-AM1_RS25170",97.909674376489,-0.915819729082887,0.598192392756033,-1.5309785617023,0.125774691149231,0.586319200024239
"gene-AM1_RS25175",5033.2646400706,0.133958693795164,0.344342720020875,0.389027227835812,0.697256004879205,0.997177134360943
"gene-AM1_RS25180",33.1006880147379,0.0723866575565816,0.592687890854982,0.122132843733588,0.902793811038996,0.997177134360943
"gene-AM1_RS25185",134.802189058551,0.439714406597566,0.401766670405693,1.09445217582025,0.273756711257836,0.865643192518048
"gene-AM1_RS25190",43.5311726460579,0.298690609946552,0.440135715911785,0.678632974212929,0.497370444412221,0.989152769345463
"gene-AM1_RS25195",233.463862631684,1.45687835620025,0.381928155637439,3.81453510220716,0.000136439543152235,0.00248041175662514
"gene-AM1_RS25200",2092.42032945984,0.929537962012896,0.387765454763415,2.39716547875578,0.0165224600327838,0.137970143301814
"gene-AM1_RS25205",160.680466038083,0.511086027050643,0.487734065126626,1.04787847229402,0.294694601892638,0.892154652167842
"gene-AM1_RS25210",493.992757599366,0.616039804634551,0.354031280565879,1.74007167855304,0.0818464325518643,0.448741598454293
"gene-AM1_RS25215",1458.3768772406,-1.05008631188789,0.367106748896334,-2.8604385918942,0.00423055475964108,0.0454146573100775
"gene-AM1_RS25220",90.5270760092559,-1.24752723389544,0.366928627998851,-3.39991796415337,0.000674060731836735,0.00951462648400314
"gene-AM1_RS25225",656.734037897296,-0.749944399356609,0.424734487011138,-1.76567814079327,0.0774498620993748,0.43520152176797
"gene-AM1_RS25230",392.931029134147,-0.408815270405802,0.467171116513087,-0.875086785024626,0.38152668689846,0.946383626596995
"gene-AM1_RS25235",852.635939707048,0.0938161954833397,0.336624940373449,0.278696508283851,0.780477742374427,0.997177134360943
"gene-AM1_RS25240",18076.7030299958,-0.214330110321354,0.494297949530877,-0.433605096935498,0.664575232889358,0.997177134360943
"gene-AM1_RS25245",503.38155117465,-0.216123848190705,0.4154710153472,-0.520189953588207,0.602931186826695,0.997177134360943
"gene-AM1_RS25250",365.389996097866,-0.37051806295216,0.441173919923938,-0.839845798264865,0.400994851124424,0.955171930570576
"gene-AM1_RS25255",84264.8120745071,-0.278306310444805,0.559700273454471,-0.4972416910342,0.619018624800997,0.997177134360943
"gene-AM1_RS25260",615.444937109193,-0.10639938938556,0.594025253558831,-0.179115936146008,0.857846669124542,0.997177134360943
"gene-AM1_RS25265",692.904533342783,-0.102538333377669,0.596605244149161,-0.17186964811867,0.863540008769857,0.997177134360943
"gene-AM1_RS25270",608.059445549785,0.431261128434756,0.524179911560512,0.822734940663537,0.410658741026737,0.959469112980649
"gene-AM1_RS25275",328.915025602277,1.17158808904145,0.510810431644498,2.29358685035005,0.0218142414241229,0.170790967523266
"gene-AM1_RS25280",170.733339937537,-0.404000624090276,0.408923491123388,-0.987961398305613,0.323171553678609,0.907870319432565
"gene-AM1_RS25285",137.318658154526,-0.0765076373277885,0.443496378462585,-0.172510173798957,0.863036463729491,0.997177134360943
"gene-AM1_RS25290",243.758351644146,0.00627530390076316,0.424613883871761,0.0147788476522317,0.988208614867985,0.999709482207881
"gene-AM1_RS25295",142.011395331589,0.0529493777021027,0.359766240652765,0.14717717150456,0.882992178862757,0.997177134360943
"gene-AM1_RS25300",199.60186967973,-0.0372040138635707,0.43940041089819,-0.0846699569249856,0.932523781074353,0.997177134360943
"gene-AM1_RS43305",35.3069885935852,-0.117170312036392,0.627193027773962,-0.186816987510613,0.851804127293896,0.997177134360943
"gene-AM1_RS43310",16.5993664686574,-0.101967176703721,0.560463225225927,-0.181933750715967,0.855634717249614,NA
"gene-AM1_RS25320",346.134817387554,-0.113911215666451,0.364404193626878,-0.312595786927434,0.754587779378323,0.997177134360943
"gene-AM1_RS25325",22.8121368081769,-0.328567457196434,0.532674391709101,-0.616826080454546,0.537349447583594,0.99354618231587
"gene-AM1_RS42335",114.963083714485,0.215278647439451,0.45121583496777,0.477107917666117,0.633285276900549,0.997177134360943
"gene-AM1_RS25330",337.413290462307,0.12589378411806,0.359752105742079,0.349945926955376,0.726379278808799,0.997177134360943
"gene-AM1_RS25335",14.0003211936305,-0.129964610008087,0.614463213073296,-0.211509179464229,0.832489970059987,NA
"gene-AM1_RS42340",15.7684495909106,-0.0980015009896104,0.525708045969368,-0.186418111233018,0.852116890656217,NA
"gene-AM1_RS25340",222.765122816296,-2.48421824131819,0.382427105030598,-6.49592617426902,8.25241207758892e-11,7.45510211070802e-09
"gene-AM1_RS25345",888.910156488125,-2.69828034643961,0.396878694239666,-6.79875333597569,1.05528316661238e-11,1.14162982591087e-09
"gene-AM1_RS25350",108.880673718174,-3.07152595309532,0.430841623778817,-7.12913001802296,1.0100529097314e-12,1.34796151953245e-10
"gene-AM1_RS25355",68.7546143103294,0.0300968667172357,0.384119571659858,0.0783528592078272,0.937547371094461,0.997177134360943
"gene-AM1_RS25360",192.752093112867,0.392645216889009,0.434855596869243,0.902932421051656,0.366561762421239,0.940861343347646
"gene-AM1_RS25365",814.672252931569,-0.415207984952938,0.470823471905312,-0.881876137722466,0.37784379245977,0.946383626596995
"gene-AM1_RS25370",670.968235206966,-0.608451518818671,0.390207714341296,-1.55930161413079,0.118925009882625,0.568962262058148
"gene-AM1_RS25375",191.930715814757,-0.869918777420699,0.380048373953221,-2.28896855516549,0.0220811794655741,0.17182460232546
"gene-AM1_RS25380",130.848849816662,-0.0360154306604576,0.381923270611658,-0.0943001734426348,0.924870712143186,0.997177134360943
"gene-AM1_RS25385",21.3537836993344,0.781883110091341,0.491870249069034,1.58961252804213,0.111922171385501,0.551348146288306
"gene-AM1_RS25390",31.3488716708622,2.28865190097467,0.606204387439035,3.77537996820393,0.000159763943051849,0.00280670390656193
"gene-AM1_RS25395",114.85965725712,0.176361132201262,0.373256513848803,0.472493113067819,0.63657485632418,0.997177134360943
"gene-AM1_RS25410",81.1612334473106,0.225773191400116,0.386516086407455,0.584123660928596,0.559137116983828,0.993720687327191
"gene-AM1_RS25415",103.869077302471,0.153091225812763,0.368410420498312,0.415545319281937,0.677742746289505,0.997177134360943
"gene-AM1_RS25420",164.669628497529,0.12584187985863,0.381188220871202,0.330130557473732,0.741301314840243,0.997177134360943
"gene-AM1_RS25425",146.256019022315,-0.171026308140376,0.43498746265588,-0.393175258652627,0.694190042014163,0.997177134360943
"gene-AM1_RS25430",102.770835483081,-0.301287655963679,0.419426360809574,-0.718332666030183,0.472552193253192,0.983283656549519
"gene-AM1_RS25435",533.640526538237,0.937112367936098,0.33490414899634,2.79815096571509,0.00513960843236544,0.0538924655622319
"gene-AM1_RS25440",265.802081839083,-0.289597781687484,0.356070171585912,-0.813316601044215,0.416036561392015,0.963340416703143
"gene-AM1_RS25445",86.8133550832367,0.574510147057331,0.512742822224935,1.12046453339779,0.262515858110094,0.856577511684301
"gene-AM1_RS25450",50.390103677487,1.1476853110721,0.627738126038011,1.82828677033806,0.0675065242852293,0.392085371516188
"gene-AM1_RS25455",281.659005724219,1.56138179310975,0.401788939723592,3.88607459972366,0.000101878211041416,0.00191740017703587
"gene-AM1_RS25460",441.284605167109,-0.486683543233329,0.356346694036564,-1.36575854744254,0.172014761136217,0.709817763451769
"gene-AM1_RS25465",514.478678448067,-0.56900632908251,0.34106214459862,-1.66833621993478,0.0952490016458964,0.496715930430465
"gene-AM1_RS25470",649.651350347206,-3.46110804870878,0.406397825526479,-8.51655159381079,1.6437444249726e-17,5.11880264457987e-15
"gene-AM1_RS25475",225.658305027285,-0.509734978197173,0.423927552962632,-1.20241058792917,0.22920448900599,0.80688774546953
"gene-AM1_RS25480",541.817594813744,-1.16255749615199,0.373735365598677,-3.11064352791371,0.00186680148307009,0.0231511264273671
"gene-AM1_RS25485",353.890302552676,-1.46478796905921,0.508381693125374,-2.88127599570737,0.00396068653930088,0.042909873355673
"gene-AM1_RS25490",442.622505971003,-1.7437597317086,0.49992685434511,-3.48802973185523,0.000486593966754837,0.0071253859670434
"gene-AM1_RS25495",160.164916830211,0.330131884586386,0.416271165864216,0.793069305919862,0.427737444703991,0.971298466877678
"gene-AM1_RS25500",140.176015456469,0.35830422374145,0.344736437064949,1.03935698469247,0.298638741612962,0.894285546343303
"gene-AM1_RS25505",114.567208428074,0.115623414227002,0.386004043858175,0.299539385834735,0.7645285251465,0.997177134360943
"gene-AM1_RS25510",10.8952603454934,-0.139265705272196,0.60786127851625,-0.229107709594753,0.81878520143461,NA
"gene-AM1_RS25515",72.9007882174408,-0.00483211695969961,0.419117139455173,-0.0115292754812678,0.990801172887817,0.999709482207881
"gene-AM1_RS25520",192.912885602658,-0.19178754427524,0.362266479591297,-0.529410130607754,0.596520972058339,0.997177134360943
"gene-AM1_RS25525",92.2115886179911,-0.424124383416132,0.387926539181799,-1.09331107974897,0.274257239835688,0.866172827758083
"gene-AM1_RS25530",43.0142614455355,0.229242423782972,0.52040540632094,0.440507383279557,0.659569665985308,0.997177134360943
"gene-AM1_RS25535",42.7194418863076,-0.293765892410181,0.411049209659158,-0.714673293384439,0.47481094387978,0.984495007931521
"gene-AM1_RS25540",107.858795271241,0.104367113380244,0.44214591037401,0.23604676857004,0.813396379292533,0.997177134360943
"gene-AM1_RS25545",23.4500007164788,-0.548017685276226,0.544874867948744,-1.00576796162266,0.314527202328952,0.902249014204009
"gene-AM1_RS43315",35.6244463669132,-0.0104404867856174,0.435591416319924,-0.0239685319647099,0.980877709346908,0.99966258039135
"gene-AM1_RS25555",59.1054257484865,0.308323671937217,0.428428294929217,0.719662252905488,0.471732972578763,0.983283656549519
"gene-AM1_RS39980",29.2242448862188,-0.316034058033941,0.464567393198553,-0.680276021651116,0.496329704316082,0.989035047236538
"gene-AM1_RS25575",877.594734731484,-0.534694174765665,0.545836813578783,-0.979586135387131,0.327290451512691,0.912461210980843
"gene-AM1_RS25580",31.8907830053873,-0.246208465891265,0.433416410537892,-0.568064475421472,0.569991188579841,0.99583107983958
"gene-AM1_RS25585",33.0053780126407,0.00859994020891012,0.468744531912579,0.0183467531318616,0.985362230126896,0.99966258039135
"gene-AM1_RS25590",25.9217878294355,0.26471594460207,0.483994267450681,0.546940247859538,0.584419783545731,0.997177134360943
"gene-AM1_RS25595",87.1630671216363,-0.161061710328446,0.479856803988422,-0.335645361261424,0.737138313051195,0.997177134360943
"gene-AM1_RS25600",35.8129707272571,-0.532429043165396,0.479542459899079,-1.11028550689223,0.266876016399577,0.861200392138838
"gene-AM1_RS25605",268.479132582191,0.0891038238809121,0.352857653197865,0.252520593143965,0.800638698723177,0.997177134360943
"gene-AM1_RS25610",1411.59654851203,-0.453815017998101,0.368387762249956,-1.23189493382297,0.217988334133438,0.78867991252714
"gene-AM1_RS25615",16.2660808705699,0.681317419945868,0.533437743967402,1.27722012109346,0.20152454522887,NA
"gene-AM1_RS25620",99.2899202473635,0.142569047254664,0.476164167265579,0.299411541345879,0.764626057140187,0.997177134360943
"gene-AM1_RS25625",224.347086723629,0.514539297637994,0.426245834646492,1.20714211334107,0.227377418827151,0.803563775881306
"gene-AM1_RS37785",77.2191792460431,0.961473274506154,0.448760110892393,2.14251055557097,0.0321524201871164,0.227468688359937
"gene-AM1_RS42345",17.435203862986,-0.0275547358908133,0.564759725088523,-0.0487901928319947,0.961086497854086,0.998854654019967
"gene-AM1_RS25635",23.7579422224746,-0.579047399695114,0.534729792705878,-1.08287850722694,0.278862352922218,0.870999859765565
"gene-AM1_RS25640",406.540307231161,-2.72919601571834,0.40153830296678,-6.79685099915396,1.06930586555003e-11,1.14162982591087e-09
"gene-AM1_RS25645",593.491663319101,-2.86651888859087,0.398186657541047,-7.19893254659187,6.06857609188136e-13,8.48444733607794e-11
"gene-AM1_RS25650",549.875049790238,-2.20793157281758,0.402088554553163,-5.49115747716627,3.99308111524212e-08,2.00404891527365e-06
"gene-AM1_RS25655",23.9471090057318,0.511925065539773,0.487146753198209,1.05086416398937,0.293320981265953,0.892154652167842
"gene-AM1_RS41250",27.4049778522129,1.25280997734445,0.559860519318843,2.23771802817725,0.0252394488468103,0.188797507806969
"gene-AM1_RS25670",48.5735020066271,2.2017181883922,0.465604672603069,4.72872872190692,2.25930013326201e-06,7.25807225617408e-05
"gene-AM1_RS25675",44.9719546000937,0.942498665179492,0.420049336622151,2.2437808681205,0.0248465039588374,0.18681007842035
"gene-AM1_RS25680",56.7934774459902,0.129655927574164,0.394732976936869,0.328464899437322,0.742560179573829,0.997177134360943
"gene-AM1_RS25685",167.422956921043,-0.0339451879310012,0.347168844657132,-0.0977771722705299,0.922109234399424,0.997177134360943
"gene-AM1_RS25690",23.0953556254393,0.168461495715633,0.502044006071821,0.335551253830791,0.737209288394815,0.997177134360943
"gene-AM1_RS39985",45.3377974554331,-0.37758551070112,0.490462014789261,-0.769856786693989,0.441384850000041,0.977667369113699
"gene-AM1_RS38865",12.6657630522787,-0.75298421846676,0.570838601017344,-1.31908426852143,0.187140941810165,NA
"gene-AM1_RS25705",12.3527609261442,0.181991485918818,0.595436403494682,0.305643868683019,0.759875815428995,NA
"gene-AM1_RS25710",60.2271504899571,-0.0482652055508299,0.421876612055454,-0.114405975993013,0.908915976944782,0.997177134360943
"gene-AM1_RS25715",185.430312780169,0.330896549364105,0.357061892466785,0.926720426753145,0.354071709011388,0.932960986796839
"gene-AM1_RS25720",113.491963369567,-0.038761022491467,0.367505526035664,-0.105470584101382,0.916002410264305,0.997177134360943
"gene-AM1_RS25725",51.3711195018571,-0.435317905669469,0.409569859762743,-1.06286606617401,0.287842693688781,0.887250549785051
"gene-AM1_RS25730",132.699438277724,-0.640479033166934,0.417480446512592,-1.53415336818084,0.124991926595446,0.585289149097653
"gene-AM1_RS25735",313.655067527829,-0.645791439126674,0.379867266662912,-1.70004497834171,0.0891224654974536,0.474888491289517
"gene-AM1_RS25740",980.53855346791,-0.27768678460249,0.363838617441841,-0.76321415949443,0.445335685680339,0.978877246244682
"gene-AM1_RS25745",124.748332465332,-0.241909016296858,0.360071488922085,-0.671836076277631,0.501688059082761,0.989201002062665
"gene-AM1_RS25750",202.647169737199,-0.0625354621172729,0.450847398501296,-0.138706494315267,0.889682085991506,0.997177134360943
"gene-AM1_RS25755",330.559164778327,0.576158102727786,0.519373790619267,1.10933226345675,0.267286871700886,0.861420697380683
"gene-AM1_RS25760",135.227836778437,-0.137282149511536,0.446383797340025,-0.30754285959659,0.758430205378529,0.997177134360943
"gene-AM1_RS37790",55.2543480670582,0.221979094289129,0.428544102992925,0.517984246519417,0.604469260718716,0.997177134360943
"gene-AM1_RS25770",43.1899493152781,0.0234542439357147,0.423383730303378,0.0553971309169306,0.955822081526181,0.998373313302674
"gene-AM1_RS37795",405.757806696664,-0.187469377284142,0.395826931210996,-0.473614508013886,0.635774827842029,0.997177134360943
"gene-AM1_RS25780",106.661907759502,-0.466592215729719,0.386916175831709,-1.20592584356738,0.22784608486695,0.803563775881306
"gene-AM1_RS25785",78.288419809267,-0.451273691716096,0.640987047534864,-0.704029345759206,0.481414498529253,0.986441366799053
"gene-AM1_RS25790",3572.0468173813,-0.285036639948326,0.45801310352438,-0.622332937103739,0.533722967643647,0.99354618231587
"gene-AM1_RS25795",15.8043139050426,-0.327222451636736,0.536044132955562,-0.610439386459739,0.541570784086524,NA
"gene-AM1_RS25800",72.288559131587,0.0329555333773122,0.496550780456931,0.0663689086280081,0.947084122928763,0.997177134360943
"gene-AM1_RS25805",30.1222954229476,-0.243153237718693,0.448552609846624,-0.542084099793413,0.587760571678484,0.997177134360943
"gene-AM1_RS25810",13.894664866468,-0.0928432089113671,0.560870331335378,-0.165534177374504,0.868523551224005,NA
"gene-AM1_RS25820",108.315123206727,1.56109111240452,0.397676553640951,3.92552967508861,8.65391000547025e-05,0.0016770877739974
"gene-AM1_RS25825",25.8497535997185,0.269466028706309,0.486646647707289,0.553720096451561,0.579770419559428,0.997177134360943
"gene-AM1_RS25830",24.6839952186404,0.479575932367529,0.767775163224117,0.624630693123292,0.532213470271921,0.99354618231587
"gene-AM1_RS25835",14.1260093333474,0.250481772791497,0.612681282821371,0.408828831261238,0.682665280082503,NA
"gene-AM1_RS25840",27.9980773241725,0.102700021966045,0.466957117597078,0.219934589485498,0.825922097270502,0.997177134360943
"gene-AM1_RS25845",28.2338298870535,-0.339402268272433,0.47439352384848,-0.715444564923777,0.474334383465888,0.983875589834479
"gene-AM1_RS25850",36.2234657836242,-0.164951253460127,0.490930330504058,-0.335997275399068,0.736872921076597,0.997177134360943
"gene-AM1_RS25855",42.9349173174779,-0.0687639645526385,0.414327392647405,-0.165965286806796,0.8681842683778,0.997177134360943
"gene-AM1_RS25860",20.6348783306783,-0.40461466311048,0.504558151664494,-0.801918791274487,0.422599935424104,0.968993062826186
"gene-AM1_RS25865",69.6217284534237,-0.178774534383552,0.399407454354455,-0.447599393638001,0.654442340846346,0.997177134360943
"gene-AM1_RS25870",15.7934718753005,-0.605292877155921,0.551898259234144,-1.09674721206019,0.272751911796285,NA
"gene-AM1_RS25875",48.1510964049913,0.0378853092564558,0.430139826916972,0.0880767296718346,0.929815691520047,0.997177134360943
"gene-AM1_RS25880",14.8355258660214,0.515630752175878,0.568407818114902,0.907149296232313,0.364327852427262,NA
"gene-AM1_RS25885",18.7533351749265,-0.164439978950138,0.556357571388843,-0.295565275654728,0.767562095382997,0.997177134360943
"gene-AM1_RS25890",20.2724972826094,0.494017155891513,0.492843815177438,1.00238075568353,0.316159732995819,0.904169375678628
"gene-AM1_RS39995",12.496579768325,0.14547882536092,0.578613032212245,0.25142680386009,0.801484146653543,NA
"gene-AM1_RS25900",53.811727565722,-0.255495753313617,0.422572804782102,-0.604619489049614,0.54543185422325,0.99354618231587
"gene-AM1_RS25905",41.855803100245,-0.075938468499945,0.447717527330986,-0.169612453978836,0.865314927611561,0.997177134360943
"gene-AM1_RS25910",58.0831746007148,-0.682139207607802,0.516882749529868,-1.31971749536668,0.186929356549838,0.732743111922997
"gene-AM1_RS25915",26.2916624481789,-0.448809512752893,0.470239785661984,-0.954426925235766,0.339867582436763,0.92389306342344
"gene-AM1_RS25920",207.192335317289,-0.0877791577319544,0.414602549063636,-0.211718808604048,0.832326413580168,0.997177134360943
"gene-AM1_RS42350",125.372581387756,-0.527256645956052,1.49400215659517,-0.352915585582333,NA,NA
"gene-AM1_RS25925",254.550292666556,-0.437322549185987,0.438278382473453,-0.997819118337364,0.318367077766005,0.906764324510265
"gene-AM1_RS25930",131.434657906519,-0.281183359903643,0.4411272644492,-0.637420043067921,0.523851276318541,0.992659241707204
"gene-AM1_RS25935",957.296887691587,0.640613017065329,0.443655876476953,1.44394124146941,0.148755504390119,0.651859941625952
"gene-AM1_RS37805",46.4908583780633,-0.0882038017981237,0.417925495267092,-0.211051497927288,0.832847086737562,0.997177134360943
"gene-AM1_RS25945",331.055633494694,0.37709540282928,0.372873927533647,1.01132145474358,0.311862600667323,0.899438698977662
"gene-AM1_RS25950",19.9682459811847,-0.473024361121499,0.570522920320399,-0.829106674374895,0.407044047332059,0.957539570110794
"gene-AM1_RS25955",296.43481418301,-0.343866608837631,0.373942799961792,-0.919570075617891,0.357797470362174,0.934261438423126
"gene-AM1_RS25960",147.724635373022,0.0510469970767996,0.35912816002363,0.142141449095612,0.886968278897654,0.997177134360943
"gene-AM1_RS25965",419.610566905223,0.477784897848156,0.44472226841669,1.07434444321661,0.282668332759825,0.877287764252479
"gene-AM1_RS25970",918.006879833352,0.851006345891245,0.377410566721861,2.25485564244524,0.0241423913468628,0.183632282368884
"gene-AM1_RS25975",486.238785254324,-0.0799313616655483,0.404815272564226,-0.197451447815291,0.843474272447424,0.997177134360943
"gene-AM1_RS25980",179.934599289839,0.0845194059001091,0.387665573838156,0.21802143807434,0.82741240801679,0.997177134360943
"gene-AM1_RS25985",657.472642863371,0.0347429085675646,0.336450083090418,0.103263189143656,0.917754090200711,0.997177134360943
"gene-AM1_RS25990",762.717560250218,0.092773041261229,0.350258340356762,0.264870327332486,0.791109357516635,0.997177134360943
"gene-AM1_RS25995",133.060127227263,-0.0328857133923122,0.398207589543645,-0.0825843460944578,0.934182048758607,0.997177134360943
"gene-AM1_RS26000",101.219585601634,-0.185540559184335,0.375983730913089,-0.493480286324473,0.621673265799982,0.997177134360943
"gene-AM1_RS26005",76.1891791552619,-0.334644284988132,0.372272668043905,-0.898922520276628,0.368693931618798,0.941245946653286
"gene-AM1_RS26010",135.023877274457,0.70466371487284,0.452309285553185,1.55792449410146,0.11925114804295,0.569766266320748
"gene-AM1_RS26015",542.055085180133,-0.537194544737909,0.392780440036926,-1.36767132469073,0.171414979623758,0.708707992090292
"gene-AM1_RS26020",1075.49280844875,0.0168184922526288,0.347722171480061,0.0483676153897284,0.961423268260066,0.998854654019967
"gene-AM1_RS26025",115.100967762345,-0.256698103257238,0.385674525140542,-0.665582211227709,0.505678179728963,0.989201002062665
"gene-AM1_RS26030",8922.91990518042,-0.424125436199928,0.351536393452119,-1.2064908330969,0.227628291539297,0.803563775881306
"gene-AM1_RS26035",4727.3330708521,-0.24409450915437,0.326681654027975,-0.747193808237137,0.454946581071606,0.982825588333525
"gene-AM1_RS26040",259.176028269308,-0.446902481873396,0.357525095963985,-1.24998912501072,0.211303519974402,0.774032607167618
"gene-AM1_RS26045",165.575021952968,0.597429535851553,0.366985159700784,1.62793922331535,0.103537773457296,0.520971555905094
"gene-AM1_RS26050",296.880845475586,0.606372815511465,0.416049417090058,1.45745382784711,0.144991147788917,0.639997850598616
"gene-AM1_RS26055",155.149737463706,0.472336493318829,0.39024387785603,1.21036234037497,0.226139886004943,0.803151746756207
"gene-AM1_RS26060",150.832479725769,0.41839879871746,0.378832957200011,1.10444139234845,0.269401713637609,0.863026111554851
"gene-AM1_RS26065",52.4973465478982,0.17976022817025,0.426251652792515,0.421723240232811,0.673227039103992,0.997177134360943
"gene-AM1_RS37810",34.0679421855943,0.124629096839351,0.483406328674505,0.257814367430983,0.79655017563588,0.997177134360943
"gene-AM1_RS26075",72.1124115208086,0.553276466920329,0.437213356161869,1.26546103663743,0.205706107189329,0.76270920401304
"gene-AM1_RS37815",11.9481106897374,0.573004927967917,0.609258256483874,0.940495958601891,0.346963221689623,NA
"gene-AM1_RS37820",52.145179510419,0.419961515737577,0.423405835079848,0.991865205774453,0.32126328417412,0.907311677187678
"gene-AM1_RS26085",58.2446704295191,0.219876611772711,0.478955611272109,0.459075134726405,0.646180211974056,0.997177134360943
"gene-AM1_RS26090",38.0923497737907,0.992540658324284,0.537240534130256,1.84747909971298,0.0646777344889448,0.382418825916432
"gene-AM1_RS26095",139.07963420069,1.16722626975697,0.388194759627575,3.00680583858675,0.00264008330420011,0.0308202170223918
"gene-AM1_RS26100",36.225080218619,1.60860388952829,0.466887810780211,3.44537563925726,0.000570266304066562,0.00820736210166386
"gene-AM1_RS37825",95.0690630487486,1.14105210288659,0.434669651401094,2.62510184276397,0.00866230534078574,0.0836596331596938
"gene-AM1_RS26110",99.2000124519866,1.02925366514579,0.407157123553351,2.52790287976116,0.0114746088688108,0.103362116691477
"gene-AM1_RS26115",88.0675638769179,0.969412989851311,0.475783521430857,2.03750854366694,0.0415991066508164,0.277264420265146
"gene-AM1_RS26120",200.083433587179,0.158616988851024,0.348338389769119,0.455353166661177,0.648855182546122,0.997177134360943
"gene-AM1_RS26125",515.994816227732,0.0706075815923158,0.408945672922902,0.17265760776402,0.862920567359712,0.997177134360943
"gene-AM1_RS26130",234.507008396694,-0.159110497824636,0.363521297838361,-0.437692368427293,0.661609302408492,0.997177134360943
"gene-AM1_RS26135",58.1142766928586,-0.580478161811949,0.400869995929545,-1.44804591939071,0.147604208722578,0.648420658794297
"gene-AM1_RS26140",55.5726661110077,-0.485968958194619,0.416421895034471,-1.16701106255326,0.24320590206686,0.831260219404308
"gene-AM1_RS26145",35.1589709413251,0.238401673126277,0.425661279474801,0.560073665663053,0.575429192006192,0.996143931444681
"gene-AM1_RS26150",15.0717269445451,-0.621629317156162,0.541306318028147,-1.14838732978513,0.250808701856838,NA
"gene-AM1_RS26155",179.86958815469,-0.287821640697757,0.336948593935673,-0.854200450388897,0.392993933690367,0.952791238080031
"gene-AM1_RS26160",249.01615518628,-0.530072420048776,0.342076138645167,-1.54957437881575,0.121243706451496,0.574218646317701
"gene-AM1_RS26165",972.119943746479,-0.180625598026814,0.510390828658833,-0.353896637409118,0.723416347137785,0.997177134360943
"gene-AM1_RS26170",111.988233629035,0.0734880040752043,0.435892848952243,0.168591901087269,0.866117651369277,0.997177134360943
"gene-AM1_RS26175",39.1569412407421,-0.125055112557941,0.448127186132227,-0.27906165130772,0.780197512290316,0.997177134360943
"gene-AM1_RS26180",118.869875629314,0.111063354355301,0.363340517514344,0.305672912878253,0.759853699153949,0.997177134360943
"gene-AM1_RS26185",131.997660853592,-1.93598759249802,0.364498765186187,-5.31136941303247,1.08804522525074e-07,4.84015269899422e-06
"gene-AM1_RS26190",127.473494225383,-0.0765236795994749,0.377206017552423,-0.202869721156662,0.839236861164391,0.997177134360943
"gene-AM1_RS26195",86.3371054673621,0.247613497579711,0.511796664193552,0.483812253778324,0.628519117812738,0.997177134360943
"gene-AM1_RS26200",117.454215942543,-0.147733155108701,0.468672897838134,-0.315215912398936,0.752597724620636,0.997177134360943
"gene-AM1_RS26205",415.628727467307,-0.0683637589482137,0.422923364482206,-0.161645737004653,0.871584837995717,0.997177134360943
"gene-AM1_RS26210",1240.47961285908,-0.288321386706315,0.335607541126151,-0.859102825099923,0.390283788825224,0.950956832841625
"gene-AM1_RS26215",167.573922192069,-0.289292729959932,0.385728172821012,-0.749991186394809,0.453260012984151,0.982825588333525
"gene-AM1_RS26220",747.226130676909,0.160680870449309,0.387165122464488,0.415018970269067,0.67812801595663,0.997177134360943
"gene-AM1_RS26225",299.352359558017,-0.40986277471407,0.583701417595805,-0.702178823553736,0.482567650192713,0.986441366799053
"gene-AM1_RS40000",27.1695203195385,-0.352448566789917,0.634176669597534,-0.555757699212731,0.578376506552535,0.997130606716526
"gene-AM1_RS26255",30.6471083855645,0.296665777627092,0.441449413433593,0.672026666248406,0.501566720222045,0.989201002062665
"gene-AM1_RS26260",14.2616253082789,0.918780118983813,0.544844100124391,1.68631745993771,0.0917346698539328,NA
"gene-AM1_RS26265",12.0253478766286,1.29968023134943,0.639513409219201,2.03229551188965,0.0421237485604427,NA
"gene-AM1_RS26270",14.4207783350287,1.80080339919331,0.599007665700913,3.00631110803256,0.00264438291747262,NA
"gene-AM1_RS26275",22.5364094027252,1.26923040442044,0.496424788546091,2.55674259969514,0.0105657367581876,0.0970923415400271
"gene-AM1_RS26280",14.0111493989377,1.06115727351217,0.579212449902262,1.83206917201319,0.0669411156061389,NA
"gene-AM1_RS26285",22.7284811739863,0.420856938820204,0.640718515482754,0.656851532537821,0.511276385190922,0.989201002062665
"gene-AM1_RS26290",79.4173001875706,0.708316107714771,0.459436643704012,1.54170573336135,0.123145118078252,0.578949666417529
"gene-AM1_RS26300",36.1681788361068,-0.107952635786441,0.440309920472728,-0.245174207454922,0.806321546480739,0.997177134360943
"gene-AM1_RS26305",10.9172485640286,0.137779294944808,0.621271579728775,0.221769833741561,0.824493063906611,NA
"gene-AM1_RS26315",14.667316047461,-0.0872723509513704,0.647697908162538,-0.134742369631785,0.892815572514134,NA
"gene-AM1_RS40005",11.5278530131894,-0.113288576960794,0.655916500936729,-0.172717985900651,0.862873105559914,NA
"gene-AM1_RS26330",10.8235877974157,0.222850810394968,0.613883918330982,0.36301783405705,0.716591562141379,NA
"gene-AM1_RS41270",9.73742867763918,-0.0610058626987898,0.625992981293052,-0.0974545474499985,0.922365428232075,NA
"gene-AM1_RS26340",29.2227641987052,0.248146106144327,0.524329028032132,0.473264101123008,0.636024770439267,0.997177134360943
"gene-AM1_RS26345",59.8351594168233,0.177857764056169,0.397618672352258,0.447307373680383,0.654653143736541,0.997177134360943
"gene-AM1_RS26350",31.947854357984,-0.0420477921592269,0.476777938201063,-0.0881915642277366,0.929724421964116,0.997177134360943
"gene-AM1_RS40010",19.7136729162445,0.189664981307852,0.533709020406649,0.355371511546387,0.722311288322325,0.997177134360943
"gene-AM1_RS26370",6.73599649190028,-0.340840813326719,0.777797862782588,-0.438212586631897,0.661232185289465,NA
"gene-AM1_RS26380",103.433212499328,-0.145317153529276,0.443287835856396,-0.327816695552981,0.74305026304378,0.997177134360943
"gene-AM1_RS26385",26.810316354811,-0.061576634688528,0.468355807103845,-0.13147404975994,0.895400313656577,0.997177134360943
"gene-AM1_RS26390",31.3958862312648,-0.310017030074817,0.486341851810035,-0.637446744344572,0.523833888682861,0.992659241707204
"gene-AM1_RS26395",30.4267552141116,0.0958492374144175,0.479375490371146,0.199946053437585,0.841522772167574,0.997177134360943
"gene-AM1_RS26400",12.5043753463747,0.3564655250396,0.605778775180042,0.588441754060558,0.556235818670367,NA
"gene-AM1_RS26405",38.6463138582015,0.121078632306155,0.458837257266271,0.263881431572352,0.791871284122625,0.997177134360943
"gene-AM1_RS26410",45.2810369486659,-0.142654513609709,0.409966492799938,-0.347966275573951,0.727865510845846,0.997177134360943
"gene-AM1_RS43335",7.40137578018604,-0.398946692932151,0.67301437444269,-0.592775887234965,0.553331146950714,NA
"gene-AM1_RS26420",10.1063891385077,-0.454634345698207,0.676482019348105,-0.672056806678052,0.501547532779179,NA
"gene-AM1_RS26425",30.0073440112984,0.500807840754726,0.477882837236585,1.04797201684561,0.294651499746139,0.892154652167842
"gene-AM1_RS26430",61.8845707023704,0.0537547732779136,0.395381471625111,0.135956733270704,0.891855485134196,0.997177134360943
"gene-AM1_RS26435",39.6835953489393,-0.177715872925272,0.469484277096082,-0.378534237662878,0.70503376458887,0.997177134360943
"gene-AM1_RS44485",24.1377706015741,-0.146882644557955,0.536725441956936,-0.273664397242678,0.784342540455176,0.997177134360943
"gene-AM1_RS41290",9.87268703450587,0.295062494382619,0.66093294360926,0.44643332918363,0.65528426205371,NA
"gene-AM1_RS26450",18.7393255796674,-0.257305204973311,0.557224340817774,-0.461762321071067,0.644251773903413,0.997177134360943
"gene-AM1_RS26455",34.6202992068085,-0.557639650574629,0.506003953319665,-1.10204603524578,0.270441658480858,0.8642939995074
"gene-AM1_RS26465",8.97131226182572,-0.107884865745367,0.628813110758271,-0.171569046350308,0.863776343993582,NA
"gene-AM1_RS26480",15.4326244318478,0.0810808976945246,0.615863377989456,0.131654033333206,0.895257945025888,NA
"gene-AM1_RS26485",45.969741517361,-0.0635209975003135,0.589368867010241,-0.107777999578674,0.914171795009068,0.997177134360943
"gene-AM1_RS26490",47.6203646360981,0.233768696761447,0.440884865697098,0.530226176831511,0.5959551237762,0.997177134360943
"gene-AM1_RS41300",91.8120791089158,-0.600514340579086,0.63218478610654,-0.949903183019471,0.342161449340761,0.925459249437562
"gene-AM1_RS26495",166.259717091606,0.398274927408926,0.410538992040573,0.97012691883251,0.331983232655921,0.917466566242291
"gene-AM1_RS26500",104.911179401005,-0.256929346831741,0.383055207391179,-0.670737120587852,0.502388010834102,0.989201002062665
"gene-AM1_RS26505",16.0960043542628,1.3387901849526,0.54887552092597,2.43915083458999,0.0147218219708452,NA
"gene-AM1_RS26510",31.2030575500767,0.195025184781613,0.460888146771926,0.423150792979978,0.672185245680477,0.997177134360943
"gene-AM1_RS26515",19.7104476665903,0.430164251868818,0.540514145970691,0.795842726921236,0.426123453814961,0.971298466877678
"gene-AM1_RS26520",71.6871894264875,0.822647407683032,0.435388370745605,1.88945654720691,0.0588306799790584,0.358136459542485
"gene-AM1_RS26525",11.5101943229884,0.588620022272045,0.628456153887866,0.936612711373132,0.348957811002407,NA
"gene-AM1_RS26530",19.9528889607089,0.00383616397662861,0.587013813397751,0.0065350489018719,0.994785822490659,0.999709482207881
"gene-AM1_RS26535",45.1047446393956,-0.283700043871621,0.401700167308098,-0.706248259174927,0.48003376375508,0.986441366799053
"gene-AM1_RS26540",37.0706934831412,0.243573211945182,0.431029869920819,0.565095899246905,0.572008537591558,0.99593231790249
"gene-AM1_RS26545",25.3989797996246,0.44179144953815,0.528990218876804,0.83515995905595,0.403627650982442,0.957198044947986
"gene-AM1_RS26555",82.9723419232086,0.781845037684164,0.596570531145772,1.31056597144105,0.190004442089164,0.739367848871818
"gene-AM1_RS37835",2567.94666428943,1.33235504478483,0.569648382575307,2.33890779916099,0.0193402057758849,0.156211400709761
"gene-AM1_RS26565",424.16709186226,0.352617995129431,0.576958763661405,0.61116671994321,0.541089213155606,0.99354618231587
"gene-AM1_RS26570",69.7722482062853,0.0482361871409665,0.555325123565091,0.0868611649177666,0.930781868709988,0.997177134360943
"gene-AM1_RS26575",87.6393067714259,0.121717371730915,0.450618818848446,0.270111603509953,0.787074395491387,0.997177134360943
"gene-AM1_RS26580",122.641819425271,-0.01658437266119,0.491858775012203,-0.0337177529480459,0.973102222216036,0.999088916092384
"gene-AM1_RS26585",43.2672560318668,-0.523481428706466,0.584042698103949,-0.896306777579635,0.370088940294395,0.941413609128933
"gene-AM1_RS26590",70.7421233597336,0.0606385592307686,0.407888958521726,0.148664380253232,0.881818469276904,0.997177134360943
"gene-AM1_RS26595",169.022363945683,1.34363112331698,0.395343792151758,3.39863974087952,0.000677218568941344,0.00953627682691504
"gene-AM1_RS26600",488.289036244491,0.936654593888459,0.476404382026652,1.96609147444,0.0492880450441907,0.312885838377825
"gene-AM1_RS26605",142.674564060881,2.13688033553482,0.45155798536486,4.73223905853025,2.22056669749207e-06,7.2039600263389e-05
"gene-AM1_RS26610",339.871128819054,0.726420517141747,0.337442019152885,2.15272691576869,0.0313401468585589,0.222257659847172
"gene-AM1_RS26615",4787.99049396648,0.900944894748274,0.367208971223994,2.45349369255662,0.0141476020516644,0.121276962404925
"gene-AM1_RS26620",4787.30102475176,0.64182672830975,0.364864395994766,1.75908292328681,0.0785634249612633,0.43939196513196
"gene-AM1_RS26630",270.606545910552,0.242547203192368,0.518552067830285,0.467739342371595,0.639971002849601,0.997177134360943
"gene-AM1_RS26635",1277.76927154397,0.230173693481542,0.588429290203793,0.39116627488381,0.695674335002071,0.997177134360943
"gene-AM1_RS26640",97.5869033577893,0.619487935674275,0.548566471422345,1.12928508749002,0.258777589640289,0.853675284476279
"gene-AM1_RS26645",192.687760991299,0.317948516245015,0.562913148848436,0.56482694869617,0.572191475258398,0.99593231790249
"gene-AM1_RS26650",75.0343964809414,0.574930338182624,0.56627963319102,1.01527638375913,0.309974098580933,0.89847150485718
"gene-AM1_RS26655",16.4629231148652,-0.02981195076959,0.534335047744527,-0.0557926171892124,0.95550701641404,NA
"gene-AM1_RS26660",184.778575257428,0.599540220187178,0.472983155005715,1.26757203473754,0.204950823942854,0.76270920401304
"gene-AM1_RS26665",13.6716810095659,1.06807506704426,0.613295555700838,1.74153400773258,0.0815900175248866,NA
"gene-AM1_RS26675",32.5461760526251,1.39528897436355,0.627364207057117,2.22404937780666,0.026145122244313,0.193355362491947
"gene-AM1_RS26680",65.7335141884365,0.207407686986669,0.42800720765047,0.484589238871061,0.627967748628159,0.997177134360943
"gene-AM1_RS26685",3633.49000875601,0.0203099949338388,0.382512182651058,0.0530963348489382,0.957655151702339,0.99846297925572
"gene-AM1_RS26690",587.081173104466,-0.0187327491426446,0.368299986144905,-0.0508627473455138,0.959434890378633,0.998854654019967
"gene-AM1_RS26695",827.678312238086,0.11847048434552,0.428950502677828,0.276186841152859,0.782404563559954,0.997177134360943
"gene-AM1_RS26700",130.506099057887,-0.188412878374798,0.371656204055487,-0.506954750973749,0.612186568063736,0.997177134360943
"gene-AM1_RS26705",56.8431473980546,-0.461672379910081,0.440831592453447,-1.04727607506677,0.294972267253387,0.892154652167842
"gene-AM1_RS26710",33.3347995092983,0.113618779612102,0.500257332097857,0.227120668348098,0.820329912949881,0.997177134360943
"gene-AM1_RS26715",1548.46368721466,0.254383689291014,0.367815561916327,0.691606651892785,0.48918438318207,0.988029326430846
"gene-AM1_RS26720",81.3039733291307,0.135034590486161,0.446998745637334,0.302091654180434,0.762582194416551,0.997177134360943
"gene-AM1_RS26725",13.9870945563875,0.225450422734748,0.639675156192449,0.352445175574273,0.724504427422128,NA
"gene-AM1_RS26730",119.169962010504,-0.167098351400486,0.388047412664951,-0.430613234225485,0.666749616771659,0.997177134360943
"gene-AM1_RS26735",1324.03417801089,-0.357236160362028,0.491853921949221,-0.726305401706057,0.467651568645712,0.982825588333525
"gene-AM1_RS26740",135.109311236116,-0.173588669007126,0.371353520659732,-0.467448561410527,0.640178985957694,0.997177134360943
"gene-AM1_RS26745",82.3163128882034,-0.171350300349832,0.37593772170368,-0.455794378848986,0.648537846650369,0.997177134360943
"gene-AM1_RS42365",55.4067490370912,0.00210648691310925,0.462181010637006,0.00455770978172807,0.996363486322589,0.999709482207881
"gene-AM1_RS26760",463.651048312122,-0.0489954227341668,0.409862257566336,-0.119541191777671,0.904846607667232,0.997177134360943
"gene-AM1_RS26765",152.304246726263,0.426408309850175,0.417048889830491,1.02244202118243,0.306571740609089,0.897564114226004
"gene-AM1_RS26770",105.793501748491,2.16065628701503,0.566073554560602,3.81691790688257,0.000135129105739425,0.00246421772950902
"gene-AM1_RS26775",112.524380284791,-0.310682833923673,0.428624063258348,-0.724837592089207,0.468551670670936,0.982825588333525
"gene-AM1_RS26780",190.783850061483,-0.36234552589284,0.375710513449877,-0.964427432614767,0.334831674223776,0.919612530889623
"gene-AM1_RS26785",325.411836273078,-0.54782072193599,0.326642718747485,-1.67712515998095,0.0935180097889813,0.490487501454741
"gene-AM1_RS26790",10.1643958429648,-0.366858880421221,0.598679548072386,-0.612780045021456,0.54002178711134,NA
"gene-AM1_RS42925",8.64090741672193,-0.37463661494051,0.693095332260029,-0.540526818610802,0.588833771040327,NA
"gene-AM1_RS26800",45.8931235536055,-0.156146962053158,0.466757593967903,-0.33453545067313,0.737975544497944,0.997177134360943
"gene-AM1_RS26805",68.0160124150222,-0.345417889770532,0.446423821414671,-0.773744305749497,0.439082013715479,0.976624842627761
"gene-AM1_RS26810",74.114802992513,-0.0828570306240111,0.404410116520111,-0.204883674367456,0.837663010618847,0.997177134360943
"gene-AM1_RS26815",37.8834252518924,0.120555823894614,0.422623026176126,0.285256165489604,0.775447893111176,0.997177134360943
"gene-AM1_RS43340",33.4793058232389,0.175615506946061,0.449078161283164,0.391057775876408,0.695754530338451,0.997177134360943
"gene-AM1_RS26825",58.4259658132042,-0.0684881391320118,0.407868716936345,-0.167917117170574,0.866648483777065,0.997177134360943
"gene-AM1_RS26845",2635.54816275078,-1.86559372818843,0.370194259232353,-5.03949934841504,4.66751218389429e-07,1.8150749366773e-05
"gene-AM1_RS26850",292.486300159181,-0.21611191391698,0.429553901567638,-0.503107789565615,0.61488849037838,0.997177134360943
"gene-AM1_RS26860",108.354011516952,-0.0158121407719492,0.362204791854779,-0.0436552500892613,0.9651792104393,0.999088916092384
"gene-AM1_RS26865",102.118010789522,0.384468568568222,0.388095744914055,0.990653913645366,0.32185460210864,0.907311677187678
"gene-AM1_RS26870",216.831165529143,0.788776912282174,0.376218560348204,2.09659223498206,0.0360296872535137,0.250670999469944
"gene-AM1_RS26875",46.3617620783963,0.570798866613478,0.431605791373709,1.32250048081317,0.186001549360813,0.731253919654119
"gene-AM1_RS26880",160.173311867163,0.520403570878889,0.367196475276228,1.41723465751519,0.156414332108769,0.67385543517439
"gene-AM1_RS26885",186.957732146088,-0.0674919499147135,0.41388023621268,-0.163071207584871,0.870462369337205,0.997177134360943
"gene-AM1_RS26890",585.666367051361,-0.569810303204874,0.53744548599747,-1.06021972097753,0.289044651268232,0.887722382783587
"gene-AM1_RS26895",570.689763533239,-0.0828671897007503,0.479660432251852,-0.172762196188907,0.862838353230414,0.997177134360943
"gene-AM1_RS26900",31.7988397045463,0.447431996565876,0.510442703777985,0.876556748199667,0.380727440428361,0.946383626596995
"gene-AM1_RS26905",668.961323766986,3.07866163042642,0.406299539642486,7.5773200066518,3.52765922355959e-14,6.68206934217481e-12
"gene-AM1_RS26910",1803.45485764221,3.35640551870888,0.483396956339869,6.94337329742939,3.82845987264021e-12,4.49614327442866e-10
"gene-AM1_RS26915",575.029019192462,2.42321902445003,0.332044476225677,7.29787482687429,2.92348415551466e-13,4.40171768235438e-11
"gene-AM1_RS26920",186.325566356846,1.19911541776155,0.395344559082681,3.03308946642356,0.002420638232701,0.0286572332710086
"gene-AM1_RS26925",171.308303753396,0.614065615682549,0.40138888953425,1.52985205045182,0.126053354370569,0.586517667879543
"gene-AM1_RS26930",122.209043873102,0.82533326788538,0.369765545782106,2.23204481136739,0.0256120013956875,0.1903717369563
"gene-AM1_RS26935",184.710251397114,0.649036642830865,0.36663829649668,1.77023690387112,0.0766876840427456,0.432504161477769
"gene-AM1_RS26940",347.033404293572,1.12979995575075,0.46607426923938,2.42407708452679,0.0153473474335231,0.129668523927551
"gene-AM1_RS26945",162.118160137668,1.53713276756506,0.523856283895856,2.93426425303823,0.00334339427446528,0.0371825969311745
"gene-AM1_RS26950",144.48633466865,1.09163460273286,0.419126024692104,2.60454979748582,0.00919950513600163,0.0873194523751438
"gene-AM1_RS26955",14.39984844727,0.1377824208758,0.602521196776847,0.228676470824362,0.819120383805316,NA
"gene-AM1_RS26960",17.9555571318575,-0.196629354300502,0.540695159414122,-0.363660282280986,0.716111705581795,0.997177134360943
"gene-AM1_RS26965",81.9103390674448,0.201644511504203,0.459461906806093,0.438871010887314,0.660755002956735,0.997177134360943
"gene-AM1_RS26970",79.4488323850937,2.51233389391108,0.645146290284581,3.89420807612931,9.85200567588825e-05,0.00187219991355391
"gene-AM1_RS40020",21.1757342564025,0.485575794777888,0.504212987387981,0.963037063549988,0.335528923664042,0.920133803996077
"gene-AM1_RS38900",33.3700524177464,0.474477030348029,0.454381634426221,1.04422581019848,0.296380928236119,0.893402880186084
"gene-AM1_RS27005",51.2638174607538,0.429140275239122,0.484433731806519,0.885859606924561,0.375693184888978,0.943274624431326
"gene-AM1_RS27010",16.5299939483874,0.0781114321013109,0.528900183986901,0.147686528509972,0.882590163735399,NA
"gene-AM1_RS27015",15.2147135809388,-0.103920935717347,0.55893794017082,-0.185925714195724,0.85250301676565,NA
"gene-AM1_RS27020",7.27121318100031,0.502388580794358,0.687677743546566,0.730558150978372,0.465049081639612,NA
"gene-AM1_RS27025",19.3229651628923,-0.465421019932415,0.54725167290369,-0.850469798407219,0.395063944685644,0.953847172404751
"gene-AM1_RS27030",21.5568782669197,-0.524493634415977,0.531815194699602,-0.98623288624207,0.324018844930579,0.907870319432565
"gene-AM1_RS27035",194.601799018957,2.59969004552516,0.565176366345627,4.59978548348455,4.22926231278908e-06,0.000124795117088932
"gene-AM1_RS27040",11.9537878401759,1.90979870871137,0.684023931667384,2.79200568912264,0.0052382435115108,NA
"gene-AM1_RS27045",60.7814400594637,0.293671835662546,0.476441371463748,0.616386093340955,0.537639729491883,0.99354618231587
"gene-AM1_RS37840",304.761269928158,1.26499203855232,0.687806821785494,1.83916762452064,0.0658905349957072,0.385367750492821
"gene-AM1_RS27065",20.5346907864999,-0.233710528664896,0.562456291515981,-0.415517671666502,0.67776298131258,0.997177134360943
"gene-AM1_RS27070",164.71443344046,0.00341329171629902,0.387826161560524,0.00880108681313481,0.992977839368706,0.999709482207881
"gene-AM1_RS27075",168.875354624022,0.649391695593658,0.432603562833241,1.50112424257584,0.133323429620364,0.610191097997489
"gene-AM1_RS27080",39.329295880101,-0.850498095263726,0.635436394021208,-1.33844725178794,0.180750684411896,0.72796160416094
"gene-AM1_RS27085",64.4619914516482,-0.221403025974826,0.396435015550811,-0.558485041154112,0.576513216426397,0.997130606716526
"gene-AM1_RS27095",38.1827655827074,-0.795738684976872,0.424231026330318,-1.87572015149427,0.0606937173187374,0.366283153232914
"gene-AM1_RS27100",15.557467234908,-0.024335558305637,0.677009400975354,-0.0359456726458705,0.971325677875202,NA
"gene-AM1_RS27105",80.4903541264609,-0.00273943804194541,0.37092308061572,-0.00738546125897057,0.994107308056626,0.999709482207881
"gene-AM1_RS27110",88.4969189571145,0.279374923616471,0.474169117876621,0.589188357241697,0.555734926487229,0.99354618231587
"gene-AM1_RS27115",45.0657057802935,-0.24448224706805,0.528303906087046,-0.462768198855163,0.643530528182291,0.997177134360943
"gene-AM1_RS27120",55.5397486108136,-0.195631692330203,0.501401238857577,-0.390169942092569,0.696410886500273,0.997177134360943
"gene-AM1_RS27125",152.380514130805,0.0712351078023648,0.433160680008598,0.164454233936817,0.869373572179214,0.997177134360943
"gene-AM1_RS27135",105.526560828082,-0.593016242610211,0.373759144270333,-1.58662671322174,0.11259721358607,0.553524849008815
"gene-AM1_RS27140",181.713243368817,0.0937254582727174,0.346342816570783,0.270614702509826,0.786687386668901,0.997177134360943
"gene-AM1_RS27145",76.4791073602804,0.0768926581004274,0.393669133725655,0.195323055614549,0.84514004889385,0.997177134360943
"gene-AM1_RS27150",31.6938398081231,-0.00466605613507789,0.465380887857952,-0.0100263166297068,0.992000290790822,0.999709482207881
"gene-AM1_RS37845",10.4687889702569,0.0623263710447087,0.624620166727699,0.0997828350167242,0.920516735703322,NA
"gene-AM1_RS27165",63.6203004184184,-0.0605008603138522,0.420804034575499,-0.143774430240158,0.885678594778302,0.997177134360943
"gene-AM1_RS27170",356.93870396664,-0.0330937482525513,0.397288877293735,-0.0832989548511408,0.933613831315968,0.997177134360943
"gene-AM1_RS27175",83.6102135236317,-0.174013369676863,0.448944481806524,-0.387605543065467,0.698307966250721,0.997177134360943
"gene-AM1_RS27180",27.1941016282296,-0.862284410794685,0.514330903319382,-1.67651682064929,0.0936370042797625,0.490487501454741
"gene-AM1_RS40030",27.7229183460827,-0.0721195065083127,0.5564264158694,-0.129611938706447,0.896873457207881,0.997177134360943
"gene-AM1_RS27195",18.1094631411176,0.816448618163869,0.520069722122884,1.56988300497708,0.11644233209059,0.566017693738366
"gene-AM1_RS27200",118.90723175271,0.87811515019998,0.362934849171853,2.41948424683843,0.0155425339257206,0.130753236693168
"gene-AM1_RS27205",397.211581560558,0.71359012197115,0.348425979804298,2.04803936368911,0.0405561425110754,0.271280900424619
"gene-AM1_RS27210",51.454706573818,-0.292518206925624,0.511178245404677,-0.572243066983514,0.56715731441648,0.995078277288082
"gene-AM1_RS27215",808.96575410578,-0.389967535260525,0.511572060973555,-0.762292480395413,0.445885460861532,0.978877246244682
"gene-AM1_RS27220",235.349264909342,-0.548699958409969,0.361741866707785,-1.51682735372516,0.129310278922116,0.597881856559579
"gene-AM1_RS27230",8.80694088811721,-0.151207677533261,0.664710824809167,-0.227478885388501,0.820051385920298,NA
"gene-AM1_RS27235",327.457197991193,-0.576419506815294,0.374408483767993,-1.53954713048778,0.123670781164071,0.580955861596341
"gene-AM1_RS42790",21.0722064228321,-0.229167166931569,0.49243453225484,-0.465375906685953,0.641662284841012,0.997177134360943
"gene-AM1_RS27245",13.0550801074578,0.104326769209556,0.785995765242168,0.132731973660714,0.894405355260873,NA
"gene-AM1_RS27250",68.900944411865,0.222673577715034,0.422608965661939,0.526902162064302,0.598261532372697,0.997177134360943
"gene-AM1_RS27255",26.333230661471,-0.18108829629633,0.45465177351364,-0.398301088538254,0.690408258173452,0.997177134360943
"gene-AM1_RS27260",18.4788149638347,-0.296362486096481,0.517472093889092,-0.572712015964283,0.566839700243709,0.995078277288082
"gene-AM1_RS27265",23.166979755759,-0.129289705817746,0.574904442443499,-0.224889035938268,0.82206559889706,0.997177134360943
"gene-AM1_RS27270",50.0245142572966,-0.249051695127029,0.403883180358058,-0.616642898835835,0.537470292258655,0.99354618231587
"gene-AM1_RS27275",91.7471427676674,-0.314030079247412,0.381144960061714,-0.823912453667405,0.409989303703792,0.959469112980649
"gene-AM1_RS27280",205.943051656321,-0.249065051433434,0.516221367636129,-0.482477222076156,0.629466975610866,0.997177134360943
"gene-AM1_RS42375",287.465281153154,0.609949787668819,0.592230519669411,1.02991954553321,0.303047774682995,0.895025419745171
"gene-AM1_RS27285",287.528379353297,0.788772652541979,0.35412198377978,2.22740380058556,0.0259202986515028,0.192187379986089
"gene-AM1_RS27290",766.486548970872,0.974294030470324,0.390250522516906,2.49658610111949,0.0125395222824605,0.110392915806009
"gene-AM1_RS27295",16280.891681354,0.987675399114765,0.609661687760619,1.62003848846505,0.105224009376318,0.528098617998068
"gene-AM1_RS27300",1994.0275971017,0.120200103126154,0.582364159810226,0.206400241328936,0.8364782823366,0.997177134360943
"gene-AM1_RS27305",1050.90649162916,-0.514234232300762,0.585459251079383,-0.878343337051543,0.379757424260266,0.946383626596995
"gene-AM1_RS27310",32.303957443108,-0.346372263789398,0.476651578695969,-0.726678100462834,0.467423171956253,0.982825588333525
"gene-AM1_RS27315",42.7596899522501,0.140245712987203,0.518913891610527,0.270267794434891,0.786954240014315,0.997177134360943
"gene-AM1_RS27320",81.1997340808072,-0.18997176414093,0.381951567260813,-0.497371343448916,0.618927209863279,0.997177134360943
"gene-AM1_RS27325",214.080923068232,0.201429629281081,0.46168913857814,0.436288429702769,0.662627475503053,0.997177134360943
"gene-AM1_RS27330",367.654058077754,0.164191385856872,2.06253707308801,0.0796065137442825,NA,NA
"gene-AM1_RS27345",153.275077061855,0.621908942844676,0.480149076638233,1.29524135961892,0.195236981168471,0.750301207030702
"gene-AM1_RS27350",19.1568381251013,-0.0728748367133205,0.530986288039362,-0.137244291151862,0.890837702840492,0.997177134360943
"gene-AM1_RS27355",24.6827806440444,-0.460806677584915,0.497053083382619,-0.927077394730086,0.353886351968148,0.932960986796839
"gene-AM1_RS27360",46.5833713598383,-0.0580186152886821,0.417395420918965,-0.139001561543115,0.889448915095341,0.997177134360943
"gene-AM1_RS27365",33.5812205477016,0.194386805912498,0.449512651977638,0.432439009352219,0.665422371246088,0.997177134360943
"gene-AM1_RS27370",311.054898008451,-0.0574604543134797,0.378040739687867,-0.151995402296913,0.879190561955156,0.997177134360943
"gene-AM1_RS27375",14.6399113270961,0.0481137939960383,0.60656288818278,0.0793220207391585,0.936776491468289,NA
"gene-AM1_RS27380",17.0830209751868,-0.234532423497245,0.524353335202099,-0.447279358692074,0.654673368598413,NA
"gene-AM1_RS27390",43.9046032416802,0.179960811334751,0.497096457973316,0.362023926037332,0.717334151034026,0.997177134360943
"gene-AM1_RS27395",125.047631014907,-0.179770318644448,0.373815032142225,-0.48090714173327,0.630582496745767,0.997177134360943
"gene-AM1_RS27400",34.8599235398767,-0.217394870391307,0.50769033899605,-0.428203677897835,0.668502838833296,0.997177134360943
"gene-AM1_RS27405",28.4431009579264,-0.202390848354192,0.494080161530424,-0.409631602546603,0.682076210809489,0.997177134360943
"gene-AM1_RS27410",8.40156231031467,-0.0740157958243977,0.706124508917584,-0.10481975188463,0.916518836650529,NA
"gene-AM1_RS27415",137.468995126815,-0.563295808173484,0.411628909925764,-1.36845540872013,0.17116957063098,0.708707992090292
"gene-AM1_RS27420",13.9875004623986,0.492376697194509,0.550905514239028,0.893758883271725,0.371450912725738,NA
"gene-AM1_RS27425",74.5373031011708,0.260291952787018,0.456393233708599,0.570323864514632,0.568458057708032,0.995736205574952
"gene-AM1_RS27430",10.6150593738569,0.0893517055980212,0.595437981243303,0.15006047382374,0.880716904128887,NA
"gene-AM1_RS27435",19.2389131303605,-0.218384556953752,0.60212553561334,-0.362689412817047,0.716836909334005,0.997177134360943
"gene-AM1_RS27440",106.540406026636,0.103094165303311,0.509304150704329,0.202421608307608,0.839587137054882,0.997177134360943
"gene-AM1_RS27445",96.6548613145723,-0.426916284302617,0.410998153302089,-1.03873041976621,0.298930129447145,0.894285546343303
"gene-AM1_RS27455",234.123060150732,0.249119138178231,0.363089738900243,0.686109001407706,0.492644375086729,0.988029326430846
"gene-AM1_RS27460",150.653247680412,0.099181630400335,0.399542446149514,0.248238031668906,0.803950242031779,0.997177134360943
"gene-AM1_RS27470",19.5529900512944,-0.0374932361153448,0.504602687625732,-0.0743024899287771,0.940769695833788,0.997177134360943
"gene-AM1_RS27475",32.9415987650627,0.128596655920504,0.529122644384907,0.243037521234789,0.807976330942185,0.997177134360943
"gene-AM1_RS27480",19.73978053472,0.295474587576028,0.583029125094829,0.506792156443247,0.61230066037359,0.997177134360943
"gene-AM1_RS27485",29.4511164988942,-0.12664650844578,0.487625376238171,-0.259720914081227,0.795079058999289,0.997177134360943
"gene-AM1_RS27490",18.3228829234458,-0.0721306729280159,0.57197581398412,-0.126107907300463,0.899646508324354,0.997177134360943
"gene-AM1_RS27500",119.651726231435,0.374038230358474,0.471348904594985,0.793548530000028,0.427458306386538,0.971298466877678
"gene-AM1_RS27505",29.4222220871948,-1.29885649104411,0.464335636583951,-2.79723628494166,0.00515418243350801,0.0539489469689109
"gene-AM1_RS27510",57.389935896873,-0.291513785383293,0.395352585090754,-0.737351408278702,0.46090867710051,0.982825588333525
"gene-AM1_RS27515",28.7283002066196,-0.656754100734033,0.500195671944954,-1.31299436914422,0.189184845582341,0.737675308626833
"gene-AM1_RS27520",14.6393700369008,0.121299858144648,0.598101988867863,0.202807983257595,0.839285117872051,NA
"gene-AM1_RS27525",87.5389807191476,-0.225440852421745,0.456780065504877,-0.493543544139927,0.621628580243577,0.997177134360943
"gene-AM1_RS27535",12.4892573307758,-0.0801622905053042,0.554231388105288,-0.144636865081477,0.884997589142183,NA
"gene-AM1_RS27545",24.3661832265861,0.427969981642184,0.463536463598781,0.923271447341019,0.355865763612764,0.933672522671186
"gene-AM1_RS27555",19.1535604042694,0.216615753537209,0.513937378099312,0.421482777412137,0.673402584834675,0.997177134360943
"gene-AM1_RS27560",64.5875185639039,-0.0452791801088629,0.500229634786743,-0.0905167886108272,0.927876553334739,0.997177134360943
"gene-AM1_RS27565",9.53805643612147,0.372380296287371,0.623581148770341,0.597164133363684,0.550397802846783,NA
"gene-AM1_RS27570",39.1755200180427,-0.0561632741874409,0.464117975453645,-0.121010771307759,0.903682503624944,0.997177134360943
"gene-AM1_RS27575",15.7642460768525,-0.792626732844309,0.551335277684024,-1.43764922167482,0.150533607457597,NA
"gene-AM1_RS27580",86.1297369980336,-0.0260068584187893,0.387654285277206,-0.0670877619737703,0.946511836475904,0.997177134360943
"gene-AM1_RS27585",29.4320516524497,-0.357557825438947,0.587572557578766,-0.608533909262798,0.542833423167943,0.99354618231587
"gene-AM1_RS27590",30.9355700017465,-0.507170751857878,0.449891251418026,-1.12731854700288,0.259607823463676,0.854151227581448
"gene-AM1_RS27600",27.5246267650951,-0.541705507702856,0.450871391155838,-1.20146347346226,0.229571467156236,0.806921443311917
"gene-AM1_RS42390",9.98709022992218,0.187597399398658,0.639028396573968,0.293566608940113,0.769089094218657,NA
"gene-AM1_RS27620",10.8415030681947,-0.454890546480801,0.614821452884044,-0.739874225837389,0.459376314947234,NA
"gene-AM1_RS27625",20.7143218427371,-0.34492961698604,0.512822892339619,-0.67260963217221,0.501195672187414,0.989201002062665
"gene-AM1_RS27630",22.0883514636791,-0.700298503183635,0.491778355285724,-1.42401245531996,0.154442866572238,0.667811864883787
"gene-AM1_RS27635",18.67737225161,0.163562998914236,0.587030948815098,0.278627556595411,0.780530662752044,0.997177134360943
"gene-AM1_RS27640",25.8070459929208,-0.109087931109162,0.482364898587091,-0.226152299698204,0.821082968814002,0.997177134360943
"gene-AM1_RS27650",17.0226780507669,0.239538534694087,0.563645166984648,0.42498108513119,0.670850463427555,NA
"gene-AM1_RS27655",14.2773732877639,0.188034748367846,0.537052888541735,0.350123334925948,0.726246139165958,NA
"gene-AM1_RS27660",16.5305352385827,0.0184924510415338,0.530291730543592,0.0348722221683102,0.972181630634706,NA
"gene-AM1_RS27675",71.1025691722519,-0.0958965224335924,0.407491945044819,-0.235333541189495,0.813949863920393,0.997177134360943
"gene-AM1_RS27680",60.8697026698529,0.0370656917521376,0.449738967246922,0.0824160111787409,0.934315904283693,0.997177134360943
"gene-AM1_RS27685",97.856369585703,0.123985379865573,0.374134382041192,0.331392638092058,0.740347924993275,0.997177134360943
"gene-AM1_RS27690",44.5704476313689,-0.0864844904358061,0.516406373523646,-0.167473708439515,0.866997332982182,0.997177134360943
"gene-AM1_RS27695",46.2316824536431,-0.586441637881542,0.685320793696771,-0.855718436205834,0.392153540041777,0.952720557354289
"gene-AM1_RS27700",199.741476860359,-0.102306103644333,0.675543935776561,-0.151442560914604,0.879626617852189,0.997177134360943
"gene-AM1_RS27710",71.9002544927978,-0.0732241413073531,0.561156223508631,-0.130487978640812,0.896180364479715,0.997177134360943
"gene-AM1_RS27715",35.8065048816734,-0.744302198772821,0.676167129672064,-1.10076660948278,0.270998247628892,0.864522487819053
"gene-AM1_RS27720",68.9633372439768,0.0403109217588557,0.45964265368873,0.0877005678984575,0.9301146682468,0.997177134360943
"gene-AM1_RS27725",44.1440105637656,0.0497100203535273,0.486986132708345,0.102076870396838,0.918695659850782,0.997177134360943
"gene-AM1_RS27730",51.9618689567955,-0.186434489616207,0.597382030617269,-0.312085868106153,0.754975266177045,0.997177134360943
"gene-AM1_RS27735",12.3192066965249,0.556823376574397,0.596210880000957,0.93393695964338,0.350336412340874,NA
"gene-AM1_RS27740",42.1365058195425,-0.0801918706517631,0.44743025719424,-0.179227643554177,0.857758958730755,0.997177134360943
"gene-AM1_RS27745",114.445723181325,-0.207010553765428,0.493099237410195,-0.419815197550634,0.674620461808252,0.997177134360943
"gene-AM1_RS27750",40.1378398928168,0.0563106300192155,0.53525325423927,0.105203713519215,0.916214164114661,0.997177134360943
"gene-AM1_RS27755",47.015956832445,0.100733162043835,0.422930661404901,0.238178905518974,0.811742337342524,0.997177134360943
"gene-AM1_RS27790",10.5674134884582,-0.642566138168589,0.618353661468847,-1.03915635696606,0.298732024112372,NA
"gene-AM1_RS27795",15.3095032828268,0.10637321399827,0.654652319166002,0.162488103813311,0.870921495571149,NA
"gene-AM1_RS40050",25.7129257842522,-0.141151180469287,0.469314697655736,-0.300760196035514,0.763597362783274,0.997177134360943
"gene-AM1_RS27810",10.9076530076283,-0.302958791224471,0.621797605805535,-0.487230552829147,0.626094955970644,NA
"gene-AM1_RS27815",30.8116065413781,-1.5109564435533,0.507685260250792,-2.97616764135894,0.00291875262378419,0.0331258759809274
"gene-AM1_RS27820",25.2066356247465,-1.03316983281917,0.546499098321669,-1.89052431374927,0.0586878719522845,0.357855850575093
"gene-AM1_RS27835",90.4926658445225,0.467249193780985,0.451773750045328,1.03425485374948,0.301017036402772,0.894285546343303
"gene-AM1_RS27840",141.60238566171,2.447916214356,0.580832299912452,4.21449739404123,2.50335042806774e-05,0.000565650178982469
"gene-AM1_RS27845",68.9447977971484,2.05814681167956,0.45673964485185,4.50617071427454,6.60079891062786e-06,0.000184570910491461
"gene-AM1_RS27850",62.0759103252724,2.24630619162297,0.594125718045294,3.78086004930647,0.000156287516071316,0.00275591679991221
"gene-AM1_RS27855",91.2506568954675,0.284662341225337,0.41211077559021,0.690742290874714,0.489727507414446,0.988029326430846
"gene-AM1_RS27860",12.3428858062255,-0.403121006855357,0.634403936550293,-0.635432700886778,0.525146246209494,NA
"gene-AM1_RS27870",9.51618310537122,0.0884169897873522,0.692625814652455,0.127654771042165,0.898422184635505,NA
"gene-AM1_RS27875",21.4711447974453,0.501155831996129,0.735961507882945,0.680953863249922,0.495900684153135,0.989035047236538
"gene-AM1_RS40055",9.80970585286,0.0314246451587631,0.615283581760477,0.0510734336008927,0.959267005271735,NA
"gene-AM1_RS27910",11.2790695394152,0.199343293575579,0.583337946099431,0.341728658162075,0.732555102989617,NA
"gene-AM1_RS27915",10.5215100197573,-0.667836105332722,0.647599006531921,-1.03124942842204,0.302423866869075,NA
"gene-AM1_RS27925",13.8710707759526,0.0882753078181858,0.636113205937432,0.138772952666649,0.889629567792976,NA
"gene-AM1_RS27930",17.6255227650721,0.300629758790249,0.512023215138109,0.587140875456515,0.557109097110046,0.99354618231587
"gene-AM1_RS27935",19.1472169063528,0.45959194442568,0.67906479936482,0.676801307998251,0.498532028146951,0.989169154080495
"gene-AM1_RS27940",10.5475496576135,1.05952060269236,0.679238339741692,1.55986572120662,0.118791616551276,NA
"gene-AM1_RS27945",28.5797778782536,0.429785690114571,0.554150799523045,0.775575331632626,0.437999770351319,0.975695998293985
"gene-AM1_RS27955",32.0344230054233,-0.353753317080087,0.528589687241004,-0.669239914472258,0.503342448513599,0.989201002062665
"gene-AM1_RS27960",111.831781621027,-0.090818261176317,0.400059431242952,-0.227011923938781,0.820414470245185,0.997177134360943
"gene-AM1_RS27965",16.5784278538027,0.523982895680941,0.549250496289444,0.953996217064522,0.340085557256275,NA
"gene-AM1_RS27985",75.7418844465193,-0.262315282095798,0.404339459039537,-0.648750143552397,0.516499887605955,0.991398497019674
"gene-AM1_RS27990",16.1726928394167,-0.127544281650522,0.525073420555697,-0.242907518562906,0.808077041015452,NA
"gene-AM1_RS27995",43.0437321057466,-0.327697646618201,0.474691350303147,-0.690338356510871,0.489981432192433,0.988029326430846
"gene-AM1_RS28000",152.048349839047,0.0966252873253691,0.506895273539833,0.190621795801329,0.848821912726987,0.997177134360943
"gene-AM1_RS28010",95.489188122563,1.77984138948147,0.486963023759418,3.65498262217295,0.000257199398966638,0.00414910678772554
"gene-AM1_RS28015",19.5628923715303,-0.171858270133678,0.574658907839211,-0.299061352376641,0.764893233867111,0.997177134360943
"gene-AM1_RS28020",31.5863798424337,0.701050818461042,0.508255442085822,1.37932771675599,0.167793734570693,0.702269999571711
"gene-AM1_RS28025",14.9808963390209,-0.340855360911877,0.607691643722195,-0.560901839663437,0.574864455848235,NA
"gene-AM1_RS28030",16.0633587422973,-0.764606184555197,0.582064768428265,-1.31361014448589,0.188977433107673,NA
"gene-AM1_RS28040",10.715432359487,-0.362745171993498,0.714860423253208,-0.507434962398263,0.611849659421081,NA
"gene-AM1_RS28045",16.2514621885222,-0.782275160366359,0.736477434437235,-1.06218483253885,0.288151784094266,NA
"gene-AM1_RS28050",113.130468867372,0.385997462014097,0.390575925035855,0.988277661964603,0.323016682328352,0.907870319432565
"gene-AM1_RS28055",117.963678885639,0.75920548694623,0.39614310187358,1.91649301314481,0.0553023716884484,0.343738490116276
"gene-AM1_RS42405",25.8008201041883,-0.145888895696094,0.558093771869799,-0.261405704649449,0.793779658268014,0.997177134360943
"gene-AM1_RS28065",98.8457486656527,0.127047403809124,0.384740930996102,0.330215460778234,0.741237165452045,0.997177134360943
"gene-AM1_RS28075",7.36652263385907,0.486592923824918,0.671874463356605,0.724231906945767,0.468923373104438,NA
"gene-AM1_RS28090",32.2934069446093,-0.350169737902167,0.434695364890145,-0.805552039853614,0.420501188808196,0.967548189922307
"gene-AM1_RS28100",19.1092807968786,0.33551410216524,0.526521652897914,0.637227548608132,0.523976635768339,0.992659241707204
"gene-AM1_RS28105",16.5174144986007,-0.487642149047156,0.575957737984772,-0.846663074192519,0.397182946240524,NA
"gene-AM1_RS28120",84.5208847753912,0.50076877113094,0.457036798864775,1.09568588869603,0.273216260208733,0.865643192518048
"gene-AM1_RS44505",16.6520898315819,-0.322933735058853,0.557137832364952,-0.579629880254328,0.562164238493547,NA
"gene-AM1_RS28130",36.2148388088526,0.143618142331344,0.447308744524553,0.321071617958188,0.748156118140757,0.997177134360943
"gene-AM1_RS42415",13.2282364648257,0.766740647984332,0.702578447779209,1.09132389473081,0.275130387148857,NA
"gene-AM1_RS28140",31.6634723186535,0.626313485906816,0.462488265435703,1.35422568033542,0.175664388422563,0.717316612529407
"gene-AM1_RS43365",249.976176330983,0.78963985570285,0.620368236546677,1.27285668282831,0.203068902811913,0.761799309864981
"gene-AM1_RS28150",223.885487427685,2.76343310579888,0.598883422028216,4.61430890245729,3.9440546725427e-06,0.000117973036561965
"gene-AM1_RS28155",194.496916080404,2.63597855254237,0.561936321907276,4.69088480273986,2.72026104729198e-06,8.54191062550723e-05
"gene-AM1_RS28160",128.983242313849,4.39082727980399,0.76838965913675,5.7143237517497,1.10141134285753e-08,6.21873788967252e-07
"gene-AM1_RS41355",24.545538684018,3.7630515869117,0.867907913455709,4.33577287241054,1.45248863711321e-05,0.000356862480214593
"gene-AM1_RS42425",129.467450138238,0.252472511354274,0.449475956482451,0.561704152831881,0.574317604439331,0.99593231790249
"gene-AM1_RS28170",22.4423012168744,-0.462750390724664,0.496998036530321,-0.931090983689295,0.351806502159861,0.931803238918675
"gene-AM1_RS28180",15.8833646154621,-0.340979914522985,0.583357835071846,-0.584512445060398,0.558875594801239,NA
"gene-AM1_RS28185",42.4653047175079,1.02550006416682,0.489840951088266,2.09353681411997,0.0363012613204506,0.251073034715766
"gene-AM1_RS28190",25.0971882501219,0.391497321183063,0.553300585118436,0.707567155562039,0.479214095285401,0.986441366799053
"gene-AM1_RS28195",59.7625022443657,-0.134686412569196,0.473552876852248,-0.284416839497353,0.77609095558754,0.997177134360943
"gene-AM1_RS28200",39.8144436955977,0.0766140805505063,0.463247855555064,0.165384641573154,0.868641241462626,0.997177134360943
"gene-AM1_RS28205",49.9289853949343,0.183134272389249,0.490921927499103,0.373041541090225,0.709117526549748,0.997177134360943
"gene-AM1_RS28210",53.715191189613,0.0586007672161258,0.498463621084795,0.117562776373919,0.906414100503349,0.997177134360943
"gene-AM1_RS28215",26.8160476798703,-0.422555371709286,0.498437601579653,-0.847759820627738,0.396571743754907,0.953847172404751
"gene-AM1_RS28220",10.3048745022094,0.298627075996334,0.611853614268591,0.488069481052772,0.625500627285458,NA
"gene-AM1_RS28240",10.6115162680211,0.00757217619518789,0.592617872172632,0.0127775022501888,0.989805305635093,NA
"gene-AM1_RS28250",31.2682833431208,-0.250722605129044,0.486614743107638,-0.515238407138818,0.60638643351526,0.997177134360943
"gene-AM1_RS28255",26.8381617252695,-0.136044958886907,0.468668782102435,-0.290279540865968,0.771602389364492,0.997177134360943
"gene-AM1_RS28265",466.386033057688,-0.164671418196265,0.359133926716355,-0.458523703683176,0.646576236831162,0.997177134360943
"gene-AM1_RS28275",23.4030964579264,-0.190284980012862,0.479278527746674,-0.397023795135337,0.691349913649004,0.997177134360943
"gene-AM1_RS44045",30.6089940286809,0.0826717407742431,0.460689466946426,0.179452205239711,0.857582642759078,0.997177134360943
"gene-AM1_RS44050",13.8571593605369,-0.298615864509921,0.566675881025471,-0.526960603951483,0.598220946778332,NA
"gene-AM1_RS28290",8.09023196856742,-0.549765501157945,0.64950726230273,-0.84643472531598,0.397310273516332,NA
"gene-AM1_RS28295",337.377642225265,-0.182066540374424,0.398955838745608,-0.456357628320156,0.648132829822399,0.997177134360943
"gene-AM1_RS28300",8.20990279144063,0.100229079489972,0.70347042354719,0.142478029118233,0.886702432539415,NA
"gene-AM1_RS28310",36.465582645047,-0.345672697619228,0.451684564933352,-0.765296679266057,0.444094900997319,0.978877246244682
"gene-AM1_RS28320",18.48089711431,0.686860853248399,0.561691089201102,1.2228444895313,0.221388438137946,0.796299265328467
"gene-AM1_RS28325",16.2261974058671,-0.499246847506163,0.575492840683286,-0.867511830231293,0.38566163266763,NA
"gene-AM1_RS28330",47.6324125443471,-0.204048041395878,0.432416719214797,-0.471878242280729,0.637013699062333,0.997177134360943
"gene-AM1_RS37860",21.1062634922561,0.70797375823452,0.669335149292076,1.05772684877421,0.290179991092521,0.88931988919378
"gene-AM1_RS28340",80.4976939520393,0.534547974753273,0.451484711783888,1.18397801919181,0.236421764039385,0.81717880328944
"gene-AM1_RS28345",18.3290015330429,1.07794561665415,0.538525361083353,2.0016617499418,0.0453211228604518,0.294146106082806
"gene-AM1_RS28350",37.1110274980851,1.13343336202585,0.517496568219391,2.1902239196016,0.0285080013161375,0.206156383901921
"gene-AM1_RS42430",11.687966025502,-0.854953710141415,0.606696313808368,-1.40919549152142,0.158777370523532,NA
"gene-AM1_RS38975",157.183031134421,0.190381550125297,0.456263867666168,0.417261947782796,0.676486818283802,0.997177134360943
"gene-AM1_RS28360",99.6690018864653,0.157455339640143,0.408284110156422,0.385651402352688,0.699754858945374,0.997177134360943
"gene-AM1_RS28365",13.2445233020596,-0.250571202689174,0.585537727455971,-0.427933489064571,0.668699544470876,NA
"gene-AM1_RS28370",65.829756813744,-0.180319787298893,0.465893255715862,-0.387040990799116,0.698725861979019,0.997177134360943
"gene-AM1_RS28380",16.0810343051587,0.214844828115416,0.546577116843044,0.393073221499522,0.694265401688288,NA
"gene-AM1_RS28390",15.3477246067576,-0.474426293282073,0.565223981294385,-0.839359809531821,0.401267429898332,NA
"gene-AM1_RS28395",9.61335926240944,-0.531227811987556,0.681959045740064,-0.778973188061558,0.435995508998819,NA
"gene-AM1_RS28400",47.0609979608069,-1.21204380549902,0.614259589050131,-1.97317848529363,0.0484752307795867,0.310801316119434
"gene-AM1_RS28405",28.9289416706595,-0.857914935357462,0.515405944223728,-1.66454218266652,0.0960041285958537,0.499323510287735
"gene-AM1_RS28410",13.1901670245652,-0.863685014813318,0.624355351882842,-1.38332283403792,0.166565899603701,NA
"gene-AM1_RS28415",23.2508012538253,0.281777605049372,0.710155784739771,0.396782806117149,0.691527630915158,0.997177134360943
"gene-AM1_RS28420",8.376028747342,0.053928134490532,0.636675694374928,0.0847026751091501,0.932497769183467,NA
"gene-AM1_RS28435",13.3410015525629,-0.567244840974247,0.562826071290756,-1.00785103943987,0.31352597909695,NA
"gene-AM1_RS28440",66.1554629558687,-0.128072329281487,0.413000510586877,-0.310102108831526,0.756483308647425,0.997177134360943
"gene-AM1_RS28445",91.7824505950848,0.481624553149615,0.567194350444991,0.849134961890502,0.395806198080984,0.953847172404751
"gene-AM1_RS28450",25.2604010336504,-0.145079817595985,0.502260743630813,-0.288853587376173,0.772693422281512,0.997177134360943
"gene-AM1_RS28455",56.2508354443151,0.322983412903898,0.563244365085686,0.573433899964117,0.566350942582574,0.995078277288082
"gene-AM1_RS28460",77.2478511641598,0.0505396562510615,0.465027906875952,0.108680910336298,0.913455583500697,0.997177134360943
"gene-AM1_RS28465",131.639449254719,0.129962646856129,0.436586241431417,0.297679208648505,0.765948013517301,0.997177134360943
"gene-AM1_RS28470",21.5602253805491,0.341571691472855,0.488928970920109,0.698612092529628,0.48479448448112,0.988029326430846
"gene-AM1_RS28475",61.7000026003807,0.112669761263069,0.441895932811747,0.254968993595756,0.798747047448184,0.997177134360943
"gene-AM1_RS28480",26.1652252671268,-0.545198949548823,0.486965103067345,-1.1195852559345,0.262890541463739,0.856577511684301
"gene-AM1_RS28485",73.3319918379927,-0.406854607024851,0.38355498559513,-1.06074649608209,0.288805123309505,0.887722382783587
"gene-AM1_RS28490",18.9642920579417,-0.0112016064016313,0.561768532937191,-0.0199398964962741,0.984091318662485,0.99966258039135
"gene-AM1_RS28495",111.144796375249,-0.218470849279569,0.463787834813424,-0.47105773994149,0.637599502529894,0.997177134360943
"gene-AM1_RS28500",48.4303852805324,-0.115409652430951,0.451689397348555,-0.255506666989336,0.798331794951161,0.997177134360943
"gene-AM1_RS28505",17.8921692601042,0.140255026544092,0.632692995358687,0.221679436271581,0.824563439324201,0.997177134360943
"gene-AM1_RS28510",47.8375762077739,-0.188123555192064,0.479955563398638,-0.391960359538148,0.695087503468783,0.997177134360943
"gene-AM1_RS28525",477.581132610078,0.115986578154178,0.476536256262738,0.243395075673379,0.807699358175885,0.997177134360943
"gene-AM1_RS28530",39.5644423362284,-0.143080925221773,0.443318577696531,-0.322749671275264,0.746884831243502,0.997177134360943
"gene-AM1_RS28540",35.2365952441142,-0.401635336737724,0.470662400181929,-0.853340603758611,0.393470449365534,0.953133313919014
"gene-AM1_RS37865",40.9011477695673,-0.0259300115725688,0.54912683719901,-0.0472204412824417,0.962337535905516,0.999088757220154
"gene-AM1_RS28550",386.762326339742,0.982186939768509,0.538055379116307,1.82543838030508,0.0679349019564646,0.393406059455977
"gene-AM1_RS28555",46.8624555054081,-0.452032312266572,0.438258799962476,-1.03142780545485,0.302340247226789,0.894829602679288
"gene-AM1_RS28560",88.643746023804,-0.380745178930156,0.37190255066006,-1.02377673466988,0.305940741668951,0.897564114226004
"gene-AM1_RS28565",2272.99883622343,-0.115202771979828,0.364592094748117,-0.315977152657184,0.752019849921403,0.997177134360943
"gene-AM1_RS28570",198.554992416906,0.115075409989166,0.379681573787243,0.303083999682452,0.761825847429435,0.997177134360943
"gene-AM1_RS28575",81.0482727079672,-0.23068137087817,0.415986394326826,-0.554540662925942,0.579208885004185,0.997177134360943
"gene-AM1_RS28580",72.8518665943282,-0.289729519112375,0.401651106876746,-0.721346248402805,0.470696508863868,0.983283656549519
"gene-AM1_RS28585",1325.1340302854,0.0848517213458386,0.39010549386597,0.217509680535264,0.827811163607239,0.997177134360943
"gene-AM1_RS28590",98.0216773362126,-0.0452656102364534,0.434678405561988,-0.10413586149496,0.917061532198631,0.997177134360943
"gene-AM1_RS28595",705.314626258226,0.275271772698003,0.376543609030972,0.731048850905768,0.464749314923464,0.982825588333525
"gene-AM1_RS28600",293.476208114693,1.03478486098389,0.408468344516374,2.53332938739494,0.0112984727119074,0.102459567353787
"gene-AM1_RS28605",82.2352864192254,1.04273566075893,0.447095597117749,2.33224318799166,0.0196879013607098,0.158339524490443
"gene-AM1_RS28610",1161.51941443764,-0.673251280405675,0.412811139225124,-1.63089417032064,0.102912652064524,0.518270234067655
"gene-AM1_RS28615",147.603893859398,0.0971483830280914,0.352520126906291,0.275582514623104,0.782868741105167,0.997177134360943
"gene-AM1_RS28620",43.5654404620432,-0.171451183903969,0.434490327680406,-0.394602993395244,0.693135904040883,0.997177134360943
"gene-AM1_RS28625",61.378743234714,-0.493009525519161,0.564568161105966,-0.873250671014419,0.382526461442917,0.946383626596995
"gene-AM1_RS28630",3122.83630501454,0.092528435800458,0.382174025180646,0.242110739359436,0.808694356917373,0.997177134360943
"gene-AM1_RS28635",53.9003723545812,-0.408540897862488,0.50024146367627,-0.816687395043435,0.414107096542016,0.961832601842463
"gene-AM1_RS28640",26.8449677963722,-0.293962318983625,0.490133425370822,-0.599759787370595,0.548666336551905,0.99354618231587
"gene-AM1_RS28645",16.0513371761091,0.139909277106025,0.583560608925917,0.239751064355658,0.810523245551064,NA
"gene-AM1_RS28650",77.3359704681379,-3.12456611338201,0.772690016945378,-4.04375110957708,5.26027601569178e-05,0.00107624880711297
"gene-AM1_RS28655",249.763937220843,-3.41722203025951,0.785981266834751,-4.34771434696034,NA,NA
"gene-AM1_RS28660",573.038581934776,-5.06673933703366,1.32596410618227,-3.82117382620699,NA,NA
"gene-AM1_RS28665",711.763328330405,-5.02041484342971,1.3210215074545,-3.80040356277292,NA,NA
"gene-AM1_RS28670",49.9784304369565,-0.349099212799186,0.431838995014868,-0.80840131815138,0.418859593393984,0.966570950861774
"gene-AM1_RS28675",21.81883343744,-0.408611738575788,0.555254928846903,-0.735899345232921,0.461791955773473,0.982825588333525
"gene-AM1_RS28680",14.4851367241004,-0.0728297853527681,0.596428948801132,-0.122109742491812,0.902812106229565,NA
"gene-AM1_RS28685",27.3880029089041,0.0238714225215099,0.57877156290073,0.0412449817020542,0.967100593949644,0.999088916092384
"gene-AM1_RS28690",30.3813232876144,0.192193916182847,0.478654512814293,0.401529518760463,0.688030309587643,0.997177134360943
"gene-AM1_RS28700",29.3636342275451,-0.0692124137688389,0.498817412020734,-0.138753002804084,0.889645332966813,0.997177134360943
"gene-AM1_RS28705",34.7836053142276,0.00546937886004453,0.540700731869405,0.010115353166131,0.991929253515538,0.999709482207881
"gene-AM1_RS28710",23.6068672719506,-0.0922749823557562,0.53581481141617,-0.172214318062376,0.863269041864008,0.997177134360943
"gene-AM1_RS28715",37.0729678098722,-0.190801327734209,0.420013990075537,-0.454273743833853,0.649631811521713,0.997177134360943
"gene-AM1_RS28720",22.2168540188751,0.158005575435306,0.649744611665352,0.243181047750937,0.80786514795423,0.997177134360943
"gene-AM1_RS28725",19.1597481277425,0.272542470709391,0.563619221390829,0.483557799957292,0.628699730052676,0.997177134360943
"gene-AM1_RS28735",49.9654323148223,0.300179088343871,0.427150491078734,0.70274784792075,0.482212903309908,0.986441366799053
"gene-AM1_RS28740",35.8194709792711,0.155070469101265,0.501661935361741,0.309113484939704,0.757235201690965,0.997177134360943
"gene-AM1_RS28745",97.97870315093,-0.489421520466932,0.368548972898967,-1.32796875437529,0.184188429319514,0.731253919654119
"gene-AM1_RS28750",416.281645631456,0.458729460394432,0.335380944665511,1.36778629701798,0.171378978179185,0.708707992090292
"gene-AM1_RS43375",11.5748808024037,0.788164575083904,0.621874763904925,1.26740080291215,0.205012012859931,NA
"gene-AM1_RS43380",47.1052872968815,0.719676663811034,0.436677483491768,1.64807367225885,0.0993375541485846,0.508202867515336
"gene-AM1_RS28765",48.8525385931545,1.59278389800025,0.43869077912835,3.63076675822777,0.000282580470030727,0.00444855903490732
"gene-AM1_RS28770",93.2620347846204,1.61802303093586,0.433680758075423,3.73090804885208,0.000190790854822243,0.00320092542718918
"gene-AM1_RS28775",45.8292951997403,-0.00857500843391205,0.44932949379177,-0.0190840097353723,0.984774087490981,0.99966258039135
"gene-AM1_RS28780",79.7016020416226,1.03643721173258,0.445998991264121,2.3238555064776,0.0201332396276948,0.161065917021558
"gene-AM1_RS28785",994.504907364689,0.414318599931199,0.511058145995786,0.810707359186904,0.417533746163719,0.965187095955815
"gene-AM1_RS28790",572.004157707428,0.321071965981256,0.442155757561791,0.726151272465082,0.467746039968479,0.982825588333525
"gene-AM1_RS28795",685.877957589415,0.336077343536653,0.426839081466188,0.787363102699572,0.431069339601387,0.971416527865743
"gene-AM1_RS28800",843.784295088555,0.306766708745551,0.377022108106331,0.813657083098781,0.415841426583461,0.963340416703143
"gene-AM1_RS28805",319.34420643279,0.245431529119207,0.469908487927341,0.522296437337724,0.601463949348451,0.997177134360943
"gene-AM1_RS28810",1081.18405526521,0.190963292749685,0.367338051331314,0.519857096365574,0.603163180487667,0.997177134360943
"gene-AM1_RS28815",137.001898649427,0.208407661875119,0.4180023098707,0.498580167988989,0.618075179309981,0.997177134360943
"gene-AM1_RS28820",172.519627088451,-0.161188696940851,0.368291691721285,-0.437665851726124,0.661628527223885,0.997177134360943
"gene-AM1_RS28830",186.363417762762,0.864908399828832,0.348694343706987,2.48041993063021,0.0131227733008712,0.114497659469117
"gene-AM1_RS28835",98.2174903771996,1.07265281211997,0.405557808012406,2.64488265526664,0.00817192507517563,0.0795780166524566
"gene-AM1_RS28840",22.9657950847059,-0.127804542432831,0.499187630937488,-0.256025058539233,0.797931488095098,0.997177134360943
"gene-AM1_RS42435",25.6532451512625,0.563343345047619,0.500373684576149,1.12584526807162,0.260231019438558,0.854151227581448
"gene-AM1_RS28855",26.9496760056738,-0.102212439401126,0.457291074112625,-0.223517241397003,0.823132965841369,0.997177134360943
"gene-AM1_RS37895",28.8625310825135,-0.390168429069821,0.467978765080281,-0.833731054020985,0.404432554720294,0.957198044947986
"gene-AM1_RS28900",89.8748195503825,0.796304095028646,0.527050904640463,1.5108675234546,0.130822206726219,0.601996840115103
"gene-AM1_RS28920",64.9875850202557,-0.0630022794549566,0.422422806015812,-0.149145071141349,0.881439161956398,0.997177134360943
"gene-AM1_RS28925",147.475513690499,0.0404087001529524,0.431355403810893,0.0936784373070418,0.925364599476054,0.997177134360943
"gene-AM1_RS28930",145.684198532017,0.0832091712280965,0.459607608511084,0.181043937670344,0.856333088539123,0.997177134360943
"gene-AM1_RS28935",18.1188417684418,0.602270926186815,0.504677125575485,1.19337868840408,0.232721097559726,0.811965706993886
"gene-AM1_RS28940",28.6702822101973,0.276024954782807,0.706327245919582,0.390789051926553,0.695953168071944,0.997177134360943
"gene-AM1_RS28945",103.606889636169,-0.18494813364915,0.436142268450123,-0.424054596465466,0.671525996915807,0.997177134360943
"gene-AM1_RS28950",26.7688366262803,0.00776161622749715,0.535587329132049,0.0144917846358974,0.988437633487563,0.999709482207881
"gene-AM1_RS28960",11.0684453747064,-0.24769600710085,0.61446177728823,-0.403110520875672,0.68686692121633,NA
"gene-AM1_RS28970",24.9078851120665,-0.220249660031282,0.620285585351563,-0.355077830651908,0.72253128449421,0.997177134360943
"gene-AM1_RS28995",49.9142394641122,0.912645143873548,0.428787161232932,2.1284339326983,0.0333011222427795,0.234184658454612
"gene-AM1_RS29000",99.7759382054982,0.497213829722338,0.392283180711013,1.26748699452558,0.204981211017408,0.76270920401304
"gene-AM1_RS29005",34.2594540185448,-0.0109886497761243,0.44465394182384,-0.0247128131397015,0.980284034794924,0.99966258039135
"gene-AM1_RS29010",15.8009864525484,0.168791462757847,0.524376657076736,0.321889734182325,0.747536230572786,NA
"gene-AM1_RS29015",67.2815835707005,0.574368934635634,0.469899703428083,1.22232240294133,0.221585730552642,0.796299265328467
"gene-AM1_RS29020",37.5658547502976,1.40355848577835,0.513318223315729,2.73428532638526,0.00625158455826431,0.0631829682033185
"gene-AM1_RS29030",33.4751966060933,0.702080677262019,0.521549867589634,1.34614294987115,0.178256419555153,0.72319728216452
"gene-AM1_RS29040",21.7171920725975,0.743273941729834,0.728310489964724,1.02054542941683,0.3074698552164,0.897564114226004
"gene-AM1_RS29045",42.9620104578702,0.166549886935472,0.515978792745498,0.322784364933428,0.746858554709918,0.997177134360943
"gene-AM1_RS29050",12.8894717963484,0.28179847147296,0.694741139236326,0.405616503123335,0.685024401075869,NA
"gene-AM1_RS29060",61.9032479631566,1.75138365140002,0.465302497713051,3.76396787038115,0.000167238380716312,0.00286304306579063
"gene-AM1_RS29065",28.7268157933674,0.840937026647212,0.480346526734366,1.75068826325095,0.0799996222151104,0.442107193140522
"gene-AM1_RS29070",12.7699472512415,0.106324236378515,0.635377624558728,0.16734022771475,0.867102353231664,NA
"gene-AM1_RS29075",72.80146849919,-0.572897773569143,0.457536880356932,-1.25213463256168,0.210520809966322,0.77370071515002
"gene-AM1_RS29080",29.4610279067384,-0.626529382979921,0.473536885133733,-1.32308464799523,0.18580722945766,0.731253919654119
"gene-AM1_RS29085",530.143099875991,-0.423990538511894,0.466990412068293,-0.90792129250373,0.363919807123058,0.938932567974885
"gene-AM1_RS29090",119.704380485341,-0.594988826253395,0.447436450965968,-1.32977280900758,0.183593137369119,0.731253919654119
"gene-AM1_RS29095",17.3000869196552,-0.169731628215473,0.553356727623008,-0.306730938186239,0.759048178915029,NA
"gene-AM1_RS29100",22.6370394269614,1.22189093992872,0.642036534861225,1.9031486116173,0.0570211563656922,0.352080157917292
"gene-AM1_RS42445",103.568061122987,2.78018866810377,0.590544957017473,4.70783576265728,2.50360684519966e-06,7.94658345676347e-05
"gene-AM1_RS29110",35.5169798431462,0.24157724966651,0.429292519177784,0.562733425052918,0.573616420054349,0.99593231790249
"gene-AM1_RS29115",28.8431544863694,-0.182273477235023,0.450495982959147,-0.404606220987218,0.685766985017872,0.997177134360943
"gene-AM1_RS29120",119.400365149299,-0.260370266550719,0.449653706183262,-0.579046192592932,0.562558005102643,0.994977061149491
"gene-AM1_RS29125",20.6175539601233,0.149229486410096,0.588209937565058,0.25370106297055,0.799726512789709,0.997177134360943
"gene-AM1_RS29130",109.285498611137,0.0584039671754522,0.424901592802005,0.137452925959417,0.890672799132311,0.997177134360943
"gene-AM1_RS29135",19.7766774176884,-0.0994431193506382,0.549973408071175,-0.180814413735743,0.856513249067215,0.997177134360943
"gene-AM1_RS29140",11.3110846869164,-0.158723448586198,0.610051785873656,-0.26018028675859,0.794724709647591,NA
"gene-AM1_RS29145",59.9546425060192,1.89463698025523,0.594037303881853,3.18942424638041,0.00142556496489274,0.0185197289244473
"gene-AM1_RS29150",20.524105938041,1.26918416657192,0.501432323659389,2.53111757397204,0.0113699728859519,0.102872851750862
"gene-AM1_RS29160",28.2676475493001,-0.44140031457989,0.490945108173049,-0.899082824600229,0.368608545821771,0.941245946653286
"gene-AM1_RS29165",14.2945031926295,0.360726712549773,0.539528726482193,0.668595933532149,0.503753267285447,NA
"gene-AM1_RS29170",43.5319149721235,0.114362860023397,0.455346128843322,0.251155885115139,0.801693590133253,0.997177134360943
"gene-AM1_RS29175",114.245369636517,0.485185655724119,0.383076115297387,1.26655157121311,0.205315678246617,0.76270920401304
"gene-AM1_RS29180",52.7859446920744,1.15365174385873,0.47748268127789,2.41611222583237,0.0156872254902947,0.131218501537052
"gene-AM1_RS29190",19.1157218671649,-0.0806277171357135,0.531796070537037,-0.151613976865777,0.879491408909729,0.997177134360943
"gene-AM1_RS29195",30.4155977884462,-0.156708748649034,0.437622929953878,-0.358090808142868,0.720275357622114,0.997177134360943
"gene-AM1_RS29200",60.1976136546245,1.26134111966537,0.480208510783837,2.6266529879,0.00862292204062119,0.0834164715362893
"gene-AM1_RS29205",190.158058419563,-0.367150787668929,0.435774346918104,-0.842525013841462,0.399494144361234,0.953847172404751
"gene-AM1_RS29210",34.8248078629265,0.594574227376288,0.445442765793793,1.33479376708866,0.181943854036158,0.730296652980082
"gene-AM1_RS29215",101.17943037873,0.18333569466105,0.43041202151826,0.425953935985201,0.670141411971418,0.997177134360943
"gene-AM1_RS29220",166.84040370336,0.165282250459904,0.376772640712621,0.438679013813986,0.660894135498852,0.997177134360943
"gene-AM1_RS29225",14.2210463630549,-0.860589669025177,0.633835942397836,-1.35774829330366,0.174543567076179,NA
"gene-AM1_RS29230",37.6487605227397,-0.373720281412209,0.430147196813689,-0.868819520807152,0.384945854175213,0.948538404685481
"gene-AM1_RS29235",151.316036373248,0.062650504594444,0.358198407594874,0.174904475469646,0.861154693568694,0.997177134360943
"gene-AM1_RS29240",69.7396511625043,1.65933907573148,0.63881076344493,2.59754401566924,0.00938930857283401,0.0883160694212522
"gene-AM1_RS29245",67.2847262076766,1.00833280357982,0.834648557695425,1.20809266880417,0.227011619354353,0.803563775881306
"gene-AM1_RS29255",26.626407902611,0.209385980374643,0.526174878411923,0.397939903567046,0.690674485056979,0.997177134360943
"gene-AM1_RS29260",30.7358063983801,0.112066613153773,0.495915018779333,0.225979470090701,0.821217387833934,0.997177134360943
"gene-AM1_RS29315",18.7852985777458,-0.482885733273587,0.527188601714372,-0.915963910644662,0.359685823905754,0.934960229293754
"gene-AM1_RS29320",205.153289132213,-0.495876492893128,0.448413388974538,-1.10584675900765,0.26879285235263,0.862260690382301
"gene-AM1_RS29325",187.002882738795,-0.189472159468268,0.453215013530352,-0.41806240705126,0.675901489667599,0.997177134360943
"gene-AM1_RS29335",144.994368453129,0.517999029510903,0.519270680862121,0.997551081934556,0.318497091965384,0.906764324510265
"gene-AM1_RS29340",113.295904134875,-0.0679798845190009,0.372162951616333,-0.182661611597175,0.85506353842623,0.997177134360943
"gene-AM1_RS29345",39.6272830076565,0.154829717662349,0.535879424545317,0.288926408760178,0.772637693898858,0.997177134360943
"gene-AM1_RS29350",120.924806970711,-0.239507193322678,0.53345772177522,-0.44897127466007,0.653452378607119,0.997177134360943
"gene-AM1_RS29355",34.616496462138,-0.0823932571376252,0.478180086370416,-0.172305914625228,0.86319703469953,0.997177134360943
"gene-AM1_RS29400",15.1297980786289,-0.103621093029567,0.542853285358936,-0.190882317237986,0.848617794244994,NA
"gene-AM1_RS29405",47.3645678449204,0.178050978457546,0.440142821510467,0.404530006524965,0.685823016975834,0.997177134360943
"gene-AM1_RS29410",10.0714395422784,-0.471760210070081,0.718015259726328,-0.657033682334123,0.511159259076304,NA
"gene-AM1_RS29425",29.7730702689669,-0.114590483711561,0.544533639521376,-0.210437841475289,0.833325960597152,0.997177134360943
"gene-AM1_RS29435",9.84677521951073,-0.00484078244528863,0.693286408482299,-0.00698237032496537,0.994428919788211,NA
"gene-AM1_RS29440",1135.07314114613,-0.397883169873161,0.383061060200521,-1.03869385644388,0.298947139300924,0.894285546343303
"gene-AM1_RS29445",7.47035702663097,-0.54909321532693,0.669236268174925,-0.820477373147098,0.411944023031578,NA
"gene-AM1_RS29450",7.66809280750558,0.33708151790813,0.683743929572598,0.492993799767752,0.622016968320799,NA
"gene-AM1_RS29455",26.8692527157912,-0.186062739735648,0.480331874827315,-0.387362882803768,0.698487578256817,0.997177134360943
"gene-AM1_RS29460",24.0269940046618,-0.285128530278599,0.531482686742901,-0.536477551180377,0.5916285467156,0.997177134360943
"gene-AM1_RS29465",37.6450560021124,-0.348957838945153,0.477527815313474,-0.730759188794226,0.464926255405029,0.982825588333525
"gene-AM1_RS29470",25.7815518806374,-0.331544475641954,0.514772770767431,-0.644059854113268,0.519536621913694,0.991822910981087
"gene-AM1_RS29475",32.4683648361703,0.262396682003534,0.522225223295536,0.502458843997735,0.615344795606205,0.997177134360943
"gene-AM1_RS29510",16.9449590843196,-0.439114429851785,0.518083444355411,-0.847574719161548,0.39667485855044,NA
"gene-AM1_RS44070",16.8112967853288,-0.109715010668269,0.730694367803007,-0.150151712539062,0.880644921700106,NA
"gene-AM1_RS29520",56.8819151579437,0.104152281861255,0.451007433372116,0.23093251719273,0.817367228351869,0.997177134360943
"gene-AM1_RS37905",50.1354706025989,0.685047440721624,0.438598792243701,1.56189997062506,0.118311555416756,0.568914500333074
"gene-AM1_RS29530",41.3669587570532,0.249013077962616,0.477862901707808,0.521097321161953,0.602298976992595,0.997177134360943
"gene-AM1_RS29535",11.7617274158693,0.35080693250053,0.706539167580424,0.496514487232016,0.619531468687684,NA
"gene-AM1_RS29540",35.245674268594,0.360017605480593,0.511874804354425,0.703331366220781,0.481849267767334,0.986441366799053
"gene-AM1_RS29545",20.1119184239656,-0.33587865224508,0.587954908988156,-0.571266005454589,0.567819341603568,0.995551283692625
"gene-AM1_RS29550",50.4235129671075,0.0986498125062718,0.424790313349821,0.232231784497007,0.816357992029911,0.997177134360943
"gene-AM1_RS29555",27.3588710005082,-0.0234217031017508,0.476768767054485,-0.0491259174682351,0.960818949186136,0.998854654019967
"gene-AM1_RS29560",149.177672772406,0.0876946105392547,0.410346137124734,0.213708873083891,0.830774091477034,0.997177134360943
"gene-AM1_RS29565",10.4168819800215,-0.00612075216454371,0.665929124477657,-0.00919129670044799,0.992666509524566,NA
"gene-AM1_RS29570",11.6889353437812,0.365650538427735,0.838044984605709,0.436313736308283,0.662609116964564,NA
"gene-AM1_RS29575",107.528737785766,0.702060145721512,1.74071676640514,0.403316702217661,NA,NA
"gene-AM1_RS29580",278.289686648511,0.166180012034163,2.05649570819107,0.080807371185976,NA,NA
"gene-AM1_RS29585",337.16229714175,0.391038189702456,2.24643423722946,0.174070615209607,NA,NA
"gene-AM1_RS29590",1285.97461005733,-0.0293042058538889,2.15190278870044,-0.0136178111798377,NA,NA
"gene-AM1_RS40130",19.5266080490092,-0.115003256535372,0.534928605878442,-0.214988047510597,0.829776637388889,0.997177134360943
"gene-AM1_RS29620",51.1773772075486,-0.141323960617606,0.441399349558969,-0.320172562009463,0.748837521627185,0.997177134360943
"gene-AM1_RS29625",38.0869990714795,-0.177393535332257,0.544537530747121,-0.325769162483379,0.744599011829503,0.997177134360943
"gene-AM1_RS29635",4.88384736022472,0.345068891346811,1.91077405722052,0.180591153644173,0.856688500082468,NA
"gene-AM1_RS29640",9.96675088504499,-0.413893640359267,0.688203422093556,-0.60141177313559,0.54756575910569,NA
"gene-AM1_RS29645",126.570324189568,-0.206573008337361,0.798878539830278,-0.258578742622436,0.79596028647813,0.997177134360943
"gene-AM1_RS29650",24.1588441732076,-0.155385447266851,0.493412542454183,-0.314919937977214,0.752822442957718,0.997177134360943
"gene-AM1_RS43425",8.9174584086345,-0.0897622055907041,0.694832693612043,-0.129185351259281,0.897210987079718,NA
"gene-AM1_RS29665",61.074341595694,-0.0829730411443827,0.7532015173226,-0.110160480609926,0.912282103371893,0.997177134360943
"gene-AM1_RS29700",234.460331579458,-0.243162712894406,0.356392877330254,-0.682288363100696,0.495056629882958,0.989035047236538
"gene-AM1_RS29710",134.005710952003,-0.380745056891559,0.37611823472976,-1.01230150983007,0.311393913187855,0.898528284146969
"gene-AM1_RS29730",25.3063377451174,0.0651123482495519,0.579059665518748,0.112444972645818,0.910470598392742,0.997177134360943
"gene-AM1_RS29735",24.841261220224,0.120360571328334,0.612364685170805,0.196550477587979,0.84417932767604,0.997177134360943
"gene-AM1_RS29740",54.9668690948849,0.126954856715795,0.582879444052274,0.217806371473978,0.827579980025204,0.997177134360943
"gene-AM1_RS29745",362.353223943422,0.000844627123378433,0.406300686248915,0.00207882278313698,0.99834134059134,0.999851175142864
"gene-AM1_RS29750",37.1260156410511,-0.347974805815385,0.562813357918303,-0.618277446545425,0.536392466115881,0.99354618231587
"gene-AM1_RS29755",105.226982326756,-0.0376540246388166,0.457465884566,-0.0823100167885507,0.934400189205359,0.997177134360943
"gene-AM1_RS29760",119.506579478101,-0.118741298955461,0.536390028034228,-0.221371190271053,0.824803422802024,0.997177134360943
"gene-AM1_RS29765",249.687974352238,-0.146260989633772,0.421469151905846,-0.3470265592924,0.728571365777056,0.997177134360943
"gene-AM1_RS29770",37.7463815575023,-0.160360482180756,0.449737810751501,-0.35656437672607,0.721417949960992,0.997177134360943
"gene-AM1_RS29775",48.1888672002597,-0.167279570896089,0.521052020860031,-0.321041976998731,0.748178580187735,0.997177134360943
"gene-AM1_RS29780",325.72428028589,-0.181941113248494,0.410413535152765,-0.443311678745614,0.657540309574949,0.997177134360943
"gene-AM1_RS29785",236.885478664315,-0.123589011034408,0.420341642232094,-0.294020383938471,0.768742327314908,0.997177134360943
"gene-AM1_RS29790",65.8665273795479,0.0948139550305536,0.448082617268486,0.21159927070713,0.83241967833944,0.997177134360943
"gene-AM1_RS29805",29.2582707492521,-0.432911373577575,0.577987100528556,-0.748998330899923,0.453858211438532,0.982825588333525
"gene-AM1_RS29815",24.2811419563266,-0.657186195541468,0.578278730958091,-1.13645230294506,0.255767316760864,0.850915401710932
"gene-AM1_RS29825",7.69803372526929,-0.439161247983377,0.850718981167739,-0.516223638716233,0.60569822209255,NA
"gene-AM1_RS29830",35.4473349875453,-0.321936183431239,0.506638192325943,-0.635436073133868,0.525144047436375,0.992659241707204
"gene-AM1_RS29835",62.0599225903532,-0.0859537681914027,0.481819018842101,-0.178394303317385,0.858413322843298,0.997177134360943
"gene-AM1_RS29840",7.22971361035493,-0.698408445260269,0.741722734850686,-0.941603125325347,0.34639586904929,NA
"gene-AM1_RS29845",152.488232715573,0.213189159320761,1.839307392817,0.115907303017061,0.90772600773985,0.997177134360943
"gene-AM1_RS29850",121.491533468464,0.218349229416672,1.2716921948107,0.171699748026821,0.863673583917642,0.997177134360943
"gene-AM1_RS29855",36.2117618603423,0.337080669125981,0.446534607210449,0.754881399297942,0.450320147376323,0.982825588333525
"gene-AM1_RS29860",98.9978366952485,-0.28275481056943,0.416755120564624,-0.678467513935645,0.49747531473644,0.989152769345463
"gene-AM1_RS29865",35.4787385247283,-0.420608774048131,0.467620938123334,-0.899465228687421,0.36840490869327,0.941245946653286
"gene-AM1_RS29870",22.0263120211464,0.299673970608116,0.575668935887157,0.520566513018966,0.602668782177311,0.997177134360943
"gene-AM1_RS29880",95.4613536204398,0.0364405815018617,0.403105663869341,0.0903995770043886,0.927969692819779,0.997177134360943
"gene-AM1_RS42490",24.3054814595348,-0.325374477236328,0.499124735174903,-0.651890107434388,0.51447206709822,0.991398497019674
"gene-AM1_RS29905",6.96053332189604,0.0667344608039662,0.772811175700969,0.0863528671715125,0.931185913460173,NA
"gene-AM1_RS29910",72.016749442937,-0.0718064119461304,0.394110227866169,-0.182198803453825,0.855426711983576,0.997177134360943
"gene-AM1_RS29925",64.2104766801351,0.210252802003424,0.432170895477599,0.486503844205126,0.626609980433897,0.997177134360943
"gene-AM1_RS29930",11.4406530291658,-0.130289944570429,0.678088150664575,-0.192143078215916,0.847630131986933,NA
"gene-AM1_RS29935",11.8321881918018,-0.255660024674319,0.636684440391032,-0.401549038197479,0.688015941602314,NA
"gene-AM1_RS42495",7.87216312163599,-0.396450089129897,0.716291793885212,-0.553475681997593,0.579937727940084,NA
"gene-AM1_RS29945",27.7919565473414,-0.101094087383868,0.442825080272334,-0.228293499820957,0.819418077540723,0.997177134360943
"gene-AM1_RS29950",12.0806474646916,0.310906027563827,0.683940195009269,0.454580721870885,0.649410906510927,NA
"gene-AM1_RS29955",57.7708751408621,-0.0745575329063847,0.426377452645218,-0.174862747651956,0.861187482287119,0.997177134360943
"gene-AM1_RS29960",111.971725460034,-0.306960079277615,0.386170291022997,-0.794882688837746,0.426681745003027,0.971298466877678
"gene-AM1_RS37915",28.2671855829528,-0.67724338988436,0.509705680060552,-1.32869500258248,0.183948614338393,0.731253919654119
"gene-AM1_RS29975",51.5109880553588,-0.200776194394268,0.459501798439441,-0.43694321779837,0.66215252831764,0.997177134360943
"gene-AM1_RS29980",53.1015032211984,0.0303929486524371,0.501225598843006,0.0606372633851784,0.951648096222566,0.997889813204431
"gene-AM1_RS29985",8.77934691852802,-0.13717568329506,0.662702438300788,-0.20699438445826,0.83601424408274,NA
"gene-AM1_RS29990",33.2912833732026,-0.0889654294553272,0.455969272418213,-0.195112773682101,0.84530466280413,0.997177134360943
"gene-AM1_RS29995",85.9244038083917,-0.114545649586137,0.418525458674798,-0.273688606539803,0.784323934234466,0.997177134360943
"gene-AM1_RS42500",27.5232827144643,-0.310389405167997,0.578750592689819,-0.536309438104281,0.591744708798354,0.997177134360943
"gene-AM1_RS30010",107.596757716744,0.112405244261151,0.433820294725176,0.259105545839803,0.795553805925846,0.997177134360943
"gene-AM1_RS30015",54.8849420227139,-0.233019525955923,0.460606701168458,-0.505896951487688,0.612928992513298,0.997177134360943
"gene-AM1_RS43435",44.1145723521902,-0.194063803318827,0.540624683129389,-0.358962158729962,0.719623398145864,0.997177134360943
"gene-AM1_RS30030",129.314120487794,-0.0111426330082158,0.390378539438158,-0.028543149488321,0.977228953720323,0.999538345883739
"gene-AM1_RS30035",36.8079150935365,0.349169449022292,0.415872002910644,0.839607972112796,0.401128227894249,0.955171930570576
"gene-AM1_RS30040",37.8533751195397,-0.238418650749916,0.523098211300227,-0.455781812285873,0.648546884098234,0.997177134360943
"gene-AM1_RS30045",78.4118233951437,0.0214764171931227,0.475014116657175,0.0452121662073098,0.963938196936603,0.999088916092384
"gene-AM1_RS30050",12.350902121659,-0.700277709473702,0.735860187404823,-0.951645056302597,0.34127702290962,NA
"gene-AM1_RS30055",88.0178036832861,0.25449831636737,0.39148875186896,0.650078233799568,0.515641688186949,0.991398497019674
"gene-AM1_RS30060",26.9324713091526,-0.435302947296952,0.496351420989864,-0.877005542623078,0.380483627563069,0.946383626596995
"gene-AM1_RS30065",9.98636271702207,0.0131751413301281,0.620164606730363,0.0212445876258404,0.98305054651552,NA
"gene-AM1_RS30075",113.012598865956,0.572737366133227,0.410371218466456,1.39565676236635,0.162817880495961,0.689802737570192
"gene-AM1_RS37920",11.2786943900487,-0.493272924413761,0.679198328925117,-0.726257564847669,0.467680888434965,NA
"gene-AM1_RS30090",18.9267513499,-0.272896883251804,0.503674729824165,-0.541811742961719,0.58794820093166,0.997177134360943
"gene-AM1_RS30095",9.50046629421081,0.556318244866864,0.650458129377811,0.855271415239293,0.392400908351799,NA
"gene-AM1_RS30100",12.1895992184021,0.989277630679314,0.577525298269869,1.71295981949701,0.086719931903811,NA
"gene-AM1_RS30105",44.0688838407584,-0.0189581102558297,0.448211928616069,-0.0422972014920847,0.966261776177305,0.999088916092384
"gene-AM1_RS30110",28.4253682197879,0.404746992546053,0.523804317923265,0.77270648350277,0.439696108738623,0.977489509256499
"gene-AM1_RS44090",100.269919113624,-0.178956432197497,0.387612624522857,-0.46168886376647,0.644304458215794,0.997177134360943
"gene-AM1_RS30120",74.2445401488928,0.0325793253873823,0.377617055918899,0.0862760960521322,0.931246940196704,0.997177134360943
"gene-AM1_RS30125",10.18544192598,0.145350405639493,0.602121662278993,0.241397070966274,0.809247382670978,NA
"gene-AM1_RS30130",47.6969354388586,0.529063658009332,0.429883646146749,1.23071361925856,0.218429992519777,0.789791204480375
"gene-AM1_RS30135",7.09736372056839,-0.681886395943446,0.713525526977425,-0.955658025063228,0.339245035643982,NA
"gene-AM1_RS30140",62.340323285153,-0.00309279589272032,0.472990989271577,-0.00653880509961371,0.994782825542507,0.999709482207881
"gene-AM1_RS30145",10.3388894496189,0.0810251646262674,0.684955575108542,0.118292583593363,0.905835833576671,NA
"gene-AM1_RS37925",13.5697031737374,-0.134508719235637,0.562919650579016,-0.238948345642726,0.811145636754057,NA
"gene-AM1_RS30155",17.6600436511208,0.36538452989619,0.54261276782809,0.673379897341358,0.500705634408374,0.989201002062665
"gene-AM1_RS30195",17.0381432146319,0.096569341161642,0.549743775627421,0.175662454843491,0.860559133263665,NA
"gene-AM1_RS30205",34.3743347891384,-0.0327457683145828,0.426715964505857,-0.0767390279210736,0.93883115627457,0.997177134360943
"gene-AM1_RS30215",20.396973586148,0.442090485986968,0.522561846632092,0.846006054280921,0.397549366846346,0.953847172404751
"gene-AM1_RS30230",22.5364233125726,0.236364672665948,0.582587376555973,0.405715403693165,0.684951722894961,0.997177134360943
"gene-AM1_RS30235",24.9796903112455,-0.178587924998531,0.472869499879886,-0.377668521746262,0.705676854861843,0.997177134360943
"gene-AM1_RS30240",18.9956392173614,-0.00299346833086893,0.529245111442403,-0.00565610955330421,0.995487101575677,0.999709482207881
"gene-AM1_RS30250",16.2022152190052,0.144781954951679,0.597195592026205,0.242436409251538,0.808442025172865,NA
"gene-AM1_RS30255",12.4965703648069,0.00070916855652144,0.591820427644511,0.00119828333628831,0.999043908455314,NA
"gene-AM1_RS30265",20.4189347917781,0.903878987729719,0.597520356176307,1.51271664368706,0.130351650039581,0.600333246299935
"gene-AM1_RS30270",85.82032450695,-0.201221028596728,0.366857666403862,-0.548498905772381,0.583349380401542,0.997177134360943
"gene-AM1_RS30275",60.8575216828977,0.135448560912377,0.505200476057032,0.268108537762119,0.788615774164244,0.997177134360943
"gene-AM1_RS30280",42.1382064788587,2.06224561250011,0.526035529178756,3.92035423105295,8.84189056063698e-05,0.00169671834549217
"gene-AM1_RS30285",19.2151096521227,1.42124059323586,0.609505281170284,2.33179373032994,0.019711545027676,0.158339524490443
"gene-AM1_RS30295",12.2034870175405,0.639186200577408,0.656506235914245,0.973617866229836,0.330246312003434,NA
"gene-AM1_RS30300",34.9137133243849,0.467955262065621,0.52990408888351,0.883094265325613,0.377185342336417,0.945701251152621
"gene-AM1_RS30305",12.6084305107751,0.135243722491998,0.591833408235054,0.228516539637932,0.81924469948111,NA
"gene-AM1_RS30310",13.3801516641428,0.397465929596148,0.734038776800498,0.54147811009196,0.588178081573786,NA
"gene-AM1_RS30315",15.7181818258025,0.385903209800656,0.600272768517841,0.642879754071647,0.520302127424372,NA
"gene-AM1_RS30320",13.0689656984178,-0.0807653580369762,0.637438581535386,-0.12670296460945,0.899175499332767,NA
"gene-AM1_RS43475",100.703503566897,0.988317901845264,0.465539042347846,2.12295384907116,0.0337577193650379,0.237111636497012
"gene-AM1_RS30335",362.470624994179,0.848716674611495,0.408257802664794,2.07887435113726,0.0376289007477066,0.257826027060132
"gene-AM1_RS30340",167.692962253428,-0.0641415585583727,0.428060800852839,-0.149842168286798,0.880889139430272,0.997177134360943
"gene-AM1_RS30345",24.2847967305771,-0.190539043321321,0.62481985152276,-0.304950367465047,0.760403953876254,0.997177134360943
"gene-AM1_RS30350",27.2412471195669,-0.0428874858034046,0.536486959045844,-0.0799413388904757,0.936283911339127,0.997177134360943
"gene-AM1_RS37940",146.858877299352,-0.235645150995653,0.351696721593909,-0.670023735017192,0.502842659848004,0.989201002062665
"gene-AM1_RS30390",35.3132422958787,-0.135035190851629,0.575509205679184,-0.234636022359135,0.81449124813202,0.997177134360943
"gene-AM1_RS30395",63.032763384973,-0.0498617880153333,0.471941425679777,-0.105652492665829,0.915858074656961,0.997177134360943
"gene-AM1_RS30405",14.0252458124916,0.178933899316144,0.669066409881005,0.267438174557243,0.78913181041023,NA
"gene-AM1_RS30410",15.2185973726299,-0.158318041667457,0.58706166382473,-0.269678726142684,0.787407428433896,NA
"gene-AM1_RS28850",40.6379208903865,0.188259633921524,0.441376005767037,0.426528926497399,0.669722474658579,0.997177134360943
"gene-AM1_RS30440",17.9636814202908,-0.127786416173574,0.505515157862188,-0.252784539070955,0.800434715807181,0.997177134360943
"gene-AM1_RS30445",10.8821484662237,-0.0371125674494706,0.669261881200706,-0.0554529825946279,0.955777586729973,NA
"gene-AM1_RS30500",16.220336991053,0.0119939235798172,0.543139010590999,0.0220826038011271,0.982382063248919,NA
"gene-AM1_RS30520",24.3633333465456,-0.683195039052796,1.62516169798415,-0.420385885232362,0.674203577603599,0.997177134360943
"gene-AM1_RS30605",57.2463306245485,-0.41381216830889,0.445596111043904,-0.928670960209788,0.353059634821768,0.932598369623671
"gene-AM1_RS30610",39.5873335608428,0.304138685264839,0.447055439672381,0.680315366451469,0.496304796756393,0.989035047236538
"gene-AM1_RS30655",21.2975563328376,0.32055098769487,0.540890604745759,0.592635525339809,0.553425098824713,0.99354618231587
"gene-AM1_RS30690",12.3762206945148,0.349968856442865,0.851819824519712,0.410848452183172,0.681183662456827,NA
"gene-AM1_RS30750",12.7744954361849,0.819748808526687,0.866313526937954,0.946249577129595,0.344021304800391,NA
"gene-AM1_RS30840",25.8399977707276,0.390406203046756,0.643295809909616,0.606884417763593,0.543927619795201,0.99354618231587
"gene-AM1_RS30845",39.0222053807945,0.0141825389366934,0.497108350503591,0.0285300758322122,0.977239380742259,0.999538345883739
"gene-AM1_RS30850",19.6515012830503,-0.195829895407297,0.566719853884883,-0.345549735137876,0.729681126877737,0.997177134360943
"gene-AM1_RS30855",40.5840605088024,0.463574022273483,0.483692975110587,0.958405530217791,0.337858307675615,0.922746038451726
"gene-AM1_RS30860",29.1635509126011,0.417506630254034,0.588653647485773,0.709256847447166,0.478165101922861,0.986441366799053
"gene-AM1_RS30865",9.43540518749023,0.251386192669216,0.65929304968569,0.381296591537043,0.702983182531255,NA
"gene-AM1_RS30870",35.263219361459,-0.173127273817592,0.430940189151729,-0.401743161059958,0.68787305660077,0.997177134360943
"gene-AM1_RS30875",18.4913029299493,0.21208723644313,0.587905770484751,0.360750390778196,0.718286051265383,0.997177134360943
"gene-AM1_RS30880",16.9712333758397,-0.315941802934746,0.536427076429868,-0.588974376605787,0.555878462468194,NA
"gene-AM1_RS30885",22.6509623129139,-0.63103994398685,0.5299157662011,-1.19083066448598,0.233720068196035,0.81400014261395
"gene-AM1_RS30890",28.1590154495669,-0.21523760786157,0.44141153322816,-0.487612107204087,0.625824618184693,0.997177134360943
"gene-AM1_RS30895",93.8657497799179,-0.376793852819293,0.423845041066683,-0.888989645534186,0.374008644657661,0.942161630815008
"gene-AM1_RS30905",90.6196322372215,0.0930718053522806,0.425518383375483,0.218725697851115,0.826863729654232,0.997177134360943
"gene-AM1_RS30910",112.463890028695,0.367352638720871,0.565184889545368,0.649968966821401,0.515712267531744,0.991398497019674
"gene-AM1_RS30915",20.2903897662414,-0.0170788227618011,0.679285510276654,-0.0251423333832712,0.979941433686605,0.99966258039135
"gene-AM1_RS30920",70.0396329343506,0.371784603508476,0.615343708613003,0.604190143337104,0.545717233332046,0.99354618231587
"gene-AM1_RS30925",18.3509209384423,-0.216385344745092,0.550247079438826,-0.393251237181983,0.69413392993468,0.997177134360943
"gene-AM1_RS30930",8.76540093172727,0.253217912750964,0.805663141209334,0.31429750201911,0.753295095272333,NA
"gene-AM1_RS30935",8.72420598459365,0.584555730016092,0.627070954552417,0.932200296907913,0.351233022068381,NA
"gene-AM1_RS30945",32.1454123430447,-0.141247476630777,0.438219570068255,-0.322321243226945,0.747209341417536,0.997177134360943
"gene-AM1_RS30950",31.0446118611919,-0.176720551283251,0.471062741822856,-0.375152894918841,0.707546760405939,0.997177134360943
"gene-AM1_RS30955",45.9209054377702,0.404833809525918,0.430003805393625,0.941465643903623,0.346466287403458,0.927676347474028
"gene-AM1_RS30965",31.6495583895361,-0.255741071376928,0.604184360199872,-0.423283170210374,0.672088671831229,0.997177134360943
"gene-AM1_RS30970",14.1718496945038,0.300779070358121,0.588237030105358,0.511322910603313,0.609124964966072,NA
"gene-AM1_RS30975",29.2452338938845,-0.516176996719234,0.51525574065303,-1.0017879588591,0.316446013992665,0.904219461880744
"gene-AM1_RS30980",29.2947569177027,0.0359972689374848,0.52557139179498,0.0684916825753084,0.945394240872737,0.997177134360943
"gene-AM1_RS39125",299.769234987429,-0.0931794062073958,0.54088294700429,-0.172272774957087,0.863223086785386,0.997177134360943
"gene-AM1_RS30990",23.4878130883447,0.532078705461225,0.515218149496687,1.03272508156207,0.301732572468143,0.894383475786439
"gene-AM1_RS30995",137.190266699422,-0.383270999603094,0.512664946539958,-0.747605238450258,0.454698304077454,0.982825588333525
"gene-AM1_RS31000",199.051513028631,-0.640790955337801,0.694941481377776,-0.922079013138462,0.356487363049863,0.933672522671186
"gene-AM1_RS31005",31.4790382484462,-0.631941749913472,0.807909202687165,-0.78219402355065,0.434100556275287,0.972183285066938
"gene-AM1_RS31010",29.3782492481235,-0.880207309286619,0.796546373504585,-1.1050295859285,0.269146769485064,0.862680038436844
"gene-AM1_RS44105",14.7463436451284,-0.622994332207236,0.647779072988604,-0.961738898623229,0.336180777448957,NA
"gene-AM1_RS31020",18.0315963697244,0.0971646357383881,0.543786275295257,0.178681662544041,0.858187668622253,0.997177134360943
"gene-AM1_RS31030",96.2173936258926,-0.534933961723043,0.398555195411925,-1.34218288428072,0.179536704657153,0.725560584822302
"gene-AM1_RS31035",37.4962718988488,-0.21385647474384,0.420818965233679,-0.508191152043461,0.611319295307571,0.997177134360943
"gene-AM1_RS31045",23.0631537245309,0.341115673763704,0.525796615480169,0.648759736599274,0.516493686015937,0.991398497019674
"gene-AM1_RS31050",17.3380837662841,0.52033863919685,0.562783099139702,0.924581139682881,0.355183827297541,NA
"gene-AM1_RS31065",46.0184415761678,-0.147903576594905,0.463217618734689,-0.319296094563314,0.749501993906859,0.997177134360943
"gene-AM1_RS31070",23.3365181516025,-0.179544408394246,0.483016149222088,-0.371715125225953,0.710104962384717,0.997177134360943
"gene-AM1_RS31075",27.9015712834363,-0.325959775314604,0.512458581758028,-0.636070478508476,0.524730486171282,0.992659241707204
"gene-AM1_RS31090",14.777227596711,-0.252270191077238,0.604742661170164,-0.417152959887271,0.676566529829759,NA
"gene-AM1_RS31095",16.8892470088123,0.502647239867584,0.534096613961021,0.941116694486792,0.346645061162137,NA
"gene-AM1_RS42555",243.494961566007,0.218781303288166,0.358326378507204,0.610564324623864,0.541488046721255,0.99354618231587
"gene-AM1_RS43540",50.4169200369421,0.0429077287866931,0.465555451476584,0.0921645931770413,0.926567268827597,0.997177134360943
"gene-AM1_RS31110",9.22190148542419,-0.760201999049946,0.635863061821577,-1.19554357643007,0.23187472135156,NA
"gene-AM1_RS31115",22.3957592396883,0.0649100990331065,0.536159960046621,0.121064801309412,0.90363970854879,0.997177134360943
"gene-AM1_RS31120",15.2481655037697,0.0103615674535143,0.517127460779643,0.0200367766931053,0.98401403488949,NA
"gene-AM1_RS31125",188.842501112925,1.82965259248134,0.393624433382674,4.64821905682514,3.34813243644605e-06,0.00010186649568296
"gene-AM1_RS31130",653.657447759703,1.72926099688484,0.393718733323638,4.39212272752942,1.12249302429168e-05,0.000287828778979946
"gene-AM1_RS31135",19.7035065209837,0.638518509309797,0.603203294716202,1.05854612350917,0.289806534522889,0.888639149200211
"gene-AM1_RS31140",25.1535948368505,-0.252085158464368,0.515553364225887,-0.488960359792975,0.624869761251427,0.997177134360943
"gene-AM1_RS31145",25.1688822347897,-0.0821735994414114,0.506160957535065,-0.162346775700729,0.871032781537382,0.997177134360943
"gene-AM1_RS31150",58.3989202779989,-0.0269729743840318,0.454591696384239,-0.0593345074240714,0.952685676570851,0.997889813204431
"gene-AM1_RS31155",10.0974631316132,-0.449439726795725,0.600305339384669,-0.748685206192593,0.454046962344051,NA
"gene-AM1_RS31160",23.5659019324053,0.0866585112347961,0.495901379232996,0.174749486216049,0.861276481613073,0.997177134360943
"gene-AM1_RS41560",14.7206749131955,-0.417637900000263,0.613135241996065,-0.681151353558866,0.495775725634254,NA
"gene-AM1_RS31170",20.6593915504173,0.29872423032216,0.578623551594687,0.516266974441113,0.605667958924753,0.997177134360943
"gene-AM1_RS31175",34.6859508197581,-0.474028338310943,0.465565330240017,-1.01817791730016,0.30859341183916,0.898083252146036
"gene-AM1_RS44685",12.1125721510643,0.0838273992563276,0.64262723669174,0.130444827841212,0.896214502060532,NA
"gene-AM1_RS31185",22.8860078183806,0.615879015584846,0.510177642194962,1.20718542846198,0.227360740864451,0.803563775881306
"gene-AM1_RS31190",19.6550253675204,-0.619285504562623,0.563003473634799,-1.09996746656723,0.271346297104712,0.865008391204598
"gene-AM1_RS31205",42.3007604094922,-0.00551676263319273,0.470265430152849,-0.0117311677181962,0.99064009708339,0.999709482207881
"gene-AM1_RS31210",63.4091785829198,0.348424290891201,0.438512773972985,0.794559044961062,0.426870049775964,0.971298466877678
"gene-AM1_RS31215",92.7658509819414,0.248306101445574,0.469580874106764,0.528782399662041,0.596956408503765,0.997177134360943
"gene-AM1_RS31275",22.6044144001977,-0.739881425912931,0.563980599008751,-1.31189162750162,0.189556702865152,0.738114694445736
"gene-AM1_RS39140",14.699028748095,-0.600121462084701,0.536376008625146,-1.11884471422007,0.263206392129958,NA
"gene-AM1_RS31280",16.5496192494058,-0.142219091637495,0.573639132670761,-0.247924319554958,0.804192962935635,NA
"gene-AM1_RS31285",82.2418466575168,-0.0542315398641812,0.402577060042536,-0.134710954117582,0.892840412007585,0.997177134360943
"gene-AM1_RS31290",14.6321827029647,0.581304995530378,0.645235409201819,0.900919241629151,0.367631259788429,NA
"gene-AM1_RS31305",15.8320727720221,0.28083905897399,0.531667198276381,0.528223407207452,0.597344284989618,NA
"gene-AM1_RS31310",113.387172097814,0.0183199529328357,0.366179538092237,0.0500299744444517,0.960098502071218,0.998854654019967
"gene-AM1_RS37960",17.7014459008417,0.987994306241117,0.532603688647187,1.85502715677884,0.0635923486621417,0.377567513998075
"gene-AM1_RS31320",15.9832228644598,-0.585516035606094,0.586670876006963,-0.998031536167724,0.318264066701907,NA
"gene-AM1_RS31345",48.2000680114434,0.0679914205697677,0.477061722931032,0.142521223777991,0.886668316335948,0.997177134360943
"gene-AM1_RS31350",11.5063227886374,0.209280940280448,0.650235952036568,0.321853843400954,0.747563421637041,NA
"gene-AM1_RS31355",15.0078418111747,-0.127922258747194,0.634626344848534,-0.201570987062829,0.840252128599047,NA
"gene-AM1_RS41575",89.2246097562386,0.0875213905259745,0.499233507049721,0.175311531157418,0.860834851533041,0.997177134360943
"gene-AM1_RS31370",37.9826251121201,0.180792511775354,0.424581556073472,0.425813390123025,0.67024382910883,0.997177134360943
"gene-AM1_RS31375",88.1632113772373,0.909250478361018,0.428846906429348,2.12022160992507,0.0339873608292567,0.238439405961046
"gene-AM1_RS31380",163.241841161252,1.53106650281611,0.398634481738861,3.84077788789753,0.000122645048196388,0.00224352561685106
"gene-AM1_RS31385",38.666955968687,-0.10646699938294,0.463218196828566,-0.229842005585853,0.818214542638602,0.997177134360943
"gene-AM1_RS31400",42.6953090040253,-0.253062268145482,0.437014589958587,-0.579070525241417,0.562541587183591,0.994977061149491
"gene-AM1_RS31415",57.2501048958744,0.460015948052963,0.498788656781621,0.922266258060407,0.356389709601996,0.933672522671186
"gene-AM1_RS31420",10456.3747191695,0.348095439696911,0.578503680609388,0.601716897168626,0.547362600459967,0.99354618231587
"gene-AM1_RS31425",11.8348918121965,-0.457242742498521,0.590711320294241,-0.774054477694388,0.438898575975887,NA
"gene-AM1_RS31440",93.4140254188099,0.161684962573875,0.525400418907043,0.307736645719122,0.758282732744441,0.997177134360943
"gene-AM1_RS42565",3729.82024957299,-0.0230781570545872,0.518565147636578,-0.0445038721938192,0.964502765472612,0.999088916092384
"gene-AM1_RS31445",107.627923047789,-0.00563053053400964,0.424329374801158,-0.013269245233489,0.989412984776628,0.999709482207881
"gene-AM1_RS43565",357.730210531813,0.136407193401551,0.346714395591408,0.393428121635604,0.694003302754945,0.997177134360943
"gene-AM1_RS31455",163.371352048685,0.102321622728459,0.389162352069596,0.262927855647661,0.792606185756058,0.997177134360943
"gene-AM1_RS37970",211.944575196748,-0.0781595002370587,0.418485760168298,-0.186767406866188,0.851843002765783,0.997177134360943
"gene-AM1_RS31465",188.145152704128,-0.491880730247669,0.384945537657318,-1.277793043767,0.201322407785382,0.761607290950234
"gene-AM1_RS31470",157.318549000139,-0.133586576753736,0.400024688859394,-0.333945830030232,0.738420435620412,0.997177134360943
"gene-AM1_RS31475",162.193299678363,0.498483809190452,0.34842992179097,1.43065729437985,0.152528458248915,0.661971254129805
"gene-AM1_RS31480",97.1446816785306,-0.104214870088232,0.460991087073025,-0.226066995676477,0.821149313751778,0.997177134360943
"gene-AM1_RS31485",155.842914557929,0.454051558983637,0.475247337136797,0.95540053252932,0.339375184816167,0.92388089255472
"gene-AM1_RS31495",28.3662212747936,-0.0313547722945402,0.592891101560438,-0.0528845385130881,0.957823903635469,0.99846297925572
"gene-AM1_RS31500",150.70971952609,-0.0167301462557586,0.729002817504337,-0.0229493574702941,0.981690669179936,0.99966258039135
"gene-AM1_RS43570",96.7627712622927,-0.0616363032636852,0.616766364918989,-0.0999346053375997,0.920396242771323,0.997177134360943
"gene-AM1_RS31510",105.61248078442,0.286681642046031,0.452347891855625,0.63376363017854,0.526235091939221,0.992659241707204
"gene-AM1_RS31515",15.1197613907512,0.621718666340085,0.740930038760802,0.839105764128424,0.401409961795707,NA
"gene-AM1_RS31520",24.2540755481643,0.591461455524433,0.512431394231551,1.1542256430471,0.248407672060967,0.842945371836704
"gene-AM1_RS31525",161.703992067114,0.261392787991241,0.392650479202678,0.665713660968985,0.505594140000706,0.989201002062665
"gene-AM1_RS31530",87.6829393712292,0.153398852736526,0.39436084939714,0.388980937055559,0.697290248125947,0.997177134360943
"gene-AM1_RS31535",26.155093465189,0.323428817561342,0.496468289820299,0.651459165052435,0.514750128823867,0.991398497019674
"gene-AM1_RS31540",60.3276851145429,0.442962370192803,0.447976542130356,0.988807065848339,0.322757546522721,0.907870319432565
"gene-AM1_RS31550",18.91723058123,0.711458354669089,0.55878601066678,1.27322148566341,0.202939458414461,0.761799309864981
"gene-AM1_RS31570",14.2171368926278,1.20811043377937,0.605448875431066,1.99539628002319,0.0459996763453721,NA
"gene-AM1_RS43575",21.381867043948,-0.746799727289674,0.501513154999807,-1.48909299755051,0.136462881497093,0.616866851540363
"gene-AM1_RS31580",421.983052373821,-0.0144136809938823,0.337225254240062,-0.0427419975599502,0.965907200931074,0.999088916092384
"gene-AM1_RS31585",86.3501729529,1.81577873288989,0.472112414686252,3.84607283436211,0.000120026097789172,0.00220247889443131
"gene-AM1_RS31590",86.999697677664,0.8640747509656,0.374380818891181,2.30801020609113,0.0209985688405527,0.165953696139603
"gene-AM1_RS41585",71.8427932998338,0.337876708215258,0.370073205833144,0.912999652202859,0.361242724459458,0.935693550077609
"gene-AM1_RS31600",66.5875194994649,0.398986726179052,0.385913669482975,1.03387559894831,0.301194323684844,0.894285546343303
"gene-AM1_RS31605",93.8762475418204,0.621175467669063,0.379571174707031,1.63651907484417,0.101730996876141,0.516467893200781
"gene-AM1_RS31610",27.3751320404636,-1.03651481105098,0.46946587139627,-2.20785977044128,0.0272540499647068,0.200251273485496
"gene-AM1_RS31615",107.677553246982,0.0721364055770564,0.391567611385323,0.184224648514329,0.853837223682584,0.997177134360943
"gene-AM1_RS31620",115.66012568369,-0.11715950547124,0.376941883789553,-0.310815832651408,0.755940632720264,0.997177134360943
"gene-AM1_RS31630",299.922094534369,-0.305868109349801,0.372516999449709,-0.821084970086297,0.41159787050379,0.959469112980649
"gene-AM1_RS31635",65.5551686432363,0.33872276550761,0.431406503709648,0.785159154057591,0.432360260550781,0.971610964391193
"gene-AM1_RS31640",512.149148009586,0.352982635135604,0.345589781462202,1.021391991517,0.307068758071441,0.897564114226004
"gene-AM1_RS31645",49.8514465838737,-0.140059576130431,0.432946474500261,-0.323503214322506,0.746314173618825,0.997177134360943
"gene-AM1_RS31650",269.493471214954,-0.126308008223572,0.459664733809362,-0.274782899216185,0.783483037004232,0.997177134360943
"gene-AM1_RS31660",109.476593977643,-0.0077027642099449,0.414206790135924,-0.0185964218679689,0.985163057279299,0.99966258039135
"gene-AM1_RS31665",38.0235470001376,0.189125665130961,0.508002180302202,0.372293018542663,0.709674696050397,0.997177134360943
"gene-AM1_RS31670",104.310013038955,0.241903531812886,0.473597444680758,0.510778794374509,0.609505959501095,0.997177134360943
"gene-AM1_RS31675",128.608165117014,0.697240807600047,0.559423674847555,1.24635556010397,0.212633888632361,0.77648395152315
"gene-AM1_RS31680",23.4466552682221,-1.02545296463568,0.569709976814868,-1.79995612920241,0.0718675657121975,0.410911729174317
"gene-AM1_RS31685",50.4665465450053,-0.0517691911000063,0.537463121819159,-0.0963213828044283,0.92326532902231,0.997177134360943
"gene-AM1_RS37985",244.320794003232,-0.222071335324624,0.35720746761409,-0.621687269888039,0.534147523924023,0.99354618231587
"gene-AM1_RS39155",59.3720732292232,-0.142803840948286,0.527794599662,-0.270567074842634,0.786724021987665,0.997177134360943
"gene-AM1_RS37990",733.027140280764,0.301550388115714,0.380911944437684,0.791653799570064,0.428562567972541,0.971298466877678
"gene-AM1_RS31700",2792.93136063224,1.34430855928818,0.381384194848,3.52481455038784,0.000423779354989893,0.00638059582692475
"gene-AM1_RS31705",46.5840810162629,0.0901605974702207,0.491479966169055,0.183447146733155,0.85444718573089,0.997177134360943
"gene-AM1_RS31710",74.7725120278165,0.162156514772125,0.444363134140352,0.364918919490985,0.715171931066915,0.997177134360943
"gene-AM1_RS31715",54.5552311498471,0.18890079547741,0.438167946584177,0.431115048350804,0.666384719280673,0.997177134360943
"gene-AM1_RS39160",13.1213256903398,-0.0105445179806368,0.605311533588362,-0.0174199852398773,0.986101565658194,NA
"gene-AM1_RS31720",39.9966883577772,-0.0840952492687945,0.601115808389111,-0.139898582095446,0.888740121596412,0.997177134360943
"gene-AM1_RS31725",90.0268671727324,-0.33207200976509,0.46899819308983,-0.708045392621558,0.478917069090941,0.986441366799053
"gene-AM1_RS44110",33.0277339724862,1.37234443557355,0.523322309492367,2.62236944743432,0.00873207156673112,0.0841037535789349
"gene-AM1_RS31735",590.140624794044,2.13675673831605,0.50461920083815,4.23439443994004,2.2916839975817e-05,0.000526131352612589
"gene-AM1_RS31740",31.44564876426,1.07725126662817,0.481023603480162,2.23949772700207,0.0251235490506756,0.188170255134652
"gene-AM1_RS31745",19.0327344744497,0.141435339820313,0.68464487106836,0.206582048295504,0.836336281229996,0.997177134360943
"gene-AM1_RS31750",40.6046461944972,0.588195895396524,0.540544947246541,1.08815353541405,0.276527333145589,0.870554971363009
"gene-AM1_RS42570",24.4865002126264,-0.057527844813543,0.483477412696533,-0.11898765754679,0.905285134160497,0.997177134360943
"gene-AM1_RS31755",103.194722435648,0.150403090163796,0.438430347454446,0.343048995209947,0.731561601212039,0.997177134360943
"gene-AM1_RS31765",34.2447419063457,0.0664139326855924,0.460547599660766,0.144206446270727,0.885337450765883,0.997177134360943
"gene-AM1_RS44565",85.770166284444,0.209690956811687,0.421183446296561,0.497861344398709,0.618581774702981,0.997177134360943
"gene-AM1_RS31775",42.1613349293503,1.43513421957739,0.445738084777185,3.21968049980468,0.001283335404741,0.0168584910439355
"gene-AM1_RS31780",9.78406928441492,1.16723259865054,0.615866157104134,1.8952699140654,0.058056651893498,NA
"gene-AM1_RS31790",27.8428705885052,0.366665946527927,0.509309228915455,0.719927944971115,0.471569361172221,0.983283656549519
"gene-AM1_RS31795",16.1761998829091,0.789872036072772,0.552930818683721,1.42851873938425,0.15314260477498,NA
"gene-AM1_RS31800",12.5164835509722,0.628683016324889,0.57512133995028,1.09313108843994,0.274336247988302,NA
"gene-AM1_RS31805",54.0506601301271,0.10004312604071,0.45887965002153,0.218016044154532,0.82741661066528,0.997177134360943
"gene-AM1_RS31810",37.5156467904353,1.32062675627771,0.531187267187152,2.48617924008412,0.0129122912810636,0.113334789839171
"gene-AM1_RS31815",30.9840473035966,0.854206681087762,0.48621574752464,1.75684700760227,0.078943890193157,0.43939196513196
"gene-AM1_RS43580",88.5923033901347,0.421921178995551,0.380169607220201,1.10982353923723,0.267075073755743,0.861210781490239
"gene-AM1_RS31825",26.2040660403063,0.43593475746428,0.471648391262673,0.924279114569262,0.355341013843122,0.933361859876468
"gene-AM1_RS31830",61.1160175741608,0.731786046341686,0.424424752021501,1.72418324533677,0.0846747678032982,0.459528869261522
"gene-AM1_RS31835",16.7318411274089,-0.372949584795007,0.540542543270589,-0.689954175555638,0.490223005116145,NA
"gene-AM1_RS31840",67.5008239492315,4.3925307256865,1.91677681409749,2.29162346569531,0.0219273802093816,0.171448171224352
"gene-AM1_RS31850",85.8968770622368,0.837328062198984,1.71250611743887,0.488948946618215,0.624877841629719,0.997177134360943
"gene-AM1_RS31895",65.0819160287123,0.0495885339013605,1.77271597561089,0.0279731973895434,0.977683528163563,0.999572364444542
"gene-AM1_RS31955",25.9352284964226,0.44871679140926,1.69634224130876,0.264520201455967,0.791379100498909,0.997177134360943
"gene-AM1_RS31960",25.5173874153512,0.232465677142697,0.53454801421468,0.434882687730529,0.663647581406354,0.997177134360943
"gene-AM1_RS31970",61.6336763595516,0.60492376338824,1.63743691434832,0.369433324781854,0.711804762443888,0.997177134360943
"gene-AM1_RS31975",40.1877211575501,1.43398770594236,1.69440003356134,0.846310007990477,0.397379826257893,0.953847172404751
"gene-AM1_RS32000",17.3799061093751,0.112634908758695,1.77504290943018,0.0634547526486854,0.949404388747199,0.997889813204431
"gene-AM1_RS32040",53.3059224841488,-0.731590752975258,1.46724321585283,-0.498615870273439,0.618050022633396,0.997177134360943
"gene-AM1_RS32045",38.674481044208,0.695206981934166,0.445016102849324,1.56220635047347,0.118239385067849,0.568914500333074
"gene-AM1_RS32055",41.6353705014143,0.0654119179089855,1.66375903250692,0.0393157402189572,0.968638657438716,0.999088916092384
"gene-AM1_RS32065",12.6578549783127,-0.742600175123785,1.54805433943581,-0.479699036530219,0.631441413094573,NA
"gene-AM1_RS32070",28.4633203422288,0.012729835520716,0.609202680444256,0.020895895453764,0.983328700863812,0.99966258039135
"gene-AM1_RS42585",51.5346887747497,-0.0961594506353179,0.42497294957674,-0.226271932674985,0.820989926794367,0.997177134360943
"gene-AM1_RS32080",48.0840908427927,-0.329502562596809,0.442826481691227,-0.744089561532963,0.456822293945465,0.982825588333525
"gene-AM1_RS32085",27.5752010528477,-0.0278132193788166,0.538981123550757,-0.0516033273959313,0.958844767996009,0.998854654019967
"gene-AM1_RS32100",43.7280904464712,0.161050571866166,0.447903754471319,0.359565130362128,0.719172363750105,0.997177134360943
"gene-AM1_RS32105",45.2462900219424,0.229057987549945,0.426340649112954,0.537265184604198,0.591084450564519,0.997177134360943
"gene-AM1_RS32120",80.5456673434643,0.368196206233263,0.382433636910385,0.962771499933574,0.335662206138095,0.920133803996077
"gene-AM1_RS32125",178.656673398556,-0.114744684540022,0.449658121189324,-0.255182057507441,0.798582488466159,0.997177134360943
"gene-AM1_RS32130",191.303630939349,0.176165110333977,0.345653811351839,0.509657653260069,0.610291325294767,0.997177134360943
"gene-AM1_RS32135",196.480137920143,0.100094725131343,0.376373676203985,0.265945073898032,0.790281510695509,0.997177134360943
"gene-AM1_RS32140",99.2527485448151,0.124237376056741,0.401972438516884,0.309069389222622,0.757268743830619,0.997177134360943
"gene-AM1_RS32145",54.6540371185998,-0.127837796953457,0.468711287035728,-0.272743158719181,0.785050656119737,0.997177134360943
"gene-AM1_RS32150",39.2883367932927,0.0592512057127627,0.71857467029149,0.0824565743303023,0.934283649355828,0.997177134360943
"gene-AM1_RS32155",237.775074234031,-0.18678044749964,0.419608289476445,-0.44513049952538,0.656225448890555,0.997177134360943
"gene-AM1_RS32160",37.8312440038373,-0.215439664901943,0.4548368216169,-0.473663640810954,0.635739785102798,0.997177134360943
"gene-AM1_RS32170",327.653464825435,0.358984367641057,0.362297267422702,0.990855852142601,0.32175597223338,0.907311677187678
"gene-AM1_RS42595",58.0324102624154,-0.0141010396642043,0.420170416518296,-0.0335602867547203,0.973227790994519,0.999088916092384
"gene-AM1_RS32180",166.510551773581,-0.10153133699218,0.441194311393857,-0.230128390983587,0.817992004054865,0.997177134360943
"gene-AM1_RS44125",143.905358833773,-0.116972195679563,0.483512948074566,-0.241921537252244,0.808840961424635,0.997177134360943
"gene-AM1_RS32195",50.414201392946,0.462744800797767,0.663575996095861,0.697350120438832,0.485583708910767,0.988029326430846
"gene-AM1_RS32205",46.5606854360122,0.131267942743067,0.534549237575475,0.245567542736478,0.8060170170942,0.997177134360943
"gene-AM1_RS32210",23.5974450466957,0.773410600853368,0.792671762482196,0.975700961557513,0.329212675595726,0.915310999572965
"gene-AM1_RS32215",83.9864011509689,0.353332703454039,0.648887865604018,0.54452043593871,0.586083389472482,0.997177134360943
"gene-AM1_RS32225",41.4414476163528,0.610466041235942,1.30025810739492,0.469496046795675,0.638715109888189,0.997177134360943
"gene-AM1_RS32230",27.8893696258669,0.520747063660158,0.785364986051139,0.663063763866664,0.507289717030168,0.989201002062665
"gene-AM1_RS32235",49.1320263411224,0.476586338136682,0.457681165989048,1.04130642366893,0.297733356367416,0.894285546343303
"gene-AM1_RS32240",761.756671316174,1.13537201655265,0.510086129471659,2.22584373687764,0.0260246500758136,0.192707118846378
"gene-AM1_RS32245",73.0210900729843,0.873403462437064,0.449758152681563,1.94194025662376,0.0521443332162424,0.32853167880448
"gene-AM1_RS32250",35.8708128467279,0.0511972132622692,0.458779055013488,0.111594486938302,0.911144943504122,0.997177134360943
"gene-AM1_RS32255",35.5784873204534,0.586819703079582,0.461080219140359,1.27270630731818,0.203122278632612,0.761799309864981
"gene-AM1_RS32260",57.4971156523854,0.517624030594715,0.390824235367941,1.32444199655991,0.185356294762274,0.731253919654119
"gene-AM1_RS32265",58.4793663194697,0.0257378029911325,0.390281216144553,0.0659468145697273,0.947420169039459,0.997177134360943
"gene-AM1_RS32270",21.8637690612622,0.00655139059905144,0.578093923658125,0.0113327442668742,0.990957971864607,0.999709482207881
"gene-AM1_RS32275",58.4554342950881,1.96579845222411,0.771252063849702,2.54884044317734,0.0108081737146228,0.0990102902531438
"gene-AM1_RS32280",6.88492684139629,0.661890283633615,0.904971583993041,0.731393444104764,0.464538868510654,NA
"gene-AM1_RS32290",39.9022758872446,-0.329300382935074,0.485956945549789,-0.677632835481997,0.498004521481113,0.989160615038241
"gene-AM1_RS32295",112.210623158635,0.114277003489528,0.393426757397334,0.290465763552823,0.771459938987675,0.997177134360943
"gene-AM1_RS32300",36.4618855941967,0.476798506447533,0.508312716795271,0.938002317655117,0.348243219049299,0.930569315030588
"gene-AM1_RS32305",101.477958211025,0.218237063709592,0.521918938011042,0.418143600117792,0.675842128905207,0.997177134360943
"gene-AM1_RS32310",29.230375223348,-0.0566298800261214,0.489767655083861,-0.115626010493537,0.907948947772082,0.997177134360943
"gene-AM1_RS32320",36.5053630035917,-0.0265744286811929,0.493850976939899,-0.0538106228843747,0.957086045945684,0.99846297925572
"gene-AM1_RS32325",79.5657172868131,-0.212557283051815,0.395735737690157,-0.537119251075165,0.591185243890679,0.997177134360943
"gene-AM1_RS32330",855.024887257574,-0.306954150839391,0.455957962779269,-0.673207128500108,0.500815526741057,0.989201002062665
"gene-AM1_RS32335",209.642783431721,-0.419131222007298,0.386879951835962,-1.08336247463402,0.278647564982648,0.870792177529596
"gene-AM1_RS32340",37.9466087755661,-0.103910988721673,0.456773387345117,-0.227489148011951,0.82004340668434,0.997177134360943
"gene-AM1_RS32345",76.3225326624234,-0.373638344660009,0.505313730595774,-0.73941854740318,0.459652883197644,0.982825588333525
"gene-AM1_RS32355",49.0437373680762,0.150237366005954,0.410395685072891,0.366079302172171,0.714305901607306,0.997177134360943
"gene-AM1_RS39225",18.8293643638352,-0.0292661089920728,0.547873067037253,-0.0534176814902325,0.957399117533268,0.99846297925572
"gene-AM1_RS32360",810.197261589459,0.0848019332160846,0.361734581161555,0.234431369386304,0.814650107820099,0.997177134360943
"gene-AM1_RS32375",35.5002299068435,-0.0835995089018295,0.428479144868258,-0.195107533010815,0.845308765417835,0.997177134360943
"gene-AM1_RS41620",60.650639494167,0.281798816117724,0.424898232741053,0.663214846293469,0.507192964417234,0.989201002062665
"gene-AM1_RS44130",16.2159826137924,0.377297751163738,0.569948426584131,0.66198577549375,0.507980337931928,NA
"gene-AM1_RS32385",159.16918730231,0.334865103796058,0.43892902895547,0.762914005922426,0.445514682761435,0.978877246244682
"gene-AM1_RS32390",55.4828050518522,0.214926975591079,0.402789278899511,0.533596564879522,0.593620685394939,0.997177134360943
"gene-AM1_RS32395",18.5152030051231,0.224802105205514,0.577943369254152,0.388969087915354,0.697299013534907,0.997177134360943
"gene-AM1_RS32410",28.7293323859173,-0.160371927716025,0.492282732354343,-0.325771994782442,0.744596868770639,0.997177134360943
"gene-AM1_RS32415",63.834494537708,0.189543807411023,0.426493133937456,0.444424053585864,0.656736026114964,0.997177134360943
"gene-AM1_RS44325",74.7395616938253,0.392021366269086,0.539216299088198,0.727020616646761,0.467213326243617,0.982825588333525
"gene-AM1_RS32430",191.218469667856,0.740404556642764,0.418710262660754,1.76829808741194,0.0770110834902509,0.43315046192984
"gene-AM1_RS32435",182.921653886266,1.74499085556118,0.444942994989995,3.92183015624376,8.78789302211076e-05,0.00169188550248637
"gene-AM1_RS32440",178.033320368961,1.54914617411172,0.44086830940934,3.51385241589992,0.000441658123034678,0.00658227537680109
"gene-AM1_RS32450",1184.41186372558,2.91697393342032,0.498287045095822,5.85400315366292,4.79879515906764e-09,2.96616054463634e-07
"gene-AM1_RS32455",6050.07789294812,3.61999360296391,0.65569162310694,5.52087822292264,3.37309497262475e-08,1.74706567918983e-06
"gene-AM1_RS38290",1997.17909907299,0.902619531504311,0.559429082555938,1.61346551269804,0.106643410018367,0.530686528498179
"gene-AM1_RS32465",8375.95297542879,0.950987727991116,0.635161648290398,1.49723732620002,0.134331516199919,0.611943105605838
"gene-AM1_RS32470",19298.6083945473,0.910766900784381,0.691401449251065,1.31727652837716,0.187745949864849,0.735453113813472
"gene-AM1_RS32475",19948.6178905162,1.21274124367372,0.676976337240521,1.79140861646224,0.0732277472302259,0.4170643372802
"gene-AM1_RS32480",11940.8046818478,4.18491159752289,0.584534602829906,7.15939069691082,8.10364273979568e-13,1.10661837600187e-10
"gene-AM1_RS32485",8667.89620939513,4.28194249105705,0.563529448304524,7.598436078079,2.9973084379764e-14,6.06903280958532e-12
"gene-AM1_RS32490",137.897926798794,1.28015700318845,0.506755218709877,2.52618415346079,0.011530902061435,0.103573443007733
"gene-AM1_RS32495",10042.4386517009,1.37150967140999,0.617796790204597,2.22000129032038,0.0264186800257212,0.194887549134466
"gene-AM1_RS32500",459.314283659144,2.32017667087813,0.41142473236029,5.63937091863093,1.70672537176156e-08,9.27952905831839e-07
"gene-AM1_RS32505",948.736324182635,3.53194578004669,0.455646249617257,7.75150850690316,9.08072610682977e-15,2.13288094797218e-12
"gene-AM1_RS32510",5608.41775053158,3.78780403775887,0.540379154823896,7.00953026027304,2.39119572933435e-12,2.92522944221902e-10
"gene-AM1_RS32515",196.027641264535,0.342381383730096,0.390908220593671,0.875861303735496,0.381105438340452,0.946383626596995
"gene-AM1_RS32525",168.309438703086,1.27950414904014,0.352059785326481,3.63433769595013,0.000278695633937341,0.00439919559806469
"gene-AM1_RS32540",305.163699362722,0.612035068720574,0.606485343073633,1.0091506344058,0.312902397509985,0.900226789896439
"gene-AM1_RS32545",368.720917068067,1.87519291896721,0.513195269241922,3.65395597223098,0.000258230567404251,0.00415432847067881
"gene-AM1_RS32550",375.262561160335,1.897514057048,0.50663352236343,3.74533854016638,0.000180150678799801,0.00304854405162084
"gene-AM1_RS32555",302.019210883956,1.63483909284861,0.430451657403016,3.79796212822562,0.000145890606980961,0.00262782099445461
"gene-AM1_RS40345",139.630545853144,1.06392826999703,0.37734493593659,2.81951119168012,0.00480968537300348,0.0509791922568167
"gene-AM1_RS32575",27.0604232966254,-0.166244804366538,0.513639873881421,-0.323660239050907,0.746195276404085,0.997177134360943
"gene-AM1_RS32580",70.997998985293,0.937875897939409,0.468305539501937,2.00270084128597,0.0452094084492079,0.29398631939507
"gene-AM1_RS32585",11.2934627279544,-0.0592151078725446,0.669839752486341,-0.0884019015783211,0.929557249974207,NA
"gene-AM1_RS32590",15.2888661729199,-0.208609635881533,0.582450059600126,-0.358158836870497,0.720224450031825,NA
"gene-AM1_RS32595",12.2047843962793,0.0128640104144898,0.586705393287184,0.0219258431261651,0.982507109894512,NA
"gene-AM1_RS32600",15.269800176196,-0.0366526315501199,0.557719090164588,-0.0657188039579268,0.947601701382548,NA
"gene-AM1_RS32605",34.1887209479586,0.242991000543419,0.452367177975809,0.537154356845079,0.591160996326255,0.997177134360943
"gene-AM1_RS32610",166.579053610944,0.103240520552382,0.357628631197937,0.288680803342173,0.77282565426833,0.997177134360943
"gene-AM1_RS32615",10.1553535845273,0.952148516567379,0.622675592020656,1.52912452128972,0.126233577474953,NA
"gene-AM1_RS32620",16.5232425934968,0.661738821083363,0.560734615822833,1.18012835735549,0.237949167688269,NA
"gene-AM1_RS32625",25.1885750453975,0.81082722320415,0.54175559849763,1.49666607129247,0.134480168794429,0.612145388496812
"gene-AM1_RS32630",41.5394469331296,0.551614844886691,0.559077225896827,0.98665232518072,0.323813109279436,0.907870319432565
"gene-AM1_RS43640",11.5633610940581,0.891805818880294,0.632938933033677,1.40899188268585,0.158837568384523,NA
"gene-AM1_RS32640",612.053416039097,4.58976694746759,0.615537744626064,7.45651584738454,8.88404149380387e-14,1.44908587921157e-11
"gene-AM1_RS32645",83.8046363893081,3.63036576266781,0.602479009126473,6.02571327411296,1.68365435150304e-09,1.2056607746373e-07
"gene-AM1_RS32650",21.6714880581568,3.23422988233483,0.71995759148047,4.4922505444858,7.047444435473e-06,0.000193376606192044
"gene-AM1_RS32665",11.3964766210922,-0.108629756017536,0.599320657181026,-0.181254816959736,0.856167569375782,NA
"gene-AM1_RS32670",22.7080219130097,-0.602193782410158,0.49932384373293,-1.2060184787255,0.227810365502343,0.803563775881306
"gene-AM1_RS44135",18.8725133237671,0.0834085023838532,0.529420254869713,0.157546866816381,0.874813874662792,0.997177134360943
"gene-AM1_RS43645",13.444704651223,0.0345234870822228,0.541409964737166,0.0637658878313823,0.949156640525419,NA
"gene-AM1_RS32680",20.5394757586626,0.0160266959297991,0.506160603204011,0.0316632622696229,0.974740592648662,0.999174515952571
"gene-AM1_RS32690",14.409349276741,-0.0728397217347057,0.641453699252572,-0.11355413776486,0.909591244862035,NA
"gene-AM1_RS32695",22.2751950689618,-1.86902116591716,0.579512443905357,-3.22516140174963,0.00125901667180798,0.0166507790469739
"gene-AM1_RS40355",23.9951570361801,0.137975785555262,0.478592546494188,0.288294890018597,0.773121018363655,0.997177134360943
"gene-AM1_RS32710",20.1360556638937,0.197517162663598,0.524162418169786,0.376824350271557,0.706304143528571,0.997177134360943
"gene-AM1_RS32715",126.008202456938,2.59018018685294,0.560071273885692,4.62473315026971,3.7508097036723e-06,0.000112947459384429
"gene-AM1_RS32720",107.480415845343,2.27296781796503,0.506326076376259,4.48913837152633,7.15118360521577e-06,0.000195310465720125
"gene-AM1_RS32725",32.6520862131794,0.39660462472674,0.579547009940964,0.684335555052109,0.493763300239582,0.988536685648423
"gene-AM1_RS32730",91.0683535374841,0.641811476946469,0.415592504691556,1.5443288069471,0.122508697310718,0.576419127090174
"gene-AM1_RS32735",117.940241742196,0.22511575115896,0.372316212317401,0.604635908164664,0.545420942174941,0.99354618231587
"gene-AM1_RS32745",190.5905256349,0.245342040846857,0.360637726241086,0.680300542608362,0.496314181037774,0.989035047236538
"gene-AM1_RS32755",260.042993918796,0.890175884280198,0.391063320565427,2.27629603050759,0.0228282975451269,0.175225834228739
"gene-AM1_RS38015",13.5951302061123,0.313862101515265,0.572980675624116,0.547770832189746,0.583849268781164,NA
"gene-AM1_RS32765",111.468250911129,0.160528176627893,0.418602853670344,0.383485624190971,0.701359727306195,0.997177134360943
"gene-AM1_RS32785",163.563637080368,1.13632439384225,0.436574022500837,2.60282182465419,0.00924599915551823,0.0875685597438758
"gene-AM1_RS32800",12032.5256909369,4.12381691312196,0.598639894548464,6.88864365819193,5.63268346611268e-12,6.36059948327186e-10
"gene-AM1_RS32805",19311.3040612373,4.09322516834363,0.547749273922119,7.47280802224417,7.85013347471507e-14,1.31702810752934e-11
"gene-AM1_RS32825",82.6986520979173,1.64360780552164,0.513417932287966,3.20130580207271,0.00136806257335905,0.0178121140371714
"gene-AM1_RS32835",5731.48112634665,1.7375554703908,0.6352094270447,2.73540567317261,0.00623034399786197,0.0630768619921474
"gene-AM1_RS32840",974.132420398969,3.42781061443453,0.501209388774216,6.83907901808815,7.97039157022985e-12,8.83059232082825e-10
"gene-AM1_RS32845",5975.63827617635,3.83805525649745,0.532058341285322,7.21359850730966,5.44922702119528e-13,7.80435635816065e-11
"gene-AM1_RS32875",16858.0105276066,0.800031092033771,0.652252951746723,1.22656569033732,0.219985871219948,0.792975467037161
"gene-AM1_RS32880",19568.6815506055,0.744211287261548,0.691776503340936,1.07579728953987,0.282017924752182,0.87616703095017
"gene-AM1_RS32885",9245.81373147376,0.850788361944715,0.6266076438256,1.35776888508802,0.174537030937122,0.715699333563395
"gene-AM1_RS42620",2293.16560622294,0.460844947168101,0.549835925261303,0.838149938909667,0.401946498712516,0.955171930570576
"gene-AM1_RS32895",804.622113998153,0.660400941918353,0.38717477633151,1.70569206025162,0.0880654287096811,0.471115032453874
"gene-AM1_RS32910",165.008255394883,-1.57190371045354,0.423460369644765,-3.71204443941752,0.000205591878537374,0.00340066341062383
"gene-AM1_RS32940",134.609979257115,1.23078062586464,0.411137037546891,2.99360192214321,0.00275705405056381,0.0318689397340762
"gene-AM1_RS38030",51.9503213392943,0.129907483343012,0.418322259126267,0.310544037542599,0.756147276437907,0.997177134360943
"gene-AM1_RS32960",22.9936832422529,0.279183793251704,0.588349060393213,0.474520674963119,0.6351286581568,0.997177134360943
"gene-AM1_RS32965",61.5513640533067,0.292370107610492,0.424918552092283,0.688061526546376,0.491414037046257,0.988029326430846
"gene-AM1_RS32970",52.8069027139122,0.472722925430078,0.542171802322028,0.871906143782261,0.383259581751985,0.946383626596995
"gene-AM1_RS32975",23.3044087966221,0.179160859294873,0.497523410786584,0.360105384813188,0.718768326060501,0.997177134360943
"gene-AM1_RS42625",19.8364397286275,0.0174932229549068,0.50115134513546,0.0349060680465267,0.972154641962045,0.999088916092384
"gene-AM1_RS40400",27.1834682218431,0.147014529925362,0.460369269065278,0.319340450816485,0.749468361830591,0.997177134360943
"gene-AM1_RS32995",18.3713536724576,-0.107091051053301,0.699819707360904,-0.153026629468829,0.878377275329764,0.997177134360943
"gene-AM1_RS33000",41.1928189929871,0.64220433558407,0.434700803727835,1.47734793696437,0.139582394321441,0.626626773284022
"gene-AM1_RS33005",85.9636608597655,0.248307511662938,0.373969599206198,0.663977799773044,0.506704520014485,0.989201002062665
"gene-AM1_RS44330",24.0732481056412,0.425093516135482,0.497611110867947,0.854268537923162,0.392956215423561,0.952791238080031
"gene-AM1_RS33020",125.263607314933,0.812216425020728,0.380464914204595,2.13479980596571,0.032777366156274,0.2310548548255
"gene-AM1_RS33025",413.956207289411,2.10982455406837,0.481689890885246,4.38004739977199,1.18653496315364e-05,0.000301616160330657
"gene-AM1_RS33030",61.5903496804655,2.32051722659473,0.49617539915858,4.6768083031321,2.91374402057277e-06,9.10080047276773e-05
"gene-AM1_RS38035",150.809738779582,2.31570994115942,0.394569826493975,5.86894837280412,4.38567962399759e-09,2.79920769044716e-07
"gene-AM1_RS33040",299.326377415993,1.65988790687841,0.489247531304757,3.39273639756897,0.000691981942278911,0.00969765624119753
"gene-AM1_RS33045",21.5970798241755,0.479067476668364,0.533095379151745,0.89865246521298,0.368837803767054,0.941245946653286
"gene-AM1_RS33050",97.3405620460989,3.4627837558108,0.620313097809002,5.58231604014432,2.37336592312001e-08,1.26694588186916e-06
"gene-AM1_RS44140",17.0879636480861,1.36753868251346,0.543491638107184,2.51620924155555,0.0118624733616697,NA
"gene-AM1_RS38045",116.277819507269,0.171869801820354,0.365479825457205,0.470257972804244,0.63817071990238,0.997177134360943
"gene-AM1_RS33070",159.278603991949,0.485925317421077,0.424490191560311,1.14472684429986,0.252322327757204,0.850461733857687
"gene-AM1_RS33075",51.5101985404586,0.22820417175861,0.432670439496589,0.527431853269489,0.597893728325115,0.997177134360943
"gene-AM1_RS33080",86.2743048865646,0.614483253102876,0.417861506215994,1.47054285681258,0.141414787403475,0.630545861017346
"gene-AM1_RS33085",44.6063641924107,-0.261473754875585,0.41088697445396,-0.636364185608622,0.52453907852812,0.992659241707204
"gene-AM1_RS43685",17.0207493537637,0.124653902837005,0.53282451217545,0.233949264698916,0.815024366557749,NA
"gene-AM1_RS33100",316.526269980309,0.755060612980628,0.397196041575444,1.90097718493302,0.057305001053842,0.352777332450241
"gene-AM1_RS33105",71.1167812046702,0.373983212480482,0.488461824332482,0.765634475102648,0.443893825278094,0.978877246244682
"gene-AM1_RS33110",45.5205306968961,-0.0306062873558926,0.423640626887868,-0.072245874010553,0.942406238347477,0.997177134360943
"gene-AM1_RS33115",38.1023353433555,1.08484602374806,0.459333114048002,2.36178492377252,0.0181871901704412,0.14894725339028
"gene-AM1_RS33120",16.7748509524491,0.48477832750584,0.544368773431098,0.890532945985006,0.373179786038309,NA
"gene-AM1_RS33130",86.7112969622615,1.44033278915447,0.4261083990324,3.38020276630348,0.000724323721287635,0.0100632299006061
"gene-AM1_RS33135",149.520487514573,0.696950326384632,0.375689033812366,1.85512555240757,0.0635782996668009,0.377567513998075
"gene-AM1_RS33140",117.957434630863,0.794814756784017,0.465896013735409,1.7059917521325,0.0880096152399559,0.471115032453874
"gene-AM1_RS33145",41.9176114326548,1.35966140639397,0.535523510068542,2.53893877828062,0.0111189278431404,0.101068644419381
"gene-AM1_RS33150",29.8774411769376,-0.232111348034763,0.497661595481459,-0.466403978410689,0.640926364332383,0.997177134360943
"gene-AM1_RS33155",29.6429741643574,0.707343433802916,0.507791208049045,1.39298086022513,0.163625578560996,0.691663130530778
"gene-AM1_RS38055",73.075417024589,-0.114456757187327,0.388611023692114,-0.294527818845427,0.768354609243776,0.997177134360943
"gene-AM1_RS33165",63.9349868263692,0.201472504751772,0.468652762836047,0.429897187701537,0.667270431306454,0.997177134360943
"gene-AM1_RS33170",82.9369673999097,0.151863882111415,0.402550509753923,0.377254228802863,0.705984683547449,0.997177134360943
"gene-AM1_RS33175",30.7680242800549,0.822703821620497,0.55148130916815,1.49180726153975,0.135749679751835,0.615538316218357
"gene-AM1_RS33205",12.6763189629323,0.695120605023409,0.602373436886198,1.15396955187241,0.248512652238635,NA
"gene-AM1_RS33210",40.9575586563413,0.140355412788605,0.536846627018391,0.26144415504318,0.793750009929528,0.997177134360943
"gene-AM1_RS43700",7.1932547600294,0.892492589694496,0.720536700254842,1.23864973065055,0.21547524262133,NA
"gene-AM1_RS33235",10.4199450782336,-0.149335348056445,0.637772364428425,-0.234151487874956,0.814867375197146,NA
"gene-AM1_RS33250",21.1653041769696,-0.330928009439276,0.569550083425467,-0.581034081232966,0.561217484097144,0.994977061149491
"gene-AM1_RS33255",85.2752253461613,0.026110964792346,0.361535569697278,0.0722223951967143,0.942424922920998,0.997177134360943
"gene-AM1_RS33260",105.810560811303,-0.0225434217439488,0.377358906923258,-0.0597400017075346,0.952362711856377,0.997889813204431
"gene-AM1_RS33265",20.3227661481431,0.0380942044370711,0.500877587627418,0.0760549191620204,0.939375405506371,0.997177134360943
"gene-AM1_RS33270",26.6070958279388,0.803107338359862,0.514593705367399,1.56066296572065,0.118603293715938,0.568914500333074
"gene-AM1_RS33280",37.5917587483762,0.27376403728582,0.755381358456234,0.362418312579634,0.717039456874174,0.997177134360943
"gene-AM1_RS33285",57.7700929162061,0.182754265765151,0.538593746477959,0.339317466940976,0.734370585653968,0.997177134360943
"gene-AM1_RS33290",83.908041462655,-0.0240556540660343,0.432675046410138,-0.0555975073340182,0.955662450294586,0.998373313302674
"gene-AM1_RS33295",258.001395236438,0.179050101430063,0.34638993861625,0.516903297322455,0.605223665752117,0.997177134360943
"gene-AM1_RS33300",75.6257022457394,0.560331064377308,0.468192641579127,1.19679596519803,0.231386091312788,0.809231166282721
"gene-AM1_RS33305",18.7600349491916,0.128817426151431,0.639236200096596,0.201517727143684,0.840293769490228,0.997177134360943
"gene-AM1_RS33310",276.839552768971,-0.338591996739565,0.540215122633949,-0.62677252552405,0.530808355477339,0.99354618231587
"gene-AM1_RS33315",240.292728422512,0.405644478617611,0.594478644290259,0.682353323392979,0.495015562920054,0.989035047236538
"gene-AM1_RS33320",109.195941597482,-0.0164411836387311,0.443202859424953,-0.0370962941440928,0.970408226841021,0.999088916092384
"gene-AM1_RS33325",51.7752349397012,0.310038354400345,0.538927592853981,0.575287586888037,0.56509681521348,0.994977061149491
"gene-AM1_RS33330",171.587464843036,0.338506306060339,0.432190487759638,0.783234049909489,0.433489683120425,0.972183285066938
"gene-AM1_RS33335",34.7210645976711,0.102254321394396,0.452173125546715,0.226139758462562,0.821092722640804,0.997177134360943
"gene-AM1_RS33340",24.2596879846001,0.00045434551471933,0.538160585907172,0.000844256392268943,0.999326380939272,0.999967049861105
"gene-AM1_RS33345",65.5798196629073,-0.270496901366958,0.452846073166628,-0.597326370692467,0.550289501460234,0.99354618231587
"gene-AM1_RS33350",45.0921616225917,-0.199003072590657,0.575253468182876,-0.345939804968534,0.729387953345226,0.997177134360943
"gene-AM1_RS33355",19.7504240883425,-0.251973757087451,0.484541202423749,-0.520025450523174,0.603045836577769,0.997177134360943
"gene-AM1_RS33360",234.979049574023,-0.251603720760934,0.528463123383351,-0.47610459392153,0.633999864337961,0.997177134360943
"gene-AM1_RS33365",2013.52199437625,0.324116947186709,0.650924340423236,0.497933364999019,0.618531009560227,0.997177134360943
"gene-AM1_RS33370",159.508644902171,0.597253724947963,0.343226912556115,1.74011332765264,0.0818391204743284,0.448741598454293
"gene-AM1_RS33375",95.1338862598595,-0.0172539685941743,0.386693578244401,-0.04461922712166,0.964410816894665,0.999088916092384
"gene-AM1_RS33380",24.1335537641945,1.21174135309584,0.589114401262395,2.05688632038062,0.0396971621429065,0.267749955019038
"gene-AM1_RS39310",10.2031460308747,0.162780211635536,0.673551351344713,0.241674537970347,0.809032360553723,NA
"gene-AM1_RS33385",26.8375294956045,0.880298450832087,0.533824299051626,1.64904155242838,0.0991391222618034,0.508202867515336
"gene-AM1_RS33390",41.5796343395832,0.514496156674356,0.504823194469616,1.0191610890916,0.308126496134339,0.898083252146036
"gene-AM1_RS38065",401.010557675727,1.271650745682,0.395325014022413,3.21672219205917,0.00129664086882263,0.016995257102068
"gene-AM1_RS33405",721.367934678154,0.978490483831907,0.376755688670348,2.59714853220985,0.00940012659882197,0.0883160694212522
"gene-AM1_RS33410",219.953889045453,0.0242659874945327,0.353629256661813,0.0686198526773452,0.945292215962255,0.997177134360943
"gene-AM1_RS33415",36.0313897245207,0.282767462221282,0.575082095183011,0.491699297526026,0.62293193492219,0.997177134360943
"gene-AM1_RS33420",148.86956825454,-0.385807504028507,0.436816640965325,-0.883225289164596,0.377114560506034,0.945701251152621
"gene-AM1_RS33425",13.613558386602,-0.068710964664036,0.563532063065538,-0.121929113119594,0.902955158707322,NA
"gene-AM1_RS43705",20.1039845166994,0.152584644747758,0.705115348634669,0.216396714442837,0.828678527097066,0.997177134360943
"gene-AM1_RS33440",24.5189206211299,0.344550293847274,0.766948326750541,0.449248380666124,0.65325249025876,0.997177134360943
"gene-AM1_RS33445",472.314581507082,-0.101476974228385,0.39490376584045,-0.256966337133853,0.797204759744667,0.997177134360943
"gene-AM1_RS33450",233.066834696195,0.338758236305552,0.591142199703494,0.573057102801098,0.566606031059799,0.995078277288082
"gene-AM1_RS33455",270.128771713308,-0.0563583685273518,0.531260882427931,-0.106084167668786,0.9155155726268,0.997177134360943
"gene-AM1_RS33460",11.4284367888326,-0.350818039696589,0.760420378348761,-0.46134749894313,0.644549311917483,NA
"gene-AM1_RS33465",52.4071592411015,0.466612615252325,0.710194067072389,0.65702128036049,0.511167233359121,0.989201002062665
"gene-AM1_RS32075",123.32892787761,0.0127737915067179,0.402077406036121,0.0317694834749563,0.974655883005567,0.999174515952571
"gene-AM1_RS33470",80.3060073509079,1.82265594701365,0.543413440571166,3.35408698227615,0.000796273276871889,0.0109245716864293
"gene-AM1_RS43710",11.8262585268673,0.68947381128815,0.707592824612621,0.974393446775848,0.329861222040414,NA
"gene-AM1_RS33480",55.7118370676548,-0.310514755669762,0.391180529044643,-0.793788884196547,0.427318344899472,0.971298466877678
"gene-AM1_RS33490",312.891382145935,-0.220289522293752,0.427528895262932,-0.515262300945233,0.606369738896072,0.997177134360943
"gene-AM1_RS33495",34.0766721571971,-0.11878023869013,0.445649691928656,-0.266532751713752,0.789828939123907,0.997177134360943
"gene-AM1_RS33500",15.6001301442319,0.246735136603852,0.551709407329199,0.447219375501111,0.65471667311858,NA
"gene-AM1_RS33505",19.9447011334005,1.77351801949112,0.589675022098495,3.00761937173402,0.00263302692742461,0.0307990719478831
"gene-AM1_RS33510",22.8948413813468,0.566653582078192,0.522715450743351,1.08405745663794,0.278339324286848,0.870792177529596
"gene-AM1_RS33515",9.80761185190514,1.56720107190002,0.816867451610135,1.91855002768307,0.0550413050522081,NA
"gene-AM1_RS44600",11.2014651117919,0.652645422348848,0.574423680655256,1.13617429839307,0.255883624799537,NA
"gene-AM1_RS33520",8.91585369336642,0.770408433520084,0.721114795827863,1.06835754581298,0.285359259659478,NA
"gene-AM1_RS33525",42.4440549190874,0.909325671383987,0.559290770576995,1.62585495635102,0.103980514201649,0.522751352219247
"gene-AM1_RS33535",14.8928634682114,0.115609559131062,0.536864520550046,0.215342148169177,0.829500570868744,NA
"gene-AM1_RS43715",8.21305843558071,0.404280890302132,0.709595621058224,0.569734195511559,0.568857993277491,NA
"gene-AM1_RS33545",39.7030731028897,-0.0472987565468387,0.442368575414193,-0.106921601523238,0.914851175889438,0.997177134360943
"gene-AM1_RS33550",24.2126099375051,0.542679665885355,0.473081125835071,1.14711755817235,0.251333038099586,0.849086891604832
"gene-AM1_RS33560",79.6515584856083,0.699700255392624,0.474593664065532,1.47431436273032,0.140396969827548,0.628841347694403
"gene-AM1_RS33565",165.596775617346,1.93970264063398,0.465387090372446,4.16793392159128,3.07373004265202e-05,0.000675990367432685
"gene-AM1_RS33610",41.2062054015869,0.853418134759995,0.491095442360625,1.73778467716527,0.0822487616015555,0.449687828793607
"gene-AM1_RS33615",17.5264035139021,0.793082305928295,0.634310934708635,1.25030527227564,0.211188053205457,0.774032607167618
"gene-AM1_RS33620",13.5068426758994,0.895330704920666,0.632979299461646,1.41447075075307,0.15722372947511,NA
"gene-AM1_RS33625",10.2984330778434,0.253662844448895,0.645812974181784,0.392780657233271,0.694481492168688,NA
"gene-AM1_RS33630",34.3997708163939,0.422162102672907,0.510920057007151,0.826278195351798,0.408646299554571,0.95900527640375
"gene-AM1_RS33635",10.5076233469078,0.229794822492707,0.679972408556525,0.337947274920354,0.73540292096475,NA
"gene-AM1_RS38080",107.221387293734,-0.0284537473462807,0.383317596211846,-0.0742302143900415,0.940827204556949,0.997177134360943
"gene-AM1_RS33645",81.278971400859,-0.321093996696477,0.4242023647307,-0.756935895207281,0.449088268988883,0.981044016184048
"gene-AM1_RS33650",91.6508505148179,0.303079685180691,0.469626740012953,0.645362921992755,0.518692025505678,0.991747974838319
"gene-AM1_RS44335",40.3436463448248,-0.233660989538807,0.527143470110849,-0.443258814321787,0.657578542166642,0.997177134360943
"gene-AM1_RS33660",38.4573418859683,0.442390126371298,0.586248072171487,0.754612505133991,0.45048151820896,0.982825588333525
"gene-AM1_RS33665",67.1046941323156,-0.348190047179239,0.391462017027774,-0.889460616953125,0.373755579906628,0.942161630815008
"gene-AM1_RS33670",38.8684914359754,0.0807075045443944,0.471726180375665,0.171089729385217,0.864153211566243,0.997177134360943
"gene-AM1_RS44605",39.0663325406658,0.0972104193668634,0.472457771262076,0.205754726199519,0.836982507698308,0.997177134360943
"gene-AM1_RS33690",23.777618604398,0.0727007439787878,0.483419104864285,0.150388644650686,0.880457999641132,0.997177134360943
"gene-AM1_RS33695",20.4084154933412,-0.194415574332997,0.560737656550512,-0.346713961621523,0.728806220265002,0.997177134360943
"gene-AM1_RS33700",268.192880247183,0.300962569217281,0.358190658137951,0.84023009081764,0.400779389915119,0.955171930570576
"gene-AM1_RS33710",13.3273567433276,0.773467066563314,0.698164700786794,1.10785759533769,0.267923321502618,NA
"gene-AM1_RS33720",14.9745320734097,0.887540696264455,0.611360410172133,1.45174708976422,0.146571940616252,NA
"gene-AM1_RS33725",13.0828568993026,0.303233109487658,0.575692032116901,0.526727994432417,0.598382492361539,NA
"gene-AM1_RS41725",80.1172397033149,-0.11039882327801,0.551720378001698,-0.200099230842023,0.841402974900436,0.997177134360943
"gene-AM1_RS33730",49.7997633685303,0.30082838587884,0.449887955100172,0.668674016426729,0.503703445950956,0.989201002062665
"gene-AM1_RS43720",63.1950900425815,0.310077276423005,0.578651040930886,0.535862297809364,0.592053722932292,0.997177134360943
"gene-AM1_RS33755",59.4215726644596,-0.170937645314187,0.438215456707962,-0.390076713857459,0.69647982130295,0.997177134360943
"gene-AM1_RS33760",15.6413611601417,-0.00628084380876175,0.576967685590258,-0.0108859542148123,0.991314436748397,NA
"gene-AM1_RS33765",15.2523427435221,0.559516153652818,0.573908643072204,0.974921985244304,0.329598959672815,NA
"gene-AM1_RS43725",49.3996789497058,0.619079651537228,0.467796272306621,1.32339586308513,0.185703766821527,0.731253919654119
"gene-AM1_RS33775",41.9072640673922,0.559437649804893,0.44025219208722,1.27072087285385,0.203827967232837,0.762342562796953
"gene-AM1_RS42670",15.0929308620339,0.272722032808816,0.589617946832347,0.46254025046894,0.643693944886635,NA
"gene-AM1_RS33785",55.3709033547862,0.598895924196279,0.438840246106171,1.36472424648897,0.172339735961998,0.710493492978932
"gene-AM1_RS33790",11.7952515299276,0.965028650307363,0.598062017848002,1.61359294104617,0.106615748987449,NA
"gene-AM1_RS33795",12.6455774783007,-0.40267629306742,0.60018490478946,-0.670920394455232,0.502271243353418,NA
"gene-AM1_RS33800",30.6500450152938,0.583727808636603,0.457054911417767,1.27715028119029,0.201549196122526,0.761607290950234
"gene-AM1_RS33805",113.623989554307,1.63396145444855,0.40404383993919,4.04402021002094,5.2542387091719e-05,0.00107624880711297
"gene-AM1_RS33810",47.0079713482422,2.417716703965,0.573681784131376,4.21438639127389,2.50458185516761e-05,0.000565650178982469
"gene-AM1_RS33815",170.695720127539,0.177359168343622,0.493773112805897,0.359191628186814,0.719451739056264,0.997177134360943
"gene-AM1_RS33825",20.3027369991674,1.15428004850461,0.649137121254473,1.77817599812185,0.0753749536766645,0.425988188632698
"gene-AM1_RS33830",15.4721572422303,0.763924033798714,0.587276805768833,1.30079040461784,0.193330207277671,NA
"gene-AM1_RS33835",16.2845113892531,0.121596819649309,0.540212028791601,0.225090914619781,0.821908548723414,NA
"gene-AM1_RS33840",12.1522054227776,0.307242449099355,0.6366269969938,0.482609833623419,0.62937279553258,NA
"gene-AM1_RS44610",9.17589708961773,-0.375774564905226,0.630846457376089,-0.595667234889777,0.551397550915026,NA
"gene-AM1_RS33855",23.1200332179999,-0.403192852344743,0.475446920184986,-0.848029159990917,0.396421731307885,0.953847172404751
"gene-AM1_RS33860",50.1694485961512,-0.480516425809294,0.446355504127538,-1.07653299077946,0.281688954588641,0.876037665744249
"gene-AM1_RS33865",38.1135889146738,-0.495024069256364,0.519605976675195,-0.952691253522288,0.340746526219489,0.924111025083135
"gene-AM1_RS33870",27.1880156674252,-0.330330041487046,0.554656506062706,-0.595557859461402,0.551470635520935,0.99354618231587
"gene-AM1_RS33885",16.3093489054435,-0.114989124932678,0.573029884905846,-0.200668635199666,0.840957686304596,NA
"gene-AM1_RS42675",7.40132928360267,-0.554725946725267,0.729618768598686,-0.760295609980922,0.447077905392899,NA
"gene-AM1_RS33890",8.96639414408043,-0.711515991778159,0.653639489724418,-1.08854498995791,0.27635458650932,NA
"gene-AM1_RS33900",17.9502542078336,-0.499447778446129,0.636065768235822,-0.785214050791299,0.432328078672802,0.971610964391193
"gene-AM1_RS33915",11.3068610120026,-0.437137251843127,0.603595671119856,-0.724221979644259,0.468929466740781,NA
"gene-AM1_RS33920",23.6656909996723,-0.0163547823938532,0.487382456783041,-0.0335563624956931,0.97323092033764,0.999088916092384
"gene-AM1_RS33930",28.0831740795671,-0.176990338128376,0.567398798549103,-0.311932874339809,0.755091538017341,0.997177134360943
"gene-AM1_RS33935",35.0207447395934,0.504259486333874,0.484399482927051,1.04099922503388,0.297875907905332,0.894285546343303
"gene-AM1_RS33940",87.4141747162629,-0.00629249461858421,0.476973552394145,-0.013192544087611,0.989474178080325,0.999709482207881
"gene-AM1_RS33945",256.791276585212,-0.0903987586648738,0.362627007549138,-0.249288543828673,0.80313759235648,0.997177134360943
"gene-AM1_RS33950",84.4458945519552,-0.0773814475243547,0.394608469507551,-0.196096773140532,0.844534421889896,0.997177134360943
"gene-AM1_RS33960",53.2138636231345,0.128620544796634,0.418215744125952,0.307545917635032,0.758427878120995,0.997177134360943
"gene-AM1_RS33965",61.2463962356614,-0.156499684478657,0.438898388323512,-0.356573841787045,0.721410863081544,0.997177134360943
"gene-AM1_RS33970",142.968572101026,0.241597819573398,0.394953071719724,0.61171272455591,0.540727841553908,0.99354618231587
"gene-AM1_RS33975",9.29924485395218,1.23187880513066,0.728726418452192,1.69045443384248,0.0909410486510887,NA
"gene-AM1_RS33985",76.7290359643368,0.854553567617817,0.57150410611238,1.49527108988046,0.134843706899641,0.61285003631168
"gene-AM1_RS33990",102.696387771097,0.475305955638502,0.453819138772394,1.04734665206988,0.294939726851325,0.892154652167842
"gene-AM1_RS33995",42.5602480096514,0.603786311754597,0.462109718358821,1.30658648318183,0.191353189717287,0.743138842605759
"gene-AM1_RS34000",17.9465442503817,0.41346467392118,0.52837521281078,0.782520950825239,0.433908477654584,0.972183285066938
"gene-AM1_RS34005",20.3820409265884,0.476394421545708,0.575141537369329,0.828308147807781,0.40749600968699,0.957539570110794
"gene-AM1_RS42685",8.84431272509045,0.645796271332694,0.650477073408262,0.99280404757228,0.320805457062755,NA
"gene-AM1_RS34010",53.843194901802,0.814088030420959,0.615094265288652,1.32351751001763,0.185663337200893,0.731253919654119
"gene-AM1_RS34015",25.6995100251886,0.0694323959023688,0.507661207634537,0.136769157970315,0.891213262884954,0.997177134360943
"gene-AM1_RS34020",33.762183232175,1.04864194092092,0.631579288980717,1.66034884173179,0.0968442954041144,0.501915006719293
"gene-AM1_RS34025",75.9330484735563,0.317696818556358,0.509227786679415,0.623879581725112,0.532706670566515,0.99354618231587
"gene-AM1_RS34030",67.7693887284993,0.313293542056313,0.52277126421538,0.599293732272241,0.548977026771607,0.99354618231587
"gene-AM1_RS34035",35.7730250920336,1.14912189825101,0.49503446672767,2.32129674898611,0.0202708335804251,0.161506560087186
"gene-AM1_RS34040",23.9142925805755,0.208643160890772,0.492586482169549,0.423566558245414,0.671881948477537,0.997177134360943
"gene-AM1_RS34045",29.1500353551326,-0.0765155202581919,0.514411509339891,-0.148743795325223,0.881755801940083,0.997177134360943
"gene-AM1_RS34050",338.50627776683,0.434749964894702,0.686257449370882,0.633508554687827,0.526401596190162,0.992659241707204
"gene-AM1_RS34055",43.3491720324192,0.383045124089674,0.568492635999875,0.67379082829449,0.500444306695093,0.989201002062665
"gene-AM1_RS34070",30.8193483126465,0.145944715821214,0.498443598213541,0.292800863215598,0.76967436840719,0.997177134360943
"gene-AM1_RS34080",43.4389437163567,0.362898633323557,0.508533772083167,0.713617567299361,0.475463691667399,0.984738847992133
"gene-AM1_RS34090",31.1765965202233,0.137735442362807,0.4825000462497,0.285462029347717,0.775290190854175,0.997177134360943
"gene-AM1_RS34095",41.5620893550549,-0.0308113043737948,0.462755578042973,-0.0665822430581995,0.94691428235875,0.997177134360943
"gene-AM1_RS34100",46.1542147215967,0.0536904038881482,0.427184507854649,0.125684342247768,0.89998179664908,0.997177134360943
"gene-AM1_RS34105",25.4284026514241,0.259847803644719,0.566730739529374,0.458503104773358,0.646591032426576,0.997177134360943
"gene-AM1_RS34115",31.1856788799089,0.306885373193477,0.526427482145524,0.582958495902847,0.559921240476354,0.994312190096383
"gene-AM1_RS34120",155.425159634989,1.07234503309484,0.353158778979382,3.03643883975894,0.00239390668858434,0.0283980203542773
"gene-AM1_RS34125",37.2689585224531,0.281683046405992,0.429212611459675,0.656278587546713,0.511644892118589,0.989258744326754
"gene-AM1_RS34130",32.2043350766975,-0.235441589043475,0.438488441403846,-0.53693909989895,0.591309681547864,0.997177134360943
"gene-AM1_RS34135",12.5319912668685,0.493035546926058,0.637192189599253,0.773762696677341,0.43907113597114,NA
"gene-AM1_RS34140",164.547207776491,0.478664081244572,0.460484785170629,1.03947860311434,0.298582204209576,0.894285546343303
"gene-AM1_RS34145",17.5310987342101,-0.0186353125352372,0.601698342632821,-0.0309711880768952,0.97529251722944,0.999174515952571
"gene-AM1_RS34150",48.834280849219,-0.0957512544991681,0.536698036782847,-0.178408058045329,0.858402521421514,0.997177134360943
"gene-AM1_RS40455",119.838481230223,-0.0596659866353469,0.474822182140576,-0.125659644556543,0.900001347556271,0.997177134360943
"gene-AM1_RS34165",14.2463937097554,-0.385036621164387,0.603194914743934,-0.638328692356171,0.523259738291403,NA
"gene-AM1_RS34170",39.8352924670517,0.61913216997107,0.606447920337743,1.02091564536368,0.307294405987308,0.897564114226004
"gene-AM1_RS34175",76.731561005919,0.629579914972935,0.687145825684112,0.916224608286217,0.359549101098003,0.934960229293754
"gene-AM1_RS34180",37.6051484791118,0.381145334898696,0.660200185647175,0.577317824479359,0.563724774841341,0.994977061149491
"gene-AM1_RS34185",55.212948615016,-0.0449583750696452,0.610317773415246,-0.0736638797491754,0.941277840455406,0.997177134360943
"gene-AM1_RS34190",103.187028575433,0.693683142393084,0.619913665718651,1.11899959745026,0.263140310768539,0.856577511684301
"gene-AM1_RS34195",26.6511418729351,-0.41004809724087,0.561385872800157,-0.730421118713901,0.465132813327848,0.982825588333525
"gene-AM1_RS34200",48.0064086883043,0.167395939760548,0.414089300693407,0.404250820970832,0.686028285597426,0.997177134360943
"gene-AM1_RS34210",38.0978279748081,0.131305008437744,0.488449522717833,0.268820015847567,0.788068189706571,0.997177134360943
"gene-AM1_RS34220",17.1116194271992,0.640646455013127,0.58773213781933,1.09003134895792,0.275699335035971,NA
"gene-AM1_RS34225",62.5306245215657,0.175259002339721,0.439156306585049,0.39908114653428,0.689833413659777,0.997177134360943
"gene-AM1_RS34230",11.0287836463721,0.0666812586307804,0.607529876938456,0.109757990778675,0.912601308188951,NA
"gene-AM1_RS34235",47.9428112683775,0.786923330104848,0.511489236750193,1.53849440724239,0.123927774948566,0.581697757392469
"gene-AM1_RS34240",10.7819080036287,0.497383238237451,0.648033968043942,0.767526492073831,0.442768548300679,NA
"gene-AM1_RS34245",7.98812328586586,-0.775718442933925,0.657016681610063,-1.18066780440487,0.237734716217399,NA
"gene-AM1_RS34250",18.40263407626,0.885460741751174,0.527059238117782,1.680002317981,0.092956864731414,0.489545031123644
"gene-AM1_RS34255",259.230169711219,1.27875603887289,0.420376078259895,3.04193341392348,0.00235063886647376,0.0279411972144412
"gene-AM1_RS34260",138.436244924722,0.493118015455939,0.533034399808058,0.925114806161679,0.354906192150381,0.933277725171087
"gene-AM1_RS34265",15.2331467537252,-0.0389076652900854,0.600657010177511,-0.0647751788971665,0.948353004306569,NA
"gene-AM1_RS34275",38.6403927303229,0.39347989771863,0.4904383948881,0.802302392757009,0.422378058650918,0.968993062826186
"gene-AM1_RS34280",22.4671106041251,0.594655302821645,0.540888777793367,1.09940403135674,0.271591873142825,0.865026326414118
"gene-AM1_RS34290",29.3677698711656,0.328369011708995,0.485852579737325,0.675861414354385,0.499128637945761,0.989169154080495
"gene-AM1_RS34295",12.842450453936,0.491894875386273,0.608984017664231,0.807730352715896,0.41924582649172,NA
"gene-AM1_RS34305",22.8390840419052,0.0804031168770236,0.501197089045673,0.160422154546266,0.872548538818711,0.997177134360943
"gene-AM1_RS34315",29.0519832822501,0.7195978562875,0.574633975036838,1.2522716851912,0.21047088269957,0.77370071515002
"gene-AM1_RS40475",18.5966421914592,-0.135138101574888,0.51064099129738,-0.264644053019607,0.791283680272117,0.997177134360943
"gene-AM1_RS41745",6.77087273887605,0.537656746482554,0.710006319982389,0.757256282586175,0.448896336781271,NA
"gene-AM1_RS41750",10.9256428444807,0.369863305999999,0.663152492857959,0.557734925199504,0.577025405097432,NA
"gene-AM1_RS34380",16.0502094945265,0.379764181100232,0.571500500162665,0.66450367233649,0.506367999311466,NA
"gene-AM1_RS34385",22.2964051955673,0.123024031032433,0.493438775654734,0.249319747661084,0.803113457109804,0.997177134360943
"gene-AM1_RS34390",233.81173449489,0.34241409365369,0.586099305192386,0.584225387438897,0.559068683197804,0.993720687327191
"gene-AM1_RS34395",29.7983579946471,-0.0442085662466404,0.440243763654679,-0.100418381579431,0.920012177136372,0.997177134360943
"gene-AM1_RS40485",19.3472549827628,-0.122068831777024,0.540527502601179,-0.225832785916706,0.821331476241914,0.997177134360943
"gene-AM1_RS34415",25.2679406942474,-0.14703502647388,0.528755799144924,-0.278077378464043,0.780952960525134,0.997177134360943
"gene-AM1_RS34420",12.7081303286149,-0.1246639444944,0.573058833455107,-0.21754126664931,0.827786550784011,NA
"gene-AM1_RS34425",36.9574083719446,-0.080282797610209,0.448106367863204,-0.179160135556738,0.857811964432804,0.997177134360943
"gene-AM1_RS34430",50.9672668728912,-0.127015162444999,0.422884431199134,-0.300354312134013,0.76390690932917,0.997177134360943
"gene-AM1_RS34435",82.1764278355147,0.685364126001733,0.422363520299088,1.62268778685339,0.104656163500546,0.525698025727292
"gene-AM1_RS34440",22.4196424270518,0.320461017886163,0.529250693334622,0.605499476754676,0.544847172244216,0.99354618231587
"gene-AM1_RS34445",48.9966772500037,-0.339505304055994,0.40951360883029,-0.829045230085848,0.407078813894489,0.957539570110794
"gene-AM1_RS34450",36.2738554668022,0.452704035551846,0.440420561274469,1.02789032882986,0.304001419325282,0.89568294332585
"gene-AM1_RS44615",22.3490595533839,-0.513644720874756,0.590878860371009,-0.869289384548708,0.384688867672386,0.94831781317055
"gene-AM1_RS34460",39.492937539363,0.0441957071603126,0.462612393099334,0.0955350695735094,0.923889836145172,0.997177134360943
"gene-AM1_RS34465",11.810618030058,-0.110415373643683,0.581695897320587,-0.189816318375769,0.849453068155602,NA
"gene-AM1_RS34470",13.2576171906855,-0.0201428745673998,0.608391867829327,-0.0331083889060964,0.973588153039101,NA
"gene-AM1_RS34475",9.57316655266477,0.481270260057342,0.606568694931434,0.793430759086148,0.427526895722406,NA
"gene-AM1_RS34480",136.982110169319,0.19426910683475,0.518144965248733,0.374931958938349,0.707711070130829,0.997177134360943
"gene-AM1_RS34485",21.2353827994128,0.297097080505084,0.528801865461562,0.561830621088608,0.574231426976613,0.99593231790249
"gene-AM1_RS34500",48.0394295724566,0.137194446769694,0.479295156530783,0.286242088826288,0.774692709488846,0.997177134360943
"gene-AM1_RS34505",117.023435867077,0.0350764106561466,0.380771097538352,0.0921194147426423,0.926603163304277,0.997177134360943
"gene-AM1_RS34510",33.9097158509048,0.104409376335812,0.454140305017994,0.229905549413139,0.818165164018862,0.997177134360943
"gene-AM1_RS41755",36.4121087776407,-0.0443659463418828,0.472348194687634,-0.0939263594967737,0.925167654546214,0.997177134360943
"gene-AM1_RS34520",28.0839485977112,0.178725095663096,0.530741075410692,0.336746304259186,0.736308154136617,0.997177134360943
"gene-AM1_RS34530",11.2514752157464,-0.523912867769085,0.636301602066127,-0.823371913677246,0.410296529829341,NA
"gene-AM1_RS34535",30.4973209915136,-0.112093786512818,0.52488071044116,-0.213560499143898,0.830889805805229,0.997177134360943
"gene-AM1_RS34540",46.3241186390207,0.1018837882732,0.444052128989927,0.229441053474852,0.818526131018384,0.997177134360943
"gene-AM1_RS34545",22.8871315567249,-0.137920237219457,0.491626660985555,-0.280538563435455,0.779064343415946,0.997177134360943
"gene-AM1_RS34550",235.471202308952,-0.17400275017129,0.377834902419339,-0.460525877988302,0.645138801160994,0.997177134360943
"gene-AM1_RS34555",81.4627944194662,-0.334948938067646,0.476020365295544,-0.703644134762361,0.481654418831371,0.986441366799053
"gene-AM1_RS43740",40.274638354142,0.345919887894831,0.669207696098458,0.516909608050797,0.605219260208752,0.997177134360943
"gene-AM1_RS34565",30.2735969983878,1.36135506300068,0.656473741929445,2.07373878961178,0.0381035766536027,0.260179771934787
"gene-AM1_RS38090",36.6213853949641,1.19974244991857,0.49230724989008,2.43697904141457,0.0148105377486225,0.125675545751317
"gene-AM1_RS34580",14.9741190360922,0.625622881290673,0.584001921957831,1.07126853143447,0.284048704995852,NA
"gene-AM1_RS34585",118.808274446499,1.11794688911707,0.376185779729205,2.97179465401861,0.00296064628872941,0.0334969460643913
"gene-AM1_RS34590",52.32329754166,0.298553780770488,0.434325863342524,0.687395814913832,0.491833334200805,0.988029326430846
"gene-AM1_RS34595",11.1806109150815,2.14201766027286,0.657253697779814,3.25904238729815,0.0011178896439871,NA
"gene-AM1_RS34600",26.4109537193048,0.195316196017744,0.469596116795419,0.41592378861777,0.67746577161136,0.997177134360943
"gene-AM1_RS34605",26.0378832962586,0.9357908879175,0.490019507831314,1.90970129344247,0.0561716843533481,0.347932627133818
"gene-AM1_RS34610",38.3476439568545,2.52777733938311,0.469150992076324,5.38798250899122,7.12529846199611e-08,3.32061528324136e-06
"gene-AM1_RS34615",68.4833994947894,2.45361879915054,0.509912592551201,4.81184194113457,1.49545604939722e-06,5.13527363863186e-05
"gene-AM1_RS34620",12.6821993770532,0.357532240938491,0.602710532051483,0.593207222912692,0.553042479374214,NA
"gene-AM1_RS34625",140.444277192807,3.56840620860367,0.687880048355611,5.18754137023454,2.13088597688102e-07,8.87415777038677e-06
"gene-AM1_RS34630",243.170311869005,3.40830805285734,0.683981931902876,4.98303813870526,6.25936071903533e-07,2.3585316529733e-05
"gene-AM1_RS34635",171.239771082538,3.13401414827114,0.650518402445402,4.81771789466659,1.4520947797642e-06,5.02867195250767e-05
"gene-AM1_RS34640",200.517451751923,3.38167286101648,0.613030819619055,5.51631786329747,3.46175899703631e-08,1.76760424613889e-06
"gene-AM1_RS34645",104.137913732646,2.56623953326744,0.600356696025498,4.27452471215287,1.9154546043623e-05,0.000460965140853091
"gene-AM1_RS34650",179.154384388646,2.26355251589321,0.538033316993724,4.20708614949883,2.58684545806553e-05,0.000579769333196977
"gene-AM1_RS34660",270.737817045169,1.99353505159159,0.400354415679017,4.97942566266061,6.37732419423956e-07,2.38520048844425e-05
"gene-AM1_RS34665",22.3733376722203,1.00643231024957,0.484573776129255,2.07694340847103,0.0378067826922139,0.25874292304042
"gene-AM1_RS34670",27.9319457701398,1.07619096033246,0.472655428492083,2.27690384042736,0.0227919685102731,0.175175967398329
"gene-AM1_RS39365",22.544495856324,0.212129849085392,0.521220419469588,0.406986835437612,0.684017657102617,0.997177134360943
"gene-AM1_RS34710",31.4235675738049,2.26564887162105,0.67246701203795,3.36915987113609,0.000753976829747057,0.0103932759698865
"gene-AM1_RS34715",29.0021032878834,0.557909598167094,0.494007389259981,1.1293547633019,0.258748207702457,0.853675284476279
"gene-AM1_RS34720",53.4250999269912,-0.295343271876703,0.451659430625898,-0.653907018984247,0.513171711597891,0.98992913617044
"gene-AM1_RS34730",137.113027530297,0.885274904116709,0.546858096240498,1.61883843396072,0.105482030262261,0.528490172098973
"gene-AM1_RS34735",42.3547768518573,0.244788155581531,1.3825635415068,0.177053819396066,0.859466115533049,0.997177134360943
"gene-AM1_RS34745",28.3809068321157,0.298240774281105,0.507225267657739,0.587984852683539,0.55654246000053,0.99354618231587
"gene-AM1_RS34750",9.94342659913645,0.384031432479365,0.654811852730453,0.586475994406668,0.557555688793746,NA
"gene-AM1_RS34770",50.0551181468547,-0.289600229982654,0.495022501106839,-0.585024376336684,0.558531326264422,0.99354618231587
"gene-AM1_RS34780",51.0102812511507,0.96241345061735,0.430668304997807,2.23469765350448,0.0254372047742922,0.189349512848901
"gene-AM1_RS38100",49.0958173530625,0.456411534847696,0.436361058379866,1.04594928003492,0.295584450198983,0.892154652167842
"gene-AM1_RS34790",14.5584789649974,0.596113893771887,0.561887492579439,1.06091326403321,0.288729320757311,NA
"gene-AM1_RS34815",16.7754722183653,0.673865323581623,0.694650257495967,0.97007856300339,0.332007333473369,NA
"gene-AM1_RS34820",30.3366192010638,0.971011348107048,0.49134001532948,1.97625130828376,0.0481263213811668,0.309187920295636
"gene-AM1_RS34855",28.4810975815845,0.402206474702162,0.535596391710298,0.750950680264691,0.452682338088433,0.982825588333525
"gene-AM1_RS34870",14.0052409729271,-0.355097498278107,0.547852874606457,-0.648162152171214,0.516880078409425,NA
"gene-AM1_RS34880",20.1855018830367,0.480771172755502,0.504307277650633,0.953329832944755,0.340422980589515,0.924111025083135
"gene-AM1_RS34885",24.4041759475839,0.51136963543996,0.471539161008052,1.08446907006994,0.278156873609843,0.870792177529596
"gene-AM1_RS34890",57.3143240832937,0.13684603460859,0.424698848977226,0.322218991028932,0.74728679833855,0.997177134360943
"gene-AM1_RS34895",49.9943112960638,0.185165715785446,0.52311767526063,0.353965703210452,0.723364586255112,0.997177134360943
"gene-AM1_RS34900",83.7626174249162,0.416647211786878,0.419487911680802,0.993228172219451,0.320598772135904,0.907311677187678
"gene-AM1_RS34905",28.4956492431733,-0.250503236289027,0.456255484511078,-0.549041589182135,0.582976908963942,0.997177134360943
"gene-AM1_RS38105",30.7564781529811,-0.135654251741274,0.498212994698856,-0.272281640954126,0.785405471529757,0.997177134360943
"gene-AM1_RS34915",13.9412322171493,0.445260518052268,0.62058530598703,0.717484790175765,0.473075018038226,NA
"gene-AM1_RS34920",31.2877869058183,-0.0156584911672259,0.489126795427628,-0.0320131534677755,0.974461561324011,0.999174515952571
"gene-AM1_RS34925",182.969893137253,-0.373425920352152,0.52041470666921,-0.71755451098255,0.473032014163775,0.983659340128965
"gene-AM1_RS34930",476.686459348747,-0.0865356372757263,0.489180168764025,-0.176899316042123,0.859587475868374,0.997177134360943
"gene-AM1_RS34935",99.6300809005105,0.352328820252466,0.445218279784167,0.791361981864869,0.428732788630865,0.971298466877678
"gene-AM1_RS38110",22.1064276888097,-0.0505850491609248,0.667458872744117,-0.0757875147467214,0.939588149344762,0.997177134360943
"gene-AM1_RS34945",28.0393096570292,0.0603341852254798,0.497906010533531,0.121175852367857,0.903551750176394,0.997177134360943
"gene-AM1_RS34950",13.9413658861071,0.12735090993917,0.611916076797107,0.208118261258554,0.835136628908361,NA
"gene-AM1_RS34960",20.0940025761362,-0.121449637440626,0.485003787201046,-0.250409668224471,0.802270553584158,0.997177134360943
"gene-AM1_RS34965",12.4876218944219,0.870880697696437,0.667874969847826,1.30395768222137,0.192248011307351,NA
"gene-AM1_RS34970",151.584960749502,0.285175540615866,0.390482809610454,0.730315224120512,0.465197524509628,0.982825588333525
"gene-AM1_RS34975",254.692251088534,1.68947143148475,0.463654673054343,3.64381409197343,0.000268627482363431,0.00428636026205997
"gene-AM1_RS34980",20.927573417438,0.37016692585678,0.53721508086187,0.689047904729163,0.490793121757624,0.988029326430846
"gene-AM1_RS34985",22.6240492083468,1.20386406055793,0.520042642178282,2.31493335914793,0.0206165793836773,0.163374566991839
"gene-AM1_RS34990",22.5403162177351,0.0196471368125037,0.50559402538408,0.0388595114382108,0.969002397361098,0.999088916092384
"gene-AM1_RS34995",23.5999198893116,0.220722294433719,0.561435031577455,0.393139512177498,0.694216442276548,0.997177134360943
"gene-AM1_RS35000",61.9773027056236,0.271853614188314,0.466967384308114,0.582168312656585,0.560453314938519,0.994855461100055
"gene-AM1_RS35015",34.0003426302112,-0.61591624299536,0.523117915764741,-1.17739466463304,0.239038018413549,0.822761573343705
"gene-AM1_RS35025",18.0964519032636,0.111249156581876,0.508575330415931,0.218746663332828,0.826847397052012,0.997177134360943
"gene-AM1_RS35030",148.491781118487,0.842942625754917,0.466099701234379,1.8085028235859,0.0705282777570603,0.404671736397423
"gene-AM1_RS35035",12.7685546040818,-0.243840591022853,0.583645469041758,-0.417788887187279,0.67610147658863,NA
"gene-AM1_RS35040",50.2128103665955,-0.123845684770544,0.461580581708987,-0.268307831131044,0.788462378782033,0.997177134360943
"gene-AM1_RS35050",20.066094773362,-0.388305487628199,0.49393074530732,-0.786153709436732,0.431777441711442,0.971416527865743
"gene-AM1_RS39385",14.3166446639279,-0.487852165613719,0.558514480851964,-0.873481677448263,0.382400588882235,NA
"gene-AM1_RS35065",28.8945262972484,0.386179967365162,0.463316269997562,0.833512640009802,0.404555672117674,0.957198044947986
"gene-AM1_RS35070",11.9738447285525,-1.00273077481291,0.593022359909075,-1.69088190024851,0.0908593608286263,NA
"gene-AM1_RS35075",12.3998573136061,-0.23640837109856,0.611028422487844,-0.386902413043255,0.698828454668736,NA
"gene-AM1_RS35080",10.8431945072845,-0.407156651060903,0.610513246475376,-0.666908790941894,0.504830395345981,NA
"gene-AM1_RS35140",23.027414432123,-0.288156971137106,0.472572829048081,-0.609762037562656,0.542019452311038,0.99354618231587
"gene-AM1_RS35145",10.2747802715746,0.417668257064921,0.6513152578816,0.641268958481619,0.521347953479535,NA
"gene-AM1_RS35150",16.3847683411755,0.0534483278053434,0.634945788890209,0.084177781379987,0.932915083369298,NA
"gene-AM1_RS35160",19.0166851065318,-0.109314900220674,0.620952913067836,-0.176043783546485,0.86025954525618,0.997177134360943
"gene-AM1_RS35180",41.0102006062617,0.218607955912665,0.45204376335459,0.483599097331612,0.628670415516406,0.997177134360943
"gene-AM1_RS35185",38.0367191659648,-0.668838977656541,0.610675890865976,-1.0952437907907,0.2734098455401,0.865643192518048
"gene-AM1_RS35190",38.4762497266382,0.353968309574949,0.565098558350659,0.626383317289056,0.5310635492646,0.99354618231587
"gene-AM1_RS41785",16.1250780071417,0.148645581315378,0.61287487890472,0.242538218536588,0.80836314657718,NA
"gene-AM1_RS35210",11.1039155929286,-1.29153879416481,0.664672384869119,-1.94312088717079,0.0520015538945015,NA
"gene-AM1_RS35215",22.758416969083,-2.1921550841883,0.623232704728622,-3.5173941732452,0.00043580608888819,0.00652819733150881
"gene-AM1_RS35220",9.7697423914885,0.0645732579190955,0.655504077638925,0.0985093153831833,0.921527875332672,NA
"gene-AM1_RS35225",23.2206054468233,-0.223758122220414,0.477461751736396,-0.468640935963285,0.639326311630111,0.997177134360943
"gene-AM1_RS35235",14.1659669055369,-0.187547598567945,0.580399177068201,-0.323135534952536,0.746592599590852,NA
"gene-AM1_RS35245",17.851828692633,-0.371360021364425,0.549150432979328,-0.676244611790017,0.498885352565196,0.989169154080495
"gene-AM1_RS35255",23.1689985116859,0.817207869910731,0.609485514505268,1.34081590203842,0.179980231908098,0.72585434187112
"gene-AM1_RS35260",13.6266053119753,0.521055560875831,0.676276241725521,0.770477400694066,0.441016755655841,NA
"gene-AM1_RS35275",13.388151418469,-0.374217257398789,0.630224115761681,-0.593784414210355,0.552656314758162,NA
"gene-AM1_RS35285",67.8260897083718,-0.230118039701404,0.537169193681882,-0.428390239812752,0.66836702940084,0.997177134360943
"gene-AM1_RS38115",62.6204318967444,-0.0788524999640667,0.403244098563419,-0.195545329107068,0.844966055043542,0.997177134360943
"gene-AM1_RS35295",47.2788752830523,0.049542692206957,0.552988525354155,0.0895908141588073,0.928612384290739,0.997177134360943
"gene-AM1_RS35310",23.3490046437812,0.105111418172379,0.510963983486029,0.205711990608929,0.837015891727451,0.997177134360943
"gene-AM1_RS35315",23.7640523176923,0.194451375114886,0.6428269562053,0.302494121066049,0.762275414389045,0.997177134360943
"gene-AM1_RS35320",56.8552856314868,-0.226937971060391,0.414529680210651,-0.547458920058675,0.584063485698746,0.997177134360943
"gene-AM1_RS35325",16.355498840417,0.373357818928777,0.53364292447326,0.699639781221321,0.484152292266812,NA
"gene-AM1_RS35330",118.8093440421,-0.149493711676488,0.378246798786276,-0.395227962685172,0.692674657807768,0.997177134360943
"gene-AM1_RS35335",19.7723929486543,-0.0188913792798903,0.485085629344799,-0.038944421638313,0.968934700068077,0.999088916092384
"gene-AM1_RS35340",20.2155913469568,-0.398357432864339,0.566359723255191,-0.703364692981259,0.481828503779871,0.986441366799053
"gene-AM1_RS35345",27.0191067096808,0.384283865002383,0.531275206134428,0.723323544116509,0.469481131242161,0.982825588333525
"gene-AM1_RS35360",16.2676870325966,0.66164519322386,0.604010873699192,1.0954193409991,0.273332964590392,NA
"gene-AM1_RS35365",43.466727161084,-0.157554844363385,0.502434704799676,-0.313582725990641,0.753837980905429,0.997177134360943
"gene-AM1_RS35395",18.2216472941254,-0.118406910391976,0.538874102957615,-0.219730192529384,0.826081289023937,0.997177134360943
"gene-AM1_RS35400",17.5613706047805,0.156349577191763,0.530949873047398,0.294471446606422,0.768397678974693,0.997177134360943
"gene-AM1_RS35405",35.1481708505421,0.727853192401494,0.525337148448513,1.38549728407952,0.165900462396389,0.697827732945269
"gene-AM1_RS35410",22.6632510985542,0.0176711024105811,0.504746065199007,0.0350098864141,0.972071857488729,0.999088916092384
"gene-AM1_RS35415",17.2290566503004,0.197990342535019,0.563619568635877,0.351283655771948,0.725375555415164,NA
"gene-AM1_RS35425",22.4303832021066,0.867193034974358,0.667985295424946,1.29822174367279,0.194211148430104,0.749282433365027
"gene-AM1_RS34570",121.52701085563,1.96651093832001,0.416924166401129,4.71671132737362,2.39687390920412e-06,7.64915412763401e-05
"gene-AM1_RS35435",45.342122708111,0.823803265884689,0.59109387969617,1.39369276891876,0.163410400776358,0.691315470719577
"gene-AM1_RS35445",98.5389439483945,0.00834374066762382,0.417353030680977,0.0199920452332878,0.984049718282975,0.99966258039135
"gene-AM1_RS42735",27.1304408258579,0.0672810282403526,0.525973319985176,0.127917188351396,0.898214508456229,0.997177134360943
"gene-AM1_RS35455",40.593880199849,0.194658508317142,0.562446920361207,0.346092228920252,0.729273403403644,0.997177134360943
"gene-AM1_RS35460",19.4260654936267,0.451637730838776,0.494510520656386,0.913302572894298,0.36108342956025,0.935693550077609
"gene-AM1_RS35465",8.59349677925953,-0.683795178529567,0.746060451853692,-0.916541249211886,0.35938308276602,NA
"gene-AM1_RS38125",27.5271648222465,-0.886878215321894,0.526402639929169,-1.68479059193402,0.092028980697227,0.486295467910491
"gene-AM1_RS35480",14.0307887822689,0.609998481272162,0.552494177290269,1.10408128509865,0.26955787877176,NA
"gene-AM1_RS35485",95.5638484265099,0.0990521991326651,0.515966640188587,0.191974037500683,0.847762542230101,0.997177134360943
"gene-AM1_RS42740",17.0296614443782,0.628935460026266,0.578740361327695,1.08673163658988,0.277155428147066,NA
"gene-AM1_RS35520",16.6525326626767,-0.0875313727534193,0.530328402217595,-0.165051263306665,0.868903633034624,NA
"gene-AM1_RS35525",12.9914025876691,0.191036255495548,0.608949351948766,0.313714523029202,0.753737869455018,NA
"gene-AM1_RS35535",27.1430391499766,-0.100520938905725,0.482126619041557,-0.20849489519072,0.83484256811093,0.997177134360943
"gene-AM1_RS35550",20.9996479611196,-0.312846432898817,0.54254569125336,-0.576626886808548,0.56419153227222,0.994977061149491
"gene-AM1_RS35560",40.1210395873736,-0.0634145839389712,0.5288723824968,-0.119905266445549,0.904558192557895,0.997177134360943
"gene-AM1_RS35565",122.006301161807,0.590353420299311,0.407725115568405,1.44792017405233,0.147639376840595,0.648420658794297
"gene-AM1_RS35570",89.1339503116628,0.269050082914848,0.415838006721022,0.647006955993199,0.517627441548792,0.991747974838319
"gene-AM1_RS35575",166.053020350693,0.081571544570504,0.368574767456763,0.221316139282576,0.824846284215023,0.997177134360943
"gene-AM1_RS35580",47.0834591409679,-0.457187611970829,0.435254019812143,-1.05039262398576,0.293537635475669,0.892154652167842
"gene-AM1_RS35585",115.449334319578,-0.556682880066368,0.420662312276647,-1.32334859534616,0.185719478112598,0.731253919654119
"gene-AM1_RS35590",15.0537869102521,0.501007857593467,0.531150426846921,0.943250409432239,0.345552834666239,NA
"gene-AM1_RS35595",163.167900551673,-0.3928291271758,0.558595625182702,-0.703244188579735,0.481903585442652,0.986441366799053
"gene-AM1_RS35600",365.97893107292,-1.04155638781384,0.509265811689985,-2.04521168298626,0.0408339931802982,0.272784081859739
"gene-AM1_RS35605",224.417986932496,-1.20778084376936,0.546509619038005,-2.20999009293808,0.0271058498690686,0.199455576981417
"gene-AM1_RS35610",37.8238228055729,-0.726170364566112,0.466385967273193,-1.55701589567927,0.119466711473862,0.570142108119251
"gene-AM1_RS35615",23.4629743773761,-0.619779119994567,0.605736991030638,-1.02318189110432,0.306221853383798,0.897564114226004
"gene-AM1_RS35620",156.84020669126,-0.879865718339034,0.48621258297915,-1.80963173134654,0.0703529157548159,0.40429039005493
"gene-AM1_RS35625",94.8711268938164,-0.628725804607113,0.487873093238277,-1.28870768509475,0.197499729733921,0.755963292462223
"gene-AM1_RS35630",29.1902117974059,0.574471989069049,0.459778997682693,1.24945243685426,0.211499639608399,0.774164500384436
"gene-AM1_RS39415",123.759005522514,-0.0399567461926436,0.646936406281395,-0.0617630199888052,0.95075155301186,0.997889813204431
"gene-AM1_RS35635",265.161225262802,-0.162961503281367,0.446932116303759,-0.364622494863648,0.715393220785748,0.997177134360943
"gene-AM1_RS35655",95.0557401792205,-0.187188210873269,0.407284408836578,-0.459600728169239,0.64580283638002,0.997177134360943
"gene-AM1_RS42760",25.0864473348975,-0.100222414297787,0.518197373654715,-0.19340587079966,0.846641118005789,0.997177134360943
"gene-AM1_RS35665",41.8697011576354,0.678328067186791,0.679606795896608,0.998118428600864,0.318221934903376,0.906764324510265
"gene-AM1_RS40540",15.2848910598675,0.92611636251677,0.573688087770274,1.61432036372981,0.106457955306731,NA
"gene-AM1_RS35695",254.103284959696,-0.578479663575075,0.524674520061974,-1.10254956445521,0.270222823014324,0.864242057047992
"gene-AM1_RS35700",90.4761231568328,-0.197042390217018,0.516655311110063,-0.381380750337515,0.702920742627635,0.997177134360943
"gene-AM1_RS35710",32.9653934870954,-0.0928013705943459,0.460343834238862,-0.201591427302996,0.840236147660505,0.997177134360943
"gene-AM1_RS35715",17.9613749946404,-0.733995803444445,0.618028746274688,-1.18764023173481,0.234975180324279,0.816132380110903
"gene-AM1_RS35720",14.1182835902152,-0.0160410459226885,0.560539896538671,-0.0286171350545106,0.977169945883797,NA
"gene-AM1_RS35730",44.0686186588752,-0.167187308483574,0.458902032174673,-0.364320261758913,0.715618871330602,0.997177134360943
"gene-AM1_RS35740",17.9637031546741,-0.261619616353755,0.630014088824481,-0.415259945760738,0.677951619599078,0.997177134360943
"gene-AM1_RS35745",19.9121995219983,0.0459519825787138,0.519069284712373,0.0885276473335862,0.929457311204892,0.997177134360943
"gene-AM1_RS35750",113.776773243695,0.154805023184887,0.370989127905754,0.417276441654143,0.676476218032048,0.997177134360943
"gene-AM1_RS35755",9.89079018561564,0.667490299763179,0.627401817250748,1.06389602549782,0.287375803719633,NA
"gene-AM1_RS35760",82.2721170331275,0.5748715426504,0.447417159345083,1.28486699860122,0.198838764919466,0.757758006241741
"gene-AM1_RS35765",13.061076909366,0.0841765465347637,0.615156056302982,0.136837710808953,0.891159075080544,NA
"gene-AM1_RS35780",30.8099810501336,-0.0242063273103196,0.665951976523303,-0.0363484577922453,0.971004511715821,0.999088916092384
"gene-AM1_RS35785",16.8930250661052,-0.136525903410601,0.602686702323981,-0.226528813202866,0.820790151903883,NA
"gene-AM1_RS35790",80.8538747017723,-0.330673974357294,0.373110719405985,-0.886262326860368,0.375476184748834,0.943274624431326
"gene-AM1_RS35795",16.2456420086931,0.0923143223775505,0.526872464543337,0.175211893940146,0.860913138886436,NA
"gene-AM1_RS35800",38.9222134285943,-0.0958604203747429,0.451483858136888,-0.212323029156179,0.831855030318756,0.997177134360943
"gene-AM1_RS35810",18.5897656521021,-0.233756663212088,0.553232775576634,-0.422528587480095,0.672639238942299,0.997177134360943
"gene-AM1_RS35815",21.1362124015591,-0.298508700540682,0.631143512811313,-0.472964855823408,0.636238252675518,0.997177134360943
"gene-AM1_RS35820",97.9964093400616,-0.453392009745664,0.49433865779129,-0.917168832741959,0.359054176159582,0.934960229293754
"gene-AM1_RS35825",186.925778867804,-0.251914935891485,0.425078771619367,-0.592631184408004,0.553428004571792,0.99354618231587
"gene-AM1_RS35830",22.7202400873828,0.641333846541905,0.530392338182259,1.20916876126051,0.226598016497721,0.803563775881306
"gene-AM1_RS35835",23.8093500089706,0.400179165889897,0.511878771643062,0.781785039854994,0.434340914429969,0.972183285066938
"gene-AM1_RS35840",26.6982080272232,1.82134672371971,0.511088555336792,3.56366172691834,0.000365717195239189,0.00559242544386594
"gene-AM1_RS35845",42.3136985018324,1.09884802304683,0.500198316982123,2.19682471079987,0.0280329675416859,0.204674032520725
"gene-AM1_RS35850",38.2404101281623,0.69468773577243,0.534297906052041,1.30018801852607,0.193536536106236,0.747788750962018
"gene-AM1_RS35855",7.03257001187136,0.361328652628431,0.756750831716393,0.477473743648089,0.633024813296477,NA
"gene-AM1_RS35860",26.1036971201994,0.288512709005458,0.478572259434763,0.602861330379279,0.546600942711959,0.99354618231587
"gene-AM1_RS35870",11.2694259743259,-0.167494483307269,0.624199395000295,-0.268334901713883,0.788441543285345,NA
"gene-AM1_RS35875",25.9035951697065,0.171525219218835,0.552032949906493,0.310715545599025,0.75601687815855,0.997177134360943
"gene-AM1_RS41820",12.4176685008445,1.89397729024712,0.791759245253963,2.39211262969163,0.0167517008645407,NA
"gene-AM1_RS35880",64.608603928209,0.612731475301597,0.462824737159238,1.32389525906171,0.185537832975536,0.731253919654119
"gene-AM1_RS35885",19.0798224167008,0.122752025514613,0.693505905169843,0.177002134516144,0.85950671295134,0.997177134360943
"gene-AM1_RS35890",44.5190283970294,-0.103110542021376,0.458192377147364,-0.225037663575562,0.821949974325363,0.997177134360943
"gene-AM1_RS35895",13.6394565387111,0.178533315875432,0.571291099446188,0.312508484813614,0.754654115787474,NA
"gene-AM1_RS35900",28.1839649041532,0.146015765745302,0.518154554207313,0.281799637887349,0.778097148608234,0.997177134360943
"gene-AM1_RS35905",138.230341380763,0.270793657300789,0.396570925216542,0.6828378988019,0.494709278753475,0.989035047236538
"gene-AM1_RS35915",61.4509936379044,2.1938547444808,0.578130179622571,3.79474177582814,0.000147797197243603,0.00264593031162938
"gene-AM1_RS35920",46.7887098648497,2.80043353441605,0.629230944355921,4.45056550307227,8.56444652234844e-06,0.000227558506693349
"gene-AM1_RS35945",27.1574051792079,0.486549787950279,0.692270320092561,0.70283207849388,0.482160403490084,0.986441366799053
"gene-AM1_RS35960",10.2215169930022,0.28341285282787,0.646481865200494,0.438392580030029,0.661101724301124,NA
"gene-AM1_RS35970",22.8281480947304,0.279230066961099,0.787244351055169,0.354693008069016,0.722819589571592,0.997177134360943
"gene-AM1_RS43770",103.251517351197,-0.0243372441257793,0.548635208762811,-0.0443596104243118,0.964617756148952,0.999088916092384
"gene-AM1_RS35990",20.9280504199215,0.0083413673400178,0.663816298398636,0.0125657766465514,0.9899742246628,0.999709482207881
"gene-AM1_RS36000",7.15935124366921,0.684893566993009,0.771171733031429,0.888120683963265,0.374475837636128,NA
"gene-AM1_RS36005",25.9700470574014,0.209551645604622,0.740056346549249,0.283156338813557,0.777056995800336,0.997177134360943
"gene-AM1_RS36030",5.76480291494128,0.731076634031765,0.805354393016707,0.907770095216453,0.363999701243815,NA
"gene-AM1_RS44150",17.4314589883513,-0.209663630375459,0.738130786095346,-0.284046722240869,0.776374575400435,0.997177134360943
"gene-AM1_RS36040",25.0676899612268,0.283445347118694,0.508488587034622,0.557427156372724,0.577235615569106,0.997130606716526
"gene-AM1_RS36045",62.6125912769443,0.647478286805323,0.593801308555821,1.0903955203131,0.275538954315007,0.868834576007023
"gene-AM1_RS36060",51.4585053597202,1.18983714597603,0.424195378703822,2.80492717674509,0.00503279490855866,0.0529615980341514
"gene-AM1_RS36065",19.9159357626961,1.39468653366756,0.501064617505708,2.78344645568926,0.00537847392812049,0.0556028149752175
"gene-AM1_RS36070",85.1592621953025,1.3971739477096,0.472478875365248,2.95711410722758,0.00310533176288186,0.0347986796023708
"gene-AM1_RS36075",25.3442539878072,1.12844769958759,0.509516767113597,2.21474104960318,0.0267778435480576,0.197289206165865
"gene-AM1_RS36085",7.68025995726008,1.73833237455163,0.740922465794864,2.34617312175403,0.0189672952211395,NA
"gene-AM1_RS36090",21.0408298611462,1.25359233388396,0.514342161340176,2.43727313860015,0.0147984966323196,0.125675545751317
"gene-AM1_RS36095",18.2927254998543,0.514623796982594,0.516761338386148,0.995863581029051,0.319316432551607,0.907124379266104
"gene-AM1_RS36100",18.8446093971552,-0.0935396409135688,0.597543658497062,-0.156540262093717,0.875607185841524,0.997177134360943
"gene-AM1_RS36105",121.201583329735,0.466852459502031,0.405629487638916,1.1509332376684,0.249759702549853,0.845238345790577
"gene-AM1_RS36110",101.606510614741,0.385547078476276,0.377674823537967,1.02084400242665,0.307328353154619,0.897564114226004
"gene-AM1_RS36115",82.4588350916415,0.232137809248915,0.416192948443567,0.557764878326361,0.577004948613549,0.997130606716526
"gene-AM1_RS36120",26.4222101196992,0.149951562941327,0.451065925458137,0.332438241237186,0.739558366557178,0.997177134360943
"gene-AM1_RS36125",16.2767059604466,-0.06511710316251,0.530343067807112,-0.122782981649519,0.902278950956872,NA
"gene-AM1_RS39445",14.4051625098883,0.194870021174591,0.545050870806965,0.357526300042562,0.720697840908894,NA
"gene-AM1_RS36135",55.9403301326122,2.0487455326239,0.586534004423941,3.49296974629128,0.00047768062402457,0.00702992637662224
"gene-AM1_RS36145",92.7676444021148,-0.187194789642156,0.402901504929,-0.464616754596496,0.642205931750927,0.997177134360943
"gene-AM1_RS36150",8.71194654417785,0.522739442674837,0.651635336943512,0.8021962791747,0.422439428379903,NA
"gene-AM1_RS36155",14.8046793971424,0.713636170487122,0.563957198061735,1.26540839081373,0.205724968882587,NA
"gene-AM1_RS41840",65.7408473854716,0.420697787869366,0.423392940114141,0.99363439493335,0.320400892814846,0.907311677187678
"gene-AM1_RS36165",32.4029471382854,-0.0952794348929902,0.443425957149581,-0.214871126411866,0.829867796879876,0.997177134360943
"gene-AM1_RS36170",9.9414134917357,-0.179932196762451,0.697819337538495,-0.257849255649963,0.796523248912358,NA
"gene-AM1_RS36175",16.0827385038164,-0.498075273273424,0.539621381290242,-0.923008780865056,0.356002629276344,NA
"gene-AM1_RS41845",18.8216829393278,0.0482143469110498,0.532932606829706,0.0904698761028451,0.927913831152821,0.997177134360943
"gene-AM1_RS36185",18.3898313184498,0.099988513751321,0.567542740913672,0.176177944925086,0.860154147165429,0.997177134360943
"gene-AM1_RS36195",36.6419666927932,0.923259664831968,0.564806190819642,1.6346486278632,0.102122727465975,0.516472674180188
"gene-AM1_RS42765",28.652214998052,-0.0359485386419006,0.501244336991399,-0.0717185930871023,0.942825859120888,0.997177134360943
"gene-AM1_RS36205",94.8545807070163,0.0313974302911496,0.421233711489121,0.0745368412707407,0.940583227589543,0.997177134360943
"gene-AM1_RS36220",39.0260797094183,0.389883642569936,0.418048827835018,0.932627044044249,0.351012565066918,0.931630018810643
"gene-AM1_RS36225",834.615543457846,0.734611753461509,0.531958341381658,1.38095729743329,0.167292090881577,0.701670826897586
"gene-AM1_RS36230",85.6635597885298,0.933188045667406,0.426908169769471,2.18592220001628,0.0288212977563111,0.207909902242087
"gene-AM1_RS36235",13.8575787049498,-0.818319020539778,1.6754616208288,-0.488414064736966,0.625256581560507,NA
"gene-AM1_RS40585",18.9140626271725,-0.542361522679749,0.927690415987297,-0.584636332695686,0.558792272184097,0.993709334423082
"gene-AM1_RS43785",13.1122492737148,0.155317138308832,0.945717252555478,0.164232108369748,0.869548425445843,NA
"gene-AM1_RS36295",22.2547864988125,1.44581617990234,0.498601371350343,2.89974368900488,0.00373467913408701,0.0409142460361174
"gene-AM1_RS44155",18.2319840117967,2.80165547255375,0.62365589165717,4.4923097978105,7.04548335564819e-06,0.000193376606192044
"gene-AM1_RS36300",10.6639241362093,-0.0226594438908831,0.70468546450909,-0.0321554012848392,0.97434812238916,NA
"gene-AM1_RS36305",70.7179812828519,0.18719034095505,0.421012016356179,0.444619948321585,0.656594428945172,0.997177134360943
"gene-AM1_RS36310",53.6380211921606,-0.159561927026693,0.447163449489405,-0.35683132690941,0.721218082584757,0.997177134360943
"gene-AM1_RS43790",158.314034114891,0.118351207546371,0.482593476202167,0.245239965690691,0.806270632868868,0.997177134360943
"gene-AM1_RS36320",78.7397000472534,0.203440490488107,0.425992436258478,0.477568316177018,0.632957486217221,0.997177134360943
"gene-AM1_RS40605",24.5166044984527,-0.600588978214154,0.596220051084286,-1.00732770916027,0.313777318253514,0.901418988642188
"gene-AM1_RS41860",11.2320060432511,0.0215622659742473,0.650948159271428,0.0331243981062652,0.973575386547852,NA
"gene-AM1_RS36335",20.2391685944964,-0.517642583932638,0.61651487183041,-0.839627083764868,0.401117508785041,0.955171930570576
"gene-AM1_RS36345",27.8847449791072,-0.512005118578974,0.579092772324992,-0.8841504212241,0.376615017835374,0.945078369542444
"gene-AM1_RS36350",14.07890475668,0.0357132134497245,0.679297247268952,0.05257376442096,0.958071521011949,NA
"gene-AM1_RS36355",14.068512976343,-0.149331534154398,0.668371748061386,-0.223425862310211,0.823204077800367,NA
"gene-AM1_RS36360",43.0881043603859,0.225387148479588,0.474186232710111,0.475313564443731,0.634563492246276,0.997177134360943
"gene-AM1_RS36365",143.635107008165,0.0388154538965039,0.429989542174418,0.0902706928643373,0.928072108752146,0.997177134360943
"gene-AM1_RS36370",187.966798227538,2.16023819007537,0.372342761965122,5.80174616172001,6.56278609909188e-09,3.81551286869975e-07
"gene-AM1_RS36375",36.3159906282812,0.296461042568562,0.43622832145541,0.679600631108646,0.496757369957353,0.989135054726882
"gene-AM1_RS36380",108.272674433269,0.638473361837977,0.433008613169121,1.47450499232588,0.140345674536503,0.628841347694403
"gene-AM1_RS36385",55.0175843363722,0.399893125114021,0.419820287801912,0.952534064534554,0.340826198524356,0.924111025083135
"gene-AM1_RS36390",31.9671753801905,0.952825890116594,0.560267424208245,1.70066266383969,0.0890063498629271,0.474700532602278
"gene-AM1_RS36395",290.671448407696,0.706905243090983,0.491048339611481,1.43958381704394,0.149985180808215,0.65578032889489
"gene-AM1_RS36400",119.9817586416,0.618673615419748,0.429907491893557,1.43908544765005,0.150126314572476,0.655909017239271
"gene-AM1_RS36405",23.5529545153905,0.358553760268891,0.563244975298302,0.636585812556955,0.524394668887231,0.992659241707204
"gene-AM1_RS36425",26.7730195891819,0.282245819807772,0.839585422994925,0.336172844450967,0.736740529438372,0.997177134360943
"gene-AM1_RS36435",15.4570732720299,0.357614756820175,0.655738839879574,0.545361560230061,0.585504872595478,NA
"gene-AM1_RS36445",101.809214330775,-0.376909991535663,0.458496789395048,-0.822055901488355,0.411045082007021,0.959469112980649
"gene-AM1_RS36450",43.4193683557919,0.00156998855357651,0.453991907082023,0.00345818621232131,0.997240772112433,0.999709482207881
"gene-AM1_RS36455",39.1002887082887,-0.0354434848590618,0.485800231116163,-0.0729589707638213,0.941838767044604,0.997177134360943
"gene-AM1_RS36460",17.6483874517327,0.121201276950491,0.564412981037205,0.214738641779222,0.829971093508226,0.997177134360943
"gene-AM1_RS36465",18.038144611692,-0.404747838177401,0.545823683764194,-0.74153586628216,0.458368593341271,0.982825588333525
"gene-AM1_RS36475",11.1446422424128,-0.360697618670248,0.59666696347096,-0.604520847898098,0.545497412838745,NA
"gene-AM1_RS36480",19.996701731724,-0.832544106485264,0.557877630365322,-1.49234179893551,0.135609564242084,0.615531716368182
"gene-AM1_RS36485",48.1993806011054,0.137067538317645,0.53312076618205,0.257104106634705,0.797098407452021,0.997177134360943
"gene-AM1_RS36495",12.4459793089011,-0.33835468110492,0.604096110457586,-0.560100744314718,0.575410722788,NA
"gene-AM1_RS36505",12.9624116539518,0.691877888039352,0.603321696675539,1.14678104873698,0.251472123548538,NA
"gene-AM1_RS36510",49.4365466032854,-0.103035882256868,0.576721191916848,-0.178658047772456,0.858206212127748,0.997177134360943
"gene-AM1_RS36515",25.3326498548847,0.516489647236113,0.582638899628264,0.886466124327855,0.375366400773858,0.943274624431326
"gene-AM1_RS36525",36.8705379217811,-0.0453733588541537,0.434778297441206,-0.104359760183958,0.916883854982685,0.997177134360943
"gene-AM1_RS36530",26.5358640115457,0.00796272039524211,0.530644966005155,0.0150057400057664,0.988027601036298,0.999709482207881
"gene-AM1_RS36535",13.3321950469009,-0.0058692497432446,0.58741747298267,-0.00999161586638359,0.992027976607315,NA
"gene-AM1_RS36540",36.3779074365978,1.34971561106575,0.565220499897754,2.3879452555417,0.0169428653619105,0.14032229253193
"gene-AM1_RS36545",68.7850106620855,2.28034921698021,0.421217547972881,5.41370896809604,6.17324735081405e-08,2.99581061520497e-06
"gene-AM1_RS40630",48.7585894352415,1.97322458597475,0.445902234347852,4.42524040916874,9.63349383154701e-06,0.000252535159726982
"gene-AM1_RS41875",80.8340009308083,1.76512986918601,0.445107843478457,3.96562292722537,7.32045124677889e-05,0.0014424728094324
"gene-AM1_RS36550",84.6107705509713,-1.08747048014133,0.526286128051599,-2.0663103627058,0.0387991835666624,0.263081762013212
"gene-AM1_RS36555",222.985717267796,-0.386334450264737,0.433962642425599,-0.890248174601741,0.373332642246861,0.942161630815008
"gene-AM1_RS36560",46.5822585105159,0.716308394668316,0.494280068014341,1.44919538743677,0.147283025304836,0.647824662614231
"gene-AM1_RS36565",116.002971349793,0.379432888107865,0.430354483444267,0.881675229850377,0.377952459760094,0.946383626596995
"gene-AM1_RS43805",71.2850565864498,-0.140542994144715,0.476287130341407,-0.295080394139502,0.767932466459525,0.997177134360943
"gene-AM1_RS36610",52.3073184309296,-0.177310156560187,0.486580806159942,-0.364400227702168,0.715559165463746,0.997177134360943
"gene-AM1_RS36615",19.8193871882653,-0.321101106442441,0.542937771528894,-0.591414197502287,0.554242929916471,0.99354618231587
"gene-AM1_RS36620",11.311759130441,-0.318571065280193,0.592394692802108,-0.537768263542856,0.590737044740237,NA
"gene-AM1_RS36625",21.4216145860175,0.59683400156825,0.528302858823477,1.12971942437978,0.258594469681041,0.853675284476279
"gene-AM1_RS36630",49.5554989182609,1.78976633013535,0.604375471154451,2.96134839277414,0.00306295248398618,0.0343922647504792
"gene-AM1_RS36635",27.8679052625543,1.12916821516761,0.587761754255858,1.92113251158576,0.0547150037771727,0.341052943363515
"gene-AM1_RS36645",15.0680590425671,-0.0772055871207482,0.60037389051932,-0.128595843923136,0.897677455071613,NA
"gene-AM1_RS36660",25.9872132566252,-0.0731186270057182,0.55828180045038,-0.130970823241473,0.895798388237395,0.997177134360943
"gene-AM1_RS36665",81.4813270127698,1.0762299236355,0.537950681038419,2.00061076520626,0.0454343525574089,0.294146106082806
"gene-AM1_RS40640",68.5445659185424,-0.0932232651141495,0.49452679370149,-0.188510038892699,0.850476846693837,0.997177134360943
"gene-AM1_RS36680",174.804711466844,-0.145135713553793,0.421028147036242,-0.344717365277005,0.730306861856307,0.997177134360943
"gene-AM1_RS36685",218.644828438427,0.173681452374473,0.409242071923614,0.424397842475226,0.671275693931725,0.997177134360943
"gene-AM1_RS39465",40.1663917734234,0.166874430171716,0.485278881201294,0.343873258524302,0.730941603439925,0.997177134360943
"gene-AM1_RS36690",24.9991675875339,0.260120533721341,0.575634121755295,0.451885188682264,0.651351695099356,0.997177134360943
"gene-AM1_RS36695",21.5520163179431,0.0740664472133076,0.631725381791766,0.117244691044758,0.906666152777305,0.997177134360943
"gene-AM1_RS36700",175.768816848162,-0.111424909410963,0.602054598139112,-0.185074426398146,0.853170659858812,0.997177134360943
"gene-AM1_RS36710",13.5376700121371,0.170361054168588,0.600992985399587,0.283465961013371,0.776819671186215,NA
"gene-AM1_RS36715",32.6755686128187,0.292918061851095,0.476009761301718,0.615361460340788,0.538316037188195,0.99354618231587
"gene-AM1_RS36720",109.139961070967,0.203686283892725,0.438954690801549,0.464025759744782,0.64262929003476,0.997177134360943
"gene-AM1_RS44340",43.8430460706774,-0.0186021297180121,0.48935370227812,-0.0380136691137972,0.969676783529053,0.999088916092384
"gene-AM1_RS36785",9.17171934502621,-0.179733623179671,0.627807287391892,-0.286287889276246,0.774657633081791,NA
"gene-AM1_RS39470",32.9638629301459,0.149163177088749,0.435404187059473,0.342585536662224,0.731910284403255,0.997177134360943
"gene-AM1_RS36790",38.802947682498,0.534823151770371,0.559414292126651,0.956041272626776,0.339051383102182,0.923856019292814
"gene-AM1_RS36795",15.7358977602291,-0.0962000973839918,0.598559740292983,-0.160719291506147,0.872314494535461,NA
"gene-AM1_RS36800",24.4363505440994,-0.0832554939621491,0.597947915907974,-0.139235361052688,0.889264166561593,0.997177134360943
"gene-AM1_RS36805",19.7456662545398,-0.368466734311474,0.5181883802696,-0.711067149208885,0.477042625767127,0.986015704881739
"gene-AM1_RS36810",19.2984843638565,-0.382226423837259,0.555468955418118,-0.688114826416439,0.491380474529508,0.988029326430846
"gene-AM1_RS38155",53.4763029585473,-0.406682216998562,0.42386704554392,-0.959457030863756,0.337328556374775,0.922586531454437
"gene-AM1_RS36825",80.2276140524121,0.105341375572609,0.439381884629633,0.239749018468079,0.810524831686201,0.997177134360943
"gene-AM1_RS36840",143.352155644027,0.26209838633212,0.380884261717288,0.688131310940495,0.491370094601176,0.988029326430846
"gene-AM1_RS36845",15.3993233724189,0.540737655482895,0.533347565372693,1.01385604920693,0.310651445832904,NA
"gene-AM1_RS40655",139.750213432297,1.24504902088229,0.358430049265118,3.47361786054207,0.000513491786659136,0.00750055664493146
"gene-AM1_RS36855",205.852274813028,1.14151171122074,0.379435367690171,3.00844836413048,0.00262585419993244,0.0307764787664736
"gene-AM1_RS38160",272.787677869532,1.38204414378282,0.3518371087202,3.92807952751198,8.56268980995266e-05,0.00166629060170787
"gene-AM1_RS36885",41.1161940027404,0.309016000119107,0.642078809132059,0.481274254381365,0.630321592554371,0.997177134360943
"gene-AM1_RS38165",38.8522222642155,-0.330662299366782,0.428668780884913,-0.771370144296925,0.440487566297452,0.977667369113699
"gene-AM1_RS36940",24.874864219273,0.327382884824815,0.575859101451178,0.568512130831661,0.569687270981453,0.99583107983958
"gene-AM1_RS36945",26.3551014103293,0.0530299032559282,0.510711806081016,0.103835279749761,0.917300068592083,0.997177134360943
"gene-AM1_RS36950",412.705254452075,0.0335536187134801,0.40280145277623,0.08330063976239,0.933612491607391,0.997177134360943
"gene-AM1_RS36955",78.4089981168047,0.370714608283473,0.529045463404117,0.700723536873614,0.483475564423476,0.986480257652949
"gene-AM1_RS36960",21.1920807444452,-0.400919828896169,0.539788257491117,-0.742735365825863,0.457641913726107,0.982825588333525
"gene-AM1_RS36965",18.4104354648478,0.00836510816149991,0.501665238964101,0.0166746816637589,0.986696145458766,0.999709482207881
"gene-AM1_RS36985",19.2369668088965,0.0619556147220277,0.622355282288243,0.0995502351875807,0.920701404040023,0.997177134360943
"gene-AM1_RS36995",13.0776174539254,-0.0969029425623442,0.573440378055371,-0.168985209745707,0.865808275003819,NA
"gene-AM1_RS41900",16.6277516933419,-0.329546279766074,0.652595662607009,-0.504977735294152,0.613574473987828,NA
"gene-AM1_RS37005",12.5224787230665,-0.0786156903462703,0.607551650332802,-0.129397542255389,0.897043092328786,NA
"gene-AM1_RS37010",37.1038958818781,0.0183151104518005,0.493306316851084,0.0371272570939514,0.970383538988319,0.999088916092384
"gene-AM1_RS37015",35.7382125315058,-0.825748477672099,0.436713844817603,-1.89082276065001,0.05864800780025,0.357855850575093
"gene-AM1_RS43840",62.560161374072,0.154743774962834,0.537788368844368,0.287741022170779,0.773544986194016,0.997177134360943
"gene-AM1_RS37055",12.4093537342636,0.235040867926263,0.592063130867564,0.396986158523082,0.691377667635248,NA
"gene-AM1_RS37075",16.6801957905412,-0.413323696649187,0.635599883770231,-0.650289131894497,0.515505475942531,NA
"gene-AM1_RS37080",30.2995603451252,-0.202009584665163,0.481469215583032,-0.419569056809874,0.674800297101363,0.997177134360943
"gene-AM1_RS37085",25.3810268244852,0.116654626336156,0.680008471371902,0.171548783945011,0.863792274877817,0.997177134360943
"gene-AM1_RS37090",16.849571331902,0.15389499837787,0.562567205190274,0.273558424590034,0.784423987912077,NA
"gene-AM1_RS37095",29.4725344975111,0.0347653270147204,0.538934500520873,0.0645075180399848,0.948566121051384,0.99766796754679
"gene-AM1_RS37100",34.5773159835519,-0.0987084984825322,0.462588542552765,-0.213382929758303,0.831028293987712,0.997177134360943
"gene-AM1_RS37105",18.7859903772634,-0.503667362305959,0.576733150377372,-0.873310927205063,0.382493626138633,0.946383626596995
"gene-AM1_RS37110",6.33044149229602,0.364714324562701,0.776202767607543,0.469869910006691,0.638447963286615,NA
"gene-AM1_RS37115",19.6807498388568,0.519738627169706,0.62090116737934,0.837071428555025,0.402552419261926,0.955451821303974
"gene-AM1_RS37120",49.6151973433939,-0.00395071203069207,0.425041660506025,-0.00929488188519833,0.992583864035435,0.999709482207881
"gene-AM1_RS37125",95.273195410237,0.376264308696478,0.380145506795098,0.98979023024278,0.322276661077255,0.907870319432565
"gene-AM1_RS40680",261.498271872663,-0.106142739786039,0.359965808337043,-0.294868949571608,0.768093992519373,0.997177134360943
"gene-AM1_RS37135",22.8898715999754,0.0753382418853507,0.535402888800292,0.140713177798061,0.88809653430423,0.997177134360943
"gene-AM1_RS37140",19.5459038053781,-0.755585080126551,0.596693209396014,-1.26628737888834,0.205410213880972,0.76270920401304
"gene-AM1_RS37145",428.407907222871,-0.929684147197226,0.649737269940298,-1.43086165779385,0.152469867772777,0.661971254129805
"gene-AM1_RS38180",58.2880852065241,-0.656427407723539,0.412943465207225,-1.58963021098815,0.11191818310067,0.551348146288306
"gene-AM1_RS37155",39.0126062650241,-0.484075934479212,0.434884610895744,-1.1131135072408,0.265659683271249,0.859952403621154
"gene-AM1_RS38185",48.2192073625395,0.38869023888553,0.437747140057878,0.887933245741224,0.374576660183066,0.942783604198441
"gene-AM1_RS37170",14.3807892721722,0.692110503075522,0.651428471491921,1.06245049666071,0.288031219935563,NA
"gene-AM1_RS37185",25.7133698296594,-0.262210945070892,0.454093885661854,-0.577437735565879,0.563643788815525,0.994977061149491
"gene-AM1_RS37190",16.6579768799169,0.0059299098848723,0.586295654020034,0.0101141972385654,0.991930175765117,NA
"gene-AM1_RS38190",107.208780077704,-0.432955243622834,0.369208409952168,-1.17265813007598,0.240932928231986,0.826976300215258
"gene-AM1_RS37205",326.540004903927,-0.37039281277842,0.41252981658271,-0.897857070906191,0.369261753885514,0.941245946653286
"gene-AM1_RS37210",22.6691372208778,0.890768503999998,0.518126750515714,1.719209639559,0.0855762062094392,0.462284712844367
"gene-AM1_RS38195",181.658089228516,-0.258956574388684,0.360422093943165,-0.718481410380793,0.472460505998973,0.983283656549519
"gene-AM1_RS38200",244.608031230724,-0.318795910902368,0.366715755331591,-0.869327009454793,0.384668293706108,0.94831781317055
"gene-AM1_RS37235",32.8569213149171,-0.144463872578529,0.510709002964882,-0.28286924988566,0.777277067311522,0.997177134360943
"gene-AM1_RS37240",38.6501102222514,-0.117281259598596,0.448886777336796,-0.261271361777272,0.793883249740208,0.997177134360943
"gene-AM1_RS37245",81.3999249387262,1.12134383872475,0.433062947479988,2.58933220967044,0.00961622737804873,0.090058193243863
"gene-AM1_RS37250",41.9809528680531,0.274906896087401,0.436280573935798,0.630114913454422,0.528619402992056,0.99354618231587
"gene-AM1_RS37260",13.2215162142266,0.800366512154684,0.732283302522403,1.0929738659857,0.274405274350819,NA
"gene-AM1_RS37270",37.1226936285238,0.332834406712309,0.675426482675074,0.4927766607464,0.622170403550336,0.997177134360943
"gene-AM1_RS37280",20.0355102223934,0.132023438709097,0.688702525922676,0.191698786834303,0.847978156330234,0.997177134360943
"gene-AM1_RS42780",13.9425335954293,-0.406927998795447,0.640115641993071,-0.635710131263832,0.524965371760034,NA
"gene-AM1_RS37295",23.0024505201963,0.0430667606513464,0.58933333033513,0.0730770829249655,0.941744778066439,0.997177134360943
"gene-AM1_RS37300",23.8266217170105,0.895216332771906,0.478663610977742,1.87024104661579,0.0614503520727531,0.370088684483288
"gene-AM1_RS37305",50.7379856487719,1.45065620348664,0.461408502510726,3.1439737143832,0.00166670410109387,0.0210470677024155
"gene-AM1_RS37310",32.1921440221116,2.5209116755138,0.677144426971036,3.72285671284366,0.000196981322527463,0.00328600660761723
"gene-AM1_RS37315",36.1216554621736,0.199040172078057,0.650800304687112,0.30583908864909,0.759727165113182,0.997177134360943
"gene-AM1_RS41930",40.2908348434718,-0.137442190837611,0.418548594725025,-0.328378096521639,0.742625802066866,0.997177134360943
"gene-AM1_RS37330",10.3276356419057,0.466052764605681,0.706011526542148,0.660120617135362,0.50917642907801,NA
"gene-AM1_RS37335",78.7559480245715,1.81501328920385,0.470745536567233,3.85561444180496,0.000115439309827209,0.0021249518097347
"gene-AM1_RS37340",10.2378208644453,0.146181492060711,0.743980718587749,0.196485592177978,0.844230108650667,NA
"gene-AM1_RS37355",35.364596987136,0.229385784166271,0.625815008178804,0.366539282644899,0.713962705704662,0.997177134360943
"gene-AM1_RS37360",19.6259451097528,0.472170461720855,0.516148598873539,0.914795589392932,0.360298950704853,0.935188336921102
"gene-AM1_RS39515",44.7465946546836,-1.45334434033006,0.557664079184505,-2.60612866164043,0.00915720569055436,0.0871492898135092
"gene-AM1_RS37365",16.0611445255179,-2.39656884295531,0.747215743200563,-3.20733183791075,0.00133972360626935,NA
"gene-AM1_RS37370",60.1783490953115,-0.785887901054417,0.43522720907129,-1.80569570255358,0.0709658843037304,0.406547973299029
"gene-AM1_RS37380",14.91139971486,-0.549379099003808,0.576816127278447,-0.952433666506356,0.340877092189447,NA
"gene-AM1_RS39520",42.5764698060591,1.17963715977644,0.442165760568514,2.66786184045486,0.00763356413729403,0.0750825604927815
