"gene_id","FarRed_1","Orange_1","FarRed_2","Orange_2","FarRed_3","Orange_3"
"gene-AM1_RS00030",55.2302986360564,54.3333606368597,34.7987661720623,48.5135056069073,57.028447502661,21.3394714662736
"gene-AM1_RS00035",323.327373265247,246.72689994115,338.804653980773,183.000312289347,307.95361651437,250.253801740845
"gene-AM1_RS00040",21.8619932101057,8.90710830112453,28.0323394163835,33.161130414848,13.0350737148939,3.87990390295884
"gene-AM1_RS00045",24.1632556532747,16.9235057721366,47.8483034865856,63.8658807989666,29.3289158585114,9.69975975739709
"gene-AM1_RS00050",41.4227239770423,31.1748790539359,46.8816710929172,45.4430305684955,35.8464527159584,21.3394714662736
"gene-AM1_RS00055",27.6151493180282,17.8142166022491,27.0657070227151,23.9497052996125,14.6644579292557,15.5196156118353
"gene-AM1_RS00060",69.0378732950705,92.6339263316952,86.5135992333215,167.033842089605,42.3639895734053,170.715771730189
"gene-AM1_RS00065",176.04657690243,271.666803184298,208.309280835539,262.832663288055,162.938421436174,283.232984915995
"gene-AM1_RS00070",478.662588179156,476.530294110163,269.690437833483,246.252098080631,417.122358876606,419.029621519554
"gene-AM1_RS00075",858.370891302043,348.267934573969,799.404989563764,265.903138326467,757.663659678211,323.971975897063
"gene-AM1_RS00080",334.833685481092,305.513814728572,199.609589292524,155.980131951322,211.819947867027,240.554041983448
"gene-AM1_RS00085",32.2176742043662,44.5355415056227,33.3488175815597,37.4597954686246,45.6227580021288,67.8983183017796
"gene-AM1_RS00090",71.3391357382395,70.3661555788838,58.9645760137722,98.2552012291794,60.2872159313845,85.3578858650944
"gene-AM1_RS00095",42.5733551986268,64.1311797680966,51.231516864425,97.641106221497,32.5876842872349,48.4987987869854
"gene-AM1_RS00100",11.5063122158451,12.4699516215743,8.21637534618137,33.161130414848,4.88815264308523,25.2193753692324
"gene-AM1_RS00105",26.4645180964437,25.8306140732611,22.2325450543731,13.5100901690122,8.14692107180872,11.6397117088765
"gene-AM1_RS00110",115.063122158451,115.792407914619,124.695578783223,109.923006375144,158.050268793089,102.817453428409
"gene-AM1_RS00115",370.503253350212,319.765188010371,649.093652348328,957.988211984499,684.341370031932,808.959963766917
"gene-AM1_RS00120",915.902452381269,887.147986792004,976.782033801915,1141.60261928153,1147.08648691067,1288.12809578233
"gene-AM1_RS00125",395.817140225071,394.584897739817,555.813626359328,483.292771046026,817.950875609595,601.38510495862
"gene-AM1_RS00130",60.983454743979,81.0546855402333,75.3973267061349,49.1276006145897,70.063521217555,79.5380300106561
"gene-AM1_RS00135",48.3265113065494,32.0655898840483,63.7977379821142,68.7786408604256,52.1402948595758,77.5980780591767
"gene-AM1_RS00140",92.0504977267607,70.3661555788838,87.9635478238241,77.3759709679787,185.749800437239,122.216972943203
"gene-AM1_RS00145",429.185445651022,267.213249033736,270.173754030317,218.617822734924,470.892037950544,273.533225158598
"gene-AM1_RS00150",58.6821923008099,45.4262523357351,36.2487147625649,19.6510402458359,45.6227580021288,25.2193753692324
"gene-AM1_RS00155",27.6151493180282,19.595638262474,40.5985605340727,34.3893204302128,26.0701474297879,34.9191351266295
"gene-AM1_RS43855",151.883321249155,155.874395269679,241.658098417099,490.047816130532,167.82657407926,232.79423417753
"gene-AM1_RS00165",645.504115308909,164.781503570804,521.981492580934,360.473769509552,501.850338023417,512.147315190566
"gene-AM1_RS00170",104.70744116419,131.825202856643,94.7299745795029,60.1813107528724,76.5810580750019,75.6581261076973
"gene-AM1_RS00175",478.662588179156,456.934655847689,320.921954697908,251.16485814209,462.745116878735,349.191351266295
"gene-AM1_RS00180",111.611228493697,119.355251235069,144.028226656591,103.167961290638,153.162116150004,207.574858808298
"gene-AM1_RS00185",162.239002243416,170.125768551479,142.094961869254,84.1310160524848,120.574431862769,85.3578858650944
"gene-AM1_RS00190",770.922918461621,878.240878490879,1058.94578726373,749.810004380175,918.972696900023,1162.03121893617
"gene-AM1_RS00195",764.019131132114,746.415675634236,760.256377620194,668.13536835842,1160.12156062556,1043.69414989593
"gene-AM1_RS00200",8323.66625694234,2241.91915939304,6922.53788725622,4115.66474148725,14110.4672963727,5195.19132606188
"gene-AM1_RS00205",103.556809942606,76.601131389671,115.995887240208,101.325676267591,91.2455160042576,100.87750147693
"gene-AM1_RS00210",39.1214615338733,52.5519389766348,37.6986633530675,31.9329403994833,37.4758369303201,25.2193753692324
"gene-AM1_RS00215",29.9164117611972,50.7705173164098,29.4822880068861,25.7919903226596,19.5526105723409,27.1593273207119
"gene-AM1_RS00220",62.1340859655635,68.5847339186589,49.7815682739224,36.2316054532599,22.8113790010644,27.1593273207119
"gene-AM1_RS00225",37.9708303122888,40.0819873550604,19.8159640702021,27.6342753457067,21.1819947867027,32.9791831751501
"gene-AM1_RS00230",231.276875538486,363.410018685881,295.306196265695,351.262344394316,345.42945344469,613.024816667496
"gene-AM1_RS00235",124.268171931127,92.6339263316952,214.592391394384,200.194972504453,252.55455322607,323.971975897063
"gene-AM1_RS00250",40.2720927554578,45.4262523357351,81.1971210681453,55.2685506914134,27.6995316441496,81.4779819621356
"gene-AM1_RS00255",217.469300879472,199.51922594519,487.182726408872,653.397088174043,392.68159566118,475.288228112457
"gene-AM1_RS00260",127.72006559588,149.639419458892,215.075707591218,176.24526720484,156.420884578727,176.535627584627
"gene-AM1_RS00265",232.427506760071,225.349840018451,170.610617482472,182.386217281664,193.896721509047,277.413129061557
"gene-AM1_RS00270",35.6695678691198,45.4262523357351,64.7643703757826,105.624341321368,65.1753685744697,112.517213185806
"gene-AM1_RS00275",87.4479728404227,101.54103463282,440.784371512789,359.245579494187,70.063521217555,100.87750147693
"gene-AM1_RS00280",87.4479728404227,81.9453963703457,78.7805400839743,64.479975806649,45.6227580021288,104.757405379889
"gene-AM1_RS00285",43.7239864202113,28.5027465635985,40.1152443372385,25.1778953149772,26.0701474297879,21.3394714662736
"gene-AM1_RS00295",58.6821923008099,51.6612281465223,37.6986633530675,34.3893204302128,47.2521422164906,27.1593273207119
"gene-AM1_RS37400",17.2594683237676,8.90710830112453,9.66632393668397,10.4396151306003,9.77630528617046,1.93995195147942
"gene-AM1_RS00305",39.1214615338733,35.6284332044981,29.9656042037203,44.8289355608131,35.8464527159584,25.2193753692324
"gene-AM1_RS00315",46.0252488633803,30.2841682238234,28.9989718100519,19.0369452381535,21.1819947867027,13.5796636603559
"gene-AM1_RS00320",1566.00909257652,506.814462333986,1532.59566016124,800.165795010129,1987.84874152133,812.839867669876
"gene-AM1_RS00325",195.607307669366,212.879888396876,247.941208975944,313.188453918009,185.749800437239,228.914330274571
"gene-AM1_RS00330",88.5986040620072,127.371648706081,76.8472752966375,65.0940708143313,99.3924370760663,126.096876846162
"gene-AM1_RS00335",26.4645180964437,22.2677707528113,29.9656042037203,15.3523751920593,39.1052211446818,34.9191351266295
"gene-AM1_RS00340",130.021328039049,78.3825530498959,229.09187729941,146.768706836087,298.177311228199,209.514810759777
"gene-AM1_RS00345",24.1632556532747,16.0327949420242,35.7653985657307,35.6175104455775,21.1819947867027,11.6397117088765
"gene-AM1_RS00350",408.474083662501,158.546527760017,192.843162536845,177.473457220205,224.855021581921,174.595675633148
"gene-AM1_RS00355",217.469300879472,273.448224844523,326.721749059918,376.440239709293,325.876842872349,341.431543460378
"gene-AM1_RS00360",154.184583692324,209.317045076427,202.509486473529,202.651352535182,161.309037221813,182.355483439065
"gene-AM1_RS38320",50.6277737497184,55.2240714669721,115.029254846539,81.6746360217553,65.1753685744697,36.8590870781089
"gene-AM1_RS00370",25.3138868748592,23.1584815829238,22.7158612512073,30.7047503841186,24.4407632154262,19.3995195147942
"gene-AM1_RS00375",113.912490936866,122.027383725406,113.579306256037,97.641106221497,175.973495151068,190.115291244983
"gene-AM1_RS00380",16.1088371021831,18.7049274323615,21.7492288575389,20.2651352535182,14.6644579292557,25.2193753692324
"gene-AM1_RS37405",72.489766959824,1345.86406429992,57.9979436201038,1596.64701997416,43.9933737877671,2287.20335079423
"gene-AM1_RS00390",50.6277737497184,315.311633859809,38.6652957467359,183.000312289347,48.8815264308523,490.807843724293
"gene-AM1_RS00395",540.796674144719,606.574075306581,374.086736349669,483.292771046026,488.815264308523,997.135303060421
"gene-AM1_RS00400",120.816278266373,125.590227045856,84.5803344459847,75.5336859449316,86.3573633611724,118.337069040245
"gene-AM1_RS00405",211.71614477155,178.142166022491,181.243573812824,135.100901690122,226.484405796282,197.875099050901
"gene-AM1_RS00410",227.824981873733,232.47552665935,239.724833629762,193.439927419947,260.701474297879,302.632504430789
"gene-AM1_RS00415",120.816278266373,97.0874804822574,112.612673862368,144.92642181304,149.90334772128,195.935147099421
"gene-AM1_RS00420",120.816278266373,311.748790539359,104.396298516187,257.305808218913,109.168742362237,300.69255247931
"gene-AM1_RS00425",47.1758800849648,200.409936775302,51.231516864425,134.486806682439,63.545984360108,389.930342247363
"gene-AM1_RS00435",28.7657805396127,24.0491924130362,39.6319281404043,43.6007455454483,29.3289158585114,32.9791831751501
"gene-AM1_RS00445",58.6821923008099,71.2568664089963,58.481259816938,36.8457004609423,47.2521422164906,29.0992792721913
"gene-AM1_RS41940",57.5315610792254,70.3661555788838,87.4802316269899,116.67805145965,48.8815264308523,81.4779819621356
"gene-AM1_RS00450",5.75315610792254,8.90710830112453,20.2992802670363,25.1778953149772,6.51753685744697,0
"gene-AM1_RS00455",40.2720927554578,33.8470115442732,49.7815682739224,49.7416956222721,37.4758369303201,25.2193753692324
"gene-AM1_RS00460",140.37700903331,229.803394169013,162.877558333125,480.836391015296,143.385810863833,287.112888818954
"gene-AM1_RS00465",98.9542850562677,146.076576138442,73.4640619187981,79.8323509987082,74.9516738606402,83.417933913615
"gene-AM1_RS00470",140.37700903331,385.677789438692,229.09187729941,431.708790400707,135.238889792025,355.011207120734
"gene-AM1_RS00475",55.2302986360564,79.2732638800084,70.0808485409588,58.9531207375076,60.2872159313845,56.2586065929031
"gene-AM1_RS00480",94.3517601699297,74.8197097294461,142.094961869254,152.90965691291,198.784874152133,306.512408333748
"gene-AM1_RS00485",104.70744116419,356.284332044981,133.395270326239,473.467250923108,92.8749002186194,486.927939821334
"gene-AM1_RS00490",67.887242073486,288.590308956435,98.5965041541764,216.161442704195,70.063521217555,258.013609546763
"gene-AM1_RS00495",757.115343802607,609.246207796918,186.076735781166,243.795718049901,1063.98789197822,772.100876688808
"gene-AM1_RS00500",44.8746176417958,104.213167123157,75.8806429029691,189.755357373853,86.3573633611724,190.115291244983
"gene-AM1_RS00505",13.8075746590141,11.5792407914619,7.73305914934717,12.8959951613298,1.62938421436174,17.4595675633148
"gene-AM1_RS00510",13.8075746590141,11.5792407914619,24.1658098417099,17.8087552227888,8.14692107180872,13.5796636603559
"gene-AM1_RS00515",81.6948167325001,96.196769652145,84.0970182491505,91.5001561446733,60.2872159313845,60.138510495862
"gene-AM1_RS00520",187.552889118275,333.125850462058,259.540797699964,496.188766207356,320.988690229263,717.782222047385
"gene-AM1_RS00530",8.05441855109156,7.12568664089963,10.6329563303524,9.82552012291794,16.2938421436174,5.81985585443825
"gene-AM1_RS00535",27.6151493180282,27.6120357334861,66.2143189662852,41.7584605224012,39.1052211446818,34.9191351266295
"gene-AM1_RS00540",13.8075746590141,7.12568664089963,13.5328535113576,14.7382801843769,11.4056895005322,3.87990390295884
"gene-AM1_RS00545",9.20504977267607,8.90710830112453,11.5995887240208,13.5100901690122,6.51753685744697,9.69975975739709
"gene-AM1_RS00550",13.8075746590141,14.2513732817993,25.6157584322125,7.36914009218845,19.5526105723409,9.69975975739709
"gene-AM1_RS00555",48.3265113065494,39.191276524948,168.194036498301,58.9531207375076,52.1402948595758,40.7389909810678
"gene-AM1_RS39535",46.0252488633803,56.1147822970846,50.2648844707566,49.7416956222721,39.1052211446818,38.7990390295884
"gene-AM1_RS40720",19.5607307669366,14.2513732817993,10.6329563303524,9.82552012291794,16.2938421436174,9.69975975739709
"gene-AM1_RS00570",57.5315610792254,96.196769652145,42.5318253214094,175.017077189476,55.3990632882993,112.517213185806
"gene-AM1_RS00575",60.983454743979,38.3005656948355,95.6966069731713,73.6914009218845,53.7696790739375,52.3787026899443
"gene-AM1_RS00580",3073.33599285222,2583.95211815623,1195.72427096781,797.095319971718,2486.44031111602,838.059243039109
"gene-AM1_RS00585",467.15627596331,481.874559090837,554.84699396566,363.544244547964,578.431396098419,529.606882753881
"gene-AM1_RS00590",663.914214854261,571.836352932195,724.007662857629,574.792927190699,733.222896462785,655.703759600043
"gene-AM1_RS00595",2233.37520109553,1760.93531113232,1589.62697138768,1033.52189792943,2738.99486434209,1858.47396951728
"gene-AM1_RS40725",479.81321940074,334.907272122282,114.062622452871,95.1847261907675,115.686279219684,89.2377897680532
"gene-AM1_RS00600",49.4771425281339,60.5683364476468,109.229460484529,96.4129162061323,70.063521217555,83.417933913615
"gene-AM1_RS00605",36.8201990907043,27.6120357334861,32.3821851878913,20.8792302612006,48.8815264308523,21.3394714662736
"gene-AM1_RS00610",1422.18018987845,1149.90768167518,665.043086843857,576.021117206064,1002.07129183247,529.606882753881
"gene-AM1_RS00615",230.126244316902,222.677707528113,126.62884357056,128.959951613298,143.385810863833,129.976780749121
"gene-AM1_RS00620",258.892024856514,206.644912586089,243.591363204436,285.554178572303,332.394379729796,238.614090031968
"gene-AM1_RS00625",215.168038436303,271.666803184298,307.38910118655,362.316054532599,467.63326952182,349.191351266295
"gene-AM1_RS00630",144.979533919648,135.388046177093,98.5965041541764,68.1645458527432,109.168742362237,95.0576456224915
"gene-AM1_RS00635",319.875479600493,211.098466736651,212.175810410213,173.174792166429,247.666400582985,254.133705643804
"gene-AM1_RS41945",73.6403981814085,135.388046177093,95.6966069731713,172.560697158746,63.545984360108,246.373897837886
"gene-AM1_RS00640",87.4479728404227,74.8197097294461,69.1142161472903,90.2719661293085,63.545984360108,87.2978378165738
"gene-AM1_RS00645",442.993020310036,554.022136329946,242.624730810768,668.749463366102,250.925169011708,834.17933913615
"gene-AM1_RS00650",56.3809298576409,95.3060588220325,81.6804372649795,198.966782489088,87.9867475755341,188.175339293504
"gene-AM1_RS00655",1278.35128718039,1182.86398238934,1057.97915487006,1002.81714754531,2191.52176831654,1841.01440195397
"gene-AM1_RS00660",339.43621036743,328.672296311495,275.490232195493,274.50046843402,418.751743090968,399.63010200476
"gene-AM1_RS00665",85.1467103972536,66.803312258434,57.5146274232696,49.7416956222721,148.273963506919,102.817453428409
"gene-AM1_RS00670",86.2973416188381,57.8962039573095,125.178894980057,76.7618759602964,169.455958293621,96.9975975739709
"gene-AM1_RS00675",104.70744116419,109.557432103832,98.5965041541764,50.3557906299544,96.1336686473429,50.4387507384649
"gene-AM1_RS43865",5.75315610792254,9.79781913123699,12.082904920855,6.14095007682371,9.77630528617046,1.93995195147942
"gene-AM1_RS00680",9.20504977267607,11.5792407914619,18.8493316765337,15.9664701997416,6.51753685744697,5.81985585443825
"gene-AM1_RS00685",18.4100995453521,5.34426498067472,25.1324422353783,30.0906553764362,14.6644579292557,5.81985585443825
"gene-AM1_RS00690",12.6569434374296,4.45355415056227,26.0990746290467,35.6175104455775,26.0701474297879,1.93995195147942
"gene-AM1_RS00695",126.569434374296,105.10387795327,186.560051978001,156.594226959005,158.050268793089,201.755002953859
"gene-AM1_RS00700",50.6277737497184,32.9563007141608,91.3467612016635,71.8491158988374,71.6929054319167,54.3186546414237
"gene-AM1_RS00705",3.45189366475353,7.12568664089963,14.0161697081918,13.5100901690122,17.9232263579792,13.5796636603559
"gene-AM1_RS00710",24.1632556532747,20.4863490925864,33.8321337783939,31.3188453918009,19.5526105723409,13.5796636603559
"gene-AM1_RS00720",25.3138868748592,31.1748790539359,59.9312084074406,104.396151306003,52.1402948595758,31.0392312236707
"gene-AM1_RS00725",260.042656078099,286.80888729621,339.287970177607,300.292458756679,350.317606087775,322.032023945583
"gene-AM1_RS00730",16.1088371021831,19.595638262474,171.57724987614,81.6746360217553,92.8749002186194,23.279423417753
"gene-AM1_RS00735",62.1340859655635,18.7049274323615,2254.67005823153,1482.42534854524,1559.32069314419,261.893513449721
"gene-AM1_RS00740",2.30126244316902,5.34426498067472,61.8644731947774,33.7752254225304,43.9933737877671,9.69975975739709
"gene-AM1_RS00745",4.60252488633803,2.67213249033736,60.4145246042748,33.161130414848,61.9166001457463,7.75980780591767
"gene-AM1_RS00750",9.20504977267607,14.2513732817993,159.494344955285,76.7618759602964,149.90334772128,23.279423417753
"gene-AM1_RS00755",92.0504977267607,90.8525046714702,247.941208975944,212.4768726581,125.462584505854,126.096876846162
"gene-AM1_RS00760",56.3809298576409,66.803312258434,172.543882269809,109.308911367462,218.337484724474,95.0576456224915
"gene-AM1_RS00765",445.294282753205,467.623185809038,1049.27946332704,1339.34121175525,1733.6648040809,1412.28502067702
"gene-AM1_RS00770",522.386574599367,528.191522256685,1397.7504412445,1612.61349017391,2004.14258366494,1794.45555511846
"gene-AM1_RS00775",1169.04132112986,1169.50331993765,2612.80736008568,2977.13259724413,4484.06535792352,3427.89509826413
"gene-AM1_RS00780",2953.67034580743,1446.51438810262,3982.52546191379,3852.8320781992,8544.49082011298,4888.67891772813
"gene-AM1_RS00785",32.2176742043662,32.9563007141608,61.3811569979432,33.7752254225304,47.2521422164906,23.279423417753
"gene-AM1_RS00790",149.582058805986,152.31155194923,48.3316196834198,112.379386405874,70.063521217555,108.637309282847
"gene-AM1_RS00795",663.914214854261,207.535623416202,74.9140105093007,490.047816130532,26.0701474297879,166.83586782723
"gene-AM1_RS00800",138.075746590141,163.890792740691,141.128329475586,132.03042665171,166.197189864898,215.334666614215
"gene-AM1_RS00805",19.5607307669366,39.191276524948,26.0990746290467,38.073890476307,19.5526105723409,36.8590870781089
"gene-AM1_RS00810",41.4227239770423,49.8798064862974,58.9645760137722,49.1276006145897,40.7346053590436,44.6188948840266
"gene-AM1_RS00815",11.5063122158451,10.6885299613494,82.6470696586479,89.0437761139438,4.88815264308523,11.6397117088765
"gene-AM1_RS00820",87.4479728404227,49.8798064862974,84.5803344459847,58.3390257298252,101.021821290428,56.2586065929031
"gene-AM1_RS41955",143.828902698064,77.4918422197835,234.408355464586,98.2552012291794,244.407632154262,58.1985585443825
"gene-AM1_RS00830",146.130165141233,128.262359536193,190.909897749508,141.855946774628,192.267337294686,205.634906856818
"gene-AM1_RS00835",67.887242073486,82.8361072004582,72.0141133282955,81.060541014073,65.1753685744697,100.87750147693
"gene-AM1_RS00840",9.20504977267607,11.5792407914619,18.8493316765337,11.667805145965,9.77630528617046,17.4595675633148
"gene-AM1_RS44350",19.5607307669366,12.4699516215743,13.0495373145234,12.8959951613298,22.8113790010644,9.69975975739709
"gene-AM1_RS41960",9.20504977267607,10.6885299613494,18.8493316765337,17.8087552227888,21.1819947867027,9.69975975739709
"gene-AM1_RS00855",12.6569434374296,7.12568664089963,22.2325450543731,28.2483703533891,9.77630528617046,21.3394714662736
"gene-AM1_RS00860",55.2302986360564,40.0819873550604,73.4640619187981,63.8658807989666,50.510910645214,32.9791831751501
"gene-AM1_RS37410",73.6403981814085,78.3825530498959,100.046452744679,119.13443149038,55.3990632882993,75.6581261076973
"gene-AM1_RS00875",108.159334828944,94.4153479919201,122.278997799052,97.0270112138146,97.7630528617046,83.417933913615
"gene-AM1_RS00880",60.983454743979,41.8634090152853,81.1971210681453,125.275381567204,60.2872159313845,83.417933913615
"gene-AM1_RS00885",24.1632556532747,16.0327949420242,47.3649872897514,52.8121706606839,21.1819947867027,19.3995195147942
"gene-AM1_RS00890",42.5733551986268,22.2677707528113,45.4317225024146,71.235020891155,29.3289158585114,31.0392312236707
"gene-AM1_RS00895",17.2594683237676,3.56284332044981,17.8826992828653,28.2483703533891,11.4056895005322,5.81985585443825
"gene-AM1_RS44180",28.7657805396127,17.8142166022491,23.6824936448757,28.2483703533891,22.8113790010644,34.9191351266295
"gene-AM1_RS00905",18.4100995453521,21.3770599226989,18.3660154796995,18.4228502304711,8.14692107180872,9.69975975739709
"gene-AM1_RS00915",39.1214615338733,25.8306140732611,23.1991774480415,10.4396151306003,6.51753685744697,3.87990390295884
"gene-AM1_RS00925",31.0670429827817,13.3606624516868,32.8655013847255,32.5470354071657,17.9232263579792,17.4595675633148
"gene-AM1_RS00935",55.2302986360564,33.8470115442732,38.6652957467359,27.0201803380243,27.6995316441496,31.0392312236707
"gene-AM1_RS00945",43.7239864202113,97.9781913123699,73.9473781156323,155.36603694364,87.9867475755341,155.196156118353
"gene-AM1_RS00950",50.6277737497184,59.6776256175344,77.8139076903059,121.590811521109,63.545984360108,267.71336930416
"gene-AM1_RS00955",23.0126244316902,40.9726981851729,36.2487147625649,45.4430305684955,24.4407632154262,64.0184143988208
"gene-AM1_RS00960",34.5189366475353,44.5355415056227,38.6652957467359,58.9531207375076,52.1402948595758,42.6789429325472
"gene-AM1_RS00965",42.5733551986268,52.5519389766348,77.8139076903059,97.641106221497,47.2521422164906,36.8590870781089
"gene-AM1_RS00970",6.90378732950705,8.90710830112453,11.5995887240208,9.82552012291794,9.77630528617046,11.6397117088765
"gene-AM1_RS00980",27.6151493180282,16.9235057721366,24.1658098417099,26.406085330342,29.3289158585114,13.5796636603559
"gene-AM1_RS01000",8.05441855109156,11.5792407914619,7.73305914934717,25.7919903226596,3.25876842872349,9.69975975739709
"gene-AM1_RS01005",43.7239864202113,37.409854864723,65.731002769451,67.5504508450608,52.1402948595758,73.7181741562179
"gene-AM1_RS01010",17.2594683237676,21.3770599226989,29.9656042037203,27.0201803380243,30.9583000728731,31.0392312236707
"gene-AM1_RS01015",49.4771425281339,36.5191440346106,89.4134964143267,90.2719661293085,76.5810580750019,79.5380300106561
"gene-AM1_RS01035",21.8619932101057,13.3606624516868,33.3488175815597,31.3188453918009,16.2938421436174,27.1593273207119
"gene-AM1_RS01040",33.3683054259507,27.6120357334861,50.2648844707566,64.479975806649,47.2521422164906,60.138510495862
"gene-AM1_RS44655",39.1214615338733,48.9890956561849,95.2132907763371,91.5001561446733,39.1052211446818,29.0992792721913
"gene-AM1_RS40755",11922.8407180587,9105.73681623961,2515.660804522,1363.90501206255,7126.92655361827,6415.42110354244
"gene-AM1_RS01055",81.6948167325001,64.1311797680966,107.296195697192,121.590811521109,130.350737148939,145.496396360956
"gene-AM1_RS01060",60.983454743979,25.8306140732611,46.8816710929172,36.2316054532599,45.6227580021288,29.0992792721913
"gene-AM1_RS37425",185.251626675106,163.890792740691,348.954294114291,424.339650308518,330.764995515434,459.768612500622
"gene-AM1_RS01070",77.0922918461621,74.8197097294461,123.728946389555,141.855946774628,143.385810863833,102.817453428409
"gene-AM1_RS01075",14.9582058805986,119.355251235069,24.6491260385441,121.590811521109,13.0350737148939,137.736588555039
"gene-AM1_RS01080",27.6151493180282,106.885299613494,34.7987661720623,117.906241475015,27.6995316441496,143.556444409477
"gene-AM1_RS01085",12.6569434374296,26.7213249033736,22.2325450543731,38.6879854839894,3.25876842872349,29.0992792721913
"gene-AM1_RS01090",18.4100995453521,21.3770599226989,28.9989718100519,29.4765603687538,27.6995316441496,29.0992792721913
"gene-AM1_RS01095",62.1340859655635,27.6120357334861,38.1819795499017,35.0034154378951,52.1402948595758,54.3186546414237
"gene-AM1_RS01100",29.9164117611972,16.9235057721366,8.69969154301557,9.82552012291794,17.9232263579792,27.1593273207119
"gene-AM1_RS01105",54.0796674144719,39.191276524948,50.2648844707566,38.073890476307,27.6995316441496,36.8590870781089
"gene-AM1_RS01110",485.566375508663,561.147822970846,566.929898886515,637.430617974301,312.841769157455,296.812648576351
"gene-AM1_RS37430",485.566375508663,539.770763048147,771.855966344215,1179.06241475015,503.479722237779,465.58846835506
"gene-AM1_RS01120",12.6569434374296,24.9399032431487,25.1324422353783,56.4967407067781,8.14692107180872,31.0392312236707
"gene-AM1_RS39545",32.2176742043662,25.8306140732611,26.5823908258809,18.4228502304711,6.51753685744697,5.81985585443825
"gene-AM1_RS37435",35.6695678691198,59.6776256175344,43.4984577150778,45.4430305684955,22.8113790010644,25.2193753692324
"gene-AM1_RS01140",166.841527129754,383.005656948355,368.770258184493,693.927358681079,221.596253153197,302.632504430789
"gene-AM1_RS01145",25.3138868748592,47.20767399596,88.4468640206583,213.090967665783,39.1052211446818,29.0992792721913
"gene-AM1_RS01150",19.5607307669366,63.2404689379842,54.6147302422644,100.097486252226,45.6227580021288,34.9191351266295
"gene-AM1_RS01155",315.272954714155,679.612363375802,837.103652916831,1277.93171098701,457.85696423565,622.724576424893
"gene-AM1_RS01160",127.72006559588,215.552020887214,427.734834198265,897.192806223944,210.190563652665,312.332264188186
"gene-AM1_RS01165",399.269033889824,832.814626155144,1167.20861535459,1858.25149324685,721.817206962252,1193.07045015984
"gene-AM1_RS01170",451.047438861127,684.065917526364,889.785118371759,934.038506684886,382.90529037501,409.329861762157
"gene-AM1_RS01175",5479.30587718543,5336.24858320371,9597.69303673351,19027.7338130383,7992.12957144435,7251.54039463006
"gene-AM1_RS01180",829.605110762431,814.109698722782,2075.35974920605,3453.05622819797,1340.98320841971,1121.2922279551
"gene-AM1_RS01185",246.235081419085,334.907272122282,759.289745226525,1021.23999777578,410.604822019159,387.990390295884
"gene-AM1_RS01190",149.582058805986,144.295154478217,324.305168075747,329.769019125433,136.868274006386,149.376300263915
"gene-AM1_RS01195",157.636477357078,191.502828474177,312.705579351726,466.712205838602,218.337484724474,153.256204166874
"gene-AM1_RS01200",69.0378732950705,73.9289988993336,115.029254846539,152.90965691291,68.4341370031932,62.0784624473414
"gene-AM1_RS44185",26.4645180964437,31.1748790539359,55.0980464390986,67.5504508450608,37.4758369303201,21.3394714662736
"gene-AM1_RS01205",485.566375508663,651.109616812203,754.939899455018,899.035091246991,467.63326952182,378.290630538486
"gene-AM1_RS01210",269.247705850775,171.907190211703,457.700438401986,670.591748389149,162.938421436174,217.274618565695
"gene-AM1_RS01215",1347.38916047546,1450.96794225319,1845.7845557098,2229.77897289469,1829.79847272824,2737.27220353746
"gene-AM1_RS01220",56.3809298576409,73.0382880692212,73.9473781156323,38.073890476307,70.063521217555,40.7389909810678
"gene-AM1_RS01225",469.457538406479,456.934655847689,2055.06046893901,1844.12730807016,474.150806379267,680.923134969276
"gene-AM1_RS01230",170.293420794507,128.262359536193,131.462005538902,175.017077189476,149.90334772128,137.736588555039
"gene-AM1_RS37440",112.761859715282,193.284250134402,140.645013278752,280.027323503161,205.30241100958,356.951159072213
"gene-AM1_RS01240",39.1214615338733,103.322456293045,42.0485091245752,75.5336859449316,24.4407632154262,81.4779819621356
"gene-AM1_RS37445",74.791029402993,31.1748790539359,55.5813626359328,58.9531207375076,60.2872159313845,52.3787026899443
"gene-AM1_RS01250",745.609031586761,217.333442547439,556.780258752996,303.977028802774,304.694848085646,465.58846835506
"gene-AM1_RS01255",4768.2157822462,30.2841682238234,152.727918199607,146.154611828404,127.091968720216,91.1777417195326
"gene-AM1_RS01260",1913.49972149504,14.2513732817993,44.9484063055804,35.6175104455775,24.4407632154262,38.7990390295884
"gene-AM1_RS01265",1918.10224638138,16.9235057721366,34.3154499752281,43.6007455454483,30.9583000728731,15.5196156118353
"gene-AM1_RS01270",948.120126585635,117.573829574844,9.66632393668397,9.82552012291794,78.2104422893637,95.0576456224915
"gene-AM1_RS01280",892.889827949579,92.6339263316952,4.34984577150778,11.0537101382827,13.0350737148939,23.279423417753
"gene-AM1_RS01285",165.690895908169,12.4699516215743,7.24974295251297,4.2986650537766,4.88815264308523,3.87990390295884
"gene-AM1_RS01290",659.311689967923,50.7705173164098,11.5995887240208,15.9664701997416,16.2938421436174,9.69975975739709
"gene-AM1_RS01295",300.314748833557,31.1748790539359,8.21637534618137,4.91276006145897,6.51753685744697,5.81985585443825
"gene-AM1_RS01300",399.269033889824,78.3825530498959,5.31647816517618,4.91276006145897,17.9232263579792,15.5196156118353
"gene-AM1_RS01305",1334.73221703803,275.229646504748,67.1809513599536,90.8860611369909,81.4692107180872,100.87750147693
"gene-AM1_RS01320",375.10577823655,36.5191440346106,15.9494344955285,9.82552012291794,11.4056895005322,11.6397117088765
"gene-AM1_RS01330",226.674350652148,5.34426498067472,9.66632393668397,10.4396151306003,6.51753685744697,1.93995195147942
"gene-AM1_RS01355",311.821061049402,9.79781913123699,13.5328535113576,14.1241851766945,11.4056895005322,3.87990390295884
"gene-AM1_RS01360",1742.05566947895,32.0655898840483,54.6147302422644,45.4430305684955,37.4758369303201,42.6789429325472
"gene-AM1_RS01365",3702.73127105895,88.1803721811329,187.043368174835,143.084136789992,112.42751079096,151.316252215395
"gene-AM1_RS01370",904.396140165424,14.2513732817993,28.5156556132177,25.1778953149772,24.4407632154262,19.3995195147942
"gene-AM1_RS40760",301.465380055141,173.688611871928,43.981773911912,54.0403606760486,110.798126576599,91.1777417195326
"gene-AM1_RS01375",135.774484146972,16.0327949420242,7.73305914934717,6.14095007682371,8.14692107180872,7.75980780591767
"gene-AM1_RS01380",1141.42617181183,33.8470115442732,71.5307971314613,52.8121706606839,42.3639895734053,42.6789429325472
"gene-AM1_RS01390",107.008703607359,9.79781913123699,8.21637534618137,3.68457004609423,0,3.87990390295884
"gene-AM1_RS01395",208.264251106796,92.6339263316952,26.5823908258809,35.6175104455775,30.9583000728731,38.7990390295884
"gene-AM1_RS01400",127.72006559588,6.23497581078717,12.5662211176892,14.7382801843769,6.51753685744697,11.6397117088765
"gene-AM1_RS01405",98.9542850562677,1.78142166022491,8.21637534618137,17.8087552227888,9.77630528617046,7.75980780591767
"gene-AM1_RS01410",211.71614477155,15.1420841119117,44.9484063055804,57.7249307221429,35.8464527159584,19.3995195147942
"gene-AM1_RS01415",209.414882328381,59.6776256175344,65.2476865726168,79.8323509987082,55.3990632882993,38.7990390295884
"gene-AM1_RS01420",238.180662867993,43.6448306755102,76.8472752966375,105.010246313685,74.9516738606402,89.2377897680532
"gene-AM1_RS01425",27.6151493180282,16.0327949420242,28.5156556132177,28.2483703533891,13.0350737148939,25.2193753692324
"gene-AM1_RS01430",17.2594683237676,10.6885299613494,17.3993830860311,24.5638003072948,13.0350737148939,29.0992792721913
"gene-AM1_RS01435",14.9582058805986,6.23497581078717,7.73305914934717,11.0537101382827,4.88815264308523,17.4595675633148
"gene-AM1_RS01440",32.2176742043662,29.393457393711,43.4984577150778,35.0034154378951,48.8815264308523,40.7389909810678
"gene-AM1_RS01445",185.251626675106,229.803394169013,143.061594262923,160.892892012781,174.344110936707,205.634906856818
"gene-AM1_RS01450",3690.07432762152,3623.41165689746,1158.02560761474,2717.98450400217,2492.95784797347,4929.4179087092
"gene-AM1_RS01455",126.569434374296,118.464540404956,270.657070227151,264.06085330342,273.736548012773,236.674138080489
"gene-AM1_RS01460",23.0126244316902,22.2677707528113,36.2487147625649,28.2483703533891,42.3639895734053,27.1593273207119
"gene-AM1_RS01470",107.008703607359,101.54103463282,156.59444777428,156.594226959005,177.60287936543,145.496396360956
"gene-AM1_RS01475",23.0126244316902,12.4699516215743,41.5651929277411,40.5302705070365,29.3289158585114,5.81985585443825
"gene-AM1_RS01480",20.7113619885212,16.9235057721366,23.1991774480415,11.667805145965,11.4056895005322,9.69975975739709
"gene-AM1_RS01485",27.6151493180282,29.393457393711,36.2487147625649,23.9497052996125,13.0350737148939,15.5196156118353
"gene-AM1_RS44190",1171.34258357303,1269.26293291025,3852.51340496539,5023.29716284179,2018.8070415942,2871.12888818954
"gene-AM1_RS01495",23.0126244316902,130.934492026531,39.6319281404043,156.594226959005,52.1402948595758,147.436348312436
"gene-AM1_RS01500",19.5607307669366,82.8361072004582,20.2992802670363,41.1443655147189,13.0350737148939,29.0992792721913
"gene-AM1_RS01505",66.7366108519015,55.2240714669721,77.3305914934717,92.728346160038,79.8398265037254,122.216972943203
"gene-AM1_RS01510",28.7657805396127,40.0819873550604,77.8139076903059,38.073890476307,79.8398265037254,44.6188948840266
"gene-AM1_RS01515",136.925115368557,189.721406813953,314.638844139063,272.658183410973,433.416201020224,419.029621519554
"gene-AM1_RS01530",74.791029402993,99.7596129725948,51.7148330612592,50.9698856376368,63.545984360108,42.6789429325472
"gene-AM1_RS01540",2419.77745899222,4280.75624952045,1773.28712618467,3192.67994494065,2266.47344217719,5096.25377653643
"gene-AM1_RS01545",225.523719430564,204.863490925864,88.4468640206583,79.8323509987082,128.721352934578,116.397117088765
"gene-AM1_RS01550",162.239002243416,204.863490925864,194.293111127348,186.070787327758,206.931795223941,261.893513449721
"gene-AM1_RS01555",295.712223947219,266.322538203624,250.841106156949,163.349272043511,299.806695442561,333.67173565446
"gene-AM1_RS01560",28.7657805396127,81.9453963703457,53.648097848596,107.466626344415,27.6995316441496,122.216972943203
"gene-AM1_RS01565",51.7784049713029,73.9289988993336,258.090849109462,141.855946774628,99.3924370760663,65.9583663503002
"gene-AM1_RS01570",136.925115368557,242.273345790587,590.61239253139,369.685194624787,320.988690229263,128.036828797642
"gene-AM1_RS01575",301.465380055141,599.448388665681,480.899615850027,281.255513518526,281.883469084582,211.454762711257
"gene-AM1_RS01580",528.139730707289,872.896613510204,794.571827595422,702.524688788632,557.249401311716,486.927939821334
"gene-AM1_RS01585",228.975613095317,373.207837817118,309.805682170721,293.537413672173,296.547927013837,172.655723681668
"gene-AM1_RS01590",86.2973416188381,174.579322702041,150.311337215436,116.67805145965,96.1336686473429,64.0184143988208
"gene-AM1_RS01600",661.612952411092,1128.53062175248,797.955040973261,918.072036485145,681.082601603209,677.043231066317
"gene-AM1_RS01605",573.014348349085,929.902106637401,755.906531848686,748.58181436481,708.782133247358,628.544432279331
"gene-AM1_RS01610",624.792753320388,1050.14806870258,649.576968545162,781.742944779658,607.76031195693,591.685345201223
"gene-AM1_RS38365",445.294282753205,684.065917526364,604.628562239582,763.93418955687,384.534674589371,473.348276160978
"gene-AM1_RS01615",393.515877781902,622.606870248605,408.885502521732,391.17851989367,293.289158585114,308.452360285227
"gene-AM1_RS01620",456.80059496905,905.852914224365,564.996634099178,642.957473043442,444.821890520756,492.747795675772
"gene-AM1_RS01625",1317.47274871426,2270.42190595664,1345.55229198641,1204.24031006513,1161.75094483992,1142.63169942138
"gene-AM1_RS01630",2766.11745668916,4798.25924181579,2455.24627991773,2513.49086644394,2108.4231733841,2159.16652199659
"gene-AM1_RS01635",2042.3704183125,3567.29687460038,1962.74707534368,1794.38561244789,1686.4126618644,1639.25939900011
"gene-AM1_RS01640",1582.1179296787,2480.62966186318,1359.5684616946,1170.4650846426,1138.93956583886,1041.75419794445
"gene-AM1_RS41965",226.674350652148,310.858079709246,272.590335014488,181.772122273982,177.60287936543,139.676540506518
"gene-AM1_RS01650",1771.97208124014,2535.85373333015,1491.99709962717,1233.1027754262,1474.59271399738,1276.48838407346
"gene-AM1_RS01655",1579.81666723553,1918.59112806222,1463.48144401395,1517.42876398314,1921.0439887325,1400.64530896814
"gene-AM1_RS01660",2432.43440242965,2583.95211815623,1814.85231911241,1082.64949854402,1640.78990386228,1198.89030601428
"gene-AM1_RS01665",1323.22590482218,1184.64540404956,786.355452249241,542.859986791216,723.446591176614,475.288228112457
"gene-AM1_RS01670",3418.52535932757,3220.81036168663,3065.19132032249,1842.8991180548,2196.40992095963,1792.51560316698
"gene-AM1_RS01675",3713.08695205321,3601.14388614465,3571.22337840789,2615.43063771922,2815.57592241709,2035.00959710191
"gene-AM1_RS01680",3541.64290003712,3316.11642050866,1978.21319364237,1416.10308771555,1598.42591428887,1292.00799968529
"gene-AM1_RS01685",2685.57327117824,2566.13790155398,2268.20291174289,1153.88451943518,1531.62116150004,1354.08646213263
"gene-AM1_RS41970",1378.45620345824,1086.66721273719,3099.50677029771,2821.76656030049,1311.6542925612,791.500396203603
"gene-AM1_RS01690",6963.62015302945,5057.45609337851,4384.16122148301,3247.94849563206,3959.40364089904,2911.86787917061
"gene-AM1_RS01695",225.523719430564,206.644912586089,191.876530143177,169.490222120334,206.931795223941,213.394714662736
"gene-AM1_RS01700",10.3556809942606,8.90710830112453,11.1162725271866,6.75504508450608,6.51753685744697,3.87990390295884
"gene-AM1_RS01705",358.996941134367,496.125932372637,352.820823688965,320.557594010198,482.297727451076,417.089669568075
"gene-AM1_RS01710",44.8746176417958,38.3005656948355,31.4155527942229,17.1946602151064,21.1819947867027,9.69975975739709
"gene-AM1_RS01715",70.188504516655,50.7705173164098,47.8483034865856,50.9698856376368,39.1052211446818,29.0992792721913
"gene-AM1_RS01720",104.70744116419,75.7104205595585,174.96046325398,275.114563441702,226.484405796282,153.256204166874
"gene-AM1_RS01725",63.284717187148,40.0819873550604,77.3305914934717,59.56721574519,79.8398265037254,44.6188948840266
"gene-AM1_RS42815",37.9708303122888,23.1584815829238,46.398354896083,36.2316054532599,30.9583000728731,23.279423417753
"gene-AM1_RS01730",134.623852925387,153.202262779342,78.7805400839743,66.3222608296961,58.6578317170228,56.2586065929031
"gene-AM1_RS01735",489.018269173416,455.153234187464,357.653985657307,405.302705070365,606.130927742569,601.38510495862
"gene-AM1_RS01740",49.4771425281339,44.5355415056227,36.2487147625649,39.3020804916717,32.5876842872349,42.6789429325472
"gene-AM1_RS01745",26.4645180964437,24.9399032431487,28.9989718100519,26.406085330342,13.0350737148939,34.9191351266295
"gene-AM1_RS01750",299.164117611972,210.207755906539,165.294139317296,94.5706311830851,171.085342507983,122.216972943203
"gene-AM1_RS01755",606.382653775036,351.830777894419,308.839049777053,223.530582796383,423.639895734053,240.554041983448
"gene-AM1_RS01760",3021.55758788092,1454.53078557364,1077.79511894026,835.783305455707,2603.75597455007,1538.38189752318
"gene-AM1_RS01765",150.732690027571,111.338853764057,137.261799900912,116.67805145965,115.686279219684,110.577261234327
"gene-AM1_RS01770",108.159334828944,110.448142933944,86.9969154301557,63.8658807989666,118.945047648407,98.9375495254503
"gene-AM1_RS01775",118.515015823204,131.825202856643,89.4134964143267,71.235020891155,120.574431862769,108.637309282847
"gene-AM1_RS01780",1224.27161976592,1140.10986254394,889.785118371759,590.145302382759,1207.37370284205,1022.35467842965
"gene-AM1_RS01785",255.440131191761,255.634008242274,198.159640702021,133.258616667075,198.784874152133,238.614090031968
"gene-AM1_RS01790",285.356542952958,258.306140732611,189.459949159006,159.664701997416,208.561179438303,161.016011972792
"gene-AM1_RS01795",138.075746590141,115.792407914619,85.5469668396531,57.7249307221429,89.6161317898959,60.138510495862
"gene-AM1_RS01800",87.4479728404227,77.4918422197835,63.7977379821142,62.6376907836018,76.5810580750019,69.838270253259
"gene-AM1_RS01805",674.269895848522,862.208083548855,648.610336151494,1664.81156582691,764.181196535658,1538.38189752318
"gene-AM1_RS01810",311.821061049402,522.84725727601,372.636787759167,1379.25738725461,550.731864454269,1113.53242014919
"gene-AM1_RS01815",234.72876920324,432.885463434652,236.824936448757,1070.98169339806,348.688221873413,1235.74939309239
"gene-AM1_RS01820",730.650825706163,598.557677835569,739.473781156323,672.434033412196,959.707302259067,760.461164979932
"gene-AM1_RS01825",315.272954714155,391.912765249479,386.169641270524,448.903450615813,467.63326952182,488.867891772813
"gene-AM1_RS01830",1080.44271706785,1003.83110553673,664.559770647023,446.447070585084,1168.26848169737,874.918330117217
"gene-AM1_RS01835",85.1467103972536,90.8525046714702,59.4478922106064,42.986650537766,76.5810580750019,42.6789429325472
"gene-AM1_RS01840",369.352622128627,444.464704226114,148.861388624933,106.23843632905,221.596253153197,98.9375495254503
"gene-AM1_RS01845",77.0922918461621,64.1311797680966,47.8483034865856,27.6342753457067,63.545984360108,23.279423417753
"gene-AM1_RS01850",158.787108578662,65.0218905982091,121.312365405384,47.2853155915426,97.7630528617046,9.69975975739709
"gene-AM1_RS01855",272.699599515529,1111.60711598034,517.148330612592,1072.8239784211,844.021023039383,1497.64290654211
"gene-AM1_RS01860",7495.21177740149,95.3060588220325,6250.72837365669,103.782056298321,7902.51343965446,93.1176936710121
"gene-AM1_RS01865",217.469300879472,311.748790539359,204.9260674577,207.564112596641,270.477779584049,455.888708597663
"gene-AM1_RS01870",79.3935542893311,65.0218905982091,81.6804372649795,43.6007455454483,70.063521217555,32.9791831751501
"gene-AM1_RS01875",185.251626675106,121.136672895294,153.211234396441,144.92642181304,112.42751079096,69.838270253259
"gene-AM1_RS38215",55165.8632876477,45797.678751892,26390.9976119346,27462.3287435556,75404.6426722328,53886.0453562438
"gene-AM1_RS01880",40.2720927554578,36.5191440346106,21.7492288575389,21.493325268883,27.6995316441496,19.3995195147942
"gene-AM1_RS01885",207.113619885212,213.770599226989,228.125244905742,134.486806682439,123.833200291493,137.736588555039
"gene-AM1_RS01890",102.406178721021,126.480937875968,90.3801288079951,48.5135056069073,50.510910645214,40.7389909810678
"gene-AM1_RS01895",37.9708303122888,51.6612281465223,36.7320309593991,36.2316054532599,29.3289158585114,25.2193753692324
"gene-AM1_RS01900",415.377870992008,335.797982952395,536.964294682794,364.772434563328,456.227580021288,230.854282226051
"gene-AM1_RS01905",188.703520339859,226.240550848563,269.690437833483,194.668117435312,154.791500364366,108.637309282847
"gene-AM1_RS01910",95.5023913915142,103.322456293045,171.57724987614,106.852531336733,107.539358147875,81.4779819621356
"gene-AM1_RS01915",65.585979630317,57.8962039573095,76.8472752966375,63.8658807989666,40.7346053590436,27.1593273207119
"gene-AM1_RS01920",134.623852925387,109.557432103832,140.645013278752,117.906241475015,97.7630528617046,91.1777417195326
"gene-AM1_RS01925",98.9542850562677,90.8525046714702,148.861388624933,144.92642181304,99.3924370760663,89.2377897680532
"gene-AM1_RS01930",86.2973416188381,86.398950520908,118.412468224379,106.852531336733,110.798126576599,114.457165137286
"gene-AM1_RS01935",29.9164117611972,45.4262523357351,35.2820823688965,32.5470354071657,30.9583000728731,25.2193753692324
"gene-AM1_RS01940",143.828902698064,206.644912586089,152.727918199607,94.5706311830851,130.350737148939,164.895915875751
"gene-AM1_RS01945",123.117540709542,96.196769652145,115.995887240208,106.852531336733,140.12704243511,102.817453428409
"gene-AM1_RS01950",10.3556809942606,15.1420841119117,15.9494344955285,14.1241851766945,19.5526105723409,19.3995195147942
"gene-AM1_RS44200",82.8454479540846,50.7705173164098,44.4650901087462,37.4597954686246,71.6929054319167,46.558846835506
"gene-AM1_RS01965",34.5189366475353,27.6120357334861,59.4478922106064,50.9698856376368,52.1402948595758,42.6789429325472
"gene-AM1_RS01970",28.7657805396127,18.7049274323615,51.231516864425,33.161130414848,27.6995316441496,23.279423417753
"gene-AM1_RS01975",23.0126244316902,18.7049274323615,26.5823908258809,27.6342753457067,30.9583000728731,13.5796636603559
"gene-AM1_RS01980",24.1632556532747,12.4699516215743,11.1162725271866,19.6510402458359,17.9232263579792,5.81985585443825
"gene-AM1_RS01985",27.6151493180282,24.9399032431487,27.5490232195493,25.7919903226596,34.2170685015966,27.1593273207119
"gene-AM1_RS01990",19.5607307669366,16.9235057721366,39.6319281404043,30.7047503841186,37.4758369303201,21.3394714662736
"gene-AM1_RS01995",37.9708303122888,29.393457393711,28.0323394163835,28.8624653610714,26.0701474297879,29.0992792721913
"gene-AM1_RS02000",54.0796674144719,61.4590472777593,59.9312084074406,42.986650537766,53.7696790739375,65.9583663503002
"gene-AM1_RS02005",26.4645180964437,42.7541198453978,21.2659126607047,23.3356102919301,17.9232263579792,9.69975975739709
"gene-AM1_RS02010",34.5189366475353,51.6612281465223,54.1314140454302,41.1443655147189,70.063521217555,54.3186546414237
"gene-AM1_RS02015",13.8075746590141,40.0819873550604,22.2325450543731,30.7047503841186,21.1819947867027,52.3787026899443
"gene-AM1_RS02020",31.0670429827817,179.032876852603,25.1324422353783,171.332507143382,26.0701474297879,438.429141034348
"gene-AM1_RS02025",29.9164117611972,57.005493127197,14.9828021018601,52.1980756530015,22.8113790010644,139.676540506518
"gene-AM1_RS02030",41.4227239770423,47.20767399596,32.3821851878913,77.3759709679787,17.9232263579792,155.196156118353
"gene-AM1_RS02035",28.7657805396127,27.6120357334861,37.6986633530675,19.6510402458359,26.0701474297879,36.8590870781089
"gene-AM1_RS02040",150.732690027571,137.169467837318,148.378072428099,120.976716513427,115.686279219684,85.3578858650944
"gene-AM1_RS02045",101.255547499437,97.9781913123699,128.078792161063,126.503571582568,97.7630528617046,155.196156118353
"gene-AM1_RS37450",10.3556809942606,20.4863490925864,10.6329563303524,9.21142511523557,14.6644579292557,13.5796636603559
"gene-AM1_RS02055",94.3517601699297,97.0874804822574,83.6137020523163,141.855946774628,74.9516738606402,95.0576456224915
"gene-AM1_RS02070",27.6151493180282,25.8306140732611,19.8159640702021,35.0034154378951,13.0350737148939,19.3995195147942
"gene-AM1_RS02075",156.485846135493,189.721406813953,189.94326535584,385.037569816847,303.065463871284,370.530822732569
"gene-AM1_RS02080",27.6151493180282,46.3169631658476,21.7492288575389,30.7047503841186,17.9232263579792,17.4595675633148
"gene-AM1_RS02085",95.5023913915142,73.0382880692212,72.4974295251297,80.4464460063906,47.2521422164906,52.3787026899443
"gene-AM1_RS02090",8.05441855109156,12.4699516215743,11.1162725271866,14.1241851766945,6.51753685744697,5.81985585443825
"gene-AM1_RS02115",70.188504516655,71.2568664089963,58.9645760137722,36.2316054532599,37.4758369303201,38.7990390295884
"gene-AM1_RS02120",40.2720927554578,44.5355415056227,40.1152443372385,33.7752254225304,24.4407632154262,32.9791831751501
"gene-AM1_RS39570",9.20504977267607,13.3606624516868,13.0495373145234,21.493325268883,13.0350737148939,23.279423417753
"gene-AM1_RS39580",46.0252488633803,52.5519389766348,80.2304886744769,58.3390257298252,52.1402948595758,56.2586065929031
"gene-AM1_RS02150",74.791029402993,62.3497581078717,71.0474809346271,98.8692962368617,122.203816077131,151.316252215395
"gene-AM1_RS02160",36.8201990907043,40.0819873550604,45.4317225024146,49.7416956222721,32.5876842872349,29.0992792721913
"gene-AM1_RS02165",14.9582058805986,4.45355415056227,10.1496401335182,11.667805145965,3.25876842872349,5.81985585443825
"gene-AM1_RS39590",18.4100995453521,21.3770599226989,20.7825964638705,25.1778953149772,14.6644579292557,19.3995195147942
"gene-AM1_RS02185",125.418803152711,172.797901041816,104.396298516187,137.557281720851,169.455958293621,230.854282226051
"gene-AM1_RS02190",57.5315610792254,52.5519389766348,29.9656042037203,30.0906553764362,110.798126576599,81.4779819621356
"gene-AM1_RS02195",72.489766959824,73.0382880692212,71.0474809346271,45.4430305684955,70.063521217555,79.5380300106561
"gene-AM1_RS02200",113.912490936866,110.448142933944,70.0808485409588,105.624341321368,35.8464527159584,87.2978378165738
"gene-AM1_RS02210",46.0252488633803,40.9726981851729,57.9979436201038,43.6007455454483,57.028447502661,71.7782222047385
"gene-AM1_RS02215",608.683916218205,569.164220441858,1788.75324448337,2431.81623042219,1743.44110936707,2197.96556102618
"gene-AM1_RS02220",102.406178721021,113.120275424282,210.242545622876,148.610991859134,159.679653007451,190.115291244983
"gene-AM1_RS02225",204.812357442043,200.409936775302,198.642956898855,146.768706836087,125.462584505854,193.995195147942
"gene-AM1_RS02230",3670.51359685458,3121.94145954415,2696.90437833483,3025.03200784336,3496.6585240203,3301.79822141797
"gene-AM1_RS02235",202.511094998873,192.39353930429,217.008972378555,154.751941935957,202.043642580856,120.277020991724
"gene-AM1_RS02240",143.828902698064,91.7432155015827,166.260771710964,136.943186713169,118.945047648407,153.256204166874
"gene-AM1_RS41980",23.0126244316902,15.1420841119117,7.73305914934717,9.82552012291794,16.2938421436174,7.75980780591767
"gene-AM1_RS02245",55.2302986360564,70.3661555788838,55.0980464390986,27.0201803380243,97.7630528617046,139.676540506518
"gene-AM1_RS02250",78.2429230677466,94.4153479919201,63.31442178528,42.986650537766,110.798126576599,87.2978378165738
"gene-AM1_RS02255",47.1758800849648,44.5355415056227,31.4155527942229,25.7919903226596,47.2521422164906,29.0992792721913
"gene-AM1_RS02260",98.9542850562677,72.1475772391087,86.0302830364873,66.3222608296961,123.833200291493,162.955963924271
"gene-AM1_RS02265",538.49541170155,576.289907082757,1216.99018362851,973.340587176558,479.038959022353,698.38270253259
"gene-AM1_RS02270",317.574217157324,172.797901041816,259.540797699964,212.4768726581,425.269279948415,314.272216139666
"gene-AM1_RS02275",107.008703607359,89.0710830112453,85.5469668396531,51.5839806453192,101.021821290428,42.6789429325472
"gene-AM1_RS02280",113.912490936866,116.683118744731,70.564164737793,63.2517857912842,104.280589719152,95.0576456224915
"gene-AM1_RS02285",83.9960791756691,135.388046177093,82.6470696586479,60.7954057605547,117.315663434046,128.036828797642
"gene-AM1_RS02290",18957.8000068264,15080.6250646339,22594.5488858019,21562.7180047511,29368.0210796561,26239.7900957106
"gene-AM1_RS02295",90.8998665051762,93.5246371618076,95.6966069731713,84.1310160524848,79.8398265037254,100.87750147693
"gene-AM1_RS02300",149.582058805986,267.213249033736,104.396298516187,125.889476574886,99.3924370760663,211.454762711257
"gene-AM1_RS02305",663.914214854261,779.371976348397,330.104962437757,421.883270277789,532.80863809629,626.604480327852
"gene-AM1_RS02310",93.2011289483452,97.9781913123699,86.0302830364873,71.8491158988374,79.8398265037254,106.697357331368
"gene-AM1_RS02315",403.871558776162,374.09854864723,264.373959668306,194.054022427629,288.401005942029,302.632504430789
"gene-AM1_RS02320",1692.57852695081,1075.97868277584,938.116738055179,846.222920586307,1363.79458742078,1123.23217990658
"gene-AM1_RS02325",35.6695678691198,31.1748790539359,57.5146274232696,56.4967407067781,45.6227580021288,56.2586065929031
"gene-AM1_RS42990",10.3556809942606,18.7049274323615,15.9494344955285,17.1946602151064,8.14692107180872,15.5196156118353
"gene-AM1_RS42995",34.5189366475353,22.2677707528113,22.2325450543731,16.580565207424,39.1052211446818,15.5196156118353
"gene-AM1_RS02340",26.4645180964437,32.9563007141608,26.5823908258809,20.8792302612006,21.1819947867027,23.279423417753
"gene-AM1_RS02345",14.9582058805986,21.3770599226989,19.8159640702021,25.7919903226596,9.77630528617046,11.6397117088765
"gene-AM1_RS02350",116.213753380035,114.010986254394,46.8816710929172,93.9565361754028,52.1402948595758,87.2978378165738
"gene-AM1_RS02360",6.90378732950705,10.6885299613494,12.082904920855,8.59733010755319,9.77630528617046,9.69975975739709
"gene-AM1_RS02365",11.5063122158451,20.4863490925864,25.1324422353783,23.3356102919301,8.14692107180872,9.69975975739709
"gene-AM1_RS02370",92.0504977267607,97.0874804822574,101.013085138347,90.2719661293085,159.679653007451,178.475579536106
"gene-AM1_RS02375",655.85979630317,367.863572836443,406.468921537561,523.20894654538,879.867475755342,521.847074947963
"gene-AM1_RS02380",79.3935542893311,81.0546855402333,54.6147302422644,49.7416956222721,55.3990632882993,52.3787026899443
"gene-AM1_RS02385",77.0922918461621,114.010986254394,100.529768941513,75.5336859449316,114.056895005322,116.397117088765
"gene-AM1_RS02390",4404.6163162255,4560.43945017576,1647.14159881095,1867.46291836209,3340.23763944157,3850.80462368664
"gene-AM1_RS02395",51.7784049713029,69.4754447487714,54.1314140454302,98.2552012291794,42.3639895734053,129.976780749121
"gene-AM1_RS02400",623.642122098804,528.191522256685,549.530515800483,2336.01740922374,757.663659678211,2067.98878027706
"gene-AM1_RS02405",193.306045226197,148.74870862878,131.462005538902,136.943186713169,174.344110936707,137.736588555039
"gene-AM1_RS43005",485.566375508663,524.628678936235,481.382932046861,549.00093686804,772.328117607466,684.803038872235
"gene-AM1_RS02420",141.527640254895,193.284250134402,186.560051978001,117.292146467333,172.714726722345,157.136108069833
"gene-AM1_RS02425",196.757938890951,86.398950520908,125.178894980057,166.419747081923,110.798126576599,168.775819778709
"gene-AM1_RS02430",56.3809298576409,42.7541198453978,39.1486119435701,93.3424411677204,42.3639895734053,151.316252215395
"gene-AM1_RS02435",170.293420794507,148.74870862878,178.343676631819,197.738592473723,298.177311228199,372.470774684048
"gene-AM1_RS02440",1862.87194774532,951.2791665601,1061.84568444473,1051.33065315222,1371.94150849259,1084.43314087699
"gene-AM1_RS02445",47.1758800849648,27.6120357334861,24.1658098417099,12.8959951613298,6.51753685744697,11.6397117088765
"gene-AM1_RS02450",896.341721614332,730.382880692212,812.937843075121,620.235957759195,1329.57751891918,1260.96876846162
"gene-AM1_RS02455",255.440131191761,397.257030230154,187.043368174835,160.892892012781,268.848395369688,372.470774684048
"gene-AM1_RS02460",492.47016283817,718.80363990075,485.732777818369,730.773059142021,415.492974662245,884.618089874615
"gene-AM1_RS02465",52.9290361928874,66.803312258434,53.648097848596,57.1108357144605,71.6929054319167,58.1985585443825
"gene-AM1_RS02470",48.3265113065494,81.9453963703457,56.5479950296012,73.6914009218845,30.9583000728731,83.417933913615
"gene-AM1_RS02475",865.27467863155,1592.59096424107,352.820823688965,636.202427958936,439.933737877671,550.946354220155
"gene-AM1_RS39600",130.021328039049,358.956464535319,65.731002769451,35.6175104455775,35.8464527159584,48.4987987869854
"gene-AM1_RS02490",242.783187754331,221.786996698001,188.976632962172,277.570943472432,195.526105723409,250.253801740845
"gene-AM1_RS02495",159.937739800247,146.967286968555,86.9969154301557,92.1142511523556,104.280589719152,95.0576456224915
"gene-AM1_RS02500",12.6569434374296,8.90710830112453,16.4327506923627,11.0537101382827,6.51753685744697,15.5196156118353
"gene-AM1_RS02505",135.774484146972,30.2841682238234,56.064678832767,9.82552012291794,92.8749002186194,17.4595675633148
"gene-AM1_RS02510",1817.99733010352,304.623103898459,464.466865157665,216.161442704195,1226.92631341439,199.81505100238
"gene-AM1_RS02515",2275.94855629416,397.257030230154,620.094680538276,191.5976423969,1565.83823000164,323.971975897063
"gene-AM1_RS02520",383.160196787641,60.5683364476468,69.1142161472903,17.1946602151064,136.868274006386,13.5796636603559
"gene-AM1_RS02525",16.1088371021831,22.2677707528113,16.9160668891969,25.1778953149772,4.88815264308523,13.5796636603559
"gene-AM1_RS02530",479.81321940074,615.481183607705,300.139358234037,442.76250053899,454.598195806926,572.285825686428
"gene-AM1_RS02535",54.0796674144719,55.2240714669721,43.0151415182436,36.8457004609423,53.7696790739375,25.2193753692324
"gene-AM1_RS02540",82.8454479540846,96.196769652145,75.8806429029691,48.5135056069073,89.6161317898959,77.5980780591767
"gene-AM1_RS02545",270.398337072359,272.557514014411,266.307224455643,328.540829110069,387.793443018095,514.087267142046
"gene-AM1_RS02550",226.674350652148,197.737804284965,195.74305971785,207.564112596641,190.637953080324,232.79423417753
"gene-AM1_RS02555",310.670429827817,165.672214400916,128.562108357897,86.5873960832143,161.309037221813,96.9975975739709
"gene-AM1_RS02560",5126.06209215899,1910.57473059121,1620.07589178823,1425.92860783847,3851.86428275116,2141.70695443328
"gene-AM1_RS02565",793.935542893311,326.000163821158,200.576221686192,128.959951613298,410.604822019159,238.614090031968
"gene-AM1_RS02570",181.799733010352,99.7596129725948,138.228432294581,129.57404662098,216.708100510112,145.496396360956
"gene-AM1_RS02575",149.582058805986,123.808805385631,195.259743521016,110.537101382827,202.043642580856,211.454762711257
"gene-AM1_RS02580",208.264251106796,111.338853764057,138.711748491415,144.92642181304,219.966868938835,184.295435390545
"gene-AM1_RS02585",296.862855168803,199.51922594519,304.972520202379,222.302392781018,334.023763944157,304.572456382269
"gene-AM1_RS02590",57.5315610792254,38.3005656948355,65.2476865726168,63.2517857912842,58.6578317170228,67.8983183017796
"gene-AM1_RS02595",44.8746176417958,15.1420841119117,42.5318253214094,26.406085330342,11.4056895005322,11.6397117088765
"gene-AM1_RS02605",33.3683054259507,44.5355415056227,48.3316196834198,63.2517857912842,30.9583000728731,32.9791831751501
"gene-AM1_RS02610",871.027834739473,539.770763048147,451.417327843141,513.997521430145,684.341370031932,630.484384230811
"gene-AM1_RS02615",173.745314459261,186.158563493503,185.593419584332,191.5976423969,166.197189864898,201.755002953859
"gene-AM1_RS02620",81.6948167325001,60.5683364476468,117.44583583071,128.345856605616,162.938421436174,190.115291244983
"gene-AM1_RS02625",329.080529373169,3372.23120280575,1518.57949045305,33097.8786290568,1275.80783984525,30245.7908755156
"gene-AM1_RS02630",942.366970477712,472.0767399596,709.991493149437,574.178832183017,1313.28367677557,1156.21136308173
"gene-AM1_RS02635",2707.43526438835,1866.9298999157,2175.88951814756,1263.80752581032,4019.69085683042,2110.66772320961
"gene-AM1_RS02640",128.870696817465,76.601131389671,52.6814654549276,38.6879854839894,102.65120550479,46.558846835506
"gene-AM1_RS02645",81.6948167325001,70.3661555788838,52.6814654549276,34.3893204302128,96.1336686473429,42.6789429325472
"gene-AM1_RS02650",241.632556532747,203.082069265639,268.723805439814,372.141574655517,267.219011155326,325.911927848542
"gene-AM1_RS02655",63.284717187148,68.5847339186589,52.6814654549276,45.4430305684955,50.510910645214,77.5980780591767
"gene-AM1_RS02660",745.609031586761,292.153152276885,548.080567209981,216.161442704195,788.621959751084,178.475579536106
"gene-AM1_RS02665",918.203714824438,1385.05534082486,725.940927644966,958.602306992181,974.371760188323,1536.4419455717
"gene-AM1_RS02670",157.636477357078,177.251455192378,150.79465341227,94.5706311830851,158.050268793089,166.83586782723
"gene-AM1_RS02675",158.787108578662,171.907190211703,122.762313995886,90.2719661293085,161.309037221813,155.196156118353
"gene-AM1_RS02680",36.8201990907043,32.9563007141608,30.9322365973887,23.9497052996125,29.3289158585114,19.3995195147942
"gene-AM1_RS02685",729.500194484578,852.410264417618,646.193755167323,839.467875501801,715.299670104805,1119.35227600362
"gene-AM1_RS02690",32.2176742043662,31.1748790539359,37.2153471562333,31.3188453918009,43.9933737877671,38.7990390295884
"gene-AM1_RS02695",1472.80796362817,1347.64548596014,1066.19553021624,1130.54890914325,1730.40603565217,1594.64050411608
"gene-AM1_RS02700",48.3265113065494,59.6776256175344,29.4822880068861,25.7919903226596,43.9933737877671,17.4595675633148
"gene-AM1_RS02705",309.519798606233,245.836189111037,177.860360434985,136.329091705486,418.751743090968,298.75260052783
"gene-AM1_RS02710",56.3809298576409,90.8525046714702,33.8321337783939,33.161130414848,45.6227580021288,40.7389909810678
"gene-AM1_RS02715",1141.42617181183,1915.91899557189,527.29797074611,864.645770816778,532.80863809629,772.100876688808
"gene-AM1_RS02720",180.649101788768,147.857997798667,137.745116097747,112.379386405874,159.679653007451,149.376300263915
"gene-AM1_RS02725",55.2302986360564,170.125768551479,80.2304886744769,208.178207604324,70.063521217555,362.771014926651
"gene-AM1_RS02730",195.607307669366,291.262441446772,124.212262586389,153.523751920593,185.749800437239,226.974378323092
"gene-AM1_RS02735",240.481925311162,168.344346891254,141.61164567242,96.4129162061323,115.686279219684,89.2377897680532
"gene-AM1_RS02740",963.078332466234,811.437566232445,1562.56126436496,1470.75754339928,1148.71587112503,907.897513292368
"gene-AM1_RS02745",36.8201990907043,32.9563007141608,43.4984577150778,24.5638003072948,42.3639895734053,23.279423417753
"gene-AM1_RS02750",103.556809942606,135.388046177093,75.8806429029691,59.56721574519,71.6929054319167,44.6188948840266
"gene-AM1_RS02755",19.5607307669366,32.9563007141608,21.2659126607047,12.8959951613298,13.0350737148939,15.5196156118353
"gene-AM1_RS02760",24.1632556532747,31.1748790539359,26.5823908258809,44.2148405531307,9.77630528617046,34.9191351266295
"gene-AM1_RS02765",11.5063122158451,16.0327949420242,13.0495373145234,17.1946602151064,9.77630528617046,1.93995195147942
"gene-AM1_RS02770",377.407040679719,337.57940461262,407.918870128063,419.426890247059,299.806695442561,395.750198101801
"gene-AM1_RS02780",14.9582058805986,18.7049274323615,37.2153471562333,28.8624653610714,26.0701474297879,7.75980780591767
"gene-AM1_RS02785",32.2176742043662,31.1748790539359,68.6308999504562,49.1276006145897,39.1052211446818,52.3787026899443
"gene-AM1_RS02790",95.5023913915142,143.404443648105,1004.8143732183,988.078867360935,189.008568865962,234.73418612901
"gene-AM1_RS02795",705.336938831304,888.038697622116,1830.31843741111,1905.5368088384,485.5564958798,673.163327163358
"gene-AM1_RS02800",48.3265113065494,203.082069265639,97.1465555636739,127.731761597933,55.3990632882993,174.595675633148
"gene-AM1_RS02805",3692.37559006469,2053.0884634092,1873.33357892935,1627.96586536597,4185.88804669532,2164.98637785103
"gene-AM1_RS02810",36.8201990907043,40.0819873550604,40.1152443372385,35.0034154378951,35.8464527159584,19.3995195147942
"gene-AM1_RS02820",164.540264686585,59.6776256175344,115.029254846539,92.728346160038,127.091968720216,36.8590870781089
"gene-AM1_RS02825",941.216339256128,578.962039573095,1245.02252304489,736.914009218845,1355.64766634897,964.156119885271
"gene-AM1_RS02830",300.314748833557,233.366237489463,307.38910118655,189.14126236617,457.85696423565,273.533225158598
"gene-AM1_RS02835",115.063122158451,77.4918422197835,171.093933679306,154.137846928275,182.491032008515,79.5380300106561
"gene-AM1_RS02840",324.478004486831,249.399032431487,342.671183555447,251.778953149772,387.793443018095,312.332264188186
"gene-AM1_RS02845",104.70744116419,90.8525046714702,140.645013278752,133.258616667075,91.2455160042576,128.036828797642
"gene-AM1_RS02850",469.457538406479,89.0710830112453,440.301055315955,112.993481413556,513.256027523949,120.277020991724
"gene-AM1_RS02855",367.051359685458,45.4262523357351,364.90372860982,101.939771275274,345.42945344469,93.1176936710121
"gene-AM1_RS02860",156.485846135493,33.8470115442732,160.460977348954,54.0403606760486,118.945047648407,42.6789429325472
"gene-AM1_RS02865",47.1758800849648,22.2677707528113,44.9484063055804,29.4765603687538,30.9583000728731,34.9191351266295
"gene-AM1_RS02870",13.8075746590141,21.3770599226989,13.0495373145234,23.3356102919301,4.88815264308523,13.5796636603559
"gene-AM1_RS02875",5643.84614187201,4293.22620114203,2013.49527601127,2710.0012689023,3627.00926116924,2741.15210744042
"gene-AM1_RS02880",1706.38610160983,812.328277062558,2008.66211404293,802.622175040859,2321.87250546548,1596.58045606756
"gene-AM1_RS02885",1554.50278036067,636.858243530404,1232.93961812404,606.1117725825,1389.86473485057,855.518810602423
"gene-AM1_RS02890",329.080529373169,423.087644303415,143.544910459757,83.5169210448025,224.855021581921,118.337069040245
"gene-AM1_RS02895",173.745314459261,324.218742160933,108.746144287695,141.855946774628,202.043642580856,236.674138080489
"gene-AM1_RS02900",82.8454479540846,157.655816929904,59.9312084074406,85.3592060678496,112.42751079096,201.755002953859
"gene-AM1_RS02905",47.1758800849648,58.7869147874219,49.7815682739224,47.2853155915426,29.3289158585114,34.9191351266295
"gene-AM1_RS02910",117.36438460162,101.54103463282,149.344704821767,155.36603694364,213.449332081388,193.995195147942
"gene-AM1_RS02915",124.268171931127,119.355251235069,140.161697081918,95.7988211984499,128.721352934578,182.355483439065
"gene-AM1_RS02920",303.76664249831,208.426334246314,378.919898318011,234.584292934666,412.234206233521,283.232984915995
"gene-AM1_RS02925",16.1088371021831,25.8306140732611,35.7653985657307,35.6175104455775,21.1819947867027,25.2193753692324
"gene-AM1_RS02930",149.582058805986,97.9781913123699,176.410411844482,180.543932258617,182.491032008515,176.535627584627
"gene-AM1_RS02935",18.4100995453521,16.0327949420242,16.9160668891969,22.1074202765654,29.3289158585114,17.4595675633148
"gene-AM1_RS02940",19.5607307669366,21.3770599226989,33.3488175815597,19.6510402458359,26.0701474297879,25.2193753692324
"gene-AM1_RS02945",130.021328039049,134.49733534698,86.0302830364873,71.235020891155,133.609505577663,116.397117088765
"gene-AM1_RS02950",396.967771446655,441.792571735777,259.05748150313,241.953433026854,482.297727451076,333.67173565446
"gene-AM1_RS02960",158.787108578662,48.9890956561849,62.8311055884458,25.7919903226596,143.385810863833,50.4387507384649
"gene-AM1_RS02965",124.268171931127,72.1475772391087,80.7138048713111,56.4967407067781,87.9867475755341,85.3578858650944
"gene-AM1_RS02970",113.912490936866,121.136672895294,190.426581552674,218.617822734924,187.3791846516,170.715771730189
"gene-AM1_RS02975",40.2720927554578,48.9890956561849,73.9473781156323,46.6712205838602,63.545984360108,64.0184143988208
"gene-AM1_RS41985",14.9582058805986,13.3606624516868,37.6986633530675,38.6879854839894,30.9583000728731,21.3394714662736
"gene-AM1_RS02980",54.0796674144719,46.3169631658476,49.7815682739224,51.5839806453192,35.8464527159584,46.558846835506
"gene-AM1_RS02985",12.6569434374296,7.12568664089963,12.5662211176892,9.21142511523557,6.51753685744697,9.69975975739709
"gene-AM1_RS02990",24.1632556532747,22.2677707528113,34.7987661720623,27.6342753457067,26.0701474297879,25.2193753692324
"gene-AM1_RS03000",75.9416606245776,53.4426498067472,57.5146274232696,67.5504508450608,74.9516738606402,69.838270253259
"gene-AM1_RS39605",17.2594683237676,20.4863490925864,33.8321337783939,37.4597954686246,27.6995316441496,17.4595675633148
"gene-AM1_RS41990",6.90378732950705,9.79781913123699,11.5995887240208,12.8959951613298,6.51753685744697,11.6397117088765
"gene-AM1_RS03020",16.1088371021831,8.90710830112453,25.6157584322125,19.0369452381535,8.14692107180872,9.69975975739709
"gene-AM1_RS03025",19.5607307669366,23.1584815829238,33.3488175815597,28.8624653610714,26.0701474297879,7.75980780591767
"gene-AM1_RS03030",36.8201990907043,51.6612281465223,31.4155527942229,25.7919903226596,40.7346053590436,36.8590870781089
"gene-AM1_RS03035",677.721789513276,267.213249033736,211.692494213379,278.185038480114,987.406833903216,448.128900791746
"gene-AM1_RS03040",105.858072385775,70.3661555788838,105.362930909855,76.7618759602964,91.2455160042576,114.457165137286
"gene-AM1_RS03045",211.71614477155,213.770599226989,143.061594262923,147.382801843769,149.90334772128,184.295435390545
"gene-AM1_RS03050",578.767504457008,765.120603066597,550.497148194152,588.303017359711,713.670285890444,725.542029853302
"gene-AM1_RS38410",107.008703607359,119.355251235069,81.1971210681453,53.4262656683663,89.6161317898959,27.1593273207119
"gene-AM1_RS03055",904.396140165424,594.994834515119,622.027945325613,604.883582567135,844.021023039383,508.267411287608
"gene-AM1_RS03060",2347.2876920324,1801.01729848738,1670.34077625899,1561.64360453627,2719.44225376975,1879.81344098356
"gene-AM1_RS03065",668.516739740599,546.005738858934,802.788202941603,544.088176806581,1482.73963506919,1086.37309282847
"gene-AM1_RS03070",109.309966050528,48.0983848260725,107.296195697192,48.5135056069073,101.021821290428,56.2586065929031
"gene-AM1_RS03075",128.870696817465,72.1475772391087,108.746144287695,58.9531207375076,153.162116150004,124.156924894683
"gene-AM1_RS03080",52.9290361928874,44.5355415056227,55.0980464390986,33.161130414848,60.2872159313845,23.279423417753
"gene-AM1_RS03085",97.8036538346832,85.5082396907955,84.0970182491505,53.4262656683663,83.0985949324489,27.1593273207119
"gene-AM1_RS03090",146.130165141233,104.213167123157,116.479203437042,88.4296811062614,210.190563652665,137.736588555039
"gene-AM1_RS03095",369.352622128627,320.655898840483,280.323394163835,240.725243011489,408.975437804798,269.653321255639
"gene-AM1_RS03100",88.5986040620072,83.7268180305706,81.6804372649795,44.2148405531307,125.462584505854,73.7181741562179
"gene-AM1_RS03105",224.373088208979,187.939985153728,99.5631365478448,53.4262656683663,99.3924370760663,50.4387507384649
"gene-AM1_RS03110",1412.97514010578,1031.44314127022,1504.56332074486,1422.24403779237,1578.87330371653,1586.88069631016
"gene-AM1_RS03115",81.6948167325001,48.0983848260725,65.2476865726168,69.3927358681079,48.8815264308523,31.0392312236707
"gene-AM1_RS39610",32.2176742043662,33.8470115442732,27.5490232195493,30.0906553764362,24.4407632154262,19.3995195147942
"gene-AM1_RS03130",26.4645180964437,16.9235057721366,38.6652957467359,32.5470354071657,21.1819947867027,29.0992792721913
"gene-AM1_RS03145",19.5607307669366,17.8142166022491,38.1819795499017,30.0906553764362,43.9933737877671,19.3995195147942
"gene-AM1_RS03150",16.1088371021831,28.5027465635985,29.9656042037203,50.3557906299544,9.77630528617046,27.1593273207119
"gene-AM1_RS03155",59.8328235223944,68.5847339186589,86.5135992333215,92.1142511523556,107.539358147875,93.1176936710121
"gene-AM1_RS03160",264.645180964437,289.481019786547,280.806710360669,187.298977343123,273.736548012773,193.995195147942
"gene-AM1_RS03170",683.474945621198,370.535705326781,677.609307961546,472.853155915426,881.496859969703,764.341068882891
"gene-AM1_RS03175",1211.61467632849,455.153234187464,518.598279203095,350.034154378951,1559.32069314419,663.463567405961
"gene-AM1_RS03180",115.063122158451,37.409854864723,44.9484063055804,41.1443655147189,120.574431862769,48.4987987869854
"gene-AM1_RS03185",258.892024856514,82.8361072004582,152.727918199607,91.5001561446733,185.749800437239,89.2377897680532
"gene-AM1_RS03190",434.938601758944,190.612117644065,204.442751260866,97.641106221497,407.346053590436,215.334666614215
"gene-AM1_RS03195",831.9063732056,521.956546445898,476.066453881685,362.316054532599,974.371760188323,403.510005907719
"gene-AM1_RS03200",1094.25029172687,233.366237489463,519.564911596763,281.255513518526,927.119617971832,403.510005907719
"gene-AM1_RS03205",2968.62855168803,795.404771290421,997.081314068951,424.953745316201,2126.34639974208,828.359483281712
"gene-AM1_RS03210",227.824981873733,91.7432155015827,115.995887240208,56.4967407067781,159.679653007451,44.6188948840266
"gene-AM1_RS03215",85.1467103972536,48.9890956561849,43.0151415182436,27.6342753457067,73.3222896462784,40.7389909810678
"gene-AM1_RS03220",77.0922918461621,79.2732638800084,111.162725271866,87.2014910908967,128.721352934578,112.517213185806
"gene-AM1_RS03225",117.36438460162,100.650323802707,189.94326535584,205.721827573594,190.637953080324,265.77341735268
"gene-AM1_RS03230",23.0126244316902,40.0819873550604,28.9989718100519,62.6376907836018,26.0701474297879,65.9583663503002
"gene-AM1_RS03235",55.2302986360564,32.9563007141608,113.579306256037,89.6578711216262,87.9867475755341,89.2377897680532
"gene-AM1_RS03240",57.5315610792254,21.3770599226989,57.0313112264354,46.6712205838602,47.2521422164906,44.6188948840266
"gene-AM1_RS40810",26.4645180964437,11.5792407914619,7.24974295251297,6.75504508450608,9.77630528617046,5.81985585443825
"gene-AM1_RS40815",25.3138868748592,24.0491924130362,20.7825964638705,18.4228502304711,13.0350737148939,11.6397117088765
"gene-AM1_RS03270",12.6569434374296,18.7049274323615,28.9989718100519,31.3188453918009,17.9232263579792,13.5796636603559
"gene-AM1_RS03275",24.1632556532747,16.0327949420242,41.5651929277411,30.7047503841186,37.4758369303201,23.279423417753
"gene-AM1_RS03280",195.607307669366,206.644912586089,346.054396933286,428.024220354613,358.464527159584,545.126498365716
"gene-AM1_RS03285",2202.30815811275,1736.88611871928,3839.46386765087,4681.8603385704,3785.05952996233,5109.83344019679
"gene-AM1_RS03290",47.1758800849648,32.9563007141608,52.1981492580934,31.9329403994833,52.1402948595758,48.4987987869854
"gene-AM1_RS03295",784.730493120635,118.464540404956,952.132907763371,68.1645458527432,912.455160042576,104.757405379889
"gene-AM1_RS03300",416.528502213592,1263.91866792957,250.841106156949,825.957785332789,216.708100510112,1449.14410775513
"gene-AM1_RS03305",316.42358593574,1406.43240074756,328.171697650421,2028.35581037487,418.751743090968,3317.3178370298
"gene-AM1_RS03310",361.298203577536,1223.83668057451,372.636787759167,2947.0419418677,495.33280116597,2896.34826355877
"gene-AM1_RS03315",54.0796674144719,152.31155194923,70.564164737793,246.252098080631,58.6578317170228,153.256204166874
"gene-AM1_RS03320",128.870696817465,477.421004940275,273.556967408156,1514.35828894473,208.561179438303,1163.97117088765
"gene-AM1_RS03325",19.5607307669366,154.092973609454,78.7805400839743,586.460732336664,26.0701474297879,409.329861762157
"gene-AM1_RS03330",65.585979630317,174.579322702041,78.7805400839743,278.799133487796,58.6578317170228,290.992792721913
"gene-AM1_RS03335",34.5189366475353,48.0983848260725,26.0990746290467,70.0068308757903,22.8113790010644,48.4987987869854
"gene-AM1_RS03340",64.4353484087325,71.2568664089963,447.550798268468,323.013974040927,57.028447502661,79.5380300106561
"gene-AM1_RS39625",48.3265113065494,39.191276524948,58.9645760137722,65.7081658220137,71.6929054319167,38.7990390295884
"gene-AM1_RS03380",301.465380055141,260.087562392836,207.342648441871,179.315742243252,373.128985088839,273.533225158598
"gene-AM1_RS03385",658.161058746339,1842.88070750267,237.308252645591,802.622175040859,368.240832445754,1629.55963924271
"gene-AM1_RS03390",104.70744116419,381.22423528813,38.6652957467359,125.889476574886,70.063521217555,213.394714662736
"gene-AM1_RS03395",78.2429230677466,324.218742160933,42.5318253214094,119.748526498062,21.1819947867027,128.036828797642
"gene-AM1_RS03400",141.527640254895,114.010986254394,191.393213946343,148.610991859134,317.72992180054,290.992792721913
"gene-AM1_RS03405",141.527640254895,264.541116543399,223.2920829374,317.487118971786,298.177311228199,622.724576424893
"gene-AM1_RS03410",27.6151493180282,40.0819873550604,28.5156556132177,15.9664701997416,16.2938421436174,13.5796636603559
"gene-AM1_RS03415",107.008703607359,114.901697084506,84.0970182491505,68.1645458527432,81.4692107180872,71.7782222047385
"gene-AM1_RS03420",32.2176742043662,40.9726981851729,46.398354896083,39.3020804916717,35.8464527159584,36.8590870781089
"gene-AM1_RS03425",14.9582058805986,9.79781913123699,9.18300773984977,3.68457004609423,0,11.6397117088765
"gene-AM1_RS03430",59.8328235223944,38.3005656948355,24.1658098417099,22.7215152842477,43.9933737877671,27.1593273207119
"gene-AM1_RS03435",64.4353484087325,54.3333606368597,52.6814654549276,40.5302705070365,55.3990632882993,31.0392312236707
"gene-AM1_RS03440",33.3683054259507,36.5191440346106,25.6157584322125,33.161130414848,17.9232263579792,23.279423417753
"gene-AM1_RS03445",25.3138868748592,21.3770599226989,28.0323394163835,25.1778953149772,11.4056895005322,9.69975975739709
"gene-AM1_RS03450",910.149296273346,1233.63449970575,995.631365478448,1157.56908948127,912.455160042576,481.108083966896
"gene-AM1_RS03455",55.2302986360564,67.6940230885465,86.5135992333215,98.2552012291794,70.063521217555,34.9191351266295
"gene-AM1_RS03460",55.2302986360564,57.8962039573095,80.7138048713111,42.986650537766,122.203816077131,122.216972943203
"gene-AM1_RS03465",111.611228493697,93.5246371618076,99.5631365478448,85.3592060678496,140.12704243511,106.697357331368
"gene-AM1_RS03475",494.771425281339,147.857997798667,727.874192432303,52.1980756530015,1191.07986069843,36.8590870781089
"gene-AM1_RS03480",196.757938890951,219.114864207664,197.193008308353,134.486806682439,221.596253153197,155.196156118353
"gene-AM1_RS03485",19.5607307669366,7.12568664089963,23.6824936448757,19.6510402458359,27.6995316441496,15.5196156118353
"gene-AM1_RS03495",208.264251106796,200.409936775302,200.092905489358,179.929837250935,275.365932227135,294.872696624872
"gene-AM1_RS03500",78.2429230677466,54.3333606368597,57.5146274232696,53.4262656683663,60.2872159313845,40.7389909810678
"gene-AM1_RS03505",79.3935542893311,81.9453963703457,72.0141133282955,52.1980756530015,68.4341370031932,54.3186546414237
"gene-AM1_RS03510",497.072687724508,534.426498067472,464.950181354499,460.571255761778,399.199132518627,545.126498365716
"gene-AM1_RS03515",36.8201990907043,32.0655898840483,39.1486119435701,34.3893204302128,39.1052211446818,23.279423417753
"gene-AM1_RS03520",116.213753380035,78.3825530498959,125.662211176892,90.8860611369909,219.966868938835,135.796636603559
"gene-AM1_RS03525",83.9960791756691,75.7104205595585,71.0474809346271,94.5706311830851,127.091968720216,124.156924894683
"gene-AM1_RS03530",33.3683054259507,47.20767399596,35.7653985657307,35.6175104455775,63.545984360108,31.0392312236707
"gene-AM1_RS03535",69.0378732950705,73.9289988993336,103.429666122518,66.9363558373784,91.2455160042576,104.757405379889
"gene-AM1_RS03540",10.3556809942606,15.1420841119117,18.3660154796995,10.4396151306003,14.6644579292557,7.75980780591767
"gene-AM1_RS03545",26.4645180964437,22.2677707528113,19.8159640702021,22.1074202765654,19.5526105723409,11.6397117088765
"gene-AM1_RS03550",60.983454743979,59.6776256175344,115.995887240208,77.3759709679787,66.8047527888315,83.417933913615
"gene-AM1_RS03555",187.552889118275,141.62302198788,152.244602002772,112.379386405874,187.3791846516,192.055243196462
"gene-AM1_RS03560",36.8201990907043,40.0819873550604,29.9656042037203,35.0034154378951,29.3289158585114,34.9191351266295
"gene-AM1_RS03565",276.151493180282,307.295236388796,240.691466023431,213.090967665783,263.960242726602,312.332264188186
"gene-AM1_RS03570",77.0922918461621,69.4754447487714,52.1981492580934,62.6376907836018,57.028447502661,48.4987987869854
"gene-AM1_RS03575",93.2011289483452,88.1803721811329,75.8806429029691,149.839181874499,83.0985949324489,141.616492457998
"gene-AM1_RS03580",147.280796362817,168.344346891254,195.74305971785,166.419747081923,210.190563652665,230.854282226051
"gene-AM1_RS03590",905.546771387008,988.689021424823,903.317971883117,821.04502527133,1096.57557626545,1524.80223386282
"gene-AM1_RS03595",49.4771425281339,50.7705173164098,60.4145246042748,31.3188453918009,70.063521217555,44.6188948840266
"gene-AM1_RS03600",86.2973416188381,93.5246371618076,72.0141133282955,51.5839806453192,58.6578317170228,67.8983183017796
"gene-AM1_RS03605",31.0670429827817,24.0491924130362,81.1971210681453,41.7584605224012,39.1052211446818,21.3394714662736
"gene-AM1_RS03610",644.353484087325,611.918340287255,558.713523540333,439.077930492895,611.019080385654,516.027219093525
"gene-AM1_RS03615",272.699599515529,296.606706427447,210.72586181971,221.074202765654,216.708100510112,252.193753692324
"gene-AM1_RS03620",128.870696817465,97.9781913123699,56.5479950296012,92.1142511523556,47.2521422164906,116.397117088765
"gene-AM1_RS03625",226.674350652148,165.672214400916,273.073651211322,307.661598848868,325.876842872349,308.452360285227
"gene-AM1_RS03630",144.979533919648,118.464540404956,165.77745551413,141.241851766945,127.091968720216,118.337069040245
"gene-AM1_RS03635",60.983454743979,50.7705173164098,53.1647816517618,42.986650537766,60.2872159313845,32.9791831751501
"gene-AM1_RS03640",8.05441855109156,11.5792407914619,9.66632393668397,10.4396151306003,8.14692107180872,5.81985585443825
"gene-AM1_RS40825",10.3556809942606,13.3606624516868,16.4327506923627,7.98323509987082,13.0350737148939,5.81985585443825
"gene-AM1_RS03645",216.318669657888,220.005575037776,153.211234396441,133.872711674757,172.714726722345,54.3186546414237
"gene-AM1_RS03650",7192.59576612476,5516.17217088642,2519.52733409668,4206.55080262424,5238.470249173,1045.63410184741
"gene-AM1_RS03655",113.912490936866,117.573829574844,121.795681602218,114.835766436603,107.539358147875,60.138510495862
"gene-AM1_RS03660",124.268171931127,109.557432103832,121.795681602218,95.1847261907675,166.197189864898,77.5980780591767
"gene-AM1_RS03665",112.761859715282,99.7596129725948,103.912982319353,64.479975806649,149.90334772128,118.337069040245
"gene-AM1_RS03670",43.7239864202113,40.9726981851729,73.9473781156323,75.5336859449316,55.3990632882993,67.8983183017796
"gene-AM1_RS03675",51.7784049713029,110.448142933944,18.8493316765337,84.1310160524848,16.2938421436174,110.577261234327
"gene-AM1_RS03680",33.3683054259507,114.901697084506,33.3488175815597,40.5302705070365,22.8113790010644,27.1593273207119
"gene-AM1_RS03685",433.78797053736,740.180699823449,264.857275865141,278.799133487796,381.275906160648,419.029621519554
"gene-AM1_RS03690",262.343918521268,283.24604397576,200.092905489358,139.399566743898,218.337484724474,265.77341735268
"gene-AM1_RS03695",592.575079116022,668.923833414452,220.875501953229,384.423474809164,319.359306014902,601.38510495862
"gene-AM1_RS37470",96.6530226130987,90.8525046714702,52.1981492580934,63.2517857912842,53.7696790739375,54.3186546414237
"gene-AM1_RS03705",124.268171931127,124.699516215743,150.311337215436,90.2719661293085,154.791500364366,180.415531487586
"gene-AM1_RS03710",204.812357442043,246.72689994115,166.260771710964,143.698231797675,218.337484724474,174.595675633148
"gene-AM1_RS03715",36.8201990907043,59.6776256175344,25.6157584322125,33.7752254225304,27.6995316441496,23.279423417753
"gene-AM1_RS03720",54.0796674144719,46.3169631658476,84.0970182491505,76.7618759602964,81.4692107180872,71.7782222047385
"gene-AM1_RS03725",8.05441855109156,17.8142166022491,22.2325450543731,17.8087552227888,11.4056895005322,19.3995195147942
"gene-AM1_RS03730",20.7113619885212,12.4699516215743,18.3660154796995,11.0537101382827,9.77630528617046,15.5196156118353
"gene-AM1_RS03735",885.986040620072,869.333770189755,848.703241640852,1060.54207826745,1499.0334772128,1323.04723090896
"gene-AM1_RS03740",419.980395878346,445.355415056227,336.388072996602,245.023908065266,640.347996244165,389.930342247363
"gene-AM1_RS03745",92.0504977267607,80.1639747101208,80.2304886744769,58.3390257298252,94.5042844329811,108.637309282847
"gene-AM1_RS03750",27.6151493180282,25.8306140732611,35.2820823688965,33.161130414848,22.8113790010644,15.5196156118353
"gene-AM1_RS39635",117.36438460162,115.792407914619,121.795681602218,92.728346160038,89.6161317898959,77.5980780591767
"gene-AM1_RS03765",914.751821159684,736.617856502999,919.267406378645,760.863714518458,1145.45710269631,898.197753534971
"gene-AM1_RS03770",401.570296332993,300.169549747897,530.68118412395,518.296186483921,527.920485453205,583.925537395305
"gene-AM1_RS03775",27.6151493180282,41.8634090152853,50.7482006675908,30.7047503841186,37.4758369303201,50.4387507384649
"gene-AM1_RS43025",8.05441855109156,19.595638262474,8.21637534618137,10.4396151306003,4.88815264308523,9.69975975739709
"gene-AM1_RS43030",5.75315610792254,6.23497581078717,6.76642675567878,8.59733010755319,17.9232263579792,5.81985585443825
"gene-AM1_RS03780",136.925115368557,93.5246371618076,134.361902719907,235.81248295003,110.798126576599,170.715771730189
"gene-AM1_RS03785",485.566375508663,392.803476079592,347.987661720623,238.882957988442,361.723295588307,471.408324209499
"gene-AM1_RS03790",191.004782783028,258.306140732611,167.227404104633,140.627756759263,226.484405796282,161.016011972792
"gene-AM1_RS03795",243.933818975916,286.80888729621,251.324422353783,188.527167358488,270.477779584049,211.454762711257
"gene-AM1_RS03800",81.6948167325001,100.650323802707,156.111131577446,160.278797005099,203.673026795218,135.796636603559
"gene-AM1_RS03805",75.9416606245776,118.464540404956,60.897840801109,51.5839806453192,112.42751079096,98.9375495254503
"gene-AM1_RS03810",214.017407214719,261.868984053061,144.511542853425,97.0270112138146,154.791500364366,190.115291244983
"gene-AM1_RS03815",130.021328039049,105.10387795327,61.8644731947774,49.1276006145897,60.2872159313845,44.6188948840266
"gene-AM1_RS03820",127.72006559588,201.300647605414,119.862416814881,103.782056298321,231.372558439368,131.9167327006
"gene-AM1_RS03825",199.05920133412,404.382716871054,126.62884357056,110.537101382827,378.017137731924,170.715771730189
"gene-AM1_RS03830",859.521522523628,1269.26293291025,608.011775617421,449.517545623496,1432.22872442397,935.056840613079
"gene-AM1_RS03835",1175.94510845937,1674.53636061141,880.118794435075,767.618759602964,2538.5806059756,1776.99598755515
"gene-AM1_RS03840",3178.04343401641,3822.04017201254,4247.38273777893,3321.63989655394,13022.0386411791,8374.77257453665
"gene-AM1_RS03845",6092.59231828997,5476.98089436148,5987.32104638205,4454.64518572792,26876.692615897,11802.6676728008
"gene-AM1_RS03850",73.6403981814085,108.666721273719,27.0657070227151,49.7416956222721,73.3222896462784,81.4779819621356
"gene-AM1_RS03855",52.9290361928874,36.5191440346106,23.1991774480415,22.7215152842477,47.2521422164906,40.7389909810678
"gene-AM1_RS03860",18.4100995453521,19.595638262474,11.1162725271866,12.2819001536474,16.2938421436174,9.69975975739709
"gene-AM1_RS03865",58.6821923008099,40.9726981851729,67.1809513599536,35.6175104455775,42.3639895734053,36.8590870781089
"gene-AM1_RS03880",58.6821923008099,52.5519389766348,53.1647816517618,49.1276006145897,53.7696790739375,34.9191351266295
"gene-AM1_RS03885",17.2594683237676,17.8142166022491,23.6824936448757,21.493325268883,21.1819947867027,15.5196156118353
"gene-AM1_RS03890",254.289499970176,156.765106099792,154.661182986943,129.57404662098,270.477779584049,203.694954905339
"gene-AM1_RS03895",25.3138868748592,13.3606624516868,20.7825964638705,12.8959951613298,17.9232263579792,19.3995195147942
"gene-AM1_RS03900",19.5607307669366,10.6885299613494,15.9494344955285,15.9664701997416,16.2938421436174,11.6397117088765
"gene-AM1_RS03905",18.4100995453521,23.1584815829238,25.1324422353783,20.2651352535182,14.6644579292557,19.3995195147942
"gene-AM1_RS03910",32.2176742043662,27.6120357334861,21.7492288575389,18.4228502304711,24.4407632154262,5.81985585443825
"gene-AM1_RS03915",195.607307669366,237.819791640025,489.115991196209,250.550763134407,319.359306014902,372.470774684048
"gene-AM1_RS03920",205.962988663627,511.268016484548,1075.37853795609,1156.95499447359,573.543243455334,1136.81184356694
"gene-AM1_RS03925",39.1214615338733,40.0819873550604,50.7482006675908,47.8994105992249,63.545984360108,58.1985585443825
"gene-AM1_RS03930",235.879400424824,184.377141833278,260.990746290467,186.684882335441,237.890095296815,230.854282226051
"gene-AM1_RS03935",88.5986040620072,75.7104205595585,95.6966069731713,90.8860611369909,79.8398265037254,67.8983183017796
"gene-AM1_RS03940",82.8454479540846,75.7104205595585,122.762313995886,76.147780952614,110.798126576599,71.7782222047385
"gene-AM1_RS03945",50.6277737497184,42.7541198453978,79.2638562808085,69.3927358681079,57.028447502661,65.9583663503002
"gene-AM1_RS03950",17718.5701811798,4412.58145237709,7861.62125770507,1247.84105561058,10661.0609145689,2296.90311055163
"gene-AM1_RS03955",28138.6865238492,6049.70795812378,11833.0304470917,1681.39213103433,18091.0529320584,3138.8422574937
"gene-AM1_RS03960",10632.9831186624,2070.90268001145,6749.99400498641,1621.82491528914,11723.4194223327,1385.1256933563
"gene-AM1_RS03965",5021.3546509948,1233.63449970575,3556.24057630603,563.125122044734,4795.27774286661,733.30183765922
"gene-AM1_RS03970",6649.49782953687,1515.09912202128,4340.66276376793,745.511339326398,6672.32835781134,1033.99439013853
"gene-AM1_RS03975",6957.86699692152,1514.20841119117,2779.55144799347,662.608513289278,5787.57272941291,839.999194990588
"gene-AM1_RS03980",29773.7334897207,6617.09075690542,14353.524413582,4120.57750154871,30935.4886938721,4333.85265960502
"gene-AM1_RS03985",12013.7405845639,2978.53701589604,5738.89652120927,1538.92208925202,11575.1454588258,1732.37709267112
"gene-AM1_RS03990",217.469300879472,677.830941715577,120.82904920855,221.074202765654,179.232263579792,620.784624473414
"gene-AM1_RS03995",39.1214615338733,33.8470115442732,45.9150386992488,49.7416956222721,29.3289158585114,75.6581261076973
"gene-AM1_RS04000",74.791029402993,93.5246371618076,78.2972238871401,65.0940708143313,57.028447502661,79.5380300106561
"gene-AM1_RS04005",55.2302986360564,65.0218905982091,49.2982520770882,54.0403606760486,47.2521422164906,48.4987987869854
"gene-AM1_RS04010",47.1758800849648,46.3169631658476,36.2487147625649,31.9329403994833,24.4407632154262,25.2193753692324
"gene-AM1_RS04015",139.226377811726,173.688611871928,162.394242136291,288.010558603032,135.238889792025,356.951159072213
"gene-AM1_RS04020",102.406178721021,135.388046177093,96.1799231700055,82.9028260371201,114.056895005322,139.676540506518
"gene-AM1_RS04025",101.255547499437,214.661310057101,62.3477893916116,214.93325268883,127.091968720216,269.653321255639
"gene-AM1_RS04030",257.74139363493,756.213494765473,201.059537883026,996.062102460806,265.589626940964,1586.88069631016
"gene-AM1_RS04035",158.787108578662,408.836271021616,153.211234396441,767.004664595281,202.043642580856,638.244192036728
"gene-AM1_RS04040",204.812357442043,551.350003839609,130.978689342068,647.870233104901,169.455958293621,673.163327163358
"gene-AM1_RS04045",775.525443347959,2173.33442547439,884.468640206583,5912.50673396587,1432.22872442397,5315.46834705361
"gene-AM1_RS04050",364.750097242289,1181.97327155923,311.255630761224,1535.85161421361,477.409574807991,1711.03762120485
"gene-AM1_RS04055",79.3935542893311,171.907190211703,74.4306943124665,273.886373426337,86.3573633611724,211.454762711257
"gene-AM1_RS04060",111.611228493697,146.076576138442,148.378072428099,296.607888710585,164.567805650536,215.334666614215
"gene-AM1_RS04065",471.758800849648,953.060588220325,592.545657318727,2789.21952489333,826.097796681404,2840.08965696587
"gene-AM1_RS04070",951.572020250389,611.027629457143,865.619308530049,665.67898832769,901.049470542044,599.44515300714
"gene-AM1_RS04075",449.896807639543,223.568418358226,450.934011646307,487.591436099803,433.416201020224,281.293032964516
"gene-AM1_RS04080",4206.70774611296,2227.66778611125,4026.02391962887,4225.5877478624,5315.05130724801,4646.18492379321
"gene-AM1_RS04085",55.2302986360564,172.797901041816,63.7977379821142,303.977028802774,60.2872159313845,351.131303217775
"gene-AM1_RS40830",479.81321940074,499.688775693086,441.751003906457,410.829560139506,801.657033465978,737.181741562179
"gene-AM1_RS04095",258.892024856514,189.721406813953,231.508458283581,177.473457220205,283.512853298943,244.433945886407
"gene-AM1_RS04100",139.226377811726,134.49733534698,107.296195697192,87.815586098579,114.056895005322,89.2377897680532
"gene-AM1_RS04105",79.3935542893311,125.590227045856,117.44583583071,81.6746360217553,136.868274006386,133.85668465208
"gene-AM1_RS04110",766.320393575283,723.257194051312,593.028973515561,541.631796775851,844.021023039383,859.398714505382
"gene-AM1_RS04115",271.548968293944,308.185947218909,182.693522403327,92.1142511523556,263.960242726602,155.196156118353
"gene-AM1_RS04120",1921.55414004613,1447.40509893274,912.500979622966,1050.10246313685,1865.6449254442,1105.77261234327
"gene-AM1_RS04125",7795.52652623504,7211.19488059042,5316.47816517618,4837.84047052172,6711.43357895602,4847.93992674707
"gene-AM1_RS04130",1586.72045456504,900.50864924369,1031.39676404418,1435.75412796138,795.139496608531,688.682942775193
"gene-AM1_RS04135",1326.67779848694,966.421250672012,718.207868495619,549.00093686804,527.920485453205,587.805441298264
"gene-AM1_RS04140",42.5733551986268,64.1311797680966,40.1152443372385,102.553866282956,35.8464527159584,69.838270253259
"gene-AM1_RS04145",111.611228493697,326.89087465127,110.196092878197,290.466938633761,128.721352934578,426.789429325472
"gene-AM1_RS04150",192.155414004613,449.808969206789,175.927095647648,910.702896392956,327.50622708671,1346.32665432672
"gene-AM1_RS04155",69.0378732950705,101.54103463282,47.3649872897514,75.5336859449316,60.2872159313845,124.156924894683
"gene-AM1_RS44210",228.975613095317,270.776092354186,369.736890578162,447.675260600448,400.828516732989,455.888708597663
"gene-AM1_RS04160",810.044379995494,901.399360073803,611.878305192095,625.148717820654,1047.6940498346,1057.27381355628
"gene-AM1_RS04165",161.088371021831,170.125768551479,91.8300773984977,85.3592060678496,86.3573633611724,71.7782222047385
"gene-AM1_RS04170",142.678271476479,148.74870862878,130.012056948399,70.0068308757903,138.497658220748,106.697357331368
"gene-AM1_RS04175",2423.22935265697,872.005902680092,2796.46751488267,1512.51600392168,4311.35063120117,2118.42753101552
"gene-AM1_RS04180",107.008703607359,89.0710830112453,103.912982319353,60.7954057605547,164.567805650536,151.316252215395
"gene-AM1_RS04190",222.07182576581,268.994670693961,274.523599801825,227.215152842477,221.596253153197,259.953561498242
"gene-AM1_RS04195",108.159334828944,72.1475772391087,135.81185131041,179.315742243252,182.491032008515,172.655723681668
"gene-AM1_RS04200",37.9708303122888,30.2841682238234,15.9494344955285,20.2651352535182,21.1819947867027,13.5796636603559
"gene-AM1_RS04205",758.265975024191,1088.44863439742,296.272828659364,455.044400692637,436.674969448947,496.627699578731
"gene-AM1_RS04210",214.017407214719,244.054767450812,122.762313995886,127.117666590251,224.855021581921,228.914330274571
"gene-AM1_RS04215",134.623852925387,440.011150075552,161.427609742622,346.96367934054,140.12704243511,469.468372258019
"gene-AM1_RS04220",474.060063292818,1797.45445516693,400.185810978716,858.504820739955,490.444648522885,1922.4923839161
"gene-AM1_RS04225",66.7366108519015,77.4918422197835,71.0474809346271,52.8121706606839,39.1052211446818,75.6581261076973
"gene-AM1_RS04230",254.289499970176,322.437320500708,288.539769510016,337.752254225304,304.694848085646,323.971975897063
"gene-AM1_RS04235",12.6569434374296,29.393457393711,43.4984577150778,41.1443655147189,35.8464527159584,52.3787026899443
"gene-AM1_RS04240",32.2176742043662,36.5191440346106,42.0485091245752,25.7919903226596,37.4758369303201,27.1593273207119
"gene-AM1_RS04245",354.394416248029,400.819873550604,378.436582121177,232.127912903936,588.207701384589,614.964768618976
"gene-AM1_RS04250",132.322590482218,111.338853764057,92.3133935953319,58.9531207375076,96.1336686473429,58.1985585443825
"gene-AM1_RS04255",445.294282753205,480.093137430612,401.635759569219,456.886685715684,601.242775099483,613.024816667496
"gene-AM1_RS04260",85.1467103972536,218.224153377551,61.3811569979432,148.610991859134,86.3573633611724,366.65091882961
"gene-AM1_RS04265",95.5023913915142,113.120275424282,47.8483034865856,60.7954057605547,61.9166001457463,116.397117088765
"gene-AM1_RS04270",79.3935542893311,52.5519389766348,45.4317225024146,35.0034154378951,84.7279791468107,50.4387507384649
"gene-AM1_RS04275",24.1632556532747,14.2513732817993,20.2992802670363,27.0201803380243,14.6644579292557,19.3995195147942
"gene-AM1_RS04280",31.0670429827817,38.3005656948355,49.7815682739224,60.7954057605547,63.545984360108,42.6789429325472
"gene-AM1_RS04290",47.1758800849648,39.191276524948,33.8321337783939,36.2316054532599,37.4758369303201,32.9791831751501
"gene-AM1_RS04295",26.4645180964437,21.3770599226989,21.2659126607047,17.1946602151064,14.6644579292557,11.6397117088765
"gene-AM1_RS04300",19.5607307669366,27.6120357334861,26.5823908258809,23.9497052996125,13.0350737148939,15.5196156118353
"gene-AM1_RS04305",9.20504977267607,14.2513732817993,20.2992802670363,7.36914009218845,21.1819947867027,5.81985585443825
"gene-AM1_RS04310",143.828902698064,129.153070366306,153.211234396441,189.14126236617,219.966868938835,279.353081013036
"gene-AM1_RS04315",52.9290361928874,51.6612281465223,54.1314140454302,49.7416956222721,50.510910645214,60.138510495862
"gene-AM1_RS04320",39.1214615338733,24.9399032431487,33.3488175815597,36.2316054532599,21.1819947867027,32.9791831751501
"gene-AM1_RS04325",130.021328039049,83.7268180305706,397.285913797711,197.738592473723,205.30241100958,223.094474420133
"gene-AM1_RS04330",393.515877781902,198.628515115077,1485.71398906833,969.041922122781,586.578317170228,310.392312236707
"gene-AM1_RS04335",630.545909428311,328.672296311495,1890.24964581855,1182.74698479625,653.383069959059,432.60928517991
"gene-AM1_RS04340",518.934680934613,326.89087465127,2276.90260328591,1083.2635935517,734.852280677146,428.729381276951
"gene-AM1_RS04345",2866.22237296701,1467.89144802532,8448.85043685862,5607.30151514773,3442.88884494636,2690.71335670195
"gene-AM1_RS04350",1643.10138442268,868.443059359642,3862.66304509891,1998.26515499844,1036.28836033407,993.255399157462
"gene-AM1_RS04355",54.0796674144719,20.4863490925864,77.3305914934717,31.9329403994833,30.9583000728731,36.8590870781089
"gene-AM1_RS04360",31.0670429827817,24.9399032431487,36.2487147625649,25.1778953149772,26.0701474297879,15.5196156118353
"gene-AM1_RS04365",27.6151493180282,18.7049274323615,66.6976351631194,56.4967407067781,22.8113790010644,5.81985585443825
"gene-AM1_RS04370",60.983454743979,39.191276524948,101.496401335182,58.9531207375076,35.8464527159584,25.2193753692324
"gene-AM1_RS04375",23.0126244316902,15.1420841119117,15.9494344955285,10.4396151306003,11.4056895005322,9.69975975739709
"gene-AM1_RS04380",20.7113619885212,13.3606624516868,14.4994859050259,7.98323509987082,26.0701474297879,9.69975975739709
"gene-AM1_RS04385",153.03395247074,47.20767399596,51.7148330612592,42.986650537766,190.637953080324,112.517213185806
"gene-AM1_RS04395",398.11840266824,73.9289988993336,93.7633421858345,122.819001536474,483.927111665438,186.235387342024
"gene-AM1_RS04400",57.5315610792254,49.8798064862974,88.9301802174925,60.1813107528724,76.5810580750019,124.156924894683
"gene-AM1_RS04405",1650.00517175219,81.9453963703457,841.453498688339,67.5504508450608,1543.02685100057,46.558846835506
"gene-AM1_RS04410",570.713085905916,63.2404689379842,309.322365973887,39.3020804916717,441.563122092032,17.4595675633148
"gene-AM1_RS04415",1548.74962425275,387.459211098917,959.382650715884,298.450173733632,1606.57283536068,384.110486392925
"gene-AM1_RS04420",167.992158351338,25.8306140732611,107.296195697192,21.493325268883,110.798126576599,9.69975975739709
"gene-AM1_RS04425",1090.79839806211,181.70500934294,494.915785558219,93.9565361754028,516.514795952673,79.5380300106561
"gene-AM1_RS04430",121.966909487958,37.409854864723,112.129357665534,64.479975806649,127.091968720216,40.7389909810678
"gene-AM1_RS04435",2871.97552907493,1636.23579491658,1492.480415824,1112.12605891277,2774.84131705805,1336.62689456932
"gene-AM1_RS04440",741.006506700424,574.508485422532,302.555939218208,202.0372575275,338.911916587243,364.710966878131
"gene-AM1_RS04445",113.912490936866,111.338853764057,43.981773911912,29.4765603687538,68.4341370031932,32.9791831751501
"gene-AM1_RS04450",24.1632556532747,22.2677707528113,24.6491260385441,14.7382801843769,11.4056895005322,9.69975975739709
"gene-AM1_RS04455",10.3556809942606,13.3606624516868,21.2659126607047,11.667805145965,13.0350737148939,5.81985585443825
"gene-AM1_RS04460",388.913352895564,377.66139196768,430.151415182436,344.50729930981,457.85696423565,583.925537395305
"gene-AM1_RS04465",63.284717187148,51.6612281465223,86.5135992333215,35.6175104455775,61.9166001457463,31.0392312236707
"gene-AM1_RS04470",42.5733551986268,43.6448306755102,63.7977379821142,27.0201803380243,30.9583000728731,32.9791831751501
"gene-AM1_RS04475",62.1340859655635,69.4754447487714,75.3973267061349,74.9195909372493,112.42751079096,83.417933913615
"gene-AM1_RS04480",631.696540649895,610.136918627031,490.565939786711,442.76250053899,643.606764672889,684.803038872235
"gene-AM1_RS04485",2133.27028481768,2260.62408682541,485.249461621535,615.323197697736,4435.18383149267,4485.16891182041
"gene-AM1_RS04490",1646.55327808743,1372.58538920329,1659.2245037318,1075.89445345951,1544.65623521493,1790.5756512155
"gene-AM1_RS04495",2372.60157890726,1621.09371080467,3044.40872385861,2986.34402235937,3348.38456051338,2143.64690638476
"gene-AM1_RS04500",217.469300879472,220.005575037776,189.459949159006,188.527167358488,247.666400582985,221.154522468654
"gene-AM1_RS04505",406.172821219332,353.612199554644,427.734834198265,323.62806904861,490.444648522885,517.967171045005
"gene-AM1_RS04510",153.03395247074,142.513732817993,172.060566072975,144.92642181304,192.267337294686,161.016011972792
"gene-AM1_RS04515",104.70744116419,130.043781196418,85.5469668396531,82.9028260371201,96.1336686473429,67.8983183017796
"gene-AM1_RS39650",1981.38696356852,2810.19266900479,2524.36049606502,4697.82680877014,4262.46910477032,9540.68369737578
"gene-AM1_RS04525",972.28338223891,708.1151099394,846.286660656681,585.846637328982,1340.98320841971,826.419531330232
"gene-AM1_RS04530",69.0378732950705,61.4590472777593,47.8483034865856,46.6712205838602,60.2872159313845,52.3787026899443
"gene-AM1_RS04535",73.6403981814085,69.4754447487714,46.398354896083,26.406085330342,57.028447502661,25.2193753692324
"gene-AM1_RS04540",196.757938890951,138.950889497543,148.378072428099,98.8692962368617,131.980121363301,135.796636603559
"gene-AM1_RS04545",433.78797053736,256.524719072387,326.721749059918,277.570943472432,161.309037221813,110.577261234327
"gene-AM1_RS04550",355.545047469613,375.879970307455,300.139358234037,180.543932258617,391.052211446818,364.710966878131
"gene-AM1_RS04555",1020.60989354546,942.372058258976,965.182445077894,903.333756300768,1422.4524191378,1150.39150722729
"gene-AM1_RS04560",364.750097242289,353.612199554644,242.624730810768,184.228502304711,319.359306014902,304.572456382269
"gene-AM1_RS04565",523.537205820951,521.065835615785,383.753060286353,306.433408833503,617.536617243101,436.489189082869
"gene-AM1_RS04570",438.390495423698,484.546691581175,320.438638501073,445.832975577401,506.738490666502,444.248996888787
"gene-AM1_RS04575",29.9164117611972,29.393457393711,23.1991774480415,16.580565207424,19.5526105723409,17.4595675633148
"gene-AM1_RS04580",17.2594683237676,8.90710830112453,9.18300773984977,6.14095007682371,6.51753685744697,13.5796636603559
"gene-AM1_RS04585",41.4227239770423,32.0655898840483,19.8159640702021,23.3356102919301,26.0701474297879,15.5196156118353
"gene-AM1_RS42010",12.6569434374296,11.5792407914619,14.9828021018601,15.3523751920593,8.14692107180872,7.75980780591767
"gene-AM1_RS04600",50.6277737497184,64.1311797680966,50.2648844707566,40.5302705070365,45.6227580021288,32.9791831751501
"gene-AM1_RS04605",1689.12663328606,1189.98966903024,980.165247179754,911.931086408321,1596.79653007451,997.135303060421
"gene-AM1_RS04610",118.515015823204,154.983684439567,113.095990059202,120.976716513427,161.309037221813,77.5980780591767
"gene-AM1_RS04615",18.4100995453521,8.90710830112453,14.9828021018601,14.1241851766945,16.2938421436174,11.6397117088765
"gene-AM1_RS04620",33.3683054259507,17.8142166022491,55.0980464390986,46.0571255761778,52.1402948595758,36.8590870781089
"gene-AM1_RS04625",64.4353484087325,51.6612281465223,102.946349925684,64.479975806649,71.6929054319167,60.138510495862
"gene-AM1_RS04630",19.5607307669366,9.79781913123699,26.5823908258809,26.406085330342,19.5526105723409,15.5196156118353
"gene-AM1_RS04635",33.3683054259507,15.1420841119117,17.3993830860311,16.580565207424,13.0350737148939,3.87990390295884
"gene-AM1_RS04640",62.1340859655635,50.7705173164098,89.8968126111609,50.9698856376368,66.8047527888315,58.1985585443825
"gene-AM1_RS04645",31.0670429827817,37.409854864723,36.7320309593991,22.7215152842477,22.8113790010644,29.0992792721913
"gene-AM1_RS44375",21.8619932101057,17.8142166022491,15.4661182986943,15.9664701997416,8.14692107180872,0
"gene-AM1_RS04655",8465.19389719723,4505.21537870879,13928.6894765648,12892.3105912837,4119.08329390649,3119.4427379789
"gene-AM1_RS04660",148.431427584402,67.6940230885465,229.575193496244,136.943186713169,110.798126576599,75.6581261076973
"gene-AM1_RS04665",49.4771425281339,32.0655898840483,43.981773911912,27.6342753457067,22.8113790010644,23.279423417753
"gene-AM1_RS04670",269.247705850775,37.409854864723,72.9807457219639,69.3927358681079,71.6929054319167,44.6188948840266
"gene-AM1_RS04680",54.0796674144719,66.803312258434,68.6308999504562,100.711581259909,47.2521422164906,50.4387507384649
"gene-AM1_RS04685",42.5733551986268,87.2896613510204,77.3305914934717,101.325676267591,53.7696790739375,135.796636603559
"gene-AM1_RS04690",41.4227239770423,79.2732638800084,47.8483034865856,101.939771275274,47.2521422164906,81.4779819621356
"gene-AM1_RS04695",13.8075746590141,3.56284332044981,13.5328535113576,15.3523751920593,22.8113790010644,19.3995195147942
"gene-AM1_RS04700",11.5063122158451,13.3606624516868,12.5662211176892,15.3523751920593,11.4056895005322,9.69975975739709
"gene-AM1_RS04705",70.188504516655,109.557432103832,64.2810541789484,57.7249307221429,45.6227580021288,52.3787026899443
"gene-AM1_RS04710",1580.96729845711,2739.82651342591,1432.06589121973,3239.96526053219,1740.18234093834,3660.68933244166
"gene-AM1_RS04715",51.7784049713029,27.6120357334861,61.3811569979432,50.9698856376368,40.7346053590436,36.8590870781089
"gene-AM1_RS04720",49.4771425281339,44.5355415056227,50.7482006675908,41.7584605224012,48.8815264308523,31.0392312236707
"gene-AM1_RS04725",66.7366108519015,56.1147822970846,86.9969154301557,102.553866282956,83.0985949324489,102.817453428409
"gene-AM1_RS04730",479.81321940074,426.650487623865,463.016916567162,433.551075423754,907.567007399491,704.202558387029
"gene-AM1_RS04735",125.418803152711,154.092973609454,151.761285805938,187.298977343123,114.056895005322,149.376300263915
"gene-AM1_RS04740",585.671291786515,249.399032431487,315.122160335897,239.497052996125,408.975437804798,337.551639557419
"gene-AM1_RS04745",251.988237527007,1735.99540788917,664.076454450188,2665.17233334149,270.477779584049,2830.38989720847
"gene-AM1_RS04750",243.933818975916,528.191522256685,472.199924307012,728.930774118974,449.710043163841,725.542029853302
"gene-AM1_RS04755",54.0796674144719,127.371648706081,50.2648844707566,245.023908065266,105.909973933513,289.052840770433
"gene-AM1_RS04760",16.1088371021831,18.7049274323615,14.0161697081918,15.9664701997416,3.25876842872349,25.2193753692324
"gene-AM1_RS04770",266.946443407606,368.754283666556,107.296195697192,132.03042665171,182.491032008515,234.73418612901
"gene-AM1_RS04775",1188.6020518968,5501.03008677451,1149.32591607172,4150.05406191746,2276.24974746336,7880.0848269094
"gene-AM1_RS04780",59.8328235223944,87.2896613510204,52.1981492580934,69.3927358681079,73.3222896462784,56.2586065929031
"gene-AM1_RS04785",77.0922918461621,94.4153479919201,72.4974295251297,63.2517857912842,109.168742362237,93.1176936710121
"gene-AM1_RS04790",358.996941134367,586.087726213994,361.037199035146,750.424099387857,508.367874880864,971.915927691188
"gene-AM1_RS04795",118.515015823204,191.502828474177,169.160668891969,101.325676267591,130.350737148939,131.9167327006
"gene-AM1_RS04800",92.0504977267607,105.994588783382,39.6319281404043,36.8457004609423,71.6929054319167,46.558846835506
"gene-AM1_RS04805",944.668232920881,1075.97868277584,771.855966344215,793.410749925623,1124.2751079096,1028.17453428409
"gene-AM1_RS04810",1301.36391161208,1378.82036501408,734.157302991147,657.695753227819,1153.60402376811,1130.9919877125
"gene-AM1_RS04815",40434.3317577012,23033.782066708,41750.3030311285,16454.0616358414,69726.2386851821,31336.043872247
"gene-AM1_RS04820",72717.5919416978,54700.333498866,74951.7091726538,51871.9912039222,126792.162024773,64204.6497861628
"gene-AM1_RS04825",242.783187754331,229.803394169013,336.388072996602,152.295561905228,448.080658949479,195.935147099421
"gene-AM1_RS04830",1747.80882558687,1542.71115775477,3079.20749003068,1738.50296674879,3786.68891417669,1685.81824583561
"gene-AM1_RS04835",205.962988663627,243.1640566207,156.59444777428,251.16485814209,197.155489937771,236.674138080489
"gene-AM1_RS04840",131.171959260634,137.169467837318,121.312365405384,115.449861444286,91.2455160042576,129.976780749121
"gene-AM1_RS04845",17.2594683237676,68.5847339186589,115.029254846539,209.406397619689,73.3222896462784,195.935147099421
"gene-AM1_RS04850",88.5986040620072,236.929080809913,479.932983456359,1992.12420492161,280.25408487022,985.495591351544
"gene-AM1_RS04855",120.816278266373,155.874395269679,199.609589292524,245.023908065266,185.749800437239,238.614090031968
"gene-AM1_RS04860",89.7492352835917,187.049274323615,116.962519633876,102.553866282956,78.2104422893637,75.6581261076973
"gene-AM1_RS04865",357.846309912782,280.573911485423,318.505373713737,192.211737404582,550.731864454269,453.948756646184
"gene-AM1_RS04870",212.866775993134,113.120275424282,317.055425123234,279.413228495479,219.966868938835,275.473177110077
"gene-AM1_RS04875",46.0252488633803,24.9399032431487,28.0323394163835,18.4228502304711,29.3289158585114,29.0992792721913
"gene-AM1_RS04880",26.4645180964437,24.0491924130362,25.1324422353783,33.7752254225304,19.5526105723409,31.0392312236707
"gene-AM1_RS04885",23.0126244316902,21.3770599226989,33.8321337783939,17.8087552227888,22.8113790010644,36.8590870781089
"gene-AM1_RS04900",21.8619932101057,20.4863490925864,25.6157584322125,22.7215152842477,32.5876842872349,27.1593273207119
"gene-AM1_RS04905",144.979533919648,235.147659149688,201.542854079861,317.487118971786,294.918542799476,314.272216139666
"gene-AM1_RS04910",187.552889118275,258.306140732611,212.175810410213,545.930461829628,311.212384943093,574.225777637908
"gene-AM1_RS04915",161.088371021831,252.071164921824,283.22329134484,540.403606760486,466.003885307459,711.962366192946
"gene-AM1_RS04920",71.3391357382395,82.8361072004582,112.612673862368,160.278797005099,184.120416222877,207.574858808298
"gene-AM1_RS04925",54.0796674144719,51.6612281465223,61.3811569979432,122.204906528792,79.8398265037254,102.817453428409
"gene-AM1_RS04930",92.0504977267607,128.262359536193,109.712776681363,175.017077189476,143.385810863833,217.274618565695
"gene-AM1_RS04935",97.8036538346832,208.426334246314,109.712776681363,161.506987020464,110.798126576599,197.875099050901
"gene-AM1_RS04940",273.850230737113,811.437566232445,344.604448342783,657.695753227819,492.074032737247,1387.06564530778
"gene-AM1_RS04945",347.490628918522,278.792489825198,491.049255983545,336.524064209939,553.990632882993,504.387507384649
"gene-AM1_RS04950",173.745314459261,200.409936775302,191.876530143177,171.332507143382,221.596253153197,137.736588555039
"gene-AM1_RS04955",1809.94291155243,478.311715770387,2269.65286033339,567.423787098511,4065.31361483255,867.1585223113
"gene-AM1_RS04960",587.972554229684,280.573911485423,1241.63930966706,1319.07607650173,884.755628398427,940.876696467518
"gene-AM1_RS04965",164.540264686585,232.47552665935,1775.70370716884,3441.38842305201,866.832402040448,2444.33945886407
"gene-AM1_RS04970",159.937739800247,187.049274323615,171.57724987614,200.809067512135,182.491032008515,184.295435390545
"gene-AM1_RS37480",157.636477357078,152.31155194923,158.527712561617,84.7451110601672,135.238889792025,102.817453428409
"gene-AM1_RS04980",582.219398121761,514.830859804998,861.752778955376,545.316366821946,1200.85616598461,783.740588397685
"gene-AM1_RS04985",1170.19195235145,2621.36197302095,1800.83614940422,4658.52472827847,1938.96721509047,3759.62688196711
"gene-AM1_RS04990",176.04657690243,464.951053318701,208.309280835539,394.863089939765,198.784874152133,568.405921783469
"gene-AM1_RS05005",37.9708303122888,26.7213249033736,34.3154499752281,42.986650537766,43.9933737877671,19.3995195147942
"gene-AM1_RS05010",43.7239864202113,40.9726981851729,47.8483034865856,65.0940708143313,43.9933737877671,34.9191351266295
"gene-AM1_RS05015",41.4227239770423,44.5355415056227,59.4478922106064,57.7249307221429,63.545984360108,62.0784624473414
"gene-AM1_RS05025",17.2594683237676,18.7049274323615,14.4994859050259,15.3523751920593,14.6644579292557,19.3995195147942
"gene-AM1_RS05030",82.8454479540846,60.5683364476468,70.564164737793,33.7752254225304,71.6929054319167,62.0784624473414
"gene-AM1_RS05035",177.197208124014,106.885299613494,166.744087907798,105.624341321368,239.519479511176,114.457165137286
"gene-AM1_RS05040",19.5607307669366,16.0327949420242,38.1819795499017,64.479975806649,13.0350737148939,27.1593273207119
"gene-AM1_RS05045",9.20504977267607,16.0327949420242,18.3660154796995,19.6510402458359,6.51753685744697,21.3394714662736
"gene-AM1_RS05050",33.3683054259507,44.5355415056227,57.0313112264354,75.5336859449316,48.8815264308523,50.4387507384649
"gene-AM1_RS05060",49.4771425281339,49.8798064862974,52.6814654549276,34.3893204302128,66.8047527888315,25.2193753692324
"gene-AM1_RS05065",140.37700903331,90.8525046714702,169.643985088804,168.26203210497,250.925169011708,221.154522468654
"gene-AM1_RS42020",828.454479540846,82.8361072004582,391.002803238866,107.466626344415,563.766938169163,254.133705643804
"gene-AM1_RS05070",173.745314459261,138.06017866743,160.944293545788,125.889476574886,211.819947867027,246.373897837886
"gene-AM1_RS05075",27.6151493180282,24.9399032431487,36.2487147625649,38.073890476307,30.9583000728731,50.4387507384649
"gene-AM1_RS05080",11.5063122158451,10.6885299613494,14.4994859050259,13.5100901690122,14.6644579292557,13.5796636603559
"gene-AM1_RS37875",431263.485637203,350995.291135774,758077.588204865,1093662.6784118,468734.733250729,409541.316524868
"gene-AM1_RS05085",12.6569434374296,11.5792407914619,14.4994859050259,17.1946602151064,8.14692107180872,13.5796636603559
"gene-AM1_RS05090",51.7784049713029,48.9890956561849,49.2982520770882,37.4597954686246,45.6227580021288,36.8590870781089
"gene-AM1_RS05095",9.20504977267607,15.1420841119117,15.4661182986943,16.580565207424,13.0350737148939,3.87990390295884
"gene-AM1_RS05100",25.3138868748592,15.1420841119117,22.2325450543731,32.5470354071657,16.2938421436174,25.2193753692324
"gene-AM1_RS05105",47.1758800849648,46.3169631658476,82.1637534618137,100.097486252226,48.8815264308523,62.0784624473414
"gene-AM1_RS05110",11.5063122158451,28.5027465635985,35.7653985657307,41.7584605224012,24.4407632154262,27.1593273207119
"gene-AM1_RS05115",1162.13753380035,2581.27998566589,3471.66024186005,10654.5483832891,2233.88575788995,6908.16889921821
"gene-AM1_RS05120",437.239864202113,603.011231986131,649.576968545162,746.739529341763,545.843711811184,915.657321098285
"gene-AM1_RS05125",26.4645180964437,29.393457393711,26.0990746290467,26.406085330342,19.5526105723409,25.2193753692324
"gene-AM1_RS05130",60.983454743979,65.0218905982091,80.2304886744769,74.9195909372493,53.7696790739375,71.7782222047385
"gene-AM1_RS05135",39.1214615338733,51.6612281465223,40.1152443372385,54.654455683731,24.4407632154262,19.3995195147942
"gene-AM1_RS05140",24.1632556532747,33.8470115442732,23.1991774480415,19.0369452381535,21.1819947867027,29.0992792721913
"gene-AM1_RS05145",10.3556809942606,8.90710830112453,7.24974295251297,9.82552012291794,11.4056895005322,5.81985585443825
"gene-AM1_RS05150",70.188504516655,56.1147822970846,55.5813626359328,64.479975806649,76.5810580750019,69.838270253259
"gene-AM1_RS42030",40.2720927554578,27.6120357334861,35.2820823688965,62.0235957759195,19.5526105723409,31.0392312236707
"gene-AM1_RS05155",71.3391357382395,75.7104205595585,55.0980464390986,41.7584605224012,45.6227580021288,46.558846835506
"gene-AM1_RS05160",302.616011276726,484.546691581175,285.639872329011,415.128225193283,301.436079656923,347.251399314816
"gene-AM1_RS05165",151.883321249155,1491.94064043836,177.377044238151,1367.58958210864,158.050268793089,1629.55963924271
"gene-AM1_RS05175",535.043518036796,333.125850462058,228.608561102576,383.195284793799,250.925169011708,372.470774684048
"gene-AM1_RS05180",43.7239864202113,26.7213249033736,57.5146274232696,47.2853155915426,35.8464527159584,42.6789429325472
"gene-AM1_RS05185",63.284717187148,68.5847339186589,63.7977379821142,120.976716513427,35.8464527159584,64.0184143988208
"gene-AM1_RS05190",202.511094998873,131.825202856643,64.7643703757826,79.2182559910259,29.3289158585114,75.6581261076973
"gene-AM1_RS05195",70.188504516655,137.169467837318,67.6642675567878,82.9028260371201,79.8398265037254,110.577261234327
"gene-AM1_RS05200",299.164117611972,366.082151176218,320.438638501073,351.876439401999,378.017137731924,448.128900791746
"gene-AM1_RS05205",41.4227239770423,42.7541198453978,55.0980464390986,66.3222608296961,35.8464527159584,52.3787026899443
"gene-AM1_RS05210",17.2594683237676,15.1420841119117,29.9656042037203,28.2483703533891,24.4407632154262,46.558846835506
"gene-AM1_RS05215",37.9708303122888,29.393457393711,50.2648844707566,61.4095007682371,22.8113790010644,62.0784624473414
"gene-AM1_RS05220",36.8201990907043,33.8470115442732,35.2820823688965,38.073890476307,21.1819947867027,42.6789429325472
"gene-AM1_RS05225",36.8201990907043,24.9399032431487,17.3993830860311,17.1946602151064,21.1819947867027,17.4595675633148
"gene-AM1_RS05230",48.3265113065494,56.1147822970846,51.7148330612592,44.2148405531307,40.7346053590436,38.7990390295884
"gene-AM1_RS05235",187.552889118275,180.814298512828,242.624730810768,147.382801843769,208.561179438303,325.911927848542
"gene-AM1_RS05240",25.3138868748592,32.9563007141608,24.1658098417099,25.1778953149772,13.0350737148939,29.0992792721913
"gene-AM1_RS05245",144.979533919648,226.240550848563,85.0636506428189,79.2182559910259,156.420884578727,93.1176936710121
"gene-AM1_RS42035",630.545909428311,709.005820769513,1140.62622452871,1283.45856605616,1399.64104013674,1342.44675042376
"gene-AM1_RS05250",104.70744116419,83.7268180305706,63.31442178528,44.8289355608131,55.3990632882993,52.3787026899443
"gene-AM1_RS37485",569.562454684332,713.459374920075,500.715579920229,559.44055199864,567.025706597887,630.484384230811
"gene-AM1_RS37490",564.959929797994,833.705336985256,752.523318470847,868.944435870555,832.615333538851,869.098474262779
"gene-AM1_RS05265",151.883321249155,179.032876852603,181.726890009659,232.127912903936,311.212384943093,279.353081013036
"gene-AM1_RS05270",18.4100995453521,36.5191440346106,19.8159640702021,68.1645458527432,17.9232263579792,65.9583663503002
"gene-AM1_RS05280",5756.6080015873,5118.91514065627,2289.4688244036,1729.29154163356,5492.65418661344,2549.09686424396
"gene-AM1_RS05285",219.770563322641,241.382634960475,113.095990059202,124.047191551839,202.043642580856,382.170534441445
"gene-AM1_RS05290",9.20504977267607,24.0491924130362,5.79979436201038,20.2651352535182,26.0701474297879,73.7181741562179
"gene-AM1_RS05295",12.6569434374296,41.8634090152853,16.4327506923627,65.7081658220137,22.8113790010644,193.995195147942
"gene-AM1_RS05300",8.05441855109156,21.3770599226989,12.082904920855,53.4262656683663,11.4056895005322,114.457165137286
"gene-AM1_RS05305",10.3556809942606,25.8306140732611,16.9160668891969,53.4262656683663,19.5526105723409,143.556444409477
"gene-AM1_RS05310",13.8075746590141,29.393457393711,15.4661182986943,38.6879854839894,8.14692107180872,135.796636603559
"gene-AM1_RS05315",32.2176742043662,24.9399032431487,26.5823908258809,20.8792302612006,21.1819947867027,38.7990390295884
"gene-AM1_RS05320",27.6151493180282,28.5027465635985,34.7987661720623,61.4095007682371,47.2521422164906,50.4387507384649
"gene-AM1_RS05325",37.9708303122888,89.0710830112453,36.7320309593991,144.92642181304,17.9232263579792,180.415531487586
"gene-AM1_RS05330",20.7113619885212,28.5027465635985,13.0495373145234,30.7047503841186,13.0350737148939,21.3394714662736
"gene-AM1_RS40835",12.6569434374296,19.595638262474,6.76642675567878,9.21142511523557,8.14692107180872,17.4595675633148
"gene-AM1_RS05335",101.255547499437,129.153070366306,101.496401335182,167.647937097287,180.861647794154,292.932744673392
"gene-AM1_RS05345",79.3935542893311,41.8634090152853,124.695578783223,93.9565361754028,55.3990632882993,64.0184143988208
"gene-AM1_RS05355",56.3809298576409,31.1748790539359,49.2982520770882,51.5839806453192,34.2170685015966,27.1593273207119
"gene-AM1_RS05360",11.5063122158451,18.7049274323615,24.6491260385441,21.493325268883,16.2938421436174,27.1593273207119
"gene-AM1_RS05365",18.4100995453521,32.0655898840483,37.2153471562333,22.1074202765654,30.9583000728731,19.3995195147942
"gene-AM1_RS05370",19.5607307669366,13.3606624516868,23.1991774480415,25.7919903226596,17.9232263579792,17.4595675633148
"gene-AM1_RS05375",196.757938890951,305.513814728572,104.879614713021,323.013974040927,187.3791846516,215.334666614215
"gene-AM1_RS05380",209.414882328381,245.836189111037,86.0302830364873,92.1142511523556,74.9516738606402,118.337069040245
"gene-AM1_RS05385",55.2302986360564,63.2404689379842,50.2648844707566,56.4967407067781,71.6929054319167,64.0184143988208
"gene-AM1_RS05390",26.4645180964437,31.1748790539359,212.175810410213,274.50046843402,9.77630528617046,17.4595675633148
"gene-AM1_RS05395",3.45189366475353,8.90710830112453,7.24974295251297,6.14095007682371,6.51753685744697,0
"gene-AM1_RS05400",10.3556809942606,14.2513732817993,16.4327506923627,14.7382801843769,11.4056895005322,27.1593273207119
"gene-AM1_RS05405",29.9164117611972,24.0491924130362,27.5490232195493,26.406085330342,16.2938421436174,23.279423417753
"gene-AM1_RS05410",85.1467103972536,94.4153479919201,72.4974295251297,117.906241475015,91.2455160042576,96.9975975739709
"gene-AM1_RS05415",34.5189366475353,49.8798064862974,28.9989718100519,30.7047503841186,27.6995316441496,27.1593273207119
"gene-AM1_RS05420",1338.18411070278,1216.71099393361,715.307971314613,1136.68985922007,964.595454902152,1767.29622779775
"gene-AM1_RS05425",2525.635531378,1790.32876852603,904.767920473619,1241.70010553375,1233.44385027184,1856.5340175658
"gene-AM1_RS05430",1292.1588618394,1020.75461130887,763.639590998033,1195.02888494989,987.406833903216,1293.94795163677
"gene-AM1_RS05435",1838.70869209204,1709.2740829858,1538.39545452325,1895.0971937078,2000.88381523622,3261.0592304369
"gene-AM1_RS05445",133.473221703803,161.218660250354,166.260771710964,185.456692320076,148.273963506919,219.214570517174
"gene-AM1_RS05455",83.9960791756691,56.1147822970846,100.046452744679,121.590811521109,61.9166001457463,65.9583663503002
"gene-AM1_RS05460",21.8619932101057,7.12568664089963,15.4661182986943,16.580565207424,1.62938421436174,15.5196156118353
"gene-AM1_RS05465",24.1632556532747,9.79781913123699,23.6824936448757,35.0034154378951,11.4056895005322,11.6397117088765
"gene-AM1_RS05470",29.9164117611972,26.7213249033736,32.8655013847255,39.9161754993541,29.3289158585114,54.3186546414237
"gene-AM1_RS05475",11.5063122158451,10.6885299613494,15.4661182986943,23.3356102919301,17.9232263579792,9.69975975739709
"gene-AM1_RS05480",13.8075746590141,14.2513732817993,15.9494344955285,15.3523751920593,8.14692107180872,9.69975975739709
"gene-AM1_RS05490",57.5315610792254,71.2568664089963,56.064678832767,51.5839806453192,60.2872159313845,64.0184143988208
"gene-AM1_RS05495",43.7239864202113,97.9781913123699,68.147583753622,206.950017588959,66.8047527888315,201.755002953859
"gene-AM1_RS42820",120.816278266373,167.453636061141,191.393213946343,249.322573119043,187.3791846516,203.694954905339
"gene-AM1_RS05515",75.9416606245776,96.196769652145,119.862416814881,102.553866282956,92.8749002186194,50.4387507384649
"gene-AM1_RS39675",17.2594683237676,18.7049274323615,35.2820823688965,28.8624653610714,22.8113790010644,32.9791831751501
"gene-AM1_RS05530",44.8746176417958,39.191276524948,46.8816710929172,46.0571255761778,37.4758369303201,17.4595675633148
"gene-AM1_RS05535",193.306045226197,155.874395269679,165.77745551413,149.225086866816,175.973495151068,159.076060021312
"gene-AM1_RS05540",31.0670429827817,11.5792407914619,38.6652957467359,31.3188453918009,42.3639895734053,42.6789429325472
"gene-AM1_RS05545",775.525443347959,755.32278393536,642.810541789484,800.165795010129,1026.5120550479,1173.67093064505
"gene-AM1_RS05550",606.382653775036,581.634172063432,477.516402472188,383.809379801482,505.10910645214,581.985585443825
"gene-AM1_RS05555",1147.17932791975,1140.10986254394,599.312084074406,396.705374962812,987.406833903216,502.447555433169
"gene-AM1_RS05560",559.206773690071,482.76526992095,285.156556132177,319.329403994833,591.466469813313,277.413129061557
"gene-AM1_RS05565",2661.41001552497,2034.38353597684,1291.42087794098,1593.57654493575,2553.24506390485,1169.79102674209
"gene-AM1_RS05570",2885.78310373395,2266.85906263619,1145.45938649705,1324.60293157087,2272.99097903463,1214.40992162612
"gene-AM1_RS05575",5260.68594508437,5033.40690096547,1337.33591664023,1120.72338902033,2792.76454341603,2000.09046197528
"gene-AM1_RS05580",2930.65772137574,2092.27973993415,878.185529647738,1265.03571582568,2041.61842059526,1055.3338616048
"gene-AM1_RS05585",5972.92667124518,5382.56554636956,1656.80792274763,1872.37567842355,4091.38376226234,2814.87028159664
"gene-AM1_RS05590",5143.32156048275,3781.06747382736,1696.92316708487,1863.778348316,3270.17411822402,1813.85507463326
"gene-AM1_RS05595",2508.37606305423,1743.12109453007,1158.99224000841,1041.5051330293,2057.91226273888,1208.59006577168
"gene-AM1_RS38525",478.662588179156,428.43190928409,209.759229426042,164.577462058875,330.764995515434,236.674138080489
"gene-AM1_RS05600",1516.53195004838,947.71632323965,952.132907763371,874.471290939696,1443.6344139245,946.696552321956
"gene-AM1_RS05605",174.895945680845,170.125768551479,150.311337215436,148.610991859134,138.497658220748,174.595675633148
"gene-AM1_RS05610",147.280796362817,139.841600327655,109.229460484529,79.2182559910259,189.008568865962,133.85668465208
"gene-AM1_RS05615",265.795812186021,201.300647605414,231.508458283581,191.5976423969,246.037016368623,178.475579536106
"gene-AM1_RS05620",49.4771425281339,48.9890956561849,46.8816710929172,30.7047503841186,35.8464527159584,50.4387507384649
"gene-AM1_RS05625",167.992158351338,174.579322702041,148.861388624933,128.345856605616,215.07871629575,205.634906856818
"gene-AM1_RS05630",248.536343862254,327.781585481383,213.142442803881,275.114563441702,332.394379729796,345.311447363336
"gene-AM1_RS05635",172.594683237676,105.10387795327,193.809794930514,240.725243011489,257.442705869155,228.914330274571
"gene-AM1_RS05640",17.2594683237676,15.1420841119117,24.1658098417099,16.580565207424,17.9232263579792,25.2193753692324
"gene-AM1_RS05645",4.60252488633803,11.5792407914619,8.69969154301557,8.59733010755319,14.6644579292557,7.75980780591767
"gene-AM1_RS05650",24.1632556532747,24.9399032431487,37.2153471562333,34.3893204302128,32.5876842872349,19.3995195147942
"gene-AM1_RS05655",24.1632556532747,32.9563007141608,17.3993830860311,12.8959951613298,16.2938421436174,17.4595675633148
"gene-AM1_RS05660",12.6569434374296,12.4699516215743,8.69969154301557,14.1241851766945,9.77630528617046,3.87990390295884
"gene-AM1_RS05665",207.113619885212,344.705091253519,119.862416814881,218.003727727242,125.462584505854,155.196156118353
"gene-AM1_RS05670",83.9960791756691,142.513732817993,47.8483034865856,30.0906553764362,27.6995316441496,44.6188948840266
"gene-AM1_RS05675",410.77534610567,268.103959863848,222.808766740565,298.450173733632,446.451274735118,289.052840770433
"gene-AM1_RS05680",447.595545196374,488.109534901624,339.771286374441,300.292458756679,402.457900947351,275.473177110077
"gene-AM1_RS05685",2663.71127796814,2904.60801699671,651.026917135665,1089.40454362853,2209.44499467452,1984.57084636344
"gene-AM1_RS05690",650.106640195247,904.962203394253,153.211234396441,130.802236636345,268.848395369688,209.514810759777
"gene-AM1_RS05695",747.91029402993,660.90743594344,478.96635106269,405.916800078047,659.900606816506,438.429141034348
"gene-AM1_RS05700",82.8454479540846,102.431745462932,65.731002769451,79.2182559910259,58.6578317170228,135.796636603559
"gene-AM1_RS05705",66.7366108519015,75.7104205595585,126.145527373726,96.4129162061323,219.966868938835,98.9375495254503
"gene-AM1_RS05710",33718.0973173124,19135.1407633058,47687.8425092367,31217.5197155333,62452.6675522713,30575.5827072671
"gene-AM1_RS05715",44.8746176417958,43.6448306755102,100.046452744679,47.2853155915426,50.510910645214,31.0392312236707
"gene-AM1_RS05720",2096.45008572697,1253.23013796822,3134.78885266661,3479.46231352831,4060.42546218946,3039.90470796825
"gene-AM1_RS05725",177.197208124014,194.174960964515,350.404242704794,206.335922581277,303.065463871284,211.454762711257
"gene-AM1_RS05735",424.582920764684,382.114946118243,592.545657318727,445.218880569719,591.466469813313,624.664528376373
"gene-AM1_RS05740",498.223318946092,367.863572836443,73.4640619187981,74.9195909372493,288.401005942029,232.79423417753
"gene-AM1_RS05745",147.280796362817,58.7869147874219,199.609589292524,144.312326805357,255.813321654794,172.655723681668
"gene-AM1_RS05750",12.6569434374296,9.79781913123699,12.5662211176892,7.98323509987082,14.6644579292557,11.6397117088765
"gene-AM1_RS05755",39.1214615338733,39.191276524948,49.7815682739224,58.9531207375076,68.4341370031932,56.2586065929031
"gene-AM1_RS05765",27.6151493180282,21.3770599226989,23.6824936448757,20.2651352535182,35.8464527159584,29.0992792721913
"gene-AM1_RS05770",19.5607307669366,16.9235057721366,23.6824936448757,14.7382801843769,19.5526105723409,15.5196156118353
"gene-AM1_RS05780",44.8746176417958,25.8306140732611,39.1486119435701,39.3020804916717,48.8815264308523,25.2193753692324
"gene-AM1_RS05785",26.4645180964437,29.393457393711,28.9989718100519,33.161130414848,32.5876842872349,34.9191351266295
"gene-AM1_RS05790",27.6151493180282,30.2841682238234,33.3488175815597,25.1778953149772,39.1052211446818,23.279423417753
"gene-AM1_RS05800",18.4100995453521,15.1420841119117,25.1324422353783,25.7919903226596,22.8113790010644,13.5796636603559
"gene-AM1_RS43060",74.791029402993,15.1420841119117,27.0657070227151,14.7382801843769,19.5526105723409,5.81985585443825
"gene-AM1_RS05810",49.4771425281339,39.191276524948,46.398354896083,31.3188453918009,29.3289158585114,25.2193753692324
"gene-AM1_RS05820",334.833685481092,142.513732817993,189.459949159006,135.714996697804,202.043642580856,89.2377897680532
"gene-AM1_RS05825",241.632556532747,229.803394169013,174.96046325398,112.993481413556,228.113790010644,201.755002953859
"gene-AM1_RS05830",47.1758800849648,68.5847339186589,45.4317225024146,37.4597954686246,37.4758369303201,52.3787026899443
"gene-AM1_RS05835",60.983454743979,78.3825530498959,113.095990059202,90.2719661293085,58.6578317170228,54.3186546414237
"gene-AM1_RS05840",69.0378732950705,48.9890956561849,58.9645760137722,51.5839806453192,66.8047527888315,65.9583663503002
"gene-AM1_RS05855",54.0796674144719,31.1748790539359,39.1486119435701,38.073890476307,42.3639895734053,40.7389909810678
"gene-AM1_RS05860",44.8746176417958,30.2841682238234,43.981773911912,70.6209258834727,47.2521422164906,48.4987987869854
"gene-AM1_RS05865",23.0126244316902,35.6284332044981,28.5156556132177,58.9531207375076,32.5876842872349,50.4387507384649
"gene-AM1_RS05870",86.2973416188381,67.6940230885465,46.8816710929172,41.7584605224012,61.9166001457463,44.6188948840266
"gene-AM1_RS44395",12.6569434374296,8.01639747101208,8.21637534618137,6.14095007682371,13.0350737148939,1.93995195147942
"gene-AM1_RS05875",60.983454743979,69.4754447487714,76.8472752966375,70.0068308757903,84.7279791468107,69.838270253259
"gene-AM1_RS05885",49.4771425281339,44.5355415056227,52.6814654549276,47.8994105992249,43.9933737877671,48.4987987869854
"gene-AM1_RS05890",142.678271476479,103.322456293045,100.529768941513,84.7451110601672,109.168742362237,89.2377897680532
"gene-AM1_RS05895",35.6695678691198,14.2513732817993,24.6491260385441,19.6510402458359,11.4056895005322,11.6397117088765
"gene-AM1_RS05900",34.5189366475353,12.4699516215743,24.6491260385441,28.2483703533891,19.5526105723409,17.4595675633148
"gene-AM1_RS05905",82.8454479540846,50.7705173164098,101.979717532016,100.097486252226,107.539358147875,79.5380300106561
"gene-AM1_RS05910",25.3138868748592,16.0327949420242,17.3993830860311,11.0537101382827,11.4056895005322,3.87990390295884
"gene-AM1_RS05915",29.9164117611972,27.6120357334861,24.6491260385441,29.4765603687538,32.5876842872349,21.3394714662736
"gene-AM1_RS05920",56.3809298576409,44.5355415056227,88.9301802174925,68.7786408604256,52.1402948595758,50.4387507384649
"gene-AM1_RS05925",13.8075746590141,13.3606624516868,17.8826992828653,24.5638003072948,14.6644579292557,11.6397117088765
"gene-AM1_RS37500",23.0126244316902,24.9399032431487,31.4155527942229,46.6712205838602,39.1052211446818,56.2586065929031
"gene-AM1_RS05940",23.0126244316902,22.2677707528113,19.3326478733679,14.7382801843769,8.14692107180872,13.5796636603559
"gene-AM1_RS05945",466.005644741726,203.972780095752,266.790540652477,311.346168894962,301.436079656923,285.172936867474
"gene-AM1_RS05950",1762.76703146747,407.054849361391,553.880361571991,442.76250053899,399.199132518627,599.44515300714
"gene-AM1_RS05955",3011.20190688666,684.065917526364,781.522290280899,790.954369894894,656.641838387783,880.738185971656
"gene-AM1_RS05960",28.7657805396127,10.6885299613494,10.6329563303524,6.14095007682371,3.25876842872349,1.93995195147942
"gene-AM1_RS05965",11.5063122158451,9.79781913123699,7.24974295251297,6.75504508450608,0,1.93995195147942
"gene-AM1_RS05970",14.9582058805986,7.12568664089963,19.3326478733679,13.5100901690122,11.4056895005322,9.69975975739709
"gene-AM1_RS05975",14.9582058805986,9.79781913123699,11.1162725271866,13.5100901690122,30.9583000728731,7.75980780591767
"gene-AM1_RS38540",20.7113619885212,12.4699516215743,17.3993830860311,7.98323509987082,21.1819947867027,17.4595675633148
"gene-AM1_RS43065",58.6821923008099,42.7541198453978,35.2820823688965,58.3390257298252,30.9583000728731,52.3787026899443
"gene-AM1_RS05990",554.604248803733,714.350085750188,358.620618050975,207.564112596641,474.150806379267,420.969573471034
"gene-AM1_RS05995",300.314748833557,280.573911485423,219.425553362726,124.047191551839,272.107163798411,199.81505100238
"gene-AM1_RS06000",278.452755623451,226.240550848563,237.308252645591,190.369452381535,193.896721509047,205.634906856818
"gene-AM1_RS06005",101.255547499437,91.7432155015827,104.879614713021,65.0940708143313,89.6161317898959,58.1985585443825
"gene-AM1_RS06010",1216.21720121483,931.683528297626,1216.99018362851,908.246516362227,1564.20884578727,1332.74699066636
"gene-AM1_RS06015",1338.18411070278,1316.47060690621,1136.75969495403,743.669054303351,2303.94927910751,1472.42353117288
"gene-AM1_RS06020",207.113619885212,189.721406813953,120.82904920855,72.4632109065198,167.82657407926,79.5380300106561
"gene-AM1_RS06025",94.3517601699297,86.398950520908,69.5975323441245,55.8826456990958,83.0985949324489,83.417933913615
"gene-AM1_RS06030",141.527640254895,119.355251235069,72.9807457219639,84.1310160524848,76.5810580750019,58.1985585443825
"gene-AM1_RS06035",25245.9996327857,14644.1767578788,17387.3001811103,27155.2812397144,23490.8322184533,14615.5980024459
"gene-AM1_RS06040",25.3138868748592,30.2841682238234,19.8159640702021,19.6510402458359,24.4407632154262,9.69975975739709
"gene-AM1_RS06045",34.5189366475353,36.5191440346106,20.7825964638705,11.0537101382827,11.4056895005322,7.75980780591767
"gene-AM1_RS06050",253.138868748592,231.584815829238,279.356761770167,286.782368587667,290.03039015639,287.112888818954
"gene-AM1_RS06055",266.946443407606,286.80888729621,335.421440602934,274.50046843402,332.394379729796,355.011207120734
"gene-AM1_RS06060",319.875479600493,205.754201755977,240.208149826597,200.194972504453,356.835142945222,347.251399314816
"gene-AM1_RS06065",52.9290361928874,43.6448306755102,83.6137020523163,57.1108357144605,79.8398265037254,83.417933913615
"gene-AM1_RS06070",531.591624372043,373.207837817118,281.773342754338,170.104317128017,444.821890520756,283.232984915995
"gene-AM1_RS06075",612.135809882958,446.246125886339,414.201980686908,279.413228495479,604.501543528207,386.050438344404
"gene-AM1_RS06085",19579.140866482,13608.2800624581,29281.7117851999,20268.2057285567,42174.9810045394,20187.1400070948
"gene-AM1_RS06090",42228.1658321515,22497.5741469803,49855.5156520381,34962.8851673881,73793.181684229,38494.4665732061
"gene-AM1_RS06095",19114.2858529619,17036.6260475609,3933.71052603354,4770.90411468434,14107.208527944,8855.88065850354
"gene-AM1_RS06100",2853.56542952958,1624.65655412512,1432.06589121973,1274.24714094092,2256.69713689101,1392.88550116222
"gene-AM1_RS06105",1272.59813107247,935.246371618076,585.779230563048,358.631484486505,796.768880822893,426.789429325472
"gene-AM1_RS42050",86.2973416188381,59.6776256175344,26.0990746290467,12.8959951613298,35.8464527159584,17.4595675633148
"gene-AM1_RS06110",392.365246560317,361.628597025656,195.259743521016,146.154611828404,208.561179438303,102.817453428409
"gene-AM1_RS06115",1433.6865020943,1447.40509893274,1133.85979777303,1053.78703318295,1676.63635657823,944.756600370477
"gene-AM1_RS06120",347.490628918522,345.595802083632,200.092905489358,110.537101382827,241.148863725538,199.81505100238
"gene-AM1_RS06125",1110.35912882905,1171.28474159788,981.615195770257,1459.08973825331,1777.65817786866,2896.34826355877
"gene-AM1_RS06130",599.478866445529,733.055013182549,315.122160335897,349.420059371269,496.962185380332,622.724576424893
"gene-AM1_RS06135",107.008703607359,141.62302198788,80.7138048713111,46.6712205838602,96.1336686473429,95.0576456224915
"gene-AM1_RS06140",93.2011289483452,58.7869147874219,98.5965041541764,79.2182559910259,120.574431862769,104.757405379889
"gene-AM1_RS06145",276.151493180282,166.562925231029,280.323394163835,320.557594010198,420.38112730533,438.429141034348
"gene-AM1_RS06150",8576.80512569093,363.410018685881,1535.49555734225,464.869920815555,2028.58334688037,506.327459336128
"gene-AM1_RS06155",7953.16300359212,206.644912586089,1503.59668835119,300.906553764362,1991.10750995005,289.052840770433
"gene-AM1_RS06160",234.72876920324,87.2896613510204,97.1465555636739,62.0235957759195,151.532731935642,96.9975975739709
"gene-AM1_RS06165",40.2720927554578,23.1584815829238,31.8988689910571,30.7047503841186,34.2170685015966,36.8590870781089
"gene-AM1_RS06170",739.855875478839,637.748954360517,679.542572748883,610.410437636277,918.972696900023,935.056840613079
"gene-AM1_RS06175",149.582058805986,73.0382880692212,176.410411844482,144.92642181304,202.043642580856,176.535627584627
"gene-AM1_RS06180",13.8075746590141,45.4262523357351,21.2659126607047,62.6376907836018,9.77630528617046,96.9975975739709
"gene-AM1_RS06185",105.858072385775,138.06017866743,142.578278066089,150.453276882181,169.455958293621,151.316252215395
"gene-AM1_RS06190",121.966909487958,158.546527760017,199.609589292524,378.282524732341,324.247458657987,320.092071994104
"gene-AM1_RS06195",104.70744116419,141.62302198788,133.395270326239,146.154611828404,185.749800437239,190.115291244983
"gene-AM1_RS06200",613.286441104543,1073.30655028551,462.050284173494,1144.05899931226,834.244717753213,1916.67252806166
"gene-AM1_RS06205",751.362187694684,1011.84750300775,604.145246042748,1824.47626782432,837.503486181936,1678.0584380297
"gene-AM1_RS06210",691.52936417229,774.918422197835,547.113934816312,1620.59672527378,751.146122820764,1292.00799968529
"gene-AM1_RS06215",2374.90284135043,2435.20340952745,1780.53686913719,5494.30803373417,2877.49252256284,3996.3010200476
"gene-AM1_RS06220",1829.50364231937,1136.54701922349,1837.56818036362,1666.03975584227,3066.5010914288,2254.22416761908
"gene-AM1_RS06225",93.2011289483452,77.4918422197835,104.879614713021,67.5504508450608,114.056895005322,71.7782222047385
"gene-AM1_RS06230",302.616011276726,211.098466736651,279.356761770167,138.171376728533,286.771621727667,170.715771730189
"gene-AM1_RS06235",4878.67637951832,279.68320065531,6004.72042946808,253.007143165137,8112.70400330712,366.65091882961
"gene-AM1_RS06240",642.052221644156,413.289825172178,524.881389761939,251.778953149772,655.012454173421,448.128900791746
"gene-AM1_RS06245",59.8328235223944,46.3169631658476,38.6652957467359,19.6510402458359,27.6995316441496,32.9791831751501
"gene-AM1_RS06250",385.46145923081,293.93457393711,231.991774480415,154.751941935957,418.751743090968,298.75260052783
"gene-AM1_RS06255",31.0670429827817,38.3005656948355,31.8988689910571,22.1074202765654,29.3289158585114,40.7389909810678
"gene-AM1_RS06260",241.632556532747,191.502828474177,143.061594262923,126.503571582568,218.337484724474,153.256204166874
"gene-AM1_RS06265",118.515015823204,97.0874804822574,84.0970182491505,59.56721574519,115.686279219684,56.2586065929031
"gene-AM1_RS06270",185.251626675106,149.639419458892,115.512571043373,102.553866282956,167.82657407926,133.85668465208
"gene-AM1_RS06275",326.77926693,395.475608569929,239.724833629762,429.86650537766,422.010511519692,516.027219093525
"gene-AM1_RS06280",135.774484146972,138.950889497543,75.8806429029691,55.2685506914134,101.021821290428,44.6188948840266
"gene-AM1_RS06285",164.540264686585,156.765106099792,130.978689342068,87.815586098579,151.532731935642,122.216972943203
"gene-AM1_RS06290",140.37700903331,156.765106099792,147.894756231265,117.906241475015,172.714726722345,230.854282226051
"gene-AM1_RS06295",20.7113619885212,43.6448306755102,14.0161697081918,71.8491158988374,16.2938421436174,85.3578858650944
"gene-AM1_RS06300",74.791029402993,115.792407914619,85.5469668396531,73.0773059142022,65.1753685744697,54.3186546414237
"gene-AM1_RS06305",385.46145923081,523.737968106123,447.550798268468,288.624653610714,417.122358876606,465.58846835506
"gene-AM1_RS06310",147.280796362817,219.114864207664,323.821851878913,367.228814594058,229.743174225006,300.69255247931
"gene-AM1_RS06315",273.850230737113,212.879888396876,1052.66267670488,1007.11581259909,563.766938169163,537.366690559799
"gene-AM1_RS06320",41578.0591919562,31458.1250979116,144766.250489157,119838.184369184,90269.5148598549,76725.099681011
"gene-AM1_RS06325",466.005644741726,505.033040673761,363.453780019317,295.993793702903,334.023763944157,240.554041983448
"gene-AM1_RS06330",628.244646985142,559.366401310621,359.103934247809,319.943499002515,617.536617243101,558.706162026072
"gene-AM1_RS06335",15830.3843465597,10459.6172780105,13914.6733068566,11341.7206968857,28149.2416873135,27692.8141073687
"gene-AM1_RS06340",64.4353484087325,48.9890956561849,50.2648844707566,55.8826456990958,55.3990632882993,56.2586065929031
"gene-AM1_RS06345",100.104916277852,154.092973609454,103.912982319353,123.433096544157,105.909973933513,95.0576456224915
"gene-AM1_RS06350",323.327373265247,326.89087465127,224.258715331068,198.352687481406,215.07871629575,190.115291244983
"gene-AM1_RS06355",173.745314459261,255.634008242274,155.627815380612,506.628381337956,241.148863725538,516.027219093525
"gene-AM1_RS06360",105.858072385775,99.7596129725948,54.6147302422644,41.7584605224012,63.545984360108,29.0992792721913
"gene-AM1_RS06365",601.780128888698,678.721652545689,388.586222254695,407.759085101094,676.194448960124,696.442750581111
"gene-AM1_RS06370",647.805377752078,701.880134128613,447.067482071633,515.225711445509,933.637154829279,688.682942775193
"gene-AM1_RS06375",143.828902698064,195.065671794627,169.160668891969,95.7988211984499,162.938421436174,161.016011972792
"gene-AM1_RS06380",327.929898151585,280.573911485423,500.232263723395,330.383114133116,415.492974662245,409.329861762157
"gene-AM1_RS06385",143.828902698064,211.098466736651,234.408355464586,298.450173733632,172.714726722345,192.055243196462
"gene-AM1_RS06390",164.540264686585,176.360744362266,275.006915998659,506.014286330274,247.666400582985,329.791831751501
"gene-AM1_RS06395",349.791891361691,513.940148974886,277.906813179664,230.285627880889,348.688221873413,358.891111023692
"gene-AM1_RS06400",56.3809298576409,94.4153479919201,95.6966069731713,73.0773059142022,74.9516738606402,98.9375495254503
"gene-AM1_RS06405",153.03395247074,260.978273222949,146.928123837596,194.054022427629,187.3791846516,252.193753692324
"gene-AM1_RS06410",6364.14128658392,13167.3782015524,8806.98773871276,25073.4991636712,9100.11083721034,28717.1087377498
"gene-AM1_RS06415",1133.37175326074,2990.11625668751,1619.10925939456,3104.25026383439,1676.63635657823,4265.95434130324
"gene-AM1_RS06420",922.806239710776,1815.26867176918,2157.04018647103,5852.325423213,1958.51982566282,4273.71414910916
"gene-AM1_RS06425",7823.14167555307,17533.6426907636,11631.004276815,46448.9181910792,15205.4134884238,42915.6170706277
"gene-AM1_RS06430",86.2973416188381,290.37173061666,75.8806429029691,113.607576421239,78.2104422893637,223.094474420133
"gene-AM1_RS06435",69.0378732950705,225.349840018451,38.1819795499017,109.923006375144,52.1402948595758,114.457165137286
"gene-AM1_RS06440",228.975613095317,249.399032431487,187.526684371669,189.14126236617,228.113790010644,215.334666614215
"gene-AM1_RS06445",1628.14317854208,1301.32852279429,946.816429598194,914.38746643905,1437.11687706706,818.659723524314
"gene-AM1_RS06450",6895.73291095596,14033.1491284217,6735.97783527822,9461.97587836997,11648.4677484721,14078.2313118861
"gene-AM1_RS06455",3000.8462258924,4646.83840069667,3594.90587205277,4826.17266537575,4863.7118798698,6192.3266291223
"gene-AM1_RS06460",112.761859715282,221.786996698001,124.695578783223,169.490222120334,149.90334772128,240.554041983448
"gene-AM1_RS06465",646.654746530494,998.48684055606,571.279744658022,461.799445777143,1091.68742362237,797.320252058041
"gene-AM1_RS06470",338.285579145845,709.896531599625,283.22329134484,242.567528034537,462.745116878735,335.611687605939
"gene-AM1_RS06475",71.3391357382395,105.994588783382,104.396298516187,74.9195909372493,130.350737148939,75.6581261076973
"gene-AM1_RS06480",365.900728463874,880.913010981216,188.493316765337,373.369764670882,285.142237513305,607.204960813058
"gene-AM1_RS06485",446.444913974789,637.748954360517,491.049255983545,472.853155915426,475.780190593629,560.646113977552
"gene-AM1_RS06490",7868.01629319487,717.022218240525,4064.68921537561,507.242476345638,4381.41415241873,277.413129061557
"gene-AM1_RS06495",37.9708303122888,519.28441395556,53.1647816517618,919.914321508192,70.063521217555,1592.7005521646
"gene-AM1_RS06500",96.6530226130987,831.033204494919,85.0636506428189,1075.28035845183,92.8749002186194,2135.88709857884
"gene-AM1_RS06505",17.2594683237676,99.7596129725948,25.6157584322125,108.69481635978,11.4056895005322,135.796636603559
"gene-AM1_RS06510",20.7113619885212,121.136672895294,27.0657070227151,57.1108357144605,37.4758369303201,110.577261234327
"gene-AM1_RS06515",211.71614477155,232.47552665935,152.244602002772,143.698231797675,218.337484724474,192.055243196462
"gene-AM1_RS06520",62.1340859655635,64.1311797680966,69.5975323441245,54.654455683731,81.4692107180872,58.1985585443825
"gene-AM1_RS06525",471.758800849648,319.765188010371,341.704551161778,298.450173733632,422.010511519692,393.810246150322
"gene-AM1_RS06530",52.9290361928874,55.2240714669721,49.7815682739224,46.6712205838602,21.1819947867027,38.7990390295884
"gene-AM1_RS06535",72.489766959824,159.437238590129,82.1637534618137,230.285627880889,48.8815264308523,333.67173565446
"gene-AM1_RS06540",394.666509003486,323.328031330821,265.823908258809,533.034466668298,250.925169011708,242.493993934927
"gene-AM1_RS06545",14.9582058805986,17.8142166022491,18.8493316765337,16.580565207424,1.62938421436174,7.75980780591767
"gene-AM1_RS06550",43.7239864202113,44.5355415056227,52.6814654549276,51.5839806453192,66.8047527888315,48.4987987869854
"gene-AM1_RS06555",57.5315610792254,50.7705173164098,64.2810541789484,60.1813107528724,83.0985949324489,44.6188948840266
"gene-AM1_RS06560",29.9164117611972,32.0655898840483,44.4650901087462,26.406085330342,27.6995316441496,40.7389909810678
"gene-AM1_RS06565",12.6569434374296,12.4699516215743,17.8826992828653,26.406085330342,16.2938421436174,7.75980780591767
"gene-AM1_RS06570",13.8075746590141,11.5792407914619,14.9828021018601,18.4228502304711,30.9583000728731,11.6397117088765
"gene-AM1_RS06575",25.3138868748592,23.1584815829238,23.6824936448757,23.3356102919301,35.8464527159584,21.3394714662736
"gene-AM1_RS06580",178.347839345599,193.284250134402,190.426581552674,146.768706836087,203.673026795218,122.216972943203
"gene-AM1_RS06585",1465.90417629866,1574.77674763882,2320.40106100099,1828.16083787042,1616.34914064685,1718.79742901076
"gene-AM1_RS06590",29.9164117611972,57.005493127197,26.5823908258809,35.0034154378951,8.14692107180872,21.3394714662736
"gene-AM1_RS06595",19.5607307669366,41.8634090152853,24.6491260385441,29.4765603687538,19.5526105723409,25.2193753692324
"gene-AM1_RS06600",214.017407214719,350.940067064307,154.177866790109,465.484015823237,281.883469084582,968.036023788229
"gene-AM1_RS06605",46.0252488633803,123.808805385631,60.4145246042748,133.872711674757,52.1402948595758,296.812648576351
"gene-AM1_RS06610",165.690895908169,146.967286968555,143.061594262923,154.751941935957,229.743174225006,180.415531487586
"gene-AM1_RS06615",79.3935542893311,104.213167123157,89.8968126111609,87.815586098579,89.6161317898959,79.5380300106561
"gene-AM1_RS06620",48.3265113065494,67.6940230885465,75.3973267061349,41.1443655147189,47.2521422164906,65.9583663503002
"gene-AM1_RS06630",1289.85759939623,728.601459031987,1050.24609572071,1086.33406859011,1337.72443999099,913.717369146806
"gene-AM1_RS06635",586.821923008099,586.087726213994,1014.96401335182,1239.85782051071,969.483607545237,1076.67333307108
"gene-AM1_RS06645",579.918135678592,839.940312796044,380.369846908514,635.588332951254,329.135611301072,549.006402268675
"gene-AM1_RS06650",131.171959260634,205.754201755977,115.029254846539,126.503571582568,171.085342507983,178.475579536106
"gene-AM1_RS06655",78.2429230677466,88.1803721811329,61.3811569979432,98.2552012291794,117.315663434046,118.337069040245
"gene-AM1_RS06660",150.732690027571,124.699516215743,249.391157566446,278.799133487796,420.38112730533,269.653321255639
"gene-AM1_RS06665",44.8746176417958,43.6448306755102,29.4822880068861,28.2483703533891,34.2170685015966,29.0992792721913
"gene-AM1_RS06670",432.637339315775,1415.33950904869,197.676324505187,927.897556608063,159.679653007451,977.735783545627
"gene-AM1_RS06675",44.8746176417958,157.655816929904,73.9473781156323,73.0773059142022,53.7696790739375,60.138510495862
"gene-AM1_RS06680",4396.56189767441,5263.21029513449,8767.35581057236,11212.1466502647,17861.3097578334,14206.2681406838
"gene-AM1_RS06685",128.870696817465,142.513732817993,190.426581552674,266.517233334149,99.3924370760663,256.073657595283
"gene-AM1_RS06690",51.7784049713029,62.3497581078717,64.2810541789484,92.1142511523556,34.2170685015966,44.6188948840266
"gene-AM1_RS06695",266.946443407606,265.431827373511,339.771286374441,341.436824271398,278.624700655858,358.891111023692
"gene-AM1_RS06700",57.5315610792254,48.0983848260725,76.8472752966375,71.235020891155,66.8047527888315,71.7782222047385
"gene-AM1_RS06705",32.2176742043662,21.3770599226989,29.9656042037203,31.3188453918009,45.6227580021288,17.4595675633148
"gene-AM1_RS06710",28.7657805396127,16.9235057721366,27.5490232195493,16.580565207424,21.1819947867027,19.3995195147942
"gene-AM1_RS06715",398.11840266824,531.754365577135,283.706607541674,243.181623042219,391.052211446818,360.831062975172
"gene-AM1_RS06720",1572.91287990602,1107.15356182978,378.436582121177,421.269175270107,1244.84953977237,772.100876688808
"gene-AM1_RS06725",21450.0672327784,11462.5576727172,13849.9089364808,16729.7902942908,20976.6923756931,16314.9959119419
"gene-AM1_RS06730",13621.1724011174,4841.01336166118,5672.19888604615,5729.50642167652,8332.67087224596,7387.33703123362
"gene-AM1_RS06735",146.130165141233,66.803312258434,100.046452744679,55.8826456990958,94.5042844329811,54.3186546414237
"gene-AM1_RS06740",1264.54371252137,491.672378222074,1564.4945291523,817.974550232918,1670.11881972079,727.481981804782
"gene-AM1_RS39685",66.7366108519015,47.20767399596,46.398354896083,36.2316054532599,45.6227580021288,48.4987987869854
"gene-AM1_RS06755",830.755741984015,626.169713569055,573.696325642193,1053.17293817527,1104.72249733726,1425.86468433737
"gene-AM1_RS06760",113.912490936866,173.688611871928,151.277969609104,148.610991859134,184.120416222877,168.775819778709
"gene-AM1_RS06775",18.4100995453521,27.6120357334861,22.2325450543731,24.5638003072948,21.1819947867027,15.5196156118353
"gene-AM1_RS06780",13.8075746590141,12.4699516215743,6.28311055884458,4.91276006145897,4.88815264308523,9.69975975739709
"gene-AM1_RS06785",6.90378732950705,17.8142166022491,7.73305914934717,6.14095007682371,4.88815264308523,1.93995195147942
"gene-AM1_RS06790",39.1214615338733,47.20767399596,36.7320309593991,24.5638003072948,19.5526105723409,32.9791831751501
"gene-AM1_RS06795",39.1214615338733,46.3169631658476,41.5651929277411,28.8624653610714,34.2170685015966,34.9191351266295
"gene-AM1_RS06800",32.2176742043662,36.5191440346106,21.7492288575389,20.2651352535182,19.5526105723409,13.5796636603559
"gene-AM1_RS06805",173.745314459261,192.39353930429,154.661182986943,104.396151306003,275.365932227135,201.755002953859
"gene-AM1_RS06810",1195.5058392263,714.350085750188,944.883164810858,851.135680647766,1872.16246230164,1259.02881651014
"gene-AM1_RS06815",4924.7016283817,1392.18102746576,4124.13710758621,1070.98169339806,8345.70594596085,1691.63810169005
"gene-AM1_RS06820",138.075746590141,139.841600327655,244.557995598104,117.906241475015,219.966868938835,145.496396360956
"gene-AM1_RS06825",686.926839285952,529.082233086797,763.156274801199,897.192806223944,630.571690957995,531.546834705361
"gene-AM1_RS06830",6376.79823002135,6945.76305321691,8307.2387911862,9323.19040663376,6444.2145678007,9063.45551731184
"gene-AM1_RS06835",306.067904941479,233.366237489463,265.823908258809,237.040672965395,451.339427378203,314.272216139666
"gene-AM1_RS06840",416.528502213592,325.109452991045,298.689409643535,219.231917742606,612.648464600016,355.011207120734
"gene-AM1_RS06845",19.5607307669366,28.5027465635985,33.8321337783939,28.2483703533891,17.9232263579792,32.9791831751501
"gene-AM1_RS06850",39.1214615338733,72.1475772391087,52.6814654549276,167.033842089605,45.6227580021288,178.475579536106
"gene-AM1_RS06855",325.628635708416,201.300647605414,190.909897749508,282.483703533891,307.95361651437,228.914330274571
"gene-AM1_RS06860",58.6821923008099,168.344346891254,48.814935880254,63.8658807989666,78.2104422893637,89.2377897680532
"gene-AM1_RS06865",6074.18221874462,9837.90111859205,3920.17767252218,8863.23324587966,7682.54657071562,12217.8173904174
"gene-AM1_RS06870",788.182386785388,816.78183121312,537.930927076463,525.051231568427,754.404891249487,638.244192036728
"gene-AM1_RS06880",83.9960791756691,71.2568664089963,127.112159767394,100.711581259909,92.8749002186194,95.0576456224915
"gene-AM1_RS43080",648.956008973663,547.787160519159,774.272547328386,507.856571353321,586.578317170228,517.967171045005
"gene-AM1_RS39690",97.8036538346832,62.3497581078717,72.4974295251297,84.1310160524848,79.8398265037254,58.1985585443825
"gene-AM1_RS06900",47.1758800849648,15.1420841119117,37.6986633530675,25.7919903226596,37.4758369303201,25.2193753692324
"gene-AM1_RS06905",17.2594683237676,15.1420841119117,28.0323394163835,23.3356102919301,26.0701474297879,15.5196156118353
"gene-AM1_RS06910",43.7239864202113,31.1748790539359,68.147583753622,65.0940708143313,109.168742362237,65.9583663503002
"gene-AM1_RS06915",26.4645180964437,48.9890956561849,28.5156556132177,42.3725555300836,35.8464527159584,62.0784624473414
"gene-AM1_RS06920",81.6948167325001,423.978355133528,74.4306943124665,219.846012750289,102.65120550479,758.521213028452
"gene-AM1_RS06930",98.9542850562677,77.4918422197835,103.912982319353,103.167961290638,123.833200291493,145.496396360956
"gene-AM1_RS06935",104.70744116419,75.7104205595585,109.712776681363,125.889476574886,123.833200291493,79.5380300106561
"gene-AM1_RS06940",13.8075746590141,14.2513732817993,11.5995887240208,12.8959951613298,17.9232263579792,9.69975975739709
"gene-AM1_RS06950",218.619932101057,203.972780095752,226.191980118405,169.490222120334,244.407632154262,267.71336930416
"gene-AM1_RS06955",240.481925311162,265.431827373511,236.824936448757,281.255513518526,247.666400582985,246.373897837886
"gene-AM1_RS06960",579.918135678592,3512.0728031334,1853.03429866232,20351.7226496015,742.999201748955,3738.28741050084
"gene-AM1_RS06965",83.9960791756691,67.6940230885465,55.5813626359328,85.3592060678496,58.6578317170228,56.2586065929031
"gene-AM1_RS06970",2240.27898842504,750.869229784798,225.708663921571,289.238748618397,1065.61727619258,356.951159072213
"gene-AM1_RS06975",186.40225789669,155.874395269679,84.5803344459847,71.235020891155,184.120416222877,161.016011972792
"gene-AM1_RS06980",71.3391357382395,54.3333606368597,12.5662211176892,23.3356102919301,48.8815264308523,31.0392312236707
"gene-AM1_RS06985",269.247705850775,128.262359536193,69.1142161472903,85.3592060678496,216.708100510112,137.736588555039
"gene-AM1_RS06990",209.414882328381,128.262359536193,80.7138048713111,49.7416956222721,140.12704243511,104.757405379889
"gene-AM1_RS06995",121.966909487958,72.1475772391087,79.7471724776427,39.3020804916717,71.6929054319167,36.8590870781089
"gene-AM1_RS07000",239.331294089578,497.016643202749,239.241517432928,216.775537711877,303.065463871284,498.56765153021
"gene-AM1_RS07005",957.325176358311,1085.77650190708,911.051031032464,1062.99845829818,938.525307472364,1367.66612579299
"gene-AM1_RS42060",138.075746590141,70.3661555788838,130.978689342068,57.1108357144605,175.973495151068,44.6188948840266
"gene-AM1_RS07010",298.013486390388,198.628515115077,195.259743521016,71.235020891155,213.449332081388,114.457165137286
"gene-AM1_RS07015",13.8075746590141,11.5792407914619,15.4661182986943,14.1241851766945,8.14692107180872,7.75980780591767
"gene-AM1_RS07020",11.5063122158451,12.4699516215743,12.082904920855,14.7382801843769,14.6644579292557,15.5196156118353
"gene-AM1_RS07025",24.1632556532747,30.2841682238234,34.3154499752281,44.8289355608131,30.9583000728731,62.0784624473414
"gene-AM1_RS07035",90.8998665051762,73.0382880692212,75.8806429029691,84.7451110601672,73.3222896462784,104.757405379889
"gene-AM1_RS44400",35.6695678691198,31.1748790539359,56.5479950296012,47.8994105992249,19.5526105723409,27.1593273207119
"gene-AM1_RS07045",28.7657805396127,30.2841682238234,51.7148330612592,33.161130414848,42.3639895734053,25.2193753692324
"gene-AM1_RS07050",24.1632556532747,23.1584815829238,12.082904920855,14.1241851766945,16.2938421436174,5.81985585443825
"gene-AM1_RS07060",13.8075746590141,20.4863490925864,22.7158612512073,27.0201803380243,8.14692107180872,13.5796636603559
"gene-AM1_RS07065",133.473221703803,132.715913686756,156.59444777428,130.188141628663,130.350737148939,139.676540506518
"gene-AM1_RS07070",135.774484146972,95.3060588220325,85.5469668396531,68.1645458527432,167.82657407926,162.955963924271
"gene-AM1_RS07075",34.5189366475353,34.7377223743857,28.0323394163835,23.3356102919301,34.2170685015966,40.7389909810678
"gene-AM1_RS07080",54.0796674144719,85.5082396907955,68.147583753622,60.1813107528724,65.1753685744697,81.4779819621356
"gene-AM1_RS43905",27.6151493180282,28.5027465635985,30.4489204005545,15.9664701997416,32.5876842872349,25.2193753692324
"gene-AM1_RS07095",51.7784049713029,62.3497581078717,75.8806429029691,112.379386405874,61.9166001457463,58.1985585443825
"gene-AM1_RS07100",67.887242073486,57.005493127197,53.648097848596,55.8826456990958,48.8815264308523,58.1985585443825
"gene-AM1_RS07105",6.90378732950705,13.3606624516868,19.3326478733679,9.82552012291794,6.51753685744697,5.81985585443825
"gene-AM1_RS07115",25.3138868748592,4.45355415056227,12.082904920855,7.98323509987082,6.51753685744697,0
"gene-AM1_RS07130",197.908570112535,58.7869147874219,99.5631365478448,64.479975806649,123.833200291493,36.8590870781089
"gene-AM1_RS07135",371.653884571796,118.464540404956,184.626787190664,146.154611828404,259.072090083517,114.457165137286
"gene-AM1_RS07140",151.883321249155,41.8634090152853,103.429666122518,73.0773059142022,164.567805650536,67.8983183017796
"gene-AM1_RS07150",34.5189366475353,40.9726981851729,45.9150386992488,37.4597954686246,27.6995316441496,31.0392312236707
"gene-AM1_RS07160",74.791029402993,43.6448306755102,59.9312084074406,60.7954057605547,91.2455160042576,50.4387507384649
"gene-AM1_RS07165",19.5607307669366,15.1420841119117,10.6329563303524,6.75504508450608,14.6644579292557,9.69975975739709
"gene-AM1_RS07175",57.5315610792254,39.191276524948,26.5823908258809,36.8457004609423,45.6227580021288,48.4987987869854
"gene-AM1_RS07180",5.75315610792254,8.90710830112453,14.9828021018601,13.5100901690122,17.9232263579792,7.75980780591767
"gene-AM1_RS07185",26.4645180964437,25.8306140732611,51.7148330612592,37.4597954686246,40.7346053590436,44.6188948840266
"gene-AM1_RS07190",12.6569434374296,10.6885299613494,14.4994859050259,16.580565207424,14.6644579292557,15.5196156118353
"gene-AM1_RS39705",72.489766959824,62.3497581078717,77.8139076903059,89.0437761139438,53.7696790739375,79.5380300106561
"gene-AM1_RS07205",23.0126244316902,32.9563007141608,26.0990746290467,19.6510402458359,22.8113790010644,15.5196156118353
"gene-AM1_RS39710",31.0670429827817,32.0655898840483,25.1324422353783,17.1946602151064,17.9232263579792,3.87990390295884
"gene-AM1_RS07220",10.3556809942606,10.6885299613494,18.8493316765337,23.9497052996125,9.77630528617046,31.0392312236707
"gene-AM1_RS07225",86.2973416188381,41.8634090152853,157.077763971114,149.225086866816,58.6578317170228,85.3578858650944
"gene-AM1_RS07230",100.104916277852,65.9126014283216,183.176838600161,203.879542550547,78.2104422893637,98.9375495254503
"gene-AM1_RS07235",36.8201990907043,32.9563007141608,85.5469668396531,109.923006375144,39.1052211446818,36.8590870781089
"gene-AM1_RS07240",36.8201990907043,30.2841682238234,70.0808485409588,99.4833912445441,35.8464527159584,31.0392312236707
"gene-AM1_RS07245",62.1340859655635,57.8962039573095,64.7643703757826,57.1108357144605,65.1753685744697,60.138510495862
"gene-AM1_RS07250",60.983454743979,54.3333606368597,52.1981492580934,32.5470354071657,42.3639895734053,38.7990390295884
"gene-AM1_RS40890",156.485846135493,149.639419458892,221.358818150063,208.792302612006,211.819947867027,258.013609546763
"gene-AM1_RS44230",13.8075746590141,12.4699516215743,10.6329563303524,9.82552012291794,8.14692107180872,9.69975975739709
"gene-AM1_RS07260",49.4771425281339,37.409854864723,43.981773911912,38.6879854839894,50.510910645214,69.838270253259
"gene-AM1_RS07265",58.6821923008099,74.8197097294461,77.8139076903059,44.2148405531307,91.2455160042576,65.9583663503002
"gene-AM1_RS07270",2218.41699521493,1686.11560140287,1743.32152198095,2170.2117571495,2360.97772661017,2161.10647394807
"gene-AM1_RS07275",11.5063122158451,11.5792407914619,15.9494344955285,19.6510402458359,13.0350737148939,9.69975975739709
"gene-AM1_RS07280",90.8998665051762,41.8634090152853,164.810823120462,114.835766436603,117.315663434046,89.2377897680532
"gene-AM1_RS39715",65.585979630317,44.5355415056227,74.4306943124665,81.6746360217553,74.9516738606402,67.8983183017796
"gene-AM1_RS07295",8.05441855109156,42.7541198453978,15.4661182986943,24.5638003072948,8.14692107180872,56.2586065929031
"gene-AM1_RS07300",180.649101788768,1178.41042823878,769.922701556878,3579.55979978054,584.948932955866,2812.93032964516
"gene-AM1_RS07305",24.1632556532747,21.3770599226989,45.9150386992488,36.2316054532599,21.1819947867027,21.3394714662736
"gene-AM1_RS07310",25.3138868748592,39.191276524948,30.4489204005545,25.7919903226596,13.0350737148939,11.6397117088765
"gene-AM1_RS07315",121.966909487958,118.464540404956,113.095990059202,90.8860611369909,131.980121363301,85.3578858650944
"gene-AM1_RS07320",558.056142468487,654.672460132653,380.853163105348,172.560697158746,557.249401311716,339.491591508898
"gene-AM1_RS07325",364.750097242289,297.497417257559,369.736890578162,200.194972504453,293.289158585114,240.554041983448
"gene-AM1_RS07330",1053.97819897141,1173.95687408821,1173.49172591343,795.867129956353,1225.29692920003,1348.2666062782
"gene-AM1_RS07335",116.213753380035,91.7432155015827,126.145527373726,131.416331644027,118.945047648407,135.796636603559
"gene-AM1_RS07340",361.298203577536,1024.31745462932,684.375734717225,690.856883642667,524.661717024481,706.142510338508
"gene-AM1_RS07345",216.318669657888,411.508403511953,932.316943693168,1073.43807342878,721.817206962252,884.618089874615
"gene-AM1_RS07350",47.1758800849648,135.388046177093,181.243573812824,143.698231797675,145.015195078195,232.79423417753
"gene-AM1_RS07355",174.895945680845,198.628515115077,172.060566072975,233.356102919301,311.212384943093,498.56765153021
"gene-AM1_RS07360",228.975613095317,293.93457393711,174.477147057146,399.775850001224,241.148863725538,391.870294198842
"gene-AM1_RS07365",24.1632556532747,32.0655898840483,21.2659126607047,70.0068308757903,40.7346053590436,56.2586065929031
"gene-AM1_RS07370",737.55461303567,515.721570635111,504.098793298069,507.242476345638,646.865533101612,531.546834705361
"gene-AM1_RS07375",255.440131191761,292.153152276885,389.552854648364,263.446758295737,267.219011155326,199.81505100238
"gene-AM1_RS07380",494.771425281339,429.322620114203,409.368818718566,316.258928956421,628.942306743633,391.870294198842
"gene-AM1_RS07385",39.1214615338733,45.4262523357351,30.9322365973887,24.5638003072948,21.1819947867027,38.7990390295884
"gene-AM1_RS07390",266.946443407606,317.093055520033,286.60650472268,364.158339555646,392.68159566118,287.112888818954
"gene-AM1_RS07395",58.6821923008099,54.3333606368597,54.1314140454302,40.5302705070365,53.7696790739375,48.4987987869854
"gene-AM1_RS07400",391.214615338733,386.568500268805,279.840077967001,220.460107757971,479.038959022353,318.152120042625
"gene-AM1_RS07405",283.055280509789,407.945560191504,282.739975148006,370.29928963247,400.828516732989,535.426738608319
"gene-AM1_RS07410",52.9290361928874,111.338853764057,59.9312084074406,123.433096544157,34.2170685015966,182.355483439065
"gene-AM1_RS07415",2885.78310373395,8548.15183658922,5173.89988711009,15875.5841386047,4117.45390969213,13895.8758284471
"gene-AM1_RS07420",128.870696817465,121.136672895294,93.2800259890003,106.23843632905,114.056895005322,203.694954905339
"gene-AM1_RS07425",4006.49791355726,1524.89694115252,2195.22216602093,1182.74698479625,3842.08797746499,1299.76780749121
"gene-AM1_RS07430",18.4100995453521,13.3606624516868,23.6824936448757,12.8959951613298,11.4056895005322,7.75980780591767
"gene-AM1_RS07435",5.75315610792254,8.90710830112453,12.082904920855,9.82552012291794,1.62938421436174,7.75980780591767
"gene-AM1_RS07445",19.5607307669366,20.4863490925864,23.6824936448757,21.493325268883,29.3289158585114,31.0392312236707
"gene-AM1_RS07460",494.771425281339,598.557677835569,445.617533481131,545.930461829628,578.431396098419,653.763807648564
"gene-AM1_RS07465",371.653884571796,279.68320065531,264.373959668306,284.325988556938,257.442705869155,246.373897837886
"gene-AM1_RS07470",58.6821923008099,30.2841682238234,46.398354896083,49.7416956222721,43.9933737877671,44.6188948840266
"gene-AM1_RS07475",88.5986040620072,73.0382880692212,74.9140105093007,35.0034154378951,91.2455160042576,46.558846835506
"gene-AM1_RS07480",149.582058805986,109.557432103832,157.561080167949,86.5873960832143,200.414258366494,186.235387342024
"gene-AM1_RS07485",34.5189366475353,46.3169631658476,44.9484063055804,41.7584605224012,73.3222896462784,46.558846835506
"gene-AM1_RS07490",85.1467103972536,89.9617938413578,87.9635478238241,58.3390257298252,73.3222896462784,73.7181741562179
"gene-AM1_RS07495",26.4645180964437,39.191276524948,23.6824936448757,18.4228502304711,13.0350737148939,25.2193753692324
"gene-AM1_RS07500",24.1632556532747,32.9563007141608,22.7158612512073,23.3356102919301,11.4056895005322,19.3995195147942
"gene-AM1_RS07505",25.3138868748592,32.9563007141608,67.6642675567878,47.8994105992249,34.2170685015966,21.3394714662736
"gene-AM1_RS07510",166.841527129754,166.562925231029,207.342648441871,198.352687481406,237.890095296815,164.895915875751
"gene-AM1_RS43930",8.05441855109156,3.56284332044981,11.1162725271866,6.14095007682371,21.1819947867027,9.69975975739709
"gene-AM1_RS07515",749.060925251515,725.92932654165,1400.65033842551,1701.04317128017,2022.06581002292,1856.5340175658
"gene-AM1_RS07520",249.686975083838,301.950971408122,316.5721089264,275.114563441702,584.948932955866,467.52842030654
"gene-AM1_RS07525",325.628635708416,591.431991194669,854.019719806028,1666.65385084996,1257.88461348727,2281.3834949398
"gene-AM1_RS07530",57.5315610792254,63.2404689379842,86.0302830364873,89.6578711216262,60.2872159313845,56.2586065929031
"gene-AM1_RS43100",48.3265113065494,34.7377223743857,36.2487147625649,24.5638003072948,37.4758369303201,25.2193753692324
"gene-AM1_RS07535",500.524581389261,293.043863106997,276.456864589161,122.819001536474,389.422827232457,143.556444409477
"gene-AM1_RS07540",4026.0586443242,2078.91907748247,2941.94569012976,1862.55015830063,5235.21148074428,2512.23777716585
"gene-AM1_RS07545",165.690895908169,154.983684439567,181.243573812824,88.4296811062614,187.3791846516,120.277020991724
"gene-AM1_RS07550",745.609031586761,584.306304553769,402.119075766053,238.882957988442,879.867475755342,568.405921783469
"gene-AM1_RS07555",439.541126645282,417.743379322741,567.413215083349,628.833287866748,689.229522675018,698.38270253259
"gene-AM1_RS07560",80.5441855109156,51.6612281465223,80.2304886744769,39.3020804916717,101.021821290428,38.7990390295884
"gene-AM1_RS07565",166.841527129754,73.0382880692212,117.929152027544,62.6376907836018,172.714726722345,112.517213185806
"gene-AM1_RS07570",119.665647044789,53.4426498067472,106.812879500358,62.0235957759195,128.721352934578,100.87750147693
"gene-AM1_RS07575",37.9708303122888,29.393457393711,33.8321337783939,22.1074202765654,43.9933737877671,23.279423417753
"gene-AM1_RS07580",462.553751076972,345.595802083632,267.757173046146,108.69481635978,537.696790739375,248.313849789365
"gene-AM1_RS07585",13980.1693422518,2108.31253487618,11591.8556648714,1330.7438816477,16864.126618644,1229.92953723795
"gene-AM1_RS07590",1294.46012428257,760.667048916035,1163.82540197675,1045.1897030754,1653.82497757717,1497.64290654211
"gene-AM1_RS07595",165.690895908169,261.868984053061,232.958406874084,210.020492627371,161.309037221813,232.79423417753
"gene-AM1_RS07600",2786.82881867768,4122.20972176043,1953.56406760383,2537.44057174356,3504.80544509211,2997.2257650357
"gene-AM1_RS07605",132.322590482218,184.377141833278,103.429666122518,94.5706311830851,167.82657407926,110.577261234327
"gene-AM1_RS07610",209.414882328381,201.300647605414,195.74305971785,135.714996697804,218.337484724474,203.694954905339
"gene-AM1_RS07615",852.617735194121,872.005902680092,573.696325642193,749.195909372493,788.621959751084,927.297032807162
"gene-AM1_RS07620",872.178465961057,1080.43223692641,570.796428461188,630.061477882113,804.915801894701,808.959963766917
"gene-AM1_RS07625",71.3391357382395,127.371648706081,52.6814654549276,51.5839806453192,57.028447502661,40.7389909810678
"gene-AM1_RS07630",743.307769143593,799.858325440983,483.316196834198,710.507923888503,653.383069959059,911.777417195326
"gene-AM1_RS07635",520.085312156198,683.175206696252,326.721749059918,685.944123581208,702.264596389911,1251.26900870422
"gene-AM1_RS07640",1200.10836411264,740.180699823449,1435.9324207944,1943.6106993147,1476.22209821174,2054.4091166167
"gene-AM1_RS37890",69522.2890393576,58483.1823943536,105782.449368707,101501.307439788,52171.2531596487,72086.6745650237
"gene-AM1_RS07645",164.540264686585,118.464540404956,88.4468640206583,85.9733010755319,92.8749002186194,64.0184143988208
"gene-AM1_RS07650",2493.41785717363,2094.06116159438,2048.77735838017,2648.59176813407,3188.70490750593,2909.92792721913
"gene-AM1_RS07655",502.82584383243,657.344592622991,422.418356033089,366.000624578693,599.613390885122,613.024816667496
"gene-AM1_RS07660",50.6277737497184,54.3333606368597,31.4155527942229,34.3893204302128,26.0701474297879,44.6188948840266
"gene-AM1_RS07665",72.489766959824,54.3333606368597,48.3316196834198,31.3188453918009,22.8113790010644,52.3787026899443
"gene-AM1_RS07670",9.20504977267607,12.4699516215743,15.4661182986943,9.21142511523557,22.8113790010644,15.5196156118353
"gene-AM1_RS07675",52.9290361928874,42.7541198453978,41.5651929277411,27.6342753457067,76.5810580750019,42.6789429325472
"gene-AM1_RS07680",73.6403981814085,53.4426498067472,73.4640619187981,48.5135056069073,66.8047527888315,50.4387507384649
"gene-AM1_RS07685",75.9416606245776,111.338853764057,72.9807457219639,85.9733010755319,97.7630528617046,93.1176936710121
"gene-AM1_RS07690",16.1088371021831,28.5027465635985,14.0161697081918,48.5135056069073,17.9232263579792,58.1985585443825
"gene-AM1_RS07695",23.0126244316902,62.3497581078717,20.7825964638705,52.1980756530015,22.8113790010644,96.9975975739709
"gene-AM1_RS07700",25.3138868748592,35.6284332044981,52.1981492580934,52.8121706606839,39.1052211446818,60.138510495862
"gene-AM1_RS07705",176.04657690243,355.393621214869,189.459949159006,408.373180108777,296.547927013837,562.586065929031
"gene-AM1_RS07710",54.0796674144719,77.4918422197835,63.31442178528,103.167961290638,70.063521217555,79.5380300106561
"gene-AM1_RS07715",324.478004486831,602.120521156019,259.05748150313,437.235645469848,296.547927013837,537.366690559799
"gene-AM1_RS07720",124.268171931127,180.814298512828,120.82904920855,299.678363748997,114.056895005322,232.79423417753
"gene-AM1_RS07725",146.130165141233,416.852668492628,173.993830860311,292.923318664491,233.001942653729,671.223375211879
"gene-AM1_RS07730",1875.52889118275,1221.16454808417,1783.92008251503,1965.71811959127,4273.87479427085,4630.66530818137
"gene-AM1_RS07735",218.619932101057,162.109371080467,138.711748491415,127.731761597933,335.653148158519,217.274618565695
"gene-AM1_RS07740",522.386574599367,961.96769652145,476.549770078519,598.742632490312,560.50816974044,834.17933913615
"gene-AM1_RS07745",520.085312156198,363.410018685881,518.598279203095,612.866817667006,739.740433320232,907.897513292368
"gene-AM1_RS07750",383.160196787641,543.333606368597,276.940180785996,152.295561905228,272.107163798411,205.634906856818
"gene-AM1_RS07755",801.989961444402,640.421086850854,924.100568346987,541.017701768169,891.273165255874,613.024816667496
"gene-AM1_RS07760",1014.85673743754,887.147986792004,2235.33741035817,1660.51290077313,2580.944595549,1233.80944114091
"gene-AM1_RS07765",363.599466020705,294.825284767222,924.100568346987,404.688610062682,648.494917315974,552.886306171634
"gene-AM1_RS07770",63.284717187148,89.0710830112453,79.2638562808085,58.3390257298252,48.8815264308523,42.6789429325472
"gene-AM1_RS07775",69.0378732950705,71.2568664089963,102.46303372885,90.8860611369909,87.9867475755341,83.417933913615
"gene-AM1_RS07780",232.427506760071,293.043863106997,309.805682170721,354.94691444041,322.618074443625,298.75260052783
"gene-AM1_RS07785",284.205911731374,47.20767399596,269.690437833483,40.5302705070365,351.946990302137,36.8590870781089
"gene-AM1_RS07790",46.0252488633803,26.7213249033736,59.4478922106064,25.7919903226596,76.5810580750019,19.3995195147942
"gene-AM1_RS07795",50.6277737497184,34.7377223743857,71.5307971314613,36.8457004609423,58.6578317170228,50.4387507384649
"gene-AM1_RS07800",98.9542850562677,90.8525046714702,124.212262586389,106.852531336733,138.497658220748,228.914330274571
"gene-AM1_RS07805",107.008703607359,97.9781913123699,104.396298516187,106.852531336733,99.3924370760663,87.2978378165738
"gene-AM1_RS07810",58.6821923008099,120.245962065181,71.5307971314613,67.5504508450608,45.6227580021288,65.9583663503002
"gene-AM1_RS07815",33.3683054259507,45.4262523357351,30.9322365973887,39.3020804916717,27.6995316441496,75.6581261076973
"gene-AM1_RS07820",165.690895908169,158.546527760017,139.195064688249,132.03042665171,246.037016368623,168.775819778709
"gene-AM1_RS07825",64.4353484087325,54.3333606368597,39.1486119435701,38.6879854839894,39.1052211446818,36.8590870781089
"gene-AM1_RS07830",11.5063122158451,8.01639747101208,8.69969154301557,14.1241851766945,11.4056895005322,21.3394714662736
"gene-AM1_RS07845",41.4227239770423,40.0819873550604,26.5823908258809,18.4228502304711,14.6644579292557,17.4595675633148
"gene-AM1_RS07850",10.3556809942606,8.90710830112453,23.1991774480415,22.1074202765654,8.14692107180872,13.5796636603559
"gene-AM1_RS07855",43.7239864202113,41.8634090152853,58.481259816938,50.9698856376368,47.2521422164906,40.7389909810678
"gene-AM1_RS07860",5.75315610792254,8.90710830112453,14.0161697081918,9.82552012291794,17.9232263579792,1.93995195147942
"gene-AM1_RS07865",104.70744116419,121.136672895294,164.327506923627,161.506987020464,185.749800437239,199.81505100238
"gene-AM1_RS07870",144.979533919648,126.480937875968,86.9969154301557,84.1310160524848,117.315663434046,73.7181741562179
"gene-AM1_RS07875",54.0796674144719,58.7869147874219,41.5651929277411,84.1310160524848,61.9166001457463,75.6581261076973
"gene-AM1_RS07880",32.2176742043662,41.8634090152853,52.1981492580934,48.5135056069073,40.7346053590436,62.0784624473414
"gene-AM1_RS07885",100.104916277852,112.229564594169,111.6460414687,109.308911367462,107.539358147875,128.036828797642
"gene-AM1_RS07890",1265.69434374296,967.311961502124,557.263574949831,515.839806453192,547.473096025546,455.888708597663
"gene-AM1_RS07895",1616.63686632623,1094.68361020821,613.328253782598,622.078242782242,700.63521217555,529.606882753881
"gene-AM1_RS42070",13.8075746590141,22.2677707528113,4.34984577150778,9.82552012291794,1.62938421436174,5.81985585443825
"gene-AM1_RS07900",17.2594683237676,68.5847339186589,16.4327506923627,50.3557906299544,6.51753685744697,21.3394714662736
"gene-AM1_RS07905",126.569434374296,192.39353930429,154.661182986943,202.0372575275,262.330858512241,230.854282226051
"gene-AM1_RS07910",219.770563322641,138.950889497543,216.042339984887,293.537413672173,236.260711082453,296.812648576351
"gene-AM1_RS07915",120.816278266373,107.776010443607,101.979717532016,103.167961290638,104.280589719152,81.4779819621356
"gene-AM1_RS07925",85.1467103972536,70.3661555788838,62.3477893916116,65.0940708143313,34.2170685015966,60.138510495862
"gene-AM1_RS07935",34.5189366475353,34.7377223743857,31.4155527942229,21.493325268883,22.8113790010644,29.0992792721913
"gene-AM1_RS07945",162.239002243416,76.601131389671,72.0141133282955,124.047191551839,87.9867475755341,139.676540506518
"gene-AM1_RS07950",908.998665051762,130.934492026531,71.5307971314613,128.959951613298,110.798126576599,269.653321255639
"gene-AM1_RS07955",1523.43573737789,222.677707528113,95.6966069731713,337.752254225304,180.861647794154,659.583663503002
"gene-AM1_RS07960",22240.550882007,1500.84774873948,612.844937585763,3570.96246967299,1477.8514824261,3297.91831751501
"gene-AM1_RS07965",28195.0674537068,1878.50914070716,420.968407442587,2242.06087304834,1165.00971326865,3940.0424134547
"gene-AM1_RS07970",182342.83094694,12379.989827733,3074.37432806234,22573.5183873963,11716.9018854753,33898.7204001513
"gene-AM1_RS07975",430.336076872606,209.317045076427,281.290026557503,109.923006375144,252.55455322607,143.556444409477
"gene-AM1_RS07980",216.318669657888,126.480937875968,115.995887240208,80.4464460063906,104.280589719152,112.517213185806
"gene-AM1_RS07985",131.171959260634,120.245962065181,115.512571043373,92.1142511523556,110.798126576599,106.697357331368
"gene-AM1_RS07990",167.992158351338,102.431745462932,107.296195697192,92.1142511523556,148.273963506919,128.036828797642
"gene-AM1_RS07995",185.251626675106,161.218660250354,151.761285805938,221.688297773336,154.791500364366,120.277020991724
"gene-AM1_RS08000",1361.19673513447,812.328277062558,1049.27946332704,1421.01584777701,1189.45047648407,1227.98958528647
"gene-AM1_RS08005",739.855875478839,659.126014283215,405.018972947058,318.715308987151,524.661717024481,368.590870781089
"gene-AM1_RS08010",1446.34344553173,1003.83110553673,579.496120004204,443.990690554354,966.224839116514,318.152120042625
"gene-AM1_RS08015",15774.003416702,10338.4806051152,6730.17804091621,8147.8125619297,15125.5736619201,7786.96713323838
"gene-AM1_RS08020",7105.14779328434,6421.13437428068,2922.6130422564,1747.10029685635,4589.97533185703,2421.06003544631
"gene-AM1_RS08025",4496.66681395226,4021.55939795773,1293.35414272831,1140.37442926616,3268.54473400966,1474.36348312436
"gene-AM1_RS08030",3983.48528912557,3876.3735326494,1832.73501839528,1219.59268525719,2727.58917484156,1685.81824583561
"gene-AM1_RS08035",715.692619825564,572.727063762308,702.741750196924,579.705687252158,721.817206962252,525.726978850922
"gene-AM1_RS08040",475.210694514402,443.573993396002,381.336479302182,470.396775884696,496.962185380332,578.105681540866
"gene-AM1_RS08045",795.086174114895,659.126014283215,527.29797074611,587.074827344347,915.7139284713,1026.23458233261
"gene-AM1_RS08050",81.6948167325001,93.5246371618076,71.5307971314613,73.0773059142022,63.545984360108,116.397117088765
"gene-AM1_RS43115",697.282520280212,546.896449689046,485.249461621535,432.322885408389,700.63521217555,657.643711551523
"gene-AM1_RS08060",94.3517601699297,131.825202856643,89.8968126111609,86.5873960832143,48.8815264308523,129.976780749121
"gene-AM1_RS08065",342.888104032184,476.530294110163,197.676324505187,214.93325268883,386.164058803733,393.810246150322
"gene-AM1_RS08070",508.578999940353,448.027547546564,811.971210681453,754.722764441634,881.496859969703,762.401116931411
"gene-AM1_RS08075",119.665647044789,103.322456293045,68.6308999504562,50.3557906299544,91.2455160042576,67.8983183017796
"gene-AM1_RS08080",1353.14231658338,1179.30113906889,1040.57977178403,843.766540555578,1327.94813470482,1078.61328502256
"gene-AM1_RS08085",561.50803613324,482.76526992095,400.185810978716,260.990378265008,373.128985088839,372.470774684048
"gene-AM1_RS08090",2080.34124862479,1723.5254562676,1327.18627650671,1755.6976269639,1474.59271399738,2465.67893033034
"gene-AM1_RS08095",214.017407214719,174.579322702041,201.059537883026,114.221671428921,218.337484724474,162.955963924271
"gene-AM1_RS08100",615.587703547712,912.978600865265,1048.31283093338,810.60541014073,839.132870396298,1478.24338702732
"gene-AM1_RS08105",2794.88323722877,1299.54710113407,1274.50481105178,1447.42193310735,3165.89352850487,1468.54362726992
"gene-AM1_RS08110",56.3809298576409,83.7268180305706,47.3649872897514,41.1443655147189,45.6227580021288,42.6789429325472
"gene-AM1_RS08115",21.8619932101057,32.0655898840483,19.8159640702021,20.8792302612006,11.4056895005322,19.3995195147942
"gene-AM1_RS44405",1.15063122158451,7.12568664089963,5.31647816517618,7.36914009218845,6.51753685744697,19.3995195147942
"gene-AM1_RS08120",25.3138868748592,28.5027465635985,40.5985605340727,41.7584605224012,29.3289158585114,56.2586065929031
"gene-AM1_RS08125",32.2176742043662,41.8634090152853,38.1819795499017,35.0034154378951,26.0701474297879,27.1593273207119
"gene-AM1_RS08130",97.8036538346832,95.3060588220325,72.4974295251297,66.3222608296961,86.3573633611724,81.4779819621356
"gene-AM1_RS08135",589.123185451268,463.169631658476,413.718664490074,328.540829110069,493.703416951608,508.267411287608
"gene-AM1_RS08145",782.429230677466,337.57940461262,223.2920829374,418.812795239377,206.931795223941,289.052840770433
"gene-AM1_RS08150",241.632556532747,236.929080809913,158.527712561617,297.221983718268,130.350737148939,407.389909810678
"gene-AM1_RS08155",485.566375508663,603.011231986131,406.468921537561,434.779265439119,392.68159566118,618.844672521934
"gene-AM1_RS08160",3629.09087287754,3861.23144853749,2727.35329873538,5318.67686153702,3636.78556645541,7903.36425032715
"gene-AM1_RS08165",48783.3119015184,47441.0402334495,6895.47218023351,8428.45398044054,56727.0114230041,62004.7442731852
"gene-AM1_RS08170",513.181524826691,655.563170962766,275.490232195493,452.588020661907,317.72992180054,741.061645465138
"gene-AM1_RS08175",1979.08570112535,1708.38337215569,2456.2129123114,2676.22604347977,4371.63784713256,4708.26338624055
"gene-AM1_RS08180",1422.18018987845,1801.90800931749,1675.17393822733,1914.13413894595,1961.77859409154,2244.52440786169
"gene-AM1_RS08185",100.104916277852,123.808805385631,149.828021018601,128.959951613298,195.526105723409,226.974378323092
"gene-AM1_RS08190",93.2011289483452,87.2896613510204,102.46303372885,101.939771275274,73.3222896462784,96.9975975739709
"gene-AM1_RS08195",558.056142468487,533.53578723736,558.713523540333,366.614719586375,731.593512248423,673.163327163358
"gene-AM1_RS08200",342.888104032184,253.852586582049,217.008972378555,218.617822734924,617.536617243101,768.22097278585
"gene-AM1_RS08205",155.335214913909,58.7869147874219,104.396298516187,27.6342753457067,164.567805650536,85.3578858650944
"gene-AM1_RS08210",65.585979630317,107.776010443607,54.6147302422644,171.332507143382,37.4758369303201,96.9975975739709
"gene-AM1_RS08215",63.284717187148,42.7541198453978,65.731002769451,66.9363558373784,91.2455160042576,52.3787026899443
"gene-AM1_RS08220",71.3391357382395,74.8197097294461,75.8806429029691,68.7786408604256,99.3924370760663,89.2377897680532
"gene-AM1_RS08225",560.357404911656,212.879888396876,581.429384791541,130.188141628663,695.747059532464,192.055243196462
"gene-AM1_RS08230",163.389633465,103.322456293045,125.178894980057,119.748526498062,115.686279219684,102.817453428409
"gene-AM1_RS08235",83.9960791756691,76.601131389671,74.9140105093007,69.3927358681079,66.8047527888315,62.0784624473414
"gene-AM1_RS08240",101.255547499437,124.699516215743,107.296195697192,76.147780952614,71.6929054319167,102.817453428409
"gene-AM1_RS08245",83.9960791756691,127.371648706081,51.7148330612592,81.060541014073,94.5042844329811,96.9975975739709
"gene-AM1_RS08250",58.6821923008099,89.0710830112453,48.3316196834198,91.5001561446733,42.3639895734053,64.0184143988208
"gene-AM1_RS08255",150.732690027571,164.781503570804,134.845218916741,92.1142511523556,146.644579292557,102.817453428409
"gene-AM1_RS08260",393.515877781902,460.497499168138,307.38910118655,328.540829110069,320.988690229263,465.58846835506
"gene-AM1_RS08265",233.578137981655,252.961875751937,196.709692111519,278.185038480114,332.394379729796,349.191351266295
"gene-AM1_RS08270",146.130165141233,171.016479381591,163.844190726793,177.473457220205,180.861647794154,290.992792721913
"gene-AM1_RS08275",86.2973416188381,61.4590472777593,71.5307971314613,53.4262656683663,55.3990632882993,34.9191351266295
"gene-AM1_RS08280",113.912490936866,132.715913686756,75.3973267061349,77.9900659756611,145.015195078195,120.277020991724
"gene-AM1_RS08285",212.866775993134,168.344346891254,121.795681602218,100.097486252226,161.309037221813,151.316252215395
"gene-AM1_RS08290",26.4645180964437,27.6120357334861,36.7320309593991,37.4597954686246,42.3639895734053,38.7990390295884
"gene-AM1_RS08295",37.9708303122888,30.2841682238234,38.6652957467359,23.3356102919301,43.9933737877671,38.7990390295884
"gene-AM1_RS08300",33.3683054259507,16.0327949420242,22.7158612512073,13.5100901690122,16.2938421436174,13.5796636603559
"gene-AM1_RS08305",127.72006559588,119.355251235069,86.9969154301557,70.0068308757903,63.545984360108,64.0184143988208
"gene-AM1_RS08310",31.0670429827817,26.7213249033736,25.6157584322125,24.5638003072948,32.5876842872349,40.7389909810678
"gene-AM1_RS08315",46.0252488633803,52.5519389766348,32.8655013847255,27.0201803380243,50.510910645214,34.9191351266295
"gene-AM1_RS08320",860.672153745212,569.164220441858,652.476865726168,568.651977113876,1078.65234990747,717.782222047385
"gene-AM1_RS08325",179.498470567183,163.890792740691,218.458920969058,204.49363755823,229.743174225006,267.71336930416
"gene-AM1_RS08330",141.527640254895,149.639419458892,142.094961869254,181.772122273982,167.82657407926,238.614090031968
"gene-AM1_RS08335",693.830626615459,611.918340287255,476.066453881685,544.088176806581,586.578317170228,488.867891772813
"gene-AM1_RS08340",804.291223887571,887.147986792004,773.305914934717,811.833600156094,1173.15663434046,1825.49478634213
"gene-AM1_RS08345",1853.66689797264,980.672623953811,1067.64547880674,1018.78361774505,1515.32731935642,1369.60607774447
"gene-AM1_RS08350",512.030893605106,1232.74378887564,736.090567778484,1412.41851766945,712.040901676082,1837.13449805101
"gene-AM1_RS08355",83.9960791756691,199.51922594519,93.7633421858345,152.90965691291,149.90334772128,242.493993934927
"gene-AM1_RS08360",444.14365153162,624.38829190883,450.450695449473,716.034778957645,503.479722237779,667.34347130892
"gene-AM1_RS08365",265.795812186021,224.459129188338,209.759229426042,138.171376728533,91.2455160042576,100.87750147693
"gene-AM1_RS08370",211.71614477155,117.573829574844,318.988689910571,318.101213979468,131.980121363301,226.974378323092
"gene-AM1_RS08375",158.787108578662,152.31155194923,253.25768714112,197.124497466041,123.833200291493,141.616492457998
"gene-AM1_RS08380",261.193287299683,413.289825172178,250.841106156949,569.266072121558,351.946990302137,968.036023788229
"gene-AM1_RS08385",111.611228493697,98.8689021424823,170.127301285638,194.668117435312,133.609505577663,178.475579536106
"gene-AM1_RS08390",143.828902698064,126.480937875968,549.047199603649,628.219192859066,330.764995515434,143.556444409477
"gene-AM1_RS08395",63.284717187148,459.606788338026,83.6137020523163,443.376595546672,96.1336686473429,622.724576424893
"gene-AM1_RS08400",539.646042923134,690.300893337151,403.085708159721,464.255825807872,873.349938897895,820.599675475794
"gene-AM1_RS08405",155.335214913909,154.983684439567,106.812879500358,96.4129162061323,114.056895005322,129.976780749121
"gene-AM1_RS08410",26.4645180964437,37.409854864723,29.4822880068861,54.0403606760486,11.4056895005322,48.4987987869854
"gene-AM1_RS08415",88.5986040620072,85.5082396907955,103.429666122518,67.5504508450608,96.1336686473429,98.9375495254503
"gene-AM1_RS08420",223.222456987395,180.814298512828,150.79465341227,116.063956451968,241.148863725538,91.1777417195326
"gene-AM1_RS08425",706.487570052888,617.26260526793,222.808766740565,152.295561905228,472.521422164906,246.373897837886
"gene-AM1_RS37535",135.774484146972,122.918094555519,147.894756231265,122.204906528792,79.8398265037254,64.0184143988208
"gene-AM1_RS08435",304.917273719895,229.803394169013,314.155527942229,298.450173733632,334.023763944157,318.152120042625
"gene-AM1_RS08440",59.8328235223944,43.6448306755102,65.2476865726168,63.2517857912842,84.7279791468107,60.138510495862
"gene-AM1_RS08445",71.3391357382395,83.7268180305706,50.7482006675908,47.8994105992249,70.063521217555,38.7990390295884
"gene-AM1_RS08450",81.6948167325001,94.4153479919201,57.5146274232696,54.0403606760486,81.4692107180872,83.417933913615
"gene-AM1_RS08455",186.40225789669,202.191358435527,115.029254846539,130.802236636345,193.896721509047,190.115291244983
"gene-AM1_RS08460",79.3935542893311,79.2732638800084,65.2476865726168,101.939771275274,96.1336686473429,106.697357331368
"gene-AM1_RS08465",41.4227239770423,83.7268180305706,51.7148330612592,50.9698856376368,57.028447502661,40.7389909810678
"gene-AM1_RS43120",34.5189366475353,36.5191440346106,40.1152443372385,41.7584605224012,26.0701474297879,34.9191351266295
"gene-AM1_RS08475",44.8746176417958,62.3497581078717,58.9645760137722,56.4967407067781,45.6227580021288,73.7181741562179
"gene-AM1_RS08480",104.70744116419,98.8689021424823,70.0808485409588,50.3557906299544,123.833200291493,108.637309282847
"gene-AM1_RS08485",126.569434374296,146.967286968555,89.4134964143267,76.7618759602964,177.60287936543,95.0576456224915
"gene-AM1_RS08495",172.594683237676,150.530130289005,106.329563303524,83.5169210448025,164.567805650536,133.85668465208
"gene-AM1_RS44235",222.07182576581,171.907190211703,160.460977348954,128.959951613298,198.784874152133,188.175339293504
"gene-AM1_RS08505",95.5023913915142,135.388046177093,72.4974295251297,59.56721574519,96.1336686473429,56.2586065929031
"gene-AM1_RS08510",253.138868748592,195.065671794627,159.494344955285,165.80565207424,329.135611301072,143.556444409477
"gene-AM1_RS08515",103.556809942606,122.027383725406,86.9969154301557,77.9900659756611,151.532731935642,79.5380300106561
"gene-AM1_RS08520",214.017407214719,245.836189111037,339.771286374441,197.738592473723,391.052211446818,244.433945886407
"gene-AM1_RS08525",3829.30070543324,2894.81019786547,4477.44124747201,3182.85442481773,6745.65064745762,4679.16410696836
"gene-AM1_RS08530",1151.78185280609,782.934819668847,1410.79997855902,883.682716054932,1806.98709372717,1421.98478043441
"gene-AM1_RS08535",378.557671901303,381.22423528813,341.221234964944,264.674948311102,342.170685015966,325.911927848542
"gene-AM1_RS42080",2029.71347487507,1190.88037986035,2522.91054747452,2335.40331421606,2747.1417854139,1899.21296049835
"gene-AM1_RS42085",861.822784966797,698.317290808163,1573.19422069532,1802.98294255544,1516.95670357078,1381.24578945335
"gene-AM1_RS08540",227.824981873733,173.688611871928,129.528740751565,106.23843632905,175.973495151068,106.697357331368
"gene-AM1_RS08545",130.021328039049,76.601131389671,108.746144287695,77.9900659756611,73.3222896462784,65.9583663503002
"gene-AM1_RS08550",120.816278266373,89.0710830112453,69.5975323441245,50.3557906299544,84.7279791468107,73.7181741562179
"gene-AM1_RS08555",33.3683054259507,99.7596129725948,33.3488175815597,43.6007455454483,53.7696790739375,42.6789429325472
"gene-AM1_RS08560",50.6277737497184,107.776010443607,59.9312084074406,73.6914009218845,74.9516738606402,91.1777417195326
"gene-AM1_RS08565",426.884183207853,459.606788338026,483.799513031032,470.396775884696,387.793443018095,576.165729589387
"gene-AM1_RS08570",295.712223947219,331.344428801833,528.747919336613,701.296498773268,439.933737877671,562.586065929031
"gene-AM1_RS08575",103.556809942606,114.010986254394,142.578278066089,167.647937097287,187.3791846516,325.911927848542
"gene-AM1_RS08580",96.6530226130987,65.0218905982091,75.3973267061349,79.2182559910259,109.168742362237,100.87750147693
"gene-AM1_RS08585",35.6695678691198,43.6448306755102,60.897840801109,73.6914009218845,24.4407632154262,31.0392312236707
"gene-AM1_RS08590",10.3556809942606,10.6885299613494,16.9160668891969,12.2819001536474,4.88815264308523,5.81985585443825
"gene-AM1_RS44240",27.6151493180282,18.7049274323615,21.2659126607047,16.580565207424,14.6644579292557,11.6397117088765
"gene-AM1_RS08600",39.1214615338733,41.8634090152853,44.9484063055804,65.0940708143313,35.8464527159584,32.9791831751501
"gene-AM1_RS08605",347.490628918522,317.093055520033,110.679409075031,119.13443149038,549.102480239908,362.771014926651
"gene-AM1_RS08610",153.03395247074,145.18586530833,74.9140105093007,34.3893204302128,118.945047648407,67.8983183017796
"gene-AM1_RS08615",1576.36477357078,1654.05001151883,1362.4683588756,1397.68023748508,2580.944595549,2285.26339884275
"gene-AM1_RS08620",647.805377752078,527.300811426572,176.410411844482,164.577462058875,513.256027523949,339.491591508898
"gene-AM1_RS08625",303.76664249831,246.72689994115,112.129357665534,74.9195909372493,179.232263579792,120.277020991724
"gene-AM1_RS08630",431.486708094191,435.55759592499,129.528740751565,110.537101382827,366.611448231392,180.415531487586
"gene-AM1_RS08635",139.226377811726,159.437238590129,252.291054747451,239.497052996125,169.455958293621,269.653321255639
"gene-AM1_RS08640",393.515877781902,362.519307855769,467.36676233867,595.6721574519,493.703416951608,783.740588397685
"gene-AM1_RS08645",100.104916277852,115.792407914619,133.878586523073,154.137846928275,120.574431862769,252.193753692324
"gene-AM1_RS08650",58.6821923008099,64.1311797680966,52.6814654549276,93.3424411677204,21.1819947867027,91.1777417195326
"gene-AM1_RS08655",1350.84105414021,927.229974147064,1343.13571100224,1306.79417634809,1717.37096193728,1639.25939900011
"gene-AM1_RS08660",766.320393575283,382.114946118243,1199.59080054248,311.346168894962,1165.00971326865,422.909525422513
"gene-AM1_RS42090",10.3556809942606,10.6885299613494,16.4327506923627,3.68457004609423,26.0701474297879,7.75980780591767
"gene-AM1_RS08665",480.963850622325,550.459293009496,323.821851878913,268.359518357196,392.68159566118,351.131303217775
"gene-AM1_RS08675",2046.97294319884,682.284495866139,1047.82951473654,384.423474809164,699.005827961188,355.011207120734
"gene-AM1_RS08680",2511.82795671898,265.431827373511,2520.01065029351,388.722139862941,3442.88884494636,327.851879800022
"gene-AM1_RS08685",513.181524826691,354.502910384756,313.672211745395,321.785784025562,679.453217388847,830.299435233191
"gene-AM1_RS08690",240.481925311162,255.634008242274,105.846247106689,89.0437761139438,114.056895005322,128.036828797642
"gene-AM1_RS08695",20497.3445813064,16511.9973686247,12938.8579054483,16606.9712927544,17553.3561413191,18332.5459414805
"gene-AM1_RS08700",371.653884571796,291.262441446772,299.656042037203,233.970197926983,327.50622708671,306.512408333748
"gene-AM1_RS08705",52.9290361928874,57.005493127197,92.7967097921661,152.295561905228,50.510910645214,176.535627584627
"gene-AM1_RS08710",892.889827949579,57.005493127197,1104.37750976614,198.352687481406,1261.14338191599,124.156924894683
"gene-AM1_RS08715",71.3391357382395,57.8962039573095,46.8816710929172,33.161130414848,50.510910645214,29.0992792721913
"gene-AM1_RS08725",6.90378732950705,11.5792407914619,31.4155527942229,15.3523751920593,19.5526105723409,19.3995195147942
"gene-AM1_RS08730",50.6277737497184,65.9126014283216,81.1971210681453,56.4967407067781,87.9867475755341,77.5980780591767
"gene-AM1_RS08735",115.063122158451,317.093055520033,209.759229426042,463.027635792508,291.659774370752,690.622894726673
"gene-AM1_RS08740",4.60252488633803,11.5792407914619,10.1496401335182,12.2819001536474,4.88815264308523,5.81985585443825
"gene-AM1_RS08745",4.60252488633803,15.1420841119117,5.31647816517618,14.1241851766945,0,9.69975975739709
"gene-AM1_RS08750",88.5986040620072,141.62302198788,77.8139076903059,84.7451110601672,148.273963506919,131.9167327006
"gene-AM1_RS08755",62.1340859655635,49.8798064862974,49.7815682739224,31.3188453918009,45.6227580021288,48.4987987869854
"gene-AM1_RS08760",367.051359685458,187.049274323615,312.705579351726,132.644521659392,366.611448231392,176.535627584627
"gene-AM1_RS08765",192.155414004613,186.158563493503,219.90886955956,324.856259063974,316.100537586178,382.170534441445
"gene-AM1_RS08770",42.5733551986268,61.4590472777593,73.9473781156323,122.819001536474,81.4692107180872,139.676540506518
"gene-AM1_RS08775",59.8328235223944,222.677707528113,46.8816710929172,447.061165592766,96.1336686473429,649.883903745605
"gene-AM1_RS08780",98.9542850562677,326.000163821158,112.129357665534,719.105253996056,99.3924370760663,826.419531330232
"gene-AM1_RS08785",200.209832555704,124.699516215743,33.3488175815597,89.0437761139438,24.4407632154262,67.8983183017796
"gene-AM1_RS08790",93.2011289483452,61.4590472777593,14.0161697081918,28.2483703533891,13.0350737148939,29.0992792721913
"gene-AM1_RS38230",37.9708303122888,36.5191440346106,39.1486119435701,35.6175104455775,27.6995316441496,34.9191351266295
"gene-AM1_RS08800",65.585979630317,87.2896613510204,72.4974295251297,46.0571255761778,76.5810580750019,69.838270253259
"gene-AM1_RS08805",1152.93248402768,1287.96786034261,443.20095249696,369.685194624787,1047.6940498346,803.140107912479
"gene-AM1_RS08810",62.1340859655635,60.5683364476468,54.6147302422644,31.3188453918009,45.6227580021288,60.138510495862
"gene-AM1_RS08815",26.4645180964437,37.409854864723,43.981773911912,25.1778953149772,40.7346053590436,19.3995195147942
"gene-AM1_RS08820",181.799733010352,245.836189111037,191.393213946343,194.054022427629,211.819947867027,199.81505100238
"gene-AM1_RS08825",31.0670429827817,36.5191440346106,41.0818767309069,27.6342753457067,47.2521422164906,44.6188948840266
"gene-AM1_RS08830",4.60252488633803,9.79781913123699,13.5328535113576,15.9664701997416,6.51753685744697,0
"gene-AM1_RS08835",34.5189366475353,44.5355415056227,53.648097848596,40.5302705070365,71.6929054319167,54.3186546414237
"gene-AM1_RS08840",176.04657690243,142.513732817993,177.377044238151,130.802236636345,203.673026795218,203.694954905339
"gene-AM1_RS42095",20.7113619885212,17.8142166022491,68.147583753622,15.3523751920593,37.4758369303201,19.3995195147942
"gene-AM1_RS08845",735.253350592501,293.93457393711,1210.70707306967,537.333131722075,1142.19833426758,382.170534441445
"gene-AM1_RS08850",108.159334828944,238.710502470137,143.061594262923,103.782056298321,136.868274006386,155.196156118353
"gene-AM1_RS08855",227.824981873733,360.737886195544,291.922982887856,236.426577957713,259.072090083517,312.332264188186
"gene-AM1_RS08860",66.7366108519015,80.1639747101208,90.8634450048293,64.479975806649,125.462584505854,85.3578858650944
"gene-AM1_RS08865",125.418803152711,151.420841119117,101.013085138347,82.9028260371201,104.280589719152,93.1176936710121
"gene-AM1_RS08870",13.8075746590141,18.7049274323615,20.2992802670363,13.5100901690122,22.8113790010644,25.2193753692324
"gene-AM1_RS08875",199.05920133412,489.000245731737,186.560051978001,205.721827573594,229.743174225006,302.632504430789
"gene-AM1_RS08880",818.098798546585,2761.20357334861,540.830824257468,1868.07701336977,770.698733393105,3224.20014335879
"gene-AM1_RS08885",597.17760400236,1828.62933422087,307.38910118655,967.813732107417,351.946990302137,1559.72136898945
"gene-AM1_RS08890",19.5607307669366,49.8798064862974,21.7492288575389,15.9664701997416,16.2938421436174,31.0392312236707
"gene-AM1_RS37545",8.05441855109156,11.5792407914619,18.3660154796995,12.8959951613298,3.25876842872349,11.6397117088765
"gene-AM1_RS08900",11.5063122158451,9.79781913123699,9.66632393668397,10.4396151306003,8.14692107180872,1.93995195147942
"gene-AM1_RS08905",11.5063122158451,12.4699516215743,14.0161697081918,10.4396151306003,0,7.75980780591767
"gene-AM1_RS08915",24.1632556532747,15.1420841119117,27.5490232195493,16.580565207424,14.6644579292557,15.5196156118353
"gene-AM1_RS08920",24.1632556532747,38.3005656948355,8.69969154301557,15.9664701997416,6.51753685744697,3.87990390295884
"gene-AM1_RS08925",27.6151493180282,32.0655898840483,47.8483034865856,44.2148405531307,16.2938421436174,31.0392312236707
"gene-AM1_RS08935",6.90378732950705,18.7049274323615,14.9828021018601,21.493325268883,8.14692107180872,11.6397117088765
"gene-AM1_RS08940",13.8075746590141,12.4699516215743,28.0323394163835,19.0369452381535,16.2938421436174,15.5196156118353
"gene-AM1_RS40910",2.30126244316902,9.79781913123699,19.3326478733679,12.8959951613298,8.14692107180872,15.5196156118353
"gene-AM1_RS08945",37.9708303122888,109.557432103832,231.508458283581,266.517233334149,107.539358147875,355.011207120734
"gene-AM1_RS08950",119.665647044789,179.923587682716,548.563883406815,1049.48836812917,412.234206233521,950.576456224915
"gene-AM1_RS08955",14.9582058805986,26.7213249033736,20.2992802670363,46.6712205838602,24.4407632154262,161.016011972792
"gene-AM1_RS08960",135.774484146972,97.9781913123699,135.81185131041,68.7786408604256,136.868274006386,114.457165137286
"gene-AM1_RS08965",44.8746176417958,37.409854864723,31.4155527942229,30.0906553764362,42.3639895734053,31.0392312236707
"gene-AM1_RS08970",29.9164117611972,25.8306140732611,19.8159640702021,17.8087552227888,9.77630528617046,13.5796636603559
"gene-AM1_RS08975",27.6151493180282,24.9399032431487,23.1991774480415,23.3356102919301,26.0701474297879,7.75980780591767
"gene-AM1_RS08980",41.4227239770423,36.5191440346106,34.7987661720623,40.5302705070365,58.6578317170228,38.7990390295884
"gene-AM1_RS08985",37.9708303122888,30.2841682238234,35.2820823688965,35.6175104455775,71.6929054319167,60.138510495862
"gene-AM1_RS08990",56.3809298576409,92.6339263316952,80.7138048713111,58.9531207375076,71.6929054319167,56.2586065929031
"gene-AM1_RS08995",640.901590422571,789.169795479634,827.920645176982,1298.19684624053,1107.98126576599,936.996792564559
"gene-AM1_RS09000",32.2176742043662,32.0655898840483,61.3811569979432,39.3020804916717,52.1402948595758,38.7990390295884
"gene-AM1_RS09005",5.75315610792254,12.4699516215743,13.0495373145234,14.7382801843769,9.77630528617046,9.69975975739709
"gene-AM1_RS09010",803.140592665987,614.590472777593,825.987380389645,1295.12637120212,845.650407253745,1189.19054625688
"gene-AM1_RS09015",533.892886815212,448.027547546564,575.62959042953,443.376595546672,689.229522675018,605.265008861578
"gene-AM1_RS09020",943.517601699297,739.289988993336,799.404989563764,743.054959295669,1204.11493441333,636.304240085249
"gene-AM1_RS09025",47.1758800849648,57.005493127197,72.0141133282955,58.3390257298252,63.545984360108,77.5980780591767
"gene-AM1_RS09030",126.569434374296,122.918094555519,120.345733011715,85.3592060678496,190.637953080324,205.634906856818
"gene-AM1_RS09035",124.268171931127,73.9289988993336,112.129357665534,52.8121706606839,205.30241100958,48.4987987869854
"gene-AM1_RS09040",1880.13141606909,8440.37582614561,3702.20206774996,21765.3693572863,5971.69314563579,30315.6291457689
"gene-AM1_RS09045",376.256409458134,307.295236388796,349.437610311125,520.752566514651,402.457900947351,481.108083966896
"gene-AM1_RS09050",2611.93287299683,995.814708065723,2412.71445459632,1269.33438087946,3669.37325074265,2060.22897247114
"gene-AM1_RS09055",394.666509003486,797.186192950646,325.271800469415,865.259865824461,418.751743090968,1635.37949509715
"gene-AM1_RS09060",569.562454684332,550.459293009496,845.803344459847,485.749151076755,808.174570323425,576.165729589387
"gene-AM1_RS38600",1577.51540479236,1195.33393401091,1574.16085308898,1083.2635935517,1564.20884578727,1175.61088259653
"gene-AM1_RS09065",602.930760110282,175.470033532153,494.915785558219,81.060541014073,552.361248668631,112.517213185806
"gene-AM1_RS09070",88497.3485145077,49813.003174039,98694.134025937,66041.6194111852,144557.33811396,84981.5351865074
"gene-AM1_RS38605",1725.94683237676,990.470443085048,2657.75576639126,1732.36201667197,2786.24700655858,1373.48598164743
"gene-AM1_RS09075",94.3517601699297,73.9289988993336,93.2800259890003,79.2182559910259,86.3573633611724,60.138510495862
"gene-AM1_RS09080",222.07182576581,187.049274323615,201.542854079861,158.436511982052,229.743174225006,201.755002953859
"gene-AM1_RS09085",12.6569434374296,16.0327949420242,23.1991774480415,15.9664701997416,3.25876842872349,11.6397117088765
"gene-AM1_RS09090",9.20504977267607,33.8470115442732,15.9494344955285,21.493325268883,4.88815264308523,34.9191351266295
"gene-AM1_RS09095",32.2176742043662,97.0874804822574,40.1152443372385,225.37286781943,37.4758369303201,275.473177110077
"gene-AM1_RS09100",34.5189366475353,36.5191440346106,48.3316196834198,41.7584605224012,48.8815264308523,36.8590870781089
"gene-AM1_RS09110",295.712223947219,223.568418358226,255.190951928457,222.916487788701,397.569748304265,240.554041983448
"gene-AM1_RS09115",32.2176742043662,22.2677707528113,21.2659126607047,30.7047503841186,22.8113790010644,17.4595675633148
"gene-AM1_RS09120",63.284717187148,68.5847339186589,59.4478922106064,68.1645458527432,42.3639895734053,42.6789429325472
"gene-AM1_RS09125",82.8454479540846,91.7432155015827,59.4478922106064,108.080721352097,91.2455160042576,96.9975975739709
"gene-AM1_RS09130",65.585979630317,91.7432155015827,51.231516864425,61.4095007682371,91.2455160042576,79.5380300106561
"gene-AM1_RS09135",170.293420794507,300.169549747897,228.125244905742,500.487431261132,244.407632154262,564.526017880511
"gene-AM1_RS09140",184.100995453521,335.797982952395,286.123188525845,675.504508450608,272.107163798411,812.839867669876
"gene-AM1_RS09145",1088.49713561895,1387.7274733152,1100.02766399464,1909.83547389217,1601.68468271759,2475.37869008774
"gene-AM1_RS09150",5336.62760570895,3283.1601197945,3362.43078137552,2766.49800960908,5807.12533998525,3342.53721239904
"gene-AM1_RS09160",5749.70421425779,17905.0691069205,4510.79006505357,14554.6657770799,7421.84509641774,26815.9558253
"gene-AM1_RS09165",235.879400424824,243.1640566207,276.940180785996,472.853155915426,299.806695442561,360.831062975172
"gene-AM1_RS09170",66.7366108519015,68.5847339186589,101.496401335182,90.2719661293085,99.3924370760663,83.417933913615
"gene-AM1_RS09175",273.850230737113,238.710502470137,227.641928708907,184.228502304711,254.183937440432,360.831062975172
"gene-AM1_RS09180",105.858072385775,80.1639747101208,61.3811569979432,46.6712205838602,86.3573633611724,71.7782222047385
"gene-AM1_RS09185",103.556809942606,124.699516215743,60.4145246042748,42.986650537766,87.9867475755341,44.6188948840266
"gene-AM1_RS38615",295.712223947219,351.830777894419,428.701466591934,230.899722888571,444.821890520756,281.293032964516
"gene-AM1_RS43945",225.523719430564,163.000081910579,505.065425691737,365.386529571011,355.20575873086,230.854282226051
"gene-AM1_RS09195",79.3935542893311,147.857997798667,101.979717532016,188.527167358488,74.9516738606402,178.475579536106
"gene-AM1_RS09200",48.3265113065494,125.590227045856,64.2810541789484,274.50046843402,37.4758369303201,248.313849789365
"gene-AM1_RS42100",48.3265113065494,30.2841682238234,33.3488175815597,32.5470354071657,8.14692107180872,23.279423417753
"gene-AM1_RS09205",462.553751076972,354.502910384756,309.805682170721,367.84290960174,342.170685015966,353.071255169254
"gene-AM1_RS09210",352.09315380486,301.950971408122,324.788484272581,208.178207604324,422.010511519692,370.530822732569
"gene-AM1_RS09215",52.9290361928874,30.2841682238234,45.9150386992488,39.9161754993541,47.2521422164906,34.9191351266295
"gene-AM1_RS09220",74.791029402993,78.3825530498959,71.5307971314613,57.1108357144605,96.1336686473429,91.1777417195326
"gene-AM1_RS09225",135.774484146972,154.983684439567,112.129357665534,90.8860611369909,210.190563652665,199.81505100238
"gene-AM1_RS09230",459.101857412219,335.797982952395,348.470977917457,319.329403994833,547.473096025546,587.805441298264
"gene-AM1_RS09235",242.783187754331,17.8142166022491,18.8493316765337,25.7919903226596,17.9232263579792,27.1593273207119
"gene-AM1_RS09240",33.3683054259507,24.9399032431487,26.0990746290467,12.2819001536474,11.4056895005322,5.81985585443825
"gene-AM1_RS09245",27.6151493180282,24.0491924130362,27.5490232195493,17.1946602151064,29.3289158585114,17.4595675633148
"gene-AM1_RS09250",153.03395247074,117.573829574844,290.473034297353,201.423162519818,260.701474297879,133.85668465208
"gene-AM1_RS09255",41.4227239770423,42.7541198453978,57.0313112264354,35.6175104455775,34.2170685015966,32.9791831751501
"gene-AM1_RS09260",23.0126244316902,16.9235057721366,25.1324422353783,20.2651352535182,26.0701474297879,23.279423417753
"gene-AM1_RS09265",483.265113065494,535.317208897584,351.370875098462,260.376283257325,668.047527888315,537.366690559799
"gene-AM1_RS09270",358.996941134367,726.820037371762,310.288998367555,866.488055839826,405.716669376074,1286.18814383085
"gene-AM1_RS09275",89.7492352835917,246.72689994115,93.2800259890003,252.393048157454,89.6161317898959,283.232984915995
"gene-AM1_RS09285",19.5607307669366,49.8798064862974,34.7987661720623,35.6175104455775,13.0350737148939,23.279423417753
"gene-AM1_RS09290",16.1088371021831,24.9399032431487,33.3488175815597,44.8289355608131,22.8113790010644,34.9191351266295
"gene-AM1_RS09295",18.4100995453521,21.3770599226989,26.0990746290467,20.2651352535182,13.0350737148939,17.4595675633148
"gene-AM1_RS09300",20.7113619885212,12.4699516215743,24.6491260385441,28.2483703533891,17.9232263579792,15.5196156118353
"gene-AM1_RS09305",26.4645180964437,37.409854864723,33.8321337783939,39.9161754993541,37.4758369303201,23.279423417753
"gene-AM1_RS09310",123.117540709542,105.10387795327,121.795681602218,110.537101382827,115.686279219684,135.796636603559
"gene-AM1_RS09315",327.929898151585,252.071164921824,309.322365973887,343.279109294445,353.576374516498,318.152120042625
"gene-AM1_RS09320",690.378732950705,445.355415056227,1014.96401335182,941.407646777075,1300.24860306067,971.915927691188
"gene-AM1_RS09325",72.489766959824,102.431745462932,88.9301802174925,120.362621505745,84.7279791468107,190.115291244983
"gene-AM1_RS09330",79.3935542893311,80.1639747101208,51.7148330612592,52.8121706606839,40.7346053590436,25.2193753692324
"gene-AM1_RS09335",304.917273719895,323.328031330821,289.506401903685,311.346168894962,281.883469084582,335.611687605939
"gene-AM1_RS09340",18.4100995453521,438.229728415327,36.7320309593991,1197.48526498062,48.8815264308523,2089.32825174333
"gene-AM1_RS09350",250.837606305423,300.169549747897,107.296195697192,110.537101382827,97.7630528617046,131.9167327006
"gene-AM1_RS09355",136.925115368557,127.371648706081,103.912982319353,121.590811521109,118.945047648407,116.397117088765
"gene-AM1_RS09360",773.22418090479,900.50864924369,648.610336151494,907.632421354544,1301.87798727503,1220.22977748055
"gene-AM1_RS39745",10.3556809942606,14.2513732817993,19.8159640702021,22.7215152842477,8.14692107180872,17.4595675633148
"gene-AM1_RS39750",46.0252488633803,100.650323802707,52.1981492580934,68.7786408604256,42.3639895734053,52.3787026899443
"gene-AM1_RS09395",143.828902698064,146.076576138442,153.211234396441,151.067371889863,125.462584505854,141.616492457998
"gene-AM1_RS09400",31.0670429827817,26.7213249033736,28.0323394163835,25.1778953149772,17.9232263579792,13.5796636603559
"gene-AM1_RS09405",89.7492352835917,115.792407914619,159.494344955285,123.433096544157,87.9867475755341,124.156924894683
"gene-AM1_RS09415",103.556809942606,129.153070366306,110.679409075031,111.151196390509,74.9516738606402,143.556444409477
"gene-AM1_RS09420",58.6821923008099,62.3497581078717,48.814935880254,57.1108357144605,43.9933737877671,42.6789429325472
"gene-AM1_RS09425",1330.12969215169,1397.52529244644,583.362649578877,533.64856167598,1210.63247127078,845.819050845026
"gene-AM1_RS09430",102.406178721021,91.7432155015827,27.0657070227151,17.8087552227888,39.1052211446818,23.279423417753
"gene-AM1_RS09435",89.7492352835917,179.032876852603,23.6824936448757,10.4396151306003,42.3639895734053,7.75980780591767
"gene-AM1_RS42105",55.2302986360564,113.120275424282,16.4327506923627,6.14095007682371,24.4407632154262,3.87990390295884
"gene-AM1_RS44415",29.9164117611972,51.6612281465223,6.76642675567878,4.91276006145897,9.77630528617046,13.5796636603559
"gene-AM1_RS09445",170.293420794507,143.404443648105,147.894756231265,129.57404662098,218.337484724474,141.616492457998
"gene-AM1_RS09450",231.276875538486,319.765188010371,158.527712561617,467.940395853967,158.050268793089,306.512408333748
"gene-AM1_RS09455",111.611228493697,211.098466736651,97.1465555636739,234.584292934666,112.42751079096,490.807843724293
"gene-AM1_RS09460",79.3935542893311,114.901697084506,41.5651929277411,49.7416956222721,71.6929054319167,96.9975975739709
"gene-AM1_RS09465",205.962988663627,188.83069598384,173.027198466643,142.47004178231,205.30241100958,182.355483439065
"gene-AM1_RS09470",188.703520339859,238.710502470137,160.460977348954,181.158027266299,177.60287936543,186.235387342024
"gene-AM1_RS09475",2995.09306978448,2410.2635062843,2813.8668979687,3903.80196383683,4335.7913944166,4904.19853333997
"gene-AM1_RS09480",304.917273719895,260.978273222949,233.925039267752,211.248682642736,309.583000728731,184.295435390545
"gene-AM1_RS09485",127.72006559588,132.715913686756,110.679409075031,57.1108357144605,109.168742362237,73.7181741562179
"gene-AM1_RS09490",194.456676447782,211.989177566764,136.295167507244,95.7988211984499,208.561179438303,129.976780749121
"gene-AM1_RS09495",337.134947924261,248.508321601374,206.859332245037,171.332507143382,262.330858512241,230.854282226051
"gene-AM1_RS09500",1453.24723286123,1013.62892466797,1029.46349925684,886.753191093344,1407.78796120855,1387.06564530778
"gene-AM1_RS38635",1232.32603831701,863.98950520908,2951.12869786961,1356.53587197036,2149.15777874314,797.320252058041
"gene-AM1_RS09505",228.975613095317,250.289743261599,178.343676631819,229.057437865524,221.596253153197,225.034426371612
"gene-AM1_RS09510",1372.70304735032,1345.86406429992,844.353395869344,713.578398926915,1797.210788441,1241.56924894683
"gene-AM1_RS09515",3300.01034350437,2575.0450098551,2062.31021189152,1925.80194409192,3322.31441308359,3030.20494821085
"gene-AM1_RS09520",4661.20707863884,3324.13281797968,1314.13673919219,1868.69110837746,2923.11528056497,2040.82945295635
"gene-AM1_RS38640",1140.27554059025,1006.50323802707,659.243292481846,614.095007682371,870.091170469171,706.142510338508
"gene-AM1_RS09525",492.47016283817,624.38829190883,481.866248243696,1183.36107980393,614.277848814377,1076.67333307108
"gene-AM1_RS09530",4324.07213071458,20089.9827731864,2274.48602230174,8657.51141830607,3535.76374516498,9693.93990154265
"gene-AM1_RS09535",7032.65802632452,31535.6169401314,3820.61453597434,11554.8116645515,5456.80773389748,17535.2256894225
"gene-AM1_RS09545",50.6277737497184,112.229564594169,103.912982319353,117.906241475015,68.4341370031932,91.1777417195326
"gene-AM1_RS09550",19099.3276470813,1862.47634576514,17653.1240893691,3288.4787661391,27173.2405429108,2923.50759087948
"gene-AM1_RS09555",230.126244316902,623.497581078717,203.959435064032,360.473769509552,348.688221873413,1125.17213185806
"gene-AM1_RS42110",11.5063122158451,20.4863490925864,13.0495373145234,11.0537101382827,8.14692107180872,7.75980780591767
"gene-AM1_RS09560",20.7113619885212,28.5027465635985,25.6157584322125,22.1074202765654,17.9232263579792,23.279423417753
"gene-AM1_RS09570",646.654746530494,825.688939514244,681.959153733054,788.497989864164,1060.72912354949,826.419531330232
"gene-AM1_RS09575",209.414882328381,589.650569534444,132.42863793257,323.62806904861,125.462584505854,419.029621519554
"gene-AM1_RS09580",133.473221703803,139.841600327655,86.9969154301557,100.097486252226,122.203816077131,95.0576456224915
"gene-AM1_RS09585",731.801456927747,169.235057721366,380.853163105348,235.81248295003,558.878785526078,164.895915875751
"gene-AM1_RS44420",29.9164117611972,8.90710830112453,23.6824936448757,11.667805145965,22.8113790010644,3.87990390295884
"gene-AM1_RS09590",21.8619932101057,24.0491924130362,20.2992802670363,19.6510402458359,17.9232263579792,21.3394714662736
"gene-AM1_RS09595",88.5986040620072,71.2568664089963,66.2143189662852,70.0068308757903,66.8047527888315,56.2586065929031
"gene-AM1_RS09600",352.09315380486,345.595802083632,249.874473763281,289.238748618397,757.663659678211,539.306642511278
"gene-AM1_RS09605",82.8454479540846,90.8525046714702,53.648097848596,44.2148405531307,30.9583000728731,44.6188948840266
"gene-AM1_RS09615",67.887242073486,43.6448306755102,71.0474809346271,65.7081658220137,43.9933737877671,38.7990390295884
"gene-AM1_RS09620",52.9290361928874,64.1311797680966,82.1637534618137,111.151196390509,39.1052211446818,75.6581261076973
"gene-AM1_RS09625",24.1632556532747,21.3770599226989,49.2982520770882,58.3390257298252,35.8464527159584,29.0992792721913
"gene-AM1_RS09630",64.4353484087325,67.6940230885465,72.9807457219639,88.4296811062614,52.1402948595758,54.3186546414237
"gene-AM1_RS09635",1063.18324874409,1077.76010443607,787.805400839743,1002.81714754531,1194.33862912716,1171.73097869357
"gene-AM1_RS09640",31.0670429827817,17.8142166022491,15.9494344955285,28.8624653610714,11.4056895005322,17.4595675633148
"gene-AM1_RS09645",82.8454479540846,60.5683364476468,15.4661182986943,14.7382801843769,24.4407632154262,13.5796636603559
"gene-AM1_RS09650",1981.38696356852,855.973107738068,583.845965775712,641.729283028078,1256.2552292729,874.918330117217
"gene-AM1_RS09655",42.5733551986268,64.1311797680966,67.1809513599536,65.0940708143313,43.9933737877671,54.3186546414237
"gene-AM1_RS09660",55.2302986360564,95.3060588220325,108.746144287695,60.7954057605547,63.545984360108,71.7782222047385
"gene-AM1_RS09665",462.553751076972,442.683282565889,586.745862956717,474.08134593079,754.404891249487,574.225777637908
"gene-AM1_RS09670",3578.46309912782,2554.55866076252,2362.9328863224,1066.0689333366,4676.3326952182,2628.63489425461
"gene-AM1_RS09675",2647.60244086595,1490.15921877813,1796.48630363271,1360.83453702413,2709.66594848358,1154.27141113025
"gene-AM1_RS09680",2825.95028021155,1662.95711981995,1529.69576298024,1110.89786889741,2624.93796933677,1266.78862431606
"gene-AM1_RS09685",578.767504457008,328.672296311495,341.704551161778,172.560697158746,452.968811592565,164.895915875751
"gene-AM1_RS09690",283.055280509789,179.923587682716,161.910925939456,82.9028260371201,187.3791846516,131.9167327006
"gene-AM1_RS09695",755.964712581022,136.278757007205,655.860079104007,104.396151306003,1150.34525533939,85.3578858650944
"gene-AM1_RS38645",988.392219341093,660.90743594344,631.210953065463,534.262656683663,775.58688603619,554.826258123114
"gene-AM1_RS09715",62.1340859655635,57.005493127197,80.7138048713111,59.56721574519,73.3222896462784,54.3186546414237
"gene-AM1_RS09720",124998.822756833,47849.8765044711,132588.132277526,83899.5022345886,190144.249663372,77549.5792603897
"gene-AM1_RS09725",42.5733551986268,31.1748790539359,78.2972238871401,50.9698856376368,66.8047527888315,64.0184143988208
"gene-AM1_RS09730",1116.11228493697,2667.6789361868,841.453498688339,2512.26267642858,1039.54712876279,2613.11527864278
"gene-AM1_RS09735",1270.2968686293,2925.0943660893,947.299745795029,2181.87956229546,1192.7092449128,2275.56363908536
"gene-AM1_RS09740",461.403119855388,421.30622264319,797.471724776427,1043.34741805235,980.88929704577,830.299435233191
"gene-AM1_RS09745",447.595545196374,508.595883994211,528.264603139779,415.742320200965,630.571690957995,457.828660549143
"gene-AM1_RS09750",138.075746590141,251.180454091712,233.441723070918,315.030738941056,195.526105723409,362.771014926651
"gene-AM1_RS09755",47.1758800849648,58.7869147874219,60.897840801109,127.731761597933,30.9583000728731,83.417933913615
"gene-AM1_RS09760",56.3809298576409,70.3661555788838,79.2638562808085,53.4262656683663,70.063521217555,71.7782222047385
"gene-AM1_RS09765",416.528502213592,586.087726213994,612.361621388929,392.406709909035,449.710043163841,630.484384230811
"gene-AM1_RS09770",194.456676447782,705.442977449063,327.205065256752,945.706311830851,255.813321654794,1290.06804773381
"gene-AM1_RS09775",640.901590422571,1147.23554918484,463.016916567162,878.155860985791,798.398265037254,1292.00799968529
"gene-AM1_RS09780",156.485846135493,491.672378222074,170.127301285638,310.117978879597,166.197189864898,455.888708597663
"gene-AM1_RS09785",258.892024856514,353.612199554644,192.843162536845,235.81248295003,221.596253153197,545.126498365716
"gene-AM1_RS09790",262.343918521268,343.814380423407,329.138330044089,351.876439401999,391.052211446818,422.909525422513
"gene-AM1_RS09795",1545.29773058799,1340.51979931924,1336.85260044339,1336.27073671684,1525.10362464259,1767.29622779775
"gene-AM1_RS09800",296.862855168803,217.333442547439,134.845218916741,105.624341321368,451.339427378203,267.71336930416
"gene-AM1_RS09805",225.523719430564,229.803394169013,188.493316765337,152.90965691291,218.337484724474,197.875099050901
"gene-AM1_RS09810",212.866775993134,182.595720173053,109.229460484529,72.4632109065198,135.238889792025,91.1777417195326
"gene-AM1_RS09815",155.335214913909,153.202262779342,124.212262586389,100.711581259909,175.973495151068,102.817453428409
"gene-AM1_RS09820",405.022189997747,433.776174264765,404.05234055339,555.755981952546,633.830459386718,543.186546414237
"gene-AM1_RS09825",623.642122098804,684.065917526364,558.713523540333,706.823353842409,993.924370760663,758.521213028452
"gene-AM1_RS09830",330.231160594754,318.874477180258,307.38910118655,250.550763134407,366.611448231392,246.373897837886
"gene-AM1_RS09835",406.172821219332,488.109534901624,288.056453313182,219.846012750289,410.604822019159,335.611687605939
"gene-AM1_RS09840",227.824981873733,481.874559090837,228.608561102576,343.893204302128,291.659774370752,543.186546414237
"gene-AM1_RS09845",552.302986360564,673.377387565015,635.560798836971,674.276318435243,734.852280677146,913.717369146806
"gene-AM1_RS09850",409.624714884085,414.180536002291,378.919898318011,428.638315362295,539.326174953737,339.491591508898
"gene-AM1_RS09855",1025.2124184318,950.388455729988,871.902419088894,1459.08973825331,1295.36045041759,1377.36588555039
"gene-AM1_RS09860",214.017407214719,195.065671794627,156.111131577446,237.654767973078,241.148863725538,211.454762711257
"gene-AM1_RS09865",162.239002243416,189.721406813953,143.544910459757,127.117666590251,159.679653007451,133.85668465208
"gene-AM1_RS09870",72.489766959824,89.9617938413578,50.7482006675908,53.4262656683663,68.4341370031932,75.6581261076973
"gene-AM1_RS09875",124.268171931127,122.027383725406,68.147583753622,90.2719661293085,83.0985949324489,126.096876846162
"gene-AM1_RS09880",418.829764656761,357.175042875094,202.026170276695,143.698231797675,382.90529037501,281.293032964516
"gene-AM1_RS09885",96.6530226130987,121.136672895294,71.0474809346271,87.815586098579,94.5042844329811,67.8983183017796
"gene-AM1_RS09890",60.983454743979,61.4590472777593,64.7643703757826,58.9531207375076,40.7346053590436,46.558846835506
"gene-AM1_RS40915",14.9582058805986,9.79781913123699,7.24974295251297,7.98323509987082,13.0350737148939,3.87990390295884
"gene-AM1_RS40920",55.2302986360564,53.4426498067472,34.3154499752281,54.0403606760486,35.8464527159584,25.2193753692324
"gene-AM1_RS40925",247.385712640669,236.0383699798,89.8968126111609,96.4129162061323,146.644579292557,131.9167327006
"gene-AM1_RS09895",261.193287299683,169.235057721366,240.691466023431,342.665014286763,233.001942653729,248.313849789365
"gene-AM1_RS40930",26.4645180964437,16.0327949420242,18.8493316765337,12.8959951613298,8.14692107180872,5.81985585443825
"gene-AM1_RS09900",11.5063122158451,5.34426498067472,15.4661182986943,14.1241851766945,8.14692107180872,13.5796636603559
"gene-AM1_RS09905",12.6569434374296,8.01639747101208,14.0161697081918,9.21142511523557,0,9.69975975739709
"gene-AM1_RS09910",5.75315610792254,18.7049274323615,14.4994859050259,11.667805145965,4.88815264308523,5.81985585443825
"gene-AM1_RS09915",27.6151493180282,37.409854864723,15.4661182986943,15.9664701997416,11.4056895005322,38.7990390295884
"gene-AM1_RS09920",77.0922918461621,174.579322702041,37.6986633530675,73.0773059142022,29.3289158585114,151.316252215395
"gene-AM1_RS09925",116.213753380035,126.480937875968,60.4145246042748,88.4296811062614,57.028447502661,85.3578858650944
"gene-AM1_RS09930",212.866775993134,123.808805385631,175.927095647648,113.607576421239,454.598195806926,145.496396360956
"gene-AM1_RS09935",28.7657805396127,27.6120357334861,42.0485091245752,40.5302705070365,26.0701474297879,40.7389909810678
"gene-AM1_RS09940",340.586841589015,151.420841119117,243.108047007602,346.96367934054,322.618074443625,469.468372258019
"gene-AM1_RS09945",424.582920764684,432.885463434652,370.70352297183,316.873023964103,663.15937524523,560.646113977552
"gene-AM1_RS09950",329.080529373169,326.89087465127,289.989718100519,202.0372575275,330.764995515434,277.413129061557
"gene-AM1_RS09955",13.8075746590141,5.34426498067472,18.8493316765337,10.4396151306003,14.6644579292557,9.69975975739709
"gene-AM1_RS09960",55.2302986360564,48.9890956561849,76.3639590998033,42.986650537766,60.2872159313845,60.138510495862
"gene-AM1_RS09965",26.4645180964437,47.20767399596,88.4468640206583,83.5169210448025,40.7346053590436,31.0392312236707
"gene-AM1_RS09970",210.565513549965,110.448142933944,121.312365405384,103.167961290638,224.855021581921,155.196156118353
"gene-AM1_RS09975",67.887242073486,115.792407914619,50.7482006675908,54.654455683731,45.6227580021288,75.6581261076973
"gene-AM1_RS09980",58.6821923008099,89.0710830112453,31.8988689910571,40.5302705070365,48.8815264308523,48.4987987869854
"gene-AM1_RS09985",544.248567809473,292.153152276885,149.828021018601,174.402982181793,211.819947867027,256.073657595283
"gene-AM1_RS42115",11.5063122158451,8.90710830112453,7.24974295251297,12.2819001536474,16.2938421436174,5.81985585443825
"gene-AM1_RS09990",260.042656078099,150.530130289005,84.5803344459847,95.7988211984499,71.6929054319167,93.1176936710121
"gene-AM1_RS09995",563.809298576409,280.573911485423,106.812879500358,92.1142511523556,153.162116150004,199.81505100238
"gene-AM1_RS10000",280.75401806662,145.18586530833,85.0636506428189,76.7618759602964,86.3573633611724,93.1176936710121
"gene-AM1_RS10005",115.063122158451,67.6940230885465,35.7653985657307,30.0906553764362,55.3990632882993,38.7990390295884
"gene-AM1_RS10010",151.883321249155,95.3060588220325,38.1819795499017,21.493325268883,52.1402948595758,36.8590870781089
"gene-AM1_RS10015",23.0126244316902,16.9235057721366,21.7492288575389,19.6510402458359,14.6644579292557,7.75980780591767
"gene-AM1_RS37560",104.70744116419,101.54103463282,81.1971210681453,78.6041609833435,89.6161317898959,67.8983183017796
"gene-AM1_RS10025",16.1088371021831,18.7049274323615,18.3660154796995,18.4228502304711,13.0350737148939,7.75980780591767
"gene-AM1_RS10035",6.90378732950705,16.9235057721366,48.814935880254,47.2853155915426,19.5526105723409,7.75980780591767
"gene-AM1_RS10040",92.0504977267607,82.8361072004582,194.293111127348,195.282212442994,127.091968720216,122.216972943203
"gene-AM1_RS10045",75.9416606245776,34.7377223743857,42.5318253214094,31.9329403994833,35.8464527159584,31.0392312236707
"gene-AM1_RS10050",36.8201990907043,20.4863490925864,16.4327506923627,9.21142511523557,13.0350737148939,21.3394714662736
"gene-AM1_RS10055",78.2429230677466,53.4426498067472,39.6319281404043,53.4262656683663,55.3990632882993,48.4987987869854
"gene-AM1_RS10060",34.5189366475353,28.5027465635985,22.2325450543731,27.6342753457067,35.8464527159584,32.9791831751501
"gene-AM1_RS10065",123.117540709542,115.792407914619,81.1971210681453,58.9531207375076,118.945047648407,87.2978378165738
"gene-AM1_RS10070",80.5441855109156,80.1639747101208,91.8300773984977,123.433096544157,91.2455160042576,118.337069040245
"gene-AM1_RS10080",17.2594683237676,19.595638262474,22.2325450543731,21.493325268883,14.6644579292557,15.5196156118353
"gene-AM1_RS10085",13.8075746590141,7.12568664089963,19.8159640702021,20.8792302612006,11.4056895005322,5.81985585443825
"gene-AM1_RS10090",39.1214615338733,32.0655898840483,49.2982520770882,33.161130414848,40.7346053590436,38.7990390295884
"gene-AM1_RS10095",25.3138868748592,15.1420841119117,21.2659126607047,30.7047503841186,26.0701474297879,25.2193753692324
"gene-AM1_RS10100",4.60252488633803,10.6885299613494,6.28311055884458,12.8959951613298,6.51753685744697,5.81985585443825
"gene-AM1_RS10105",10.3556809942606,16.0327949420242,14.9828021018601,23.3356102919301,21.1819947867027,11.6397117088765
"gene-AM1_RS10110",16.1088371021831,17.8142166022491,24.6491260385441,21.493325268883,11.4056895005322,11.6397117088765
"gene-AM1_RS10120",133.473221703803,86.398950520908,159.97766115212,226.601057834795,146.644579292557,159.076060021312
"gene-AM1_RS10130",9.20504977267607,15.1420841119117,19.8159640702021,17.8087552227888,6.51753685744697,19.3995195147942
"gene-AM1_RS10135",9.20504977267607,9.79781913123699,10.1496401335182,15.3523751920593,8.14692107180872,13.5796636603559
"gene-AM1_RS10140",13.8075746590141,3.56284332044981,8.69969154301557,13.5100901690122,11.4056895005322,17.4595675633148
"gene-AM1_RS10145",5.75315610792254,9.79781913123699,22.7158612512073,16.580565207424,13.0350737148939,19.3995195147942
"gene-AM1_RS10155",62.1340859655635,74.8197097294461,42.5318253214094,30.7047503841186,68.4341370031932,56.2586065929031
"gene-AM1_RS10160",325.628635708416,342.923669593295,391.969435632535,224.758772811748,811.433338752148,533.48678665684
"gene-AM1_RS10165",518.934680934613,405.273427701166,433.051312363442,541.631796775851,738.11104910587,376.350678587007
"gene-AM1_RS10170",888.287303063241,800.749036271096,520.531543990431,529.349896622204,742.999201748955,457.828660549143
"gene-AM1_RS10175",58.6821923008099,65.0218905982091,32.8655013847255,16.580565207424,39.1052211446818,23.279423417753
"gene-AM1_RS10180",188.703520339859,206.644912586089,148.861388624933,123.433096544157,260.701474297879,135.796636603559
"gene-AM1_RS10185",26.4645180964437,35.6284332044981,14.4994859050259,19.0369452381535,4.88815264308523,15.5196156118353
"gene-AM1_RS10190",60.983454743979,109.557432103832,31.8988689910571,39.3020804916717,39.1052211446818,42.6789429325472
"gene-AM1_RS10195",26.4645180964437,30.2841682238234,11.5995887240208,17.1946602151064,19.5526105723409,21.3394714662736
"gene-AM1_RS43170",6.90378732950705,11.5792407914619,7.73305914934717,6.75504508450608,4.88815264308523,5.81985585443825
"gene-AM1_RS10210",35.6695678691198,57.005493127197,38.6652957467359,44.8289355608131,21.1819947867027,38.7990390295884
"gene-AM1_RS10220",105.858072385775,292.153152276885,46.398354896083,128.345856605616,78.2104422893637,188.175339293504
"gene-AM1_RS40940",430.336076872606,1034.11527376056,109.229460484529,382.581189786117,185.749800437239,484.987987869854
"gene-AM1_RS10225",471.758800849648,554.022136329946,246.007944188607,558.826456990958,291.659774370752,599.44515300714
"gene-AM1_RS10230",308.369167384648,302.841682238234,84.5803344459847,228.443342857842,145.015195078195,207.574858808298
"gene-AM1_RS10245",56.3809298576409,39.191276524948,48.3316196834198,51.5839806453192,24.4407632154262,52.3787026899443
"gene-AM1_RS10250",1258.79055641345,52.5519389766348,104.396298516187,63.8658807989666,179.232263579792,38.7990390295884
"gene-AM1_RS10255",1598.22676678088,30.2841682238234,72.4974295251297,47.8994105992249,148.273963506919,48.4987987869854
"gene-AM1_RS10260",301.465380055141,18.7049274323615,27.5490232195493,15.3523751920593,27.6995316441496,19.3995195147942
"gene-AM1_RS39765",32.2176742043662,33.8470115442732,42.0485091245752,42.3725555300836,30.9583000728731,25.2193753692324
"gene-AM1_RS10275",87.4479728404227,154.983684439567,26.0990746290467,44.8289355608131,11.4056895005322,77.5980780591767
"gene-AM1_RS10280",25.3138868748592,38.3005656948355,22.7158612512073,23.9497052996125,8.14692107180872,34.9191351266295
"gene-AM1_RS10285",9.20504977267607,16.9235057721366,12.5662211176892,16.580565207424,14.6644579292557,9.69975975739709
"gene-AM1_RS10290",82.8454479540846,156.765106099792,150.79465341227,241.339338019172,112.42751079096,170.715771730189
"gene-AM1_RS10295",118.515015823204,112.229564594169,79.7471724776427,100.097486252226,136.868274006386,91.1777417195326
"gene-AM1_RS10300",118.515015823204,129.153070366306,166.260771710964,187.298977343123,202.043642580856,265.77341735268
"gene-AM1_RS10305",7376.69676157828,6856.69197020567,7279.70855671669,12105.0407914349,12251.3399077859,13674.7213059784
"gene-AM1_RS10310",36.8201990907043,52.5519389766348,68.6308999504562,62.6376907836018,71.6929054319167,67.8983183017796
"gene-AM1_RS10315",37.9708303122888,48.9890956561849,55.5813626359328,35.6175104455775,39.1052211446818,34.9191351266295
"gene-AM1_RS10320",108.159334828944,88.1803721811329,91.3467612016635,96.4129162061323,115.686279219684,79.5380300106561
"gene-AM1_RS10325",401.570296332993,348.267934573969,366.353677200322,337.138159217622,498.591569594694,415.149717616595
"gene-AM1_RS10330",453.348701304296,100.650323802707,305.455836399213,66.3222608296961,479.038959022353,83.417933913615
"gene-AM1_RS10335",82.8454479540846,66.803312258434,81.6804372649795,55.2685506914134,86.3573633611724,31.0392312236707
"gene-AM1_RS10340",790.483649228557,308.185947218909,417.585194064747,200.809067512135,891.273165255874,236.674138080489
"gene-AM1_RS10345",52.9290361928874,48.9890956561849,50.2648844707566,31.3188453918009,60.2872159313845,31.0392312236707
"gene-AM1_RS10350",675.420527070106,1157.03336831608,683.409102323556,814.289980186824,705.523364818635,936.996792564559
"gene-AM1_RS10355",219.770563322641,238.710502470137,172.543882269809,112.993481413556,259.072090083517,170.715771730189
"gene-AM1_RS10360",1353.14231658338,1233.63449970575,671.809513599536,826.571880340471,1793.95202001228,968.036023788229
"gene-AM1_RS10365",34.5189366475353,31.1748790539359,27.5490232195493,23.9497052996125,13.0350737148939,21.3394714662736
"gene-AM1_RS10370",291.109699060881,231.584815829238,163.360874529959,178.70164723557,449.710043163841,329.791831751501
"gene-AM1_RS10375",967.680857352572,545.115028028821,539.380875666965,725.24620407288,1484.36901928355,1864.29382537172
"gene-AM1_RS10380",77.0922918461621,105.994588783382,94.2466583826687,60.7954057605547,97.7630528617046,91.1777417195326
"gene-AM1_RS10385",453.348701304296,732.164302352437,267.757173046146,211.862777650418,259.072090083517,207.574858808298
"gene-AM1_RS10390",1782.3277622344,1726.19758875793,1390.98401448882,2088.53712112774,1471.33394556865,1709.09766925337
"gene-AM1_RS10395",1187.45142067521,1157.92407914619,888.335169781256,941.407646777075,1086.79927097928,991.315447205983
"gene-AM1_RS10400",536.194149258381,466.732474978926,373.120103956001,274.50046843402,329.135611301072,333.67173565446
"gene-AM1_RS10405",40.2720927554578,77.4918422197835,51.231516864425,34.3893204302128,32.5876842872349,34.9191351266295
"gene-AM1_RS10410",158.787108578662,226.240550848563,240.208149826597,250.550763134407,275.365932227135,331.73178370298
"gene-AM1_RS10415",139.226377811726,168.344346891254,125.178894980057,92.1142511523556,114.056895005322,153.256204166874
"gene-AM1_RS10420",326.77926693,275.229646504748,322.37190328841,292.309223656809,580.060780312781,580.045633492346
"gene-AM1_RS10425",173.745314459261,164.781503570804,163.360874529959,103.167961290638,241.148863725538,182.355483439065
"gene-AM1_RS10430",796.23680533648,608.355496966806,423.384988426758,445.218880569719,751.146122820764,483.048035918375
"gene-AM1_RS10435",538.49541170155,317.983766350146,302.072623021374,410.215465131824,423.639895734053,452.008804694704
"gene-AM1_RS42120",234.72876920324,304.623103898459,183.176838600161,122.819001536474,189.008568865962,178.475579536106
"gene-AM1_RS10445",477.511956957571,2977.64630506593,148.861388624933,637.430617974301,162.938421436174,653.763807648564
"gene-AM1_RS10450",322.176742043662,513.049438144773,237.791568842426,394.863089939765,462.745116878735,638.244192036728
"gene-AM1_RS10455",1408.37261521944,2041.50922261774,3114.00625620274,5020.22668780338,3319.05564465487,6070.1096561791
"gene-AM1_RS10460",42.5733551986268,47.20767399596,44.9484063055804,66.9363558373784,66.8047527888315,54.3186546414237
"gene-AM1_RS10465",44.8746176417958,43.6448306755102,41.0818767309069,30.0906553764362,34.2170685015966,31.0392312236707
"gene-AM1_RS44430",67.887242073486,40.0819873550604,45.9150386992488,15.9664701997416,43.9933737877671,15.5196156118353
"gene-AM1_RS10475",1488.91680073035,844.393866946606,778.622393099893,798.323509987082,1269.2903029878,642.124095939687
"gene-AM1_RS10480",1830.65427354095,1130.3120434127,815.837740256127,681.645458527432,1176.41540276918,1026.23458233261
"gene-AM1_RS10485",241.632556532747,43.6448306755102,39.6319281404043,39.3020804916717,27.6995316441496,50.4387507384649
"gene-AM1_RS10490",301.465380055141,55.2240714669721,77.3305914934717,60.7954057605547,74.9516738606402,91.1777417195326
"gene-AM1_RS10495",341.737472810599,241.382634960475,288.056453313182,238.882957988442,281.883469084582,356.951159072213
"gene-AM1_RS10500",52.9290361928874,36.5191440346106,58.481259816938,53.4262656683663,37.4758369303201,64.0184143988208
"gene-AM1_RS10505",24.1632556532747,13.3606624516868,15.4661182986943,17.1946602151064,9.77630528617046,9.69975975739709
"gene-AM1_RS10510",79.3935542893311,82.8361072004582,93.7633421858345,68.1645458527432,89.6161317898959,64.0184143988208
"gene-AM1_RS10515",289.959067839296,184.377141833278,263.407327274638,142.47004178231,239.519479511176,139.676540506518
"gene-AM1_RS10520",888.287303063241,120.245962065181,1586.24375800984,169.490222120334,2079.09425752558,178.475579536106
"gene-AM1_RS10525",1398.01693422518,1335.17553433857,1258.07206035942,3074.15960845795,1013.476981333,2240.64450395873
"gene-AM1_RS10530",29.9164117611972,22.2677707528113,38.6652957467359,23.9497052996125,22.8113790010644,50.4387507384649
"gene-AM1_RS10535",717.993882268733,415.961957662516,652.960181923002,332.839494163845,800.027649251616,510.207363239087
"gene-AM1_RS10540",193.306045226197,185.26785266339,130.495373145234,65.7081658220137,162.938421436174,98.9375495254503
"gene-AM1_RS10545",109.309966050528,114.901697084506,85.0636506428189,71.235020891155,131.980121363301,137.736588555039
"gene-AM1_RS42125",437.239864202113,5.34426498067472,456.250489811483,52.8121706606839,330.764995515434,1.93995195147942
"gene-AM1_RS10555",1716.74178260409,78.3825530498959,1422.88288347988,70.0068308757903,842.391638825021,110.577261234327
"gene-AM1_RS10560",442.993020310036,358.956464535319,347.504345523789,214.93325268883,320.988690229263,300.69255247931
"gene-AM1_RS10565",289.959067839296,355.393621214869,287.089820919514,292.923318664491,439.933737877671,287.112888818954
"gene-AM1_RS10570",346.339997696937,426.650487623865,256.640900518959,153.523751920593,395.940364089904,323.971975897063
"gene-AM1_RS10575",109.309966050528,108.666721273719,81.1971210681453,138.785471736216,78.2104422893637,100.87750147693
"gene-AM1_RS10580",87.4479728404227,119.355251235069,111.162725271866,114.835766436603,97.7630528617046,153.256204166874
"gene-AM1_RS10585",163.389633465,245.836189111037,149.344704821767,109.308911367462,190.637953080324,170.715771730189
"gene-AM1_RS10590",223.222456987395,268.994670693961,233.925039267752,165.80565207424,298.177311228199,296.812648576351
"gene-AM1_RS10595",552.302986360564,671.59596590479,479.932983456359,393.020804916717,560.50816974044,628.544432279331
"gene-AM1_RS10600",399.269033889824,328.672296311495,246.974576582275,195.896307450676,669.676912102677,271.593273207119
"gene-AM1_RS10605",98.9542850562677,59.6776256175344,65.731002769451,50.3557906299544,73.3222896462784,67.8983183017796
"gene-AM1_RS10610",304.917273719895,331.344428801833,298.2060934467,220.460107757971,259.072090083517,277.413129061557
"gene-AM1_RS10615",369.352622128627,209.317045076427,267.757173046146,232.742007911619,211.819947867027,193.995195147942
"gene-AM1_RS10620",196.757938890951,214.661310057101,273.556967408156,178.70164723557,215.07871629575,205.634906856818
"gene-AM1_RS10625",188.703520339859,164.781503570804,172.060566072975,122.204906528792,162.938421436174,157.136108069833
"gene-AM1_RS10630",217.469300879472,305.513814728572,246.974576582275,191.5976423969,259.072090083517,258.013609546763
"gene-AM1_RS10635",792.784911671726,1078.65081526618,531.647816517618,623.920527805289,739.740433320232,711.962366192946
"gene-AM1_RS10640",66.7366108519015,65.0218905982091,51.231516864425,28.2483703533891,48.8815264308523,21.3394714662736
"gene-AM1_RS10645",317.574217157324,382.114946118243,325.75511666625,386.265759832211,332.394379729796,419.029621519554
"gene-AM1_RS10650",688.077470507536,770.464868047272,717.24123610195,570.494262136923,868.461786254809,1030.11448623557
"gene-AM1_RS10655",1632.74570342842,1582.79314510983,1439.79895036908,1699.8149812648,2421.26494254155,2409.42032373744
"gene-AM1_RS10660",128.870696817465,115.792407914619,123.728946389555,98.8692962368617,143.385810863833,128.036828797642
"gene-AM1_RS10665",116.213753380035,104.213167123157,113.095990059202,82.2887310294377,83.0985949324489,155.196156118353
"gene-AM1_RS10670",159.937739800247,166.562925231029,138.228432294581,109.923006375144,130.350737148939,147.436348312436
"gene-AM1_RS37565",4.60252488633803,11.5792407914619,13.5328535113576,15.9664701997416,3.25876842872349,5.81985585443825
"gene-AM1_RS10685",518.934680934613,534.426498067472,478.96635106269,405.916800078047,361.723295588307,463.648516403581
"gene-AM1_RS10690",193.306045226197,119.355251235069,169.160668891969,132.644521659392,145.015195078195,133.85668465208
"gene-AM1_RS10695",975.735275903663,1531.13191696331,972.915504227241,1493.47905868353,1274.17845563088,1972.93113465457
"gene-AM1_RS10700",210.565513549965,353.612199554644,149.828021018601,157.822416974369,166.197189864898,137.736588555039
"gene-AM1_RS10705",2224.17015132285,3387.37328691766,1163.82540197675,2086.08074109701,1714.11219350855,2983.64610137534
"gene-AM1_RS10710",272.699599515529,465.841764148813,276.456864589161,370.29928963247,412.234206233521,614.964768618976
"gene-AM1_RS39775",57.5315610792254,43.6448306755102,28.9989718100519,22.1074202765654,32.5876842872349,21.3394714662736
"gene-AM1_RS10725",1610.88371021831,309.076658049021,1363.91830746611,305.205218818138,2066.05918381069,364.710966878131
"gene-AM1_RS10730",6396.35896078828,5770.02475746847,4923.54209714998,6006.46327014127,6926.51229525177,7466.87506124428
"gene-AM1_RS10735",2129.81839115293,2040.61851178763,1658.74118753497,1971.24497466041,1679.89512500696,1685.81824583561
"gene-AM1_RS10740",622.491490877219,375.879970307455,280.806710360669,163.349272043511,327.50622708671,170.715771730189
"gene-AM1_RS10745",149.582058805986,104.213167123157,113.579306256037,97.0270112138146,177.60287936543,87.2978378165738
"gene-AM1_RS10750",333.683054259507,328.672296311495,318.505373713737,274.50046843402,358.464527159584,339.491591508898
"gene-AM1_RS10755",24.1632556532747,9.79781913123699,11.5995887240208,20.2651352535182,35.8464527159584,7.75980780591767
"gene-AM1_RS10760",28.7657805396127,18.7049274323615,28.0323394163835,41.7584605224012,32.5876842872349,46.558846835506
"gene-AM1_RS10765",37.9708303122888,29.393457393711,32.3821851878913,28.8624653610714,24.4407632154262,38.7990390295884
"gene-AM1_RS10770",178.347839345599,200.409936775302,225.708663921571,314.416643933374,146.644579292557,174.595675633148
"gene-AM1_RS10775",107.008703607359,94.4153479919201,106.812879500358,113.607576421239,84.7279791468107,79.5380300106561
"gene-AM1_RS10780",26.4645180964437,37.409854864723,33.8321337783939,30.7047503841186,47.2521422164906,29.0992792721913
"gene-AM1_RS10785",115.063122158451,127.371648706081,159.97766115212,140.627756759263,294.918542799476,337.551639557419
"gene-AM1_RS10790",13.8075746590141,17.8142166022491,22.2325450543731,15.9664701997416,19.5526105723409,7.75980780591767
"gene-AM1_RS40955",16.1088371021831,17.8142166022491,16.9160668891969,15.3523751920593,14.6644579292557,5.81985585443825
"gene-AM1_RS10795",50.6277737497184,44.5355415056227,44.4650901087462,67.5504508450608,50.510910645214,65.9583663503002
"gene-AM1_RS10815",17.2594683237676,16.9235057721366,15.9494344955285,25.1778953149772,13.0350737148939,11.6397117088765
"gene-AM1_RS10820",28.7657805396127,37.409854864723,34.7987661720623,25.7919903226596,30.9583000728731,31.0392312236707
"gene-AM1_RS10825",54.0796674144719,59.6776256175344,52.1981492580934,39.3020804916717,61.9166001457463,40.7389909810678
"gene-AM1_RS10835",56.3809298576409,54.3333606368597,42.5318253214094,40.5302705070365,34.2170685015966,34.9191351266295
"gene-AM1_RS10840",33.3683054259507,38.3005656948355,44.9484063055804,29.4765603687538,22.8113790010644,46.558846835506
"gene-AM1_RS40965",11.5063122158451,15.1420841119117,18.3660154796995,25.7919903226596,11.4056895005322,5.81985585443825
"gene-AM1_RS39785",69.0378732950705,65.9126014283216,52.1981492580934,49.7416956222721,37.4758369303201,38.7990390295884
"gene-AM1_RS42130",19.5607307669366,16.9235057721366,14.0161697081918,7.36914009218845,9.77630528617046,5.81985585443825
"gene-AM1_RS10855",208.264251106796,222.677707528113,109.229460484529,75.5336859449316,138.497658220748,100.87750147693
"gene-AM1_RS10860",292.260330282465,295.715995597335,243.591363204436,276.956848464749,257.442705869155,294.872696624872
"gene-AM1_RS10865",95.5023913915142,68.5847339186589,89.4134964143267,92.728346160038,81.4692107180872,108.637309282847
"gene-AM1_RS10870",11653.5930122079,2343.46019402586,3023.62612739474,2102.04721129676,7786.82716043477,1889.51320074095
"gene-AM1_RS10875",177.197208124014,18.7049274323615,12.082904920855,16.580565207424,22.8113790010644,13.5796636603559
"gene-AM1_RS10880",998.747900335353,692.082314997376,494.915785558219,464.255825807872,1122.64572369524,671.223375211879
"gene-AM1_RS10885",87.4479728404227,83.7268180305706,43.4984577150778,49.1276006145897,65.1753685744697,32.9791831751501
"gene-AM1_RS10890",107.008703607359,151.420841119117,104.879614713021,185.456692320076,133.609505577663,256.073657595283
"gene-AM1_RS10895",14.9582058805986,32.9563007141608,21.7492288575389,28.8624653610714,26.0701474297879,21.3394714662736
"gene-AM1_RS10900",103.556809942606,139.841600327655,89.4134964143267,174.402982181793,102.65120550479,199.81505100238
"gene-AM1_RS10905",146.130165141233,169.235057721366,148.861388624933,283.097798541573,161.309037221813,372.470774684048
"gene-AM1_RS10910",462.553751076972,358.956464535319,375.536684940172,394.248994932082,671.306296317038,484.987987869854
"gene-AM1_RS10915",104.70744116419,79.2732638800084,91.8300773984977,122.819001536474,83.0985949324489,83.417933913615
"gene-AM1_RS10920",48.3265113065494,48.0983848260725,64.7643703757826,28.2483703533891,39.1052211446818,44.6188948840266
"gene-AM1_RS10925",423.432289543099,397.257030230154,511.831852447416,325.470354071657,206.931795223941,182.355483439065
"gene-AM1_RS10930",67.887242073486,73.9289988993336,82.6470696586479,65.0940708143313,39.1052211446818,46.558846835506
"gene-AM1_RS40970",81.6948167325001,65.9126014283216,55.5813626359328,67.5504508450608,42.3639895734053,40.7389909810678
"gene-AM1_RS10935",117.36438460162,157.655816929904,89.4134964143267,78.6041609833435,83.0985949324489,64.0184143988208
"gene-AM1_RS10940",533.892886815212,510.377305654436,385.203008876856,406.53089508573,576.802011884057,560.646113977552
"gene-AM1_RS10945",135.774484146972,134.49733534698,174.96046325398,127.117666590251,145.015195078195,145.496396360956
"gene-AM1_RS10950",3128.56629148828,1883.85340568784,2132.39106043248,3209.87460515575,4788.76020600916,4044.79981883459
"gene-AM1_RS10955",92.0504977267607,111.338853764057,64.7643703757826,46.6712205838602,70.063521217555,60.138510495862
"gene-AM1_RS10960",44.8746176417958,65.0218905982091,42.0485091245752,33.161130414848,60.2872159313845,42.6789429325472
"gene-AM1_RS10965",50.6277737497184,28.5027465635985,26.5823908258809,25.1778953149772,27.6995316441496,34.9191351266295
"gene-AM1_RS10970",27548.4127071763,4266.50487623865,20311.846488154,5484.48251361126,28470.2303775427,5158.33223898377
"gene-AM1_RS10975",1117.26291615856,827.470361174469,730.290773416474,597.514442474947,977.630528617046,1138.75179551842
"gene-AM1_RS10980",388.913352895564,337.57940461262,600.278716468074,446.447070585084,446.451274735118,601.38510495862
"gene-AM1_RS42135",34.5189366475353,35.6284332044981,27.5490232195493,30.7047503841186,30.9583000728731,25.2193753692324
"gene-AM1_RS10985",2721.24283904736,3781.06747382736,1286.58771597264,2931.07547166796,4402.59614720543,2176.62608955991
"gene-AM1_RS10990",24.1632556532747,36.5191440346106,42.0485091245752,48.5135056069073,26.0701474297879,21.3394714662736
"gene-AM1_RS10995",50.6277737497184,65.0218905982091,80.7138048713111,127.117666590251,74.9516738606402,85.3578858650944
"gene-AM1_RS11000",63.284717187148,227.131261678676,75.3973267061349,317.487118971786,53.7696790739375,521.847074947963
"gene-AM1_RS11005",26.4645180964437,64.1311797680966,39.6319281404043,59.56721574519,14.6644579292557,83.417933913615
"gene-AM1_RS11010",21.8619932101057,26.7213249033736,11.5995887240208,19.0369452381535,30.9583000728731,21.3394714662736
"gene-AM1_RS11015",35.6695678691198,38.3005656948355,29.4822880068861,35.6175104455775,43.9933737877671,42.6789429325472
"gene-AM1_RS11020",27.6151493180282,32.9563007141608,25.1324422353783,17.8087552227888,26.0701474297879,32.9791831751501
"gene-AM1_RS11025",19.5607307669366,27.6120357334861,27.5490232195493,21.493325268883,22.8113790010644,15.5196156118353
"gene-AM1_RS11030",18.4100995453521,17.8142166022491,33.3488175815597,43.6007455454483,22.8113790010644,32.9791831751501
"gene-AM1_RS11040",12.6569434374296,8.90710830112453,13.5328535113576,20.8792302612006,4.88815264308523,1.93995195147942
"gene-AM1_RS11045",386.612090452395,350.940067064307,374.570052546504,316.873023964103,338.911916587243,312.332264188186
"gene-AM1_RS11050",24.1632556532747,24.9399032431487,38.1819795499017,39.9161754993541,26.0701474297879,11.6397117088765
"gene-AM1_RS11055",18.4100995453521,27.6120357334861,28.0323394163835,16.580565207424,19.5526105723409,15.5196156118353
"gene-AM1_RS11060",63.284717187148,71.2568664089963,48.3316196834198,57.7249307221429,60.2872159313845,38.7990390295884
"gene-AM1_RS11065",1498.12185050303,2143.94096808068,1651.97476077929,2003.17791505989,2281.13790010644,1879.81344098356
"gene-AM1_RS11070",145734.348001008,340820.701323399,119091.527480931,371266.489269569,183352.976257913,638531.304925547
"gene-AM1_RS11075",171270.306701633,328265.241462134,123017.988264012,438592.181341819,166223.260012328,516748.881219476
"gene-AM1_RS11080",86.2973416188381,119.355251235069,85.0636506428189,122.819001536474,83.0985949324489,209.514810759777
"gene-AM1_RS11085",224.373088208979,209.317045076427,219.90886955956,249.936668126725,268.848395369688,242.493993934927
"gene-AM1_RS11090",54.0796674144719,73.9289988993336,60.4145246042748,68.7786408604256,50.510910645214,50.4387507384649
"gene-AM1_RS11095",157.636477357078,89.9617938413578,235.374987858255,141.241851766945,236.260711082453,225.034426371612
"gene-AM1_RS11100",258.892024856514,910.306468374927,221.842134346897,646.027948081854,374.758369303201,1431.68454019181
"gene-AM1_RS11105",103.556809942606,175.470033532153,102.46303372885,89.6578711216262,99.3924370760663,65.9583663503002
"gene-AM1_RS11110",1361.19673513447,925.448552486839,925.55051693749,637.430617974301,1101.46372890854,572.285825686428
"gene-AM1_RS11115",1394.56504056042,956.623431540775,1559.66136718396,1285.3008510792,1834.68662537132,1375.42593359891
"gene-AM1_RS11120",380.858934344472,291.262441446772,399.219178585048,264.674948311102,770.698733393105,611.084864716017
"gene-AM1_RS11125",46.0252488633803,57.005493127197,43.981773911912,27.6342753457067,45.6227580021288,29.0992792721913
"gene-AM1_RS11130",10.3556809942606,12.4699516215743,34.7987661720623,18.4228502304711,19.5526105723409,7.75980780591767
"gene-AM1_RS11135",64.4353484087325,54.3333606368597,75.8806429029691,101.939771275274,118.945047648407,85.3578858650944
"gene-AM1_RS11140",131.171959260634,126.480937875968,139.195064688249,98.8692962368617,125.462584505854,96.9975975739709
"gene-AM1_RS11145",250.837606305423,182.595720173053,190.426581552674,171.946602151064,259.072090083517,240.554041983448
"gene-AM1_RS11150",23.0126244316902,22.2677707528113,26.5823908258809,12.8959951613298,9.77630528617046,19.3995195147942
"gene-AM1_RS11155",42.5733551986268,35.6284332044981,52.6814654549276,33.7752254225304,40.7346053590436,65.9583663503002
"gene-AM1_RS11160",23.0126244316902,29.393457393711,28.5156556132177,22.7215152842477,13.0350737148939,9.69975975739709
"gene-AM1_RS11170",52.9290361928874,40.0819873550604,42.0485091245752,43.6007455454483,37.4758369303201,50.4387507384649
"gene-AM1_RS11175",100.104916277852,77.4918422197835,78.2972238871401,68.7786408604256,73.3222896462784,98.9375495254503
"gene-AM1_RS11180",280.75401806662,453.371812527239,163.360874529959,390.564424885988,244.407632154262,950.576456224915
"gene-AM1_RS11185",324.478004486831,922.776419996502,287.573137116348,879.384051001155,343.800069230328,1099.95275648883
"gene-AM1_RS11190",163.389633465,138.950889497543,198.159640702021,163.349272043511,141.756426649472,193.995195147942
"gene-AM1_RS11195",11.5063122158451,9.79781913123699,15.4661182986943,8.59733010755319,13.0350737148939,13.5796636603559
"gene-AM1_RS11200",27.6151493180282,23.1584815829238,31.4155527942229,22.7215152842477,42.3639895734053,23.279423417753
"gene-AM1_RS11205",51.7784049713029,50.7705173164098,62.3477893916116,52.8121706606839,60.2872159313845,46.558846835506
"gene-AM1_RS11210",349.791891361691,286.80888729621,527.29797074611,501.715621276497,467.63326952182,382.170534441445
"gene-AM1_RS11215",54.0796674144719,55.2240714669721,39.1486119435701,25.1778953149772,37.4758369303201,21.3394714662736
"gene-AM1_RS11220",49.4771425281339,69.4754447487714,51.7148330612592,76.147780952614,45.6227580021288,38.7990390295884
"gene-AM1_RS11225",161.088371021831,182.595720173053,136.295167507244,191.5976423969,171.085342507983,356.951159072213
"gene-AM1_RS11230",2055.02736174993,1695.91342053411,2384.1987989831,3512.62344394316,2489.69907954474,3350.29702020495
"gene-AM1_RS42140",310.670429827817,81.0546855402333,180.276941419156,147.382801843769,74.9516738606402,89.2377897680532
"gene-AM1_RS11235",348.641260140106,230.694104999125,108.746144287695,89.0437761139438,127.091968720216,120.277020991724
"gene-AM1_RS11240",133.473221703803,96.196769652145,59.4478922106064,44.2148405531307,91.2455160042576,52.3787026899443
"gene-AM1_RS11245",135.774484146972,91.7432155015827,136.778483704078,85.3592060678496,151.532731935642,100.87750147693
"gene-AM1_RS11250",146.130165141233,132.715913686756,94.2466583826687,78.6041609833435,162.938421436174,96.9975975739709
"gene-AM1_RS11255",67.887242073486,48.9890956561849,46.398354896083,45.4430305684955,73.3222896462784,38.7990390295884
"gene-AM1_RS11260",10843.5486322124,885.366565131779,5561.03616077429,392.406709909035,10354.7366822689,432.60928517991
"gene-AM1_RS11265",8657.34931120184,692.973025827489,4098.521349154,373.369764670882,7889.47836593956,391.870294198842
"gene-AM1_RS11270",23.0126244316902,11.5792407914619,14.0161697081918,17.1946602151064,39.1052211446818,7.75980780591767
"gene-AM1_RS11275",81.6948167325001,80.1639747101208,72.9807457219639,55.2685506914134,50.510910645214,58.1985585443825
"gene-AM1_RS11280",17.2594683237676,23.1584815829238,18.3660154796995,15.9664701997416,14.6644579292557,11.6397117088765
"gene-AM1_RS11285",70.188504516655,223.568418358226,86.0302830364873,78.6041609833435,101.021821290428,149.376300263915
"gene-AM1_RS11290",269.247705850775,1311.12634192553,319.955322304239,785.427514825752,329.135611301072,1127.11208380954
"gene-AM1_RS11295",1872.076997518,5447.58743696776,2928.89615281524,11146.4384844427,3677.52017181445,9395.18730101482
"gene-AM1_RS11300",196.757938890951,224.459129188338,292.40629908469,235.198387942348,241.148863725538,217.274618565695
"gene-AM1_RS11305",181.799733010352,235.147659149688,299.656042037203,319.943499002515,303.065463871284,318.152120042625
"gene-AM1_RS11310",349.791891361691,435.55759592499,298.689409643535,291.695128649126,454.598195806926,405.449957859198
"gene-AM1_RS11320",57.5315610792254,87.2896613510204,88.9301802174925,109.923006375144,76.5810580750019,236.674138080489
"gene-AM1_RS11325",119.665647044789,220.005575037776,145.961491443928,208.792302612006,146.644579292557,258.013609546763
"gene-AM1_RS11330",650.106640195247,1267.48151125002,683.409102323556,1168.62279961955,762.551812321296,2023.36988539303
"gene-AM1_RS11335",658.161058746339,913.869311695377,624.444526309784,943.249931800122,1148.71587112503,1883.69334488651
"gene-AM1_RS11340",430.336076872606,299.278838917784,591.579024925059,629.44738287443,754.404891249487,737.181741562179
"gene-AM1_RS11345",1220.81972610116,440.011150075552,1285.13776738213,537.947226729757,1578.87330371653,599.44515300714
"gene-AM1_RS11350",505.127106275599,195.95638262474,594.478922106064,264.06085330342,782.104422893637,434.54923713139
"gene-AM1_RS11355",406.172821219332,168.344346891254,225.225347724736,114.221671428921,358.464527159584,168.775819778709
"gene-AM1_RS11360",525.83846826412,305.513814728572,354.754088476302,245.638003072948,485.5564958798,244.433945886407
"gene-AM1_RS11365",124.268171931127,254.743297412162,92.7967097921661,162.121082028146,125.462584505854,285.172936867474
"gene-AM1_RS11370",143.828902698064,134.49733534698,114.545938649705,93.9565361754028,114.056895005322,106.697357331368
"gene-AM1_RS11375",83.9960791756691,68.5847339186589,123.728946389555,92.728346160038,159.679653007451,155.196156118353
"gene-AM1_RS11380",24.1632556532747,27.6120357334861,40.1152443372385,41.7584605224012,27.6995316441496,27.1593273207119
"gene-AM1_RS11400",161.088371021831,301.950971408122,273.073651211322,1154.49861444286,358.464527159584,498.56765153021
"gene-AM1_RS11405",35.6695678691198,47.20767399596,15.4661182986943,42.986650537766,34.2170685015966,11.6397117088765
"gene-AM1_RS11410",44.8746176417958,23.1584815829238,32.8655013847255,42.3725555300836,48.8815264308523,11.6397117088765
"gene-AM1_RS11415",12.6569434374296,5.34426498067472,10.1496401335182,7.98323509987082,11.4056895005322,7.75980780591767
"gene-AM1_RS11420",26.4645180964437,24.9399032431487,27.0657070227151,23.3356102919301,27.6995316441496,19.3995195147942
"gene-AM1_RS11425",62.1340859655635,67.6940230885465,86.9969154301557,112.993481413556,83.0985949324489,46.558846835506
"gene-AM1_RS11430",56.3809298576409,58.7869147874219,65.2476865726168,80.4464460063906,60.2872159313845,73.7181741562179
"gene-AM1_RS11440",31.0670429827817,41.8634090152853,27.5490232195493,33.161130414848,17.9232263579792,23.279423417753
"gene-AM1_RS11445",62.1340859655635,51.6612281465223,148.378072428099,120.976716513427,123.833200291493,100.87750147693
"gene-AM1_RS11450",58.6821923008099,243.1640566207,65.2476865726168,216.775537711877,92.8749002186194,481.108083966896
"gene-AM1_RS11455",62.1340859655635,94.4153479919201,72.9807457219639,79.2182559910259,101.021821290428,129.976780749121
"gene-AM1_RS42145",32.2176742043662,28.5027465635985,14.9828021018601,15.3523751920593,26.0701474297879,17.4595675633148
"gene-AM1_RS37570",991.844113005846,624.38829190883,1163.34208577992,1134.23347918934,870.091170469171,640.184143988208
"gene-AM1_RS11465",216.318669657888,171.907190211703,132.42863793257,94.5706311830851,52.1402948595758,40.7389909810678
"gene-AM1_RS11470",3378.25326657212,1551.61826605589,1179.29152027544,914.38746643905,433.416201020224,465.58846835506
"gene-AM1_RS11475",1400.31819666835,709.896531599625,524.398073565105,383.195284793799,228.113790010644,221.154522468654
"gene-AM1_RS11480",196.757938890951,146.967286968555,127.112159767394,72.4632109065198,37.4758369303201,44.6188948840266
"gene-AM1_RS11485",83.9960791756691,72.1475772391087,57.9979436201038,48.5135056069073,19.5526105723409,27.1593273207119
"gene-AM1_RS11490",75.9416606245776,48.0983848260725,56.5479950296012,41.7584605224012,22.8113790010644,23.279423417753
"gene-AM1_RS11495",6.90378732950705,16.9235057721366,14.4994859050259,20.2651352535182,8.14692107180872,3.87990390295884
"gene-AM1_RS39800",78.2429230677466,114.010986254394,61.8644731947774,64.479975806649,52.1402948595758,50.4387507384649
"gene-AM1_RS11510",36.8201990907043,35.6284332044981,43.0151415182436,36.2316054532599,24.4407632154262,27.1593273207119
"gene-AM1_RS11515",26.4645180964437,29.393457393711,28.0323394163835,25.7919903226596,21.1819947867027,11.6397117088765
"gene-AM1_RS11520",41.4227239770423,38.3005656948355,52.1981492580934,39.3020804916717,48.8815264308523,31.0392312236707
"gene-AM1_RS11525",186.40225789669,105.994588783382,189.459949159006,165.191557066558,197.155489937771,186.235387342024
"gene-AM1_RS11530",67.887242073486,65.0218905982091,85.0636506428189,60.7954057605547,86.3573633611724,62.0784624473414
"gene-AM1_RS11535",582.219398121761,425.759776793753,1066.67884641308,1118.2670089896,857.056096754277,793.440348155082
"gene-AM1_RS11540",156.485846135493,109.557432103832,71.0474809346271,39.9161754993541,74.9516738606402,38.7990390295884
"gene-AM1_RS11545",116.213753380035,105.994588783382,97.1465555636739,61.4095007682371,122.203816077131,114.457165137286
"gene-AM1_RS11550",686.926839285952,93.5246371618076,82.1637534618137,179.315742243252,50.510910645214,230.854282226051
"gene-AM1_RS11555",89.7492352835917,143.404443648105,60.897840801109,43.6007455454483,89.6161317898959,67.8983183017796
"gene-AM1_RS11560",82.8454479540846,85.5082396907955,97.1465555636739,127.117666590251,122.203816077131,98.9375495254503
"gene-AM1_RS11565",326.77926693,571.836352932195,278.390129376498,291.695128649126,327.50622708671,465.58846835506
"gene-AM1_RS11570",19.5607307669366,65.9126014283216,51.231516864425,178.70164723557,24.4407632154262,226.974378323092
"gene-AM1_RS11575",70.188504516655,161.218660250354,132.911954129405,687.786408604255,81.4692107180872,471.408324209499
"gene-AM1_RS11580",24.1632556532747,97.0874804822574,60.4145246042748,229.671532873207,32.5876842872349,161.016011972792
"gene-AM1_RS11585",51.7784049713029,179.923587682716,67.1809513599536,315.030738941056,47.2521422164906,232.79423417753
"gene-AM1_RS11590",37.9708303122888,159.437238590129,64.2810541789484,264.06085330342,34.2170685015966,221.154522468654
"gene-AM1_RS11595",8.05441855109156,31.1748790539359,8.69969154301557,83.5169210448025,16.2938421436174,32.9791831751501
"gene-AM1_RS11600",57.5315610792254,163.000081910579,68.147583753622,344.50729930981,63.545984360108,250.253801740845
"gene-AM1_RS11605",6.90378732950705,8.90710830112453,10.1496401335182,13.5100901690122,3.25876842872349,9.69975975739709
"gene-AM1_RS11610",62.1340859655635,81.0546855402333,77.8139076903059,89.0437761139438,87.9867475755341,81.4779819621356
"gene-AM1_RS11615",82.8454479540846,45.4262523357351,56.5479950296012,52.8121706606839,57.028447502661,27.1593273207119
"gene-AM1_RS11620",58.6821923008099,41.8634090152853,48.3316196834198,47.8994105992249,27.6995316441496,21.3394714662736
"gene-AM1_RS11625",243.933818975916,202.191358435527,176.893728041317,180.543932258617,193.896721509047,300.69255247931
"gene-AM1_RS11630",167.992158351338,71.2568664089963,33.3488175815597,41.1443655147189,26.0701474297879,60.138510495862
"gene-AM1_RS11635",220.921194544226,101.54103463282,28.0323394163835,30.0906553764362,17.9232263579792,46.558846835506
"gene-AM1_RS11640",4515.07691349761,1607.73304835298,521.981492580934,1123.17976905106,674.565064745762,1092.19294868291
"gene-AM1_RS11645",16187.0800252509,7359.9435892192,1782.95345012136,5116.02550900183,4143.52405712191,7515.37386003127
"gene-AM1_RS11650",51.7784049713029,60.5683364476468,77.8139076903059,50.3557906299544,50.510910645214,64.0184143988208
"gene-AM1_RS11655",272.699599515529,174.579322702041,122.278997799052,111.151196390509,122.203816077131,149.376300263915
"gene-AM1_RS11660",25.3138868748592,22.2677707528113,10.1496401335182,6.75504508450608,13.0350737148939,5.81985585443825
"gene-AM1_RS11665",134.623852925387,122.027383725406,63.31442178528,39.3020804916717,76.5810580750019,65.9583663503002
"gene-AM1_RS11670",20.7113619885212,28.5027465635985,13.5328535113576,12.8959951613298,17.9232263579792,15.5196156118353
"gene-AM1_RS11675",172.594683237676,120.245962065181,112.612673862368,85.3592060678496,125.462584505854,65.9583663503002
"gene-AM1_RS11685",41.4227239770423,38.3005656948355,32.3821851878913,49.7416956222721,27.6995316441496,48.4987987869854
"gene-AM1_RS11690",16.1088371021831,23.1584815829238,21.2659126607047,27.6342753457067,11.4056895005322,21.3394714662736
"gene-AM1_RS11695",71.3391357382395,70.3661555788838,116.962519633876,128.345856605616,61.9166001457463,62.0784624473414
"gene-AM1_RS11700",34.5189366475353,35.6284332044981,52.6814654549276,60.1813107528724,35.8464527159584,46.558846835506
"gene-AM1_RS11715",50.6277737497184,48.0983848260725,44.9484063055804,70.6209258834727,47.2521422164906,44.6188948840266
"gene-AM1_RS11720",57.5315610792254,39.191276524948,41.5651929277411,44.8289355608131,29.3289158585114,11.6397117088765
"gene-AM1_RS11725",70.188504516655,78.3825530498959,52.1981492580934,45.4430305684955,63.545984360108,40.7389909810678
"gene-AM1_RS11730",165.690895908169,156.765106099792,129.528740751565,131.416331644027,193.896721509047,219.214570517174
"gene-AM1_RS11735",13.8075746590141,24.0491924130362,39.1486119435701,21.493325268883,37.4758369303201,27.1593273207119
"gene-AM1_RS11740",88.5986040620072,62.3497581078717,78.2972238871401,58.3390257298252,86.3573633611724,67.8983183017796
"gene-AM1_RS11745",48.3265113065494,52.5519389766348,35.7653985657307,29.4765603687538,39.1052211446818,27.1593273207119
"gene-AM1_RS11750",16.1088371021831,24.0491924130362,18.8493316765337,16.580565207424,19.5526105723409,15.5196156118353
"gene-AM1_RS11755",18.4100995453521,19.595638262474,18.8493316765337,19.6510402458359,17.9232263579792,25.2193753692324
"gene-AM1_RS11765",8.05441855109156,8.90710830112453,18.8493316765337,10.4396151306003,4.88815264308523,13.5796636603559
"gene-AM1_RS11770",16.1088371021831,12.4699516215743,23.6824936448757,15.9664701997416,29.3289158585114,21.3394714662736
"gene-AM1_RS11775",34.5189366475353,20.4863490925864,25.6157584322125,20.8792302612006,26.0701474297879,29.0992792721913
"gene-AM1_RS11780",31.0670429827817,31.1748790539359,37.2153471562333,37.4597954686246,29.3289158585114,17.4595675633148
"gene-AM1_RS11785",92.0504977267607,81.9453963703457,154.661182986943,108.69481635978,112.42751079096,73.7181741562179
"gene-AM1_RS11790",130.021328039049,62.3497581078717,149.344704821767,95.7988211984499,146.644579292557,69.838270253259
"gene-AM1_RS11795",42.5733551986268,40.0819873550604,45.4317225024146,86.5873960832143,43.9933737877671,58.1985585443825
"gene-AM1_RS11800",604.081391331867,551.350003839609,683.892418520391,740.598579264939,1174.78601855482,1123.23217990658
"gene-AM1_RS11805",701.88504516655,597.666967005456,568.379847477017,510.927046391733,855.426712539915,541.246594462758
"gene-AM1_RS11810",232.427506760071,261.868984053061,187.043368174835,182.386217281664,172.714726722345,128.036828797642
"gene-AM1_RS11815",3424.2785154355,3713.37345073882,2922.12972605956,3577.10341974981,3850.2348985368,3705.30822732569
"gene-AM1_RS11820",6793.32673223494,6191.33098011166,3285.10018988205,4055.48343073438,5904.88839284696,3319.25778898128
"gene-AM1_RS11825",1265.69434374296,1385.05534082486,819.7042698308,695.769643704126,1215.52062391386,581.985585443825
"gene-AM1_RS11830",1506.17626905412,1438.49799063161,701.291801606422,480.222296007614,1140.56895005322,554.826258123114
"gene-AM1_RS11835",164.540264686585,270.776092354186,126.62884357056,89.6578711216262,136.868274006386,159.076060021312
"gene-AM1_RS11840",1223.12098854433,297.497417257559,873.352367679396,332.225399156163,814.692107180872,267.71336930416
"gene-AM1_RS11845",475.210694514402,287.699598126322,300.622674430871,248.094383103678,449.710043163841,287.112888818954
"gene-AM1_RS11850",193.306045226197,260.087562392836,408.885502521732,314.416643933374,395.940364089904,428.729381276951
"gene-AM1_RS11855",265.795812186021,839.940312796044,347.987661720623,696.383738711809,391.052211446818,1105.77261234327
"gene-AM1_RS11860",93.2011289483452,103.322456293045,142.578278066089,151.067371889863,118.945047648407,254.133705643804
"gene-AM1_RS11865",1011.40484377278,105.994588783382,73.9473781156323,58.9531207375076,104.280589719152,62.0784624473414
"gene-AM1_RS11870",483.265113065494,147.857997798667,120.345733011715,111.765291398192,130.350737148939,116.397117088765
"gene-AM1_RS11875",230.126244316902,128.262359536193,164.327506923627,81.060541014073,205.30241100958,112.517213185806
"gene-AM1_RS11880",153.03395247074,111.338853764057,132.42863793257,47.2853155915426,164.567805650536,77.5980780591767
"gene-AM1_RS38660",1684.52410839972,1086.66721273719,2837.54939161358,1813.42255768604,2483.1815426873,1356.02641408411
"gene-AM1_RS38665",1930.75918981881,1313.79847441587,2849.63229653443,1843.51321306248,2869.34560149103,1763.41632389479
"gene-AM1_RS38670",1529.18889348581,990.470443085048,2972.87792672715,1824.47626782432,2685.22518526815,1518.98237800838
"gene-AM1_RS11885",7634.43815521321,4423.26998233844,9383.10064533913,6944.18634687225,10219.4977924769,6023.55080934359
"gene-AM1_RS11890",8172.93356691476,2029.92998182628,6265.22785956171,1694.28812619566,7198.61945905018,1965.17132684865
"gene-AM1_RS43185",477.511956957571,128.262359536193,506.998690479074,82.9028260371201,404.087285161712,98.9375495254503
"gene-AM1_RS11895",3901.79047239307,1201.5689098217,3027.49265696942,889.209571124073,2545.09814283304,999.0752550119
"gene-AM1_RS38675",385.46145923081,383.005656948355,383.753060286353,311.960263902644,571.913859240972,358.891111023692
"gene-AM1_RS11900",830.755741984015,815.000409552895,730.774089613308,405.302705070365,925.49023375747,424.849477373993
"gene-AM1_RS11905",70.188504516655,52.5519389766348,74.9140105093007,53.4262656683663,40.7346053590436,48.4987987869854
"gene-AM1_RS11910",66.7366108519015,65.9126014283216,72.4974295251297,70.6209258834727,53.7696790739375,69.838270253259
"gene-AM1_RS11915",233.578137981655,319.765188010371,253.741003337954,337.138159217622,263.960242726602,387.990390295884
"gene-AM1_RS11920",202.511094998873,228.912683338901,276.456864589161,330.383114133116,257.442705869155,327.851879800022
"gene-AM1_RS11925",360.147572355951,335.797982952395,423.384988426758,358.017389478822,412.234206233521,419.029621519554
"gene-AM1_RS11930",709.939463717642,736.617856502999,813.421159271956,805.078555071588,935.266539043641,801.200155961
"gene-AM1_RS11935",93.2011289483452,73.9289988993336,95.6966069731713,52.8121706606839,86.3573633611724,71.7782222047385
"gene-AM1_RS11940",37.9708303122888,33.8470115442732,23.1991774480415,19.0369452381535,19.5526105723409,15.5196156118353
"gene-AM1_RS11945",43.7239864202113,40.0819873550604,10.6329563303524,15.9664701997416,13.0350737148939,5.81985585443825
"gene-AM1_RS11950",399.269033889824,373.207837817118,240.691466023431,227.215152842477,296.547927013837,238.614090031968
"gene-AM1_RS11955",13142.5098129383,2849.38394552974,6274.41086730156,2090.99350115847,12208.9759182125,2091.26820369481
"gene-AM1_RS11960",52.9290361928874,16.0327949420242,20.2992802670363,12.2819001536474,26.0701474297879,3.87990390295884
"gene-AM1_RS11965",102.406178721021,81.0546855402333,46.398354896083,43.6007455454483,60.2872159313845,31.0392312236707
"gene-AM1_RS11970",135.774484146972,101.54103463282,41.5651929277411,33.161130414848,102.65120550479,60.138510495862
"gene-AM1_RS11975",942.366970477712,618.153316098043,272.590335014488,214.319157681147,1257.88461348727,609.144912764537
"gene-AM1_RS11980",608.683916218205,559.366401310621,402.119075766053,327.926734102386,438.304353663309,382.170534441445
"gene-AM1_RS11985",78.2429230677466,100.650323802707,107.779511894026,76.147780952614,99.3924370760663,96.9975975739709
"gene-AM1_RS11990",604.081391331867,431.104041774427,557.746891146665,323.013974040927,630.571690957995,647.943951794126
"gene-AM1_RS11995",254.289499970176,164.781503570804,150.311337215436,92.728346160038,151.532731935642,120.277020991724
"gene-AM1_RS12000",157.636477357078,174.579322702041,116.479203437042,193.439927419947,131.980121363301,159.076060021312
"gene-AM1_RS12005",242.783187754331,252.071164921824,272.107018817654,292.309223656809,503.479722237779,411.269813713637
"gene-AM1_RS12010",209.414882328381,228.021972508788,239.241517432928,186.684882335441,254.183937440432,254.133705643804
"gene-AM1_RS12015",33.3683054259507,35.6284332044981,23.6824936448757,36.2316054532599,24.4407632154262,29.0992792721913
"gene-AM1_RS12020",12.6569434374296,17.8142166022491,36.2487147625649,26.406085330342,22.8113790010644,32.9791831751501
"gene-AM1_RS12025",43.7239864202113,27.6120357334861,20.7825964638705,19.6510402458359,32.5876842872349,15.5196156118353
"gene-AM1_RS12030",35.6695678691198,33.8470115442732,35.2820823688965,45.4430305684955,30.9583000728731,29.0992792721913
"gene-AM1_RS12035",64.4353484087325,72.1475772391087,56.5479950296012,36.8457004609423,58.6578317170228,54.3186546414237
"gene-AM1_RS12040",28.7657805396127,34.7377223743857,52.1981492580934,34.3893204302128,34.2170685015966,36.8590870781089
"gene-AM1_RS12045",59.8328235223944,49.8798064862974,47.8483034865856,40.5302705070365,39.1052211446818,34.9191351266295
"gene-AM1_RS12050",46.0252488633803,18.7049274323615,26.0990746290467,23.9497052996125,48.8815264308523,23.279423417753
"gene-AM1_RS12055",25.3138868748592,26.7213249033736,34.3154499752281,28.8624653610714,19.5526105723409,17.4595675633148
"gene-AM1_RS12060",37.9708303122888,44.5355415056227,48.814935880254,70.6209258834727,65.1753685744697,58.1985585443825
"gene-AM1_RS39815",9.20504977267607,8.90710830112453,15.4661182986943,17.8087552227888,24.4407632154262,15.5196156118353
"gene-AM1_RS12085",195.607307669366,108.666721273719,129.045424554731,142.47004178231,267.219011155326,213.394714662736
"gene-AM1_RS12090",111.611228493697,59.6776256175344,113.095990059202,120.976716513427,177.60287936543,89.2377897680532
"gene-AM1_RS43190",34.5189366475353,33.8470115442732,30.9322365973887,18.4228502304711,37.4758369303201,17.4595675633148
"gene-AM1_RS43195",20.7113619885212,24.9399032431487,19.8159640702021,14.1241851766945,13.0350737148939,3.87990390295884
"gene-AM1_RS43960",16.1088371021831,24.0491924130362,11.1162725271866,10.4396151306003,8.14692107180872,5.81985585443825
"gene-AM1_RS12110",90.8998665051762,97.9781913123699,260.507430093633,205.107732565912,345.42945344469,211.454762711257
"gene-AM1_RS12115",63.284717187148,80.1639747101208,96.1799231700055,68.1645458527432,94.5042844329811,85.3578858650944
"gene-AM1_RS12120",77.0922918461621,82.8361072004582,101.979717532016,84.7451110601672,65.1753685744697,87.2978378165738
"gene-AM1_RS37575",172.594683237676,301.950971408122,442.717636300126,434.165170431436,281.883469084582,519.907122996484
"gene-AM1_RS12130",184.100995453521,202.191358435527,117.44583583071,74.3054959295669,182.491032008515,87.2978378165738
"gene-AM1_RS12135",764.019131132114,286.80888729621,593.99560590923,126.503571582568,938.525307472364,240.554041983448
"gene-AM1_RS12145",462.553751076972,235.147659149688,221.842134346897,187.298977343123,177.60287936543,168.775819778709
"gene-AM1_RS12150",103.556809942606,125.590227045856,73.9473781156323,129.57404662098,94.5042844329811,129.976780749121
"gene-AM1_RS12155",294.561592725634,236.0383699798,260.024113896799,181.158027266299,345.42945344469,411.269813713637
"gene-AM1_RS12160",149.582058805986,107.776010443607,227.158612512073,191.5976423969,244.407632154262,182.355483439065
"gene-AM1_RS12165",929.710027040283,771.355578877385,524.881389761939,356.789199463458,597.98400667076,514.087267142046
"gene-AM1_RS12170",294.561592725634,262.759694883174,215.075707591218,164.577462058875,281.883469084582,329.791831751501
"gene-AM1_RS12175",95.5023913915142,115.792407914619,123.245630192721,81.060541014073,151.532731935642,190.115291244983
"gene-AM1_RS12180",1066.63514240884,1421.57448485948,794.088511398588,833.94102043266,2356.08957396708,1584.94074435868
"gene-AM1_RS12185",751.362187694684,546.896449689046,672.29282979637,734.457629188116,915.7139284713,519.907122996484
"gene-AM1_RS12190",124.268171931127,117.573829574844,51.231516864425,25.7919903226596,83.0985949324489,29.0992792721913
"gene-AM1_RS12195",454.499332525881,317.093055520033,314.155527942229,326.698544087021,457.85696423565,384.110486392925
"gene-AM1_RS12200",2777.623768905,1194.4432231808,990.798203510106,838.853780494119,2313.72558439368,1227.98958528647
"gene-AM1_RS12205",516.633418491444,384.78707860858,347.021029326954,190.369452381535,575.172627669695,325.911927848542
"gene-AM1_RS12210",126.569434374296,101.54103463282,95.6966069731713,53.4262656683663,97.7630528617046,89.2377897680532
"gene-AM1_RS12215",147.280796362817,128.262359536193,88.9301802174925,81.6746360217553,184.120416222877,102.817453428409
"gene-AM1_RS12220",262.343918521268,233.366237489463,195.74305971785,136.329091705486,294.918542799476,201.755002953859
"gene-AM1_RS12225",70.188504516655,35.6284332044981,55.5813626359328,32.5470354071657,50.510910645214,23.279423417753
"gene-AM1_RS12230",185.251626675106,192.39353930429,163.844190726793,122.204906528792,278.624700655858,131.9167327006
"gene-AM1_RS12235",196.757938890951,204.863490925864,152.244602002772,83.5169210448025,246.037016368623,110.577261234327
"gene-AM1_RS12240",471.758800849648,394.584897739817,378.919898318011,200.194972504453,369.870216660116,230.854282226051
"gene-AM1_RS12245",204.812357442043,237.819791640025,157.561080167949,132.644521659392,247.666400582985,205.634906856818
"gene-AM1_RS12250",29.9164117611972,40.0819873550604,48.3316196834198,35.0034154378951,24.4407632154262,17.4595675633148
"gene-AM1_RS12255",69.0378732950705,78.3825530498959,51.231516864425,23.3356102919301,65.1753685744697,46.558846835506
"gene-AM1_RS44440",46.0252488633803,56.1147822970846,23.6824936448757,15.9664701997416,29.3289158585114,19.3995195147942
"gene-AM1_RS12260",101.255547499437,125.590227045856,57.5146274232696,41.7584605224012,122.203816077131,87.2978378165738
"gene-AM1_RS12265",164.540264686585,232.47552665935,99.0798203510106,95.7988211984499,184.120416222877,141.616492457998
"gene-AM1_RS39820",50.6277737497184,83.7268180305706,45.4317225024146,70.6209258834727,39.1052211446818,40.7389909810678
"gene-AM1_RS12280",21.8619932101057,33.8470115442732,24.1658098417099,29.4765603687538,17.9232263579792,31.0392312236707
"gene-AM1_RS12285",119.665647044789,87.2896613510204,70.564164737793,68.7786408604256,86.3573633611724,87.2978378165738
"gene-AM1_RS12290",46.0252488633803,69.4754447487714,30.4489204005545,42.3725555300836,39.1052211446818,21.3394714662736
"gene-AM1_RS12295",165.690895908169,114.010986254394,198.642956898855,165.191557066558,285.142237513305,161.016011972792
"gene-AM1_RS42155",25.3138868748592,23.1584815829238,22.7158612512073,21.493325268883,17.9232263579792,13.5796636603559
"gene-AM1_RS12305",73.6403981814085,76.601131389671,104.879614713021,170.104317128017,233.001942653729,312.332264188186
"gene-AM1_RS12310",149.582058805986,134.49733534698,145.478175247094,199.580877496771,213.449332081388,234.73418612901
"gene-AM1_RS12320",37.9708303122888,14.2513732817993,78.2972238871401,54.0403606760486,39.1052211446818,46.558846835506
"gene-AM1_RS12325",65.585979630317,51.6612281465223,146.928123837596,117.906241475015,130.350737148939,141.616492457998
"gene-AM1_RS12330",146.130165141233,83.7268180305706,150.79465341227,116.67805145965,158.050268793089,108.637309282847
"gene-AM1_RS12335",25.3138868748592,20.4863490925864,15.9494344955285,15.3523751920593,14.6644579292557,19.3995195147942
"gene-AM1_RS12340",55.2302986360564,57.8962039573095,58.9645760137722,63.2517857912842,39.1052211446818,36.8590870781089
"gene-AM1_RS12345",90.8998665051762,116.683118744731,119.379100618047,95.1847261907675,136.868274006386,120.277020991724
"gene-AM1_RS12350",261.193287299683,276.120357334861,220.392185756394,204.49363755823,273.736548012773,300.69255247931
"gene-AM1_RS12355",89.7492352835917,89.0710830112453,48.814935880254,42.986650537766,55.3990632882993,60.138510495862
"gene-AM1_RS12360",85.1467103972536,104.213167123157,52.1981492580934,43.6007455454483,71.6929054319167,60.138510495862
"gene-AM1_RS12365",10.3556809942606,6.23497581078717,14.9828021018601,14.7382801843769,16.2938421436174,19.3995195147942
"gene-AM1_RS12370",57.5315610792254,48.9890956561849,60.4145246042748,68.7786408604256,78.2104422893637,71.7782222047385
"gene-AM1_RS12375",218.619932101057,187.939985153728,190.909897749508,112.379386405874,175.973495151068,211.454762711257
"gene-AM1_RS12380",33.3683054259507,37.409854864723,30.4489204005545,15.9664701997416,37.4758369303201,34.9191351266295
"gene-AM1_RS12385",25.3138868748592,46.3169631658476,47.8483034865856,189.14126236617,8.14692107180872,168.775819778709
"gene-AM1_RS12390",83.9960791756691,111.338853764057,106.329563303524,176.24526720484,83.0985949324489,79.5380300106561
"gene-AM1_RS12395",11.5063122158451,11.5792407914619,15.4661182986943,14.7382801843769,14.6644579292557,5.81985585443825
"gene-AM1_RS12400",73.6403981814085,46.3169631658476,59.9312084074406,52.8121706606839,50.510910645214,32.9791831751501
"gene-AM1_RS12405",127.72006559588,241.382634960475,156.59444777428,165.191557066558,182.491032008515,192.055243196462
"gene-AM1_RS12410",655.85979630317,763.339181406373,535.031029895457,814.904075194506,773.957501821828,760.461164979932
"gene-AM1_RS12415",165.690895908169,237.819791640025,177.377044238151,208.178207604324,226.484405796282,366.65091882961
"gene-AM1_RS12420",66.7366108519015,331.344428801833,68.147583753622,450.74573563886,125.462584505854,764.341068882891
"gene-AM1_RS12425",201.360463777289,253.852586582049,105.362930909855,264.06085330342,402.457900947351,729.421933756261
"gene-AM1_RS12430",715.692619825564,1221.16454808417,1465.41470880129,1895.71128871548,2266.47344217719,2795.47076208184
"gene-AM1_RS12435",150.732690027571,185.26785266339,197.676324505187,251.778953149772,223.225637367559,302.632504430789
"gene-AM1_RS12440",13.8075746590141,17.8142166022491,29.4822880068861,34.3893204302128,24.4407632154262,27.1593273207119
"gene-AM1_RS12445",21.8619932101057,13.3606624516868,10.1496401335182,10.4396151306003,13.0350737148939,13.5796636603559
"gene-AM1_RS12450",16.1088371021831,24.0491924130362,27.5490232195493,19.0369452381535,14.6644579292557,31.0392312236707
"gene-AM1_RS12455",85.1467103972536,45.4262523357351,77.8139076903059,173.788887174111,22.8113790010644,17.4595675633148
"gene-AM1_RS12460",128.870696817465,106.885299613494,84.5803344459847,245.638003072948,57.028447502661,79.5380300106561
"gene-AM1_RS12465",19.5607307669366,16.9235057721366,6.28311055884458,10.4396151306003,9.77630528617046,5.81985585443825
"gene-AM1_RS12470",19.5607307669366,52.5519389766348,21.7492288575389,40.5302705070365,35.8464527159584,89.2377897680532
"gene-AM1_RS12475",33.3683054259507,97.9781913123699,72.9807457219639,62.0235957759195,57.028447502661,95.0576456224915
"gene-AM1_RS12480",66.7366108519015,62.3497581078717,70.564164737793,77.3759709679787,91.2455160042576,87.2978378165738
"gene-AM1_RS12485",162.239002243416,113.120275424282,72.0141133282955,90.8860611369909,37.4758369303201,15.5196156118353
"gene-AM1_RS12490",43.7239864202113,31.1748790539359,37.6986633530675,37.4597954686246,14.6644579292557,34.9191351266295
"gene-AM1_RS12500",14.9582058805986,8.90710830112453,11.1162725271866,17.1946602151064,16.2938421436174,15.5196156118353
"gene-AM1_RS12505",41.4227239770423,73.0382880692212,31.8988689910571,58.3390257298252,43.9933737877671,15.5196156118353
"gene-AM1_RS39825",284.205911731374,275.229646504748,447.550798268468,582.77616229057,467.63326952182,517.967171045005
"gene-AM1_RS12515",204.812357442043,236.929080809913,243.591363204436,207.564112596641,280.25408487022,277.413129061557
"gene-AM1_RS12520",5.75315610792254,24.0491924130362,14.0161697081918,25.1778953149772,17.9232263579792,21.3394714662736
"gene-AM1_RS12525",16.1088371021831,32.9563007141608,17.8826992828653,41.7584605224012,24.4407632154262,31.0392312236707
"gene-AM1_RS12530",24.1632556532747,27.6120357334861,13.0495373145234,15.3523751920593,17.9232263579792,13.5796636603559
"gene-AM1_RS12535",40.2720927554578,40.0819873550604,41.5651929277411,19.0369452381535,37.4758369303201,48.4987987869854
"gene-AM1_RS12545",18.4100995453521,23.1584815829238,20.7825964638705,21.493325268883,21.1819947867027,31.0392312236707
"gene-AM1_RS12550",18.4100995453521,14.2513732817993,9.66632393668397,14.7382801843769,17.9232263579792,7.75980780591767
"gene-AM1_RS12555",78.2429230677466,41.8634090152853,53.648097848596,41.1443655147189,53.7696790739375,34.9191351266295
"gene-AM1_RS12560",66.7366108519015,50.7705173164098,66.6976351631194,55.8826456990958,71.6929054319167,42.6789429325472
"gene-AM1_RS12565",167.992158351338,62.3497581078717,73.4640619187981,83.5169210448025,30.9583000728731,62.0784624473414
"gene-AM1_RS12570",39.1214615338733,54.3333606368597,57.5146274232696,49.7416956222721,52.1402948595758,73.7181741562179
"gene-AM1_RS12575",205.962988663627,160.327949420242,167.710720301467,130.802236636345,231.372558439368,190.115291244983
"gene-AM1_RS12580",192.155414004613,121.136672895294,127.112159767394,136.329091705486,166.197189864898,131.9167327006
"gene-AM1_RS12585",67.887242073486,80.1639747101208,75.8806429029691,62.6376907836018,50.510910645214,58.1985585443825
"gene-AM1_RS12595",1624.69128487733,2553.6679499324,1441.73221515641,2896.68615123774,2069.31795223941,4343.55241936242
"gene-AM1_RS12605",292.260330282465,325.109452991045,356.687353263638,434.779265439119,456.227580021288,603.325056910099
"gene-AM1_RS12610",33.3683054259507,121.136672895294,33.3488175815597,101.939771275274,32.5876842872349,96.9975975739709
"gene-AM1_RS12615",149.582058805986,202.191358435527,109.712776681363,222.302392781018,288.401005942029,128.036828797642
"gene-AM1_RS12620",58.6821923008099,56.1147822970846,39.1486119435701,39.3020804916717,50.510910645214,64.0184143988208
"gene-AM1_RS12625",16.1088371021831,26.7213249033736,12.082904920855,19.6510402458359,26.0701474297879,11.6397117088765
"gene-AM1_RS12630",10.3556809942606,38.3005656948355,16.9160668891969,65.0940708143313,11.4056895005322,23.279423417753
"gene-AM1_RS12635",735.253350592501,154.983684439567,613.328253782598,121.590811521109,971.112991759599,174.595675633148
"gene-AM1_RS12640",157.636477357078,83.7268180305706,135.81185131041,87.815586098579,143.385810863833,102.817453428409
"gene-AM1_RS12645",321.026110822078,383.896367778467,1622.4924727724,2437.34308549133,224.855021581921,391.870294198842
"gene-AM1_RS12650",40.2720927554578,63.2404689379842,641.360593198981,593.829872428853,42.3639895734053,31.0392312236707
"gene-AM1_RS12655",6.90378732950705,19.595638262474,11.5995887240208,20.2651352535182,16.2938421436174,11.6397117088765
"gene-AM1_RS12660",75.9416606245776,104.213167123157,117.929152027544,140.013661751581,70.063521217555,122.216972943203
"gene-AM1_RS12665",509.729631161937,564.710666291295,510.865220053748,394.248994932082,397.569748304265,580.045633492346
"gene-AM1_RS12670",373.955147014965,405.273427701166,300.139358234037,165.80565207424,337.282532372881,250.253801740845
"gene-AM1_RS12675",466.005644741726,428.43190928409,197.193008308353,206.335922581277,452.968811592565,387.990390295884
"gene-AM1_RS12680",128.870696817465,473.858161619825,140.161697081918,269.587708372561,184.120416222877,663.463567405961
"gene-AM1_RS12685",133.473221703803,409.726981851729,154.661182986943,277.570943472432,182.491032008515,857.458762553903
"gene-AM1_RS12690",289.959067839296,257.415429902499,230.058509693078,219.846012750289,353.576374516498,314.272216139666
"gene-AM1_RS12695",39.1214615338733,51.6612281465223,45.9150386992488,36.8457004609423,39.1052211446818,31.0392312236707
"gene-AM1_RS37585",96.6530226130987,132.715913686756,117.44583583071,144.312326805357,63.545984360108,100.87750147693
"gene-AM1_RS12705",396.967771446655,831.923915325031,438.851106725452,1047.64608310612,611.019080385654,1474.36348312436
"gene-AM1_RS12710",235.879400424824,309.967368879134,156.59444777428,143.698231797675,189.008568865962,236.674138080489
"gene-AM1_RS12715",223.222456987395,201.300647605414,240.208149826597,244.409813057584,280.25408487022,250.253801740845
"gene-AM1_RS12720",23.0126244316902,19.595638262474,14.9828021018601,18.4228502304711,37.4758369303201,29.0992792721913
"gene-AM1_RS12725",203.661726220458,170.125768551479,234.408355464586,211.862777650418,252.55455322607,327.851879800022
"gene-AM1_RS12730",418.829764656761,806.984012081883,453.833908827312,1164.32413456578,492.074032737247,1775.05603560367
"gene-AM1_RS12735",562.658667354825,610.136918627031,732.22403820381,1600.94568502794,633.830459386718,1185.31064235392
"gene-AM1_RS12740",2454.29639563976,1662.06640898984,2054.09383654534,1876.06024846964,3688.92586131499,2626.69494230313
"gene-AM1_RS12745",74.791029402993,352.721488724532,98.1131879573422,346.96367934054,159.679653007451,614.964768618976
"gene-AM1_RS12750",59.8328235223944,117.573829574844,92.3133935953319,389.336234870623,65.1753685744697,197.875099050901
"gene-AM1_RS12755",141.527640254895,182.595720173053,169.160668891969,609.182247620912,133.609505577663,275.473177110077
"gene-AM1_RS12760",55.2302986360564,45.4262523357351,55.0980464390986,38.073890476307,66.8047527888315,83.417933913615
"gene-AM1_RS12765",65.585979630317,68.5847339186589,67.6642675567878,61.4095007682371,74.9516738606402,44.6188948840266
"gene-AM1_RS12775",96.6530226130987,106.885299613494,98.5965041541764,98.8692962368617,84.7279791468107,62.0784624473414
"gene-AM1_RS12780",448.746176417958,476.530294110163,370.220206774996,253.621238172819,426.898664162777,364.710966878131
"gene-AM1_RS12785",184.100995453521,229.803394169013,379.403214514846,192.211737404582,472.521422164906,492.747795675772
"gene-AM1_RS12790",686.926839285952,1396.63458161633,2139.15748718816,2036.33904547474,1795.58140422664,2975.88629356943
"gene-AM1_RS12795",117.36438460162,264.541116543399,640.393960805313,1478.12668349147,99.3924370760663,925.357080855682
"gene-AM1_RS12800",32.2176742043662,53.4426498067472,39.1486119435701,94.5706311830851,27.6995316441496,133.85668465208
"gene-AM1_RS12805",765.169762353698,913.869311695377,839.036917704168,1134.84757419702,964.595454902152,1088.31304477995
"gene-AM1_RS12810",162.239002243416,175.470033532153,167.227404104633,74.9195909372493,156.420884578727,77.5980780591767
"gene-AM1_RS12815",140.37700903331,146.967286968555,157.077763971114,197.124497466041,208.561179438303,238.614090031968
"gene-AM1_RS12820",46.0252488633803,138.950889497543,224.258715331068,464.255825807872,71.6929054319167,151.316252215395
"gene-AM1_RS37590",36.8201990907043,78.3825530498959,89.4134964143267,147.382801843769,57.028447502661,85.3578858650944
"gene-AM1_RS12830",329.080529373169,487.218824071512,193.326478733679,369.071099617105,436.674969448947,923.417128904203
"gene-AM1_RS12835",11.5063122158451,33.8470115442732,14.4994859050259,27.0201803380243,19.5526105723409,27.1593273207119
"gene-AM1_RS12840",103.556809942606,228.912683338901,108.26282809086,227.215152842477,175.973495151068,308.452360285227
"gene-AM1_RS12845",162.239002243416,273.448224844523,160.460977348954,334.06768417921,252.55455322607,512.147315190566
"gene-AM1_RS12850",87.4479728404227,168.344346891254,109.712776681363,153.523751920593,123.833200291493,197.875099050901
"gene-AM1_RS12855",50.6277737497184,87.2896613510204,58.481259816938,60.7954057605547,65.1753685744697,102.817453428409
"gene-AM1_RS12860",24.1632556532747,61.4590472777593,22.7158612512073,70.0068308757903,21.1819947867027,44.6188948840266
"gene-AM1_RS12865",163.389633465,167.453636061141,137.745116097747,190.369452381535,190.637953080324,195.935147099421
"gene-AM1_RS12870",153.03395247074,178.142166022491,169.643985088804,150.453276882181,190.637953080324,182.355483439065
"gene-AM1_RS12875",125.418803152711,144.295154478217,98.1131879573422,109.308911367462,112.42751079096,129.976780749121
"gene-AM1_RS12880",115.063122158451,109.557432103832,141.128329475586,158.436511982052,107.539358147875,184.295435390545
"gene-AM1_RS12885",134.623852925387,160.327949420242,142.094961869254,114.221671428921,175.973495151068,192.055243196462
"gene-AM1_RS12890",64.4353484087325,107.776010443607,49.2982520770882,151.681466897546,58.6578317170228,145.496396360956
"gene-AM1_RS12900",125.418803152711,129.153070366306,72.4974295251297,52.8121706606839,81.4692107180872,48.4987987869854
"gene-AM1_RS12905",279.603386845036,314.420923029696,246.491260385441,162.121082028146,329.135611301072,211.454762711257
"gene-AM1_RS12910",472.909432071233,450.699680036901,427.251518001431,318.715308987151,630.571690957995,574.225777637908
"gene-AM1_RS12915",253.138868748592,230.694104999125,185.593419584332,175.017077189476,299.806695442561,271.593273207119
"gene-AM1_RS12920",347.490628918522,314.420923029696,404.535656750224,408.987275116459,620.795385671824,549.006402268675
"gene-AM1_RS12925",209.414882328381,172.797901041816,123.245630192721,108.69481635978,231.372558439368,128.036828797642
"gene-AM1_RS12930",180.649101788768,258.306140732611,89.8968126111609,74.3054959295669,179.232263579792,153.256204166874
"gene-AM1_RS12935",367.051359685458,741.962121483674,170.127301285638,340.208634256034,205.30241100958,713.902318144426
"gene-AM1_RS12940",292.260330282465,465.841764148813,150.311337215436,160.892892012781,166.197189864898,192.055243196462
"gene-AM1_RS12945",142.678271476479,184.377141833278,59.4478922106064,41.1443655147189,94.5042844329811,52.3787026899443
"gene-AM1_RS12950",72.489766959824,70.3661555788838,59.9312084074406,42.986650537766,35.8464527159584,67.8983183017796
"gene-AM1_RS12955",253.138868748592,358.956464535319,175.927095647648,209.406397619689,206.931795223941,289.052840770433
"gene-AM1_RS12960",3846.56017375701,2940.23645020121,886.40190499392,831.48464040193,1942.2259835192,1346.32665432672
"gene-AM1_RS12965",555.754880025318,415.961957662516,309.805682170721,269.587708372561,438.304353663309,294.872696624872
"gene-AM1_RS43965",1686.82537084289,1328.04984769767,614.7782023731,485.749151076755,1114.49880262343,678.983183017796
"gene-AM1_RS12975",2766.11745668916,2194.71148539709,844.353395869344,657.695753227819,1560.95007735855,904.017609389409
"gene-AM1_RS12980",3641.74781631497,2627.59694883174,862.23609515221,932.196221661839,2292.54358960697,1020.41472647817
"gene-AM1_RS12985",6043.11517576184,5000.45060025131,1125.16010623001,1034.7500879448,3613.97418745435,1765.35627584627
"gene-AM1_RS12990",12534.9765279416,8319.23915325032,802.304886744769,1356.53587197036,3446.14761337509,2574.31623961319
"gene-AM1_RS12995",8185.59051035219,5144.74575472953,883.01869161608,1747.71439186403,3884.4519670384,1833.25459414805
"gene-AM1_RS13000",128.870696817465,112.229564594169,61.8644731947774,50.9698856376368,70.063521217555,73.7181741562179
"gene-AM1_RS13005",169.142789572923,451.590390867014,99.0798203510106,225.986962827113,84.7279791468107,153.256204166874
"gene-AM1_RS13010",831.9063732056,3907.54841170333,445.617533481131,3866.34216836821,584.948932955866,3012.74538064754
"gene-AM1_RS13015",587.972554229684,611.027629457143,378.436582121177,407.144990093412,562.137553954801,564.526017880511
"gene-AM1_RS13020",48.3265113065494,64.1311797680966,42.0485091245752,40.5302705070365,26.0701474297879,38.7990390295884
"gene-AM1_RS13025",696.131889058628,1005.61252719696,644.260490379986,1639.63367051193,575.172627669695,1342.44675042376
"gene-AM1_RS13030",1259.94118763504,1526.67836281275,1558.69473479029,3261.45858580107,1753.21741465324,3311.49798117537
"gene-AM1_RS13035",747.91029402993,1204.24104231204,1116.94373088383,1416.10308771555,1169.89786591173,1645.07925485455
"gene-AM1_RS13040",548.851092695811,774.918422197835,726.4242438418,1171.07917965028,876.608707326618,1309.46756724861
"gene-AM1_RS37595",75.9416606245776,126.480937875968,92.3133935953319,204.49363755823,94.5042844329811,162.955963924271
"gene-AM1_RS13050",59.8328235223944,109.557432103832,51.231516864425,47.8994105992249,43.9933737877671,73.7181741562179
"gene-AM1_RS13055",44.8746176417958,73.9289988993336,23.6824936448757,25.7919903226596,32.5876842872349,44.6188948840266
"gene-AM1_RS13060",197.908570112535,132.715913686756,99.5631365478448,78.6041609833435,156.420884578727,120.277020991724
"gene-AM1_RS13065",179.498470567183,136.278757007205,107.779511894026,112.379386405874,241.148863725538,219.214570517174
"gene-AM1_RS13070",119.665647044789,124.699516215743,111.6460414687,127.117666590251,101.021821290428,143.556444409477
"gene-AM1_RS13075",202.511094998873,185.26785266339,192.843162536845,173.788887174111,189.008568865962,219.214570517174
"gene-AM1_RS13080",162.239002243416,91.7432155015827,120.345733011715,98.8692962368617,187.3791846516,128.036828797642
"gene-AM1_RS13085",146.130165141233,69.4754447487714,191.393213946343,146.768706836087,190.637953080324,108.637309282847
"gene-AM1_RS13090",129955.742059419,44442.907579291,112516.493939198,82200.3013483315,175989.788993212,93579.4022354642
"gene-AM1_RS13095",42.5733551986268,84.6175288606831,56.064678832767,33.7752254225304,27.6995316441496,31.0392312236707
"gene-AM1_RS13100",720.295144711902,721.475772391087,830.337226161153,574.178832183017,804.915801894701,729.421933756261
"gene-AM1_RS44260",1988.29075089803,1397.52529244644,2501.64463481381,2627.71253787287,1787.43448315483,2075.74858808298
"gene-AM1_RS13105",125.418803152711,89.0710830112453,207.825964638705,107.466626344415,99.3924370760663,118.337069040245
"gene-AM1_RS13110",65.585979630317,47.20767399596,93.7633421858345,63.8658807989666,71.6929054319167,58.1985585443825
"gene-AM1_RS13115",31.0670429827817,27.6120357334861,31.4155527942229,15.9664701997416,37.4758369303201,29.0992792721913
"gene-AM1_RS42855",11.5063122158451,9.79781913123699,14.4994859050259,10.4396151306003,8.14692107180872,5.81985585443825
"gene-AM1_RS42860",37.9708303122888,28.5027465635985,22.7158612512073,12.8959951613298,42.3639895734053,9.69975975739709
"gene-AM1_RS13125",26.4645180964437,16.9235057721366,16.9160668891969,5.52685506914134,3.25876842872349,1.93995195147942
"gene-AM1_RS13130",214.017407214719,85.5082396907955,56.064678832767,62.0235957759195,29.3289158585114,46.558846835506
"gene-AM1_RS13135",40.2720927554578,23.1584815829238,42.0485091245752,28.2483703533891,34.2170685015966,23.279423417753
"gene-AM1_RS13140",126.569434374296,102.431745462932,101.496401335182,69.3927358681079,133.609505577663,108.637309282847
"gene-AM1_RS13145",46.0252488633803,42.7541198453978,29.4822880068861,25.7919903226596,29.3289158585114,27.1593273207119
"gene-AM1_RS13150",1624.69128487733,1481.25211047701,1016.89727813915,840.696065517166,1877.05061494473,1418.10487653145
"gene-AM1_RS13155",402.720927554578,420.415511813078,169.160668891969,141.855946774628,268.848395369688,186.235387342024
"gene-AM1_RS13160",33.3683054259507,46.3169631658476,31.4155527942229,26.406085330342,17.9232263579792,32.9791831751501
"gene-AM1_RS13165",193.306045226197,407.945560191504,269.690437833483,535.490846699028,125.462584505854,512.147315190566
"gene-AM1_RS13170",539.646042923134,2257.95195433507,367.320309593991,1567.78455461309,303.065463871284,2485.07844984513
"gene-AM1_RS13175",36.8201990907043,152.31155194923,29.4822880068861,101.325676267591,14.6644579292557,112.517213185806
"gene-AM1_RS13180",58.6821923008099,112.229564594169,49.2982520770882,46.0571255761778,60.2872159313845,64.0184143988208
"gene-AM1_RS13185",82.8454479540846,85.5082396907955,43.0151415182436,38.6879854839894,50.510910645214,54.3186546414237
"gene-AM1_RS13190",34.5189366475353,36.5191440346106,23.1991774480415,15.9664701997416,27.6995316441496,23.279423417753
"gene-AM1_RS13195",63.284717187148,65.0218905982091,29.9656042037203,25.7919903226596,48.8815264308523,32.9791831751501
"gene-AM1_RS13200",882.534146955318,945.044190749313,314.638844139063,504.172001307227,671.306296317038,1020.41472647817
"gene-AM1_RS13205",77.0922918461621,94.4153479919201,61.3811569979432,36.2316054532599,107.539358147875,85.3578858650944
"gene-AM1_RS13210",80.5441855109156,75.7104205595585,72.4974295251297,46.0571255761778,118.945047648407,81.4779819621356
"gene-AM1_RS13215",234.72876920324,220.005575037776,352.337507492131,434.165170431436,379.646521946286,302.632504430789
"gene-AM1_RS13220",235.879400424824,222.677707528113,353.304139885799,320.557594010198,276.995316441496,201.755002953859
"gene-AM1_RS13225",845.713947864614,1467.89144802532,773.305914934717,2993.71316245156,889.643781041512,2077.68854003446
"gene-AM1_RS13230",140.37700903331,142.513732817993,81.6804372649795,74.9195909372493,167.82657407926,100.87750147693
"gene-AM1_RS13235",319.875479600493,299.278838917784,247.941208975944,181.772122273982,262.330858512241,234.73418612901
"gene-AM1_RS13240",1142.57680303342,1057.27375534348,412.752032096405,300.292458756679,451.339427378203,323.971975897063
"gene-AM1_RS13245",2718.94157660419,1637.12650574669,895.101596536935,646.027948081854,1316.54244520429,488.867891772813
"gene-AM1_RS13250",241.632556532747,194.174960964515,163.844190726793,155.36603694364,268.848395369688,329.791831751501
"gene-AM1_RS13255",102.406178721021,92.6339263316952,617.678099554105,595.058062444218,182.491032008515,378.290630538486
"gene-AM1_RS13260",434.938601758944,395.475608569929,240.691466023431,197.124497466041,233.001942653729,287.112888818954
"gene-AM1_RS13265",426.884183207853,491.672378222074,299.172725840369,320.557594010198,294.918542799476,314.272216139666
"gene-AM1_RS13270",439.541126645282,402.601295210829,325.271800469415,609.796342628594,412.234206233521,358.891111023692
"gene-AM1_RS13275",341.737472810599,369.644994496668,350.887558901628,256.691713211231,311.212384943093,244.433945886407
"gene-AM1_RS13280",762.868499910529,628.841846059392,37.2153471562333,39.3020804916717,208.561179438303,108.637309282847
"gene-AM1_RS13285",289.959067839296,255.634008242274,435.467893347613,463.64173080019,345.42945344469,320.092071994104
"gene-AM1_RS13290",384.310828009226,307.295236388796,271.623702620819,194.668117435312,332.394379729796,225.034426371612
"gene-AM1_RS13295",255.440131191761,230.694104999125,271.623702620819,222.916487788701,417.122358876606,343.371495411857
"gene-AM1_RS13300",17.2594683237676,15.1420841119117,27.5490232195493,20.2651352535182,14.6644579292557,23.279423417753
"gene-AM1_RS13305",33.3683054259507,32.9563007141608,46.8816710929172,36.2316054532599,47.2521422164906,58.1985585443825
"gene-AM1_RS13310",969.982119795741,882.694432641441,840.486866294671,743.054959295669,1006.95944447556,1200.83025796576
"gene-AM1_RS13315",732.952088149332,778.481265518284,260.990746290467,151.681466897546,487.185880094161,263.833465401201
"gene-AM1_RS13320",142.678271476479,146.076576138442,95.6966069731713,70.6209258834727,158.050268793089,54.3186546414237
"gene-AM1_RS37600",29.9164117611972,30.2841682238234,50.7482006675908,24.5638003072948,27.6995316441496,25.2193753692324
"gene-AM1_RS13330",98.9542850562677,56.1147822970846,205.409383654534,58.3390257298252,211.819947867027,60.138510495862
"gene-AM1_RS13340",64.4353484087325,93.5246371618076,66.6976351631194,57.1108357144605,74.9516738606402,60.138510495862
"gene-AM1_RS13345",67.887242073486,86.398950520908,43.4984577150778,46.6712205838602,79.8398265037254,36.8590870781089
"gene-AM1_RS13355",237.030031646409,359.847175365431,170.127301285638,141.241851766945,281.883469084582,314.272216139666
"gene-AM1_RS13360",209.414882328381,275.229646504748,138.711748491415,149.839181874499,237.890095296815,157.136108069833
"gene-AM1_RS13365",167.992158351338,312.639501369471,153.211234396441,144.312326805357,192.267337294686,248.313849789365
"gene-AM1_RS13370",93.2011289483452,127.371648706081,55.5813626359328,77.3759709679787,73.3222896462784,98.9375495254503
"gene-AM1_RS13385",73.6403981814085,47.20767399596,27.5490232195493,22.7215152842477,32.5876842872349,38.7990390295884
"gene-AM1_RS13390",12.6569434374296,6.23497581078717,37.6986633530675,28.2483703533891,21.1819947867027,9.69975975739709
"gene-AM1_RS13395",71.3391357382395,94.4153479919201,78.2972238871401,57.1108357144605,76.5810580750019,62.0784624473414
"gene-AM1_RS13400",28.7657805396127,31.1748790539359,36.2487147625649,12.2819001536474,30.9583000728731,29.0992792721913
"gene-AM1_RS13405",125.418803152711,115.792407914619,116.479203437042,72.4632109065198,151.532731935642,114.457165137286
"gene-AM1_RS13410",421.13102709993,504.142329843649,618.16141575094,848.065205609354,729.964128034061,1365.72617384151
"gene-AM1_RS13415",286.507174174543,352.721488724532,260.990746290467,227.215152842477,311.212384943093,356.951159072213
"gene-AM1_RS13420",194.456676447782,191.502828474177,293.372931478358,237.654767973078,290.03039015639,422.909525422513
"gene-AM1_RS13425",191.004782783028,213.770599226989,267.757173046146,238.882957988442,241.148863725538,215.334666614215
"gene-AM1_RS13430",510.880262383522,393.694186909704,531.647816517618,367.84290960174,537.696790739375,490.807843724293
"gene-AM1_RS13435",154.184583692324,101.54103463282,116.479203437042,46.6712205838602,104.280589719152,75.6581261076973
"gene-AM1_RS13440",257.74139363493,221.786996698001,219.90886955956,133.872711674757,141.756426649472,106.697357331368
"gene-AM1_RS13445",74.791029402993,59.6776256175344,61.3811569979432,71.8491158988374,61.9166001457463,31.0392312236707
"gene-AM1_RS13450",26.4645180964437,31.1748790539359,39.1486119435701,20.2651352535182,16.2938421436174,13.5796636603559
"gene-AM1_RS13455",69.0378732950705,106.885299613494,59.9312084074406,76.147780952614,94.5042844329811,54.3186546414237
"gene-AM1_RS13460",545.399199031057,554.022136329946,343.154499752281,341.436824271398,454.598195806926,512.147315190566
"gene-AM1_RS13465",166.841527129754,160.327949420242,140.645013278752,182.386217281664,197.155489937771,242.493993934927
"gene-AM1_RS13470",212.866775993134,222.677707528113,178.826992828653,116.67805145965,211.819947867027,215.334666614215
"gene-AM1_RS13475",28.7657805396127,26.7213249033736,51.7148330612592,36.2316054532599,50.510910645214,46.558846835506
"gene-AM1_RS13480",17.2594683237676,15.1420841119117,18.3660154796995,17.1946602151064,22.8113790010644,17.4595675633148
"gene-AM1_RS13485",16.1088371021831,24.9399032431487,15.4661182986943,11.667805145965,14.6644579292557,7.75980780591767
"gene-AM1_RS13490",13.8075746590141,14.2513732817993,19.3326478733679,10.4396151306003,11.4056895005322,7.75980780591767
"gene-AM1_RS13495",65.585979630317,72.1475772391087,69.5975323441245,33.161130414848,58.6578317170228,34.9191351266295
"gene-AM1_RS13500",85.1467103972536,65.0218905982091,57.5146274232696,41.7584605224012,34.2170685015966,48.4987987869854
"gene-AM1_RS38700",143.828902698064,104.213167123157,39.6319281404043,117.292146467333,30.9583000728731,79.5380300106561
"gene-AM1_RS13505",58.6821923008099,28.5027465635985,51.7148330612592,36.2316054532599,45.6227580021288,27.1593273207119
"gene-AM1_RS13515",12.6569434374296,14.2513732817993,19.3326478733679,17.1946602151064,14.6644579292557,13.5796636603559
"gene-AM1_RS13520",23.0126244316902,15.1420841119117,33.8321337783939,19.0369452381535,13.0350737148939,25.2193753692324
"gene-AM1_RS13525",194.456676447782,203.082069265639,178.826992828653,105.624341321368,244.407632154262,118.337069040245
"gene-AM1_RS13530",10263.6304965338,3203.88685591449,4299.58088703703,1149.5858543814,7721.6517918603,2116.48757906404
"gene-AM1_RS13535",25585.4358431531,8435.03156116493,15909.8025673881,5818.55019779047,28835.2124415598,7835.46593202537
"gene-AM1_RS13540",7624.08247421895,5062.80035835919,4040.04008933706,5625.7243653782,8089.89262430606,6762.67250285725
"gene-AM1_RS13545",1353.14231658338,846.175288606831,1272.57154626444,1097.3877787284,2066.05918381069,1437.50439604625
"gene-AM1_RS13550",1546.44836180958,850.628842757393,865.619308530049,928.511651615745,1420.82303492344,954.456360127874
"gene-AM1_RS13555",233.578137981655,115.792407914619,148.861388624933,148.610991859134,172.714726722345,95.0576456224915
"gene-AM1_RS13560",44.8746176417958,35.6284332044981,35.7653985657307,38.073890476307,26.0701474297879,31.0392312236707
"gene-AM1_RS13565",155.335214913909,146.076576138442,181.243573812824,135.714996697804,195.526105723409,193.995195147942
"gene-AM1_RS13570",50.6277737497184,46.3169631658476,42.0485091245752,53.4262656683663,58.6578317170228,60.138510495862
"gene-AM1_RS13575",44.8746176417958,70.3661555788838,92.3133935953319,93.3424411677204,63.545984360108,67.8983183017796
"gene-AM1_RS13580",74.791029402993,112.229564594169,111.162725271866,82.9028260371201,87.9867475755341,147.436348312436
"gene-AM1_RS13585",426.884183207853,428.43190928409,199.609589292524,132.03042665171,268.848395369688,141.616492457998
"gene-AM1_RS13590",395.817140225071,409.726981851729,220.392185756394,153.523751920593,219.966868938835,258.013609546763
"gene-AM1_RS13595",143.828902698064,117.573829574844,78.2972238871401,117.906241475015,87.9867475755341,83.417933913615
"gene-AM1_RS13600",448.746176417958,513.940148974886,295.789512462529,388.722139862941,369.870216660116,517.967171045005
"gene-AM1_RS13605",333.683054259507,217.333442547439,392.452751829369,201.423162519818,268.848395369688,240.554041983448
"gene-AM1_RS13610",311.821061049402,561.147822970846,498.782315132893,680.417268512067,475.780190593629,888.497993777573
"gene-AM1_RS13615",874.479728404226,1576.55816929904,1585.760441813,3683.34185607886,2530.43368490379,5008.95593871986
"gene-AM1_RS13620",231.276875538486,262.759694883174,140.161697081918,165.80565207424,216.708100510112,273.533225158598
"gene-AM1_RS13625",90.8998665051762,84.6175288606831,57.0313112264354,43.6007455454483,70.063521217555,40.7389909810678
"gene-AM1_RS13630",118.515015823204,272.557514014411,120.345733011715,233.970197926983,180.861647794154,552.886306171634
"gene-AM1_RS13635",16.1088371021831,46.3169631658476,17.3993830860311,25.1778953149772,19.5526105723409,32.9791831751501
"gene-AM1_RS13645",51.7784049713029,55.2240714669721,66.6976351631194,57.1108357144605,50.510910645214,50.4387507384649
"gene-AM1_RS13650",321.026110822078,218.224153377551,313.672211745395,443.376595546672,407.346053590436,655.703759600043
"gene-AM1_RS13655",181.799733010352,181.70500934294,170.127301285638,171.332507143382,117.315663434046,128.036828797642
"gene-AM1_RS13660",74.791029402993,73.0382880692212,87.4802316269899,63.8658807989666,76.5810580750019,60.138510495862
"gene-AM1_RS13665",41.4227239770423,40.0819873550604,46.8816710929172,52.1980756530015,71.6929054319167,60.138510495862
"gene-AM1_RS13670",49.4771425281339,36.5191440346106,45.9150386992488,41.1443655147189,52.1402948595758,58.1985585443825
"gene-AM1_RS13675",281.904649288205,188.83069598384,218.942237165892,321.785784025562,350.317606087775,244.433945886407
"gene-AM1_RS13680",54.0796674144719,40.9726981851729,43.0151415182436,40.5302705070365,42.3639895734053,31.0392312236707
"gene-AM1_RS13685",35.6695678691198,44.5355415056227,35.2820823688965,47.8994105992249,29.3289158585114,46.558846835506
"gene-AM1_RS13690",48.3265113065494,40.0819873550604,38.1819795499017,36.8457004609423,19.5526105723409,42.6789429325472
"gene-AM1_RS13695",26.4645180964437,20.4863490925864,30.4489204005545,20.8792302612006,22.8113790010644,21.3394714662736
"gene-AM1_RS13700",11.5063122158451,8.01639747101208,17.8826992828653,17.8087552227888,26.0701474297879,11.6397117088765
"gene-AM1_RS13705",29.9164117611972,24.9399032431487,17.3993830860311,19.0369452381535,8.14692107180872,15.5196156118353
"gene-AM1_RS13710",80.5441855109156,57.005493127197,58.481259816938,65.0940708143313,34.2170685015966,64.0184143988208
"gene-AM1_RS13715",24.1632556532747,32.0655898840483,23.6824936448757,27.6342753457067,30.9583000728731,29.0992792721913
"gene-AM1_RS39830",37.9708303122888,81.9453963703457,48.814935880254,75.5336859449316,35.8464527159584,62.0784624473414
"gene-AM1_RS13730",17.2594683237676,13.3606624516868,10.6329563303524,7.36914009218845,6.51753685744697,9.69975975739709
"gene-AM1_RS13735",32.2176742043662,33.8470115442732,14.9828021018601,15.9664701997416,19.5526105723409,21.3394714662736
"gene-AM1_RS13740",96.6530226130987,57.005493127197,30.9322365973887,22.7215152842477,35.8464527159584,42.6789429325472
"gene-AM1_RS13745",430.336076872606,225.349840018451,167.710720301467,227.82924785016,296.547927013837,180.415531487586
"gene-AM1_RS13750",944.668232920881,838.158891135819,1536.94550593275,1227.57592035706,1938.96721509047,1072.79342916812
"gene-AM1_RS13755",35.6695678691198,39.191276524948,48.3316196834198,26.406085330342,24.4407632154262,32.9791831751501
"gene-AM1_RS13760",59.8328235223944,54.3333606368597,89.4134964143267,84.7451110601672,105.909973933513,58.1985585443825
"gene-AM1_RS13765",25.3138868748592,38.3005656948355,128.562108357897,161.506987020464,136.868274006386,217.274618565695
"gene-AM1_RS13770",51.7784049713029,61.4590472777593,54.1314140454302,56.4967407067781,63.545984360108,81.4779819621356
"gene-AM1_RS13775",47.1758800849648,49.8798064862974,36.2487147625649,39.3020804916717,42.3639895734053,50.4387507384649
"gene-AM1_RS13780",9.20504977267607,13.3606624516868,11.1162725271866,12.2819001536474,8.14692107180872,9.69975975739709
"gene-AM1_RS13785",16.1088371021831,21.3770599226989,20.7825964638705,21.493325268883,17.9232263579792,23.279423417753
"gene-AM1_RS13790",74.791029402993,90.8525046714702,85.0636506428189,63.8658807989666,63.545984360108,91.1777417195326
"gene-AM1_RS13795",12.6569434374296,13.3606624516868,17.8826992828653,20.2651352535182,21.1819947867027,7.75980780591767
"gene-AM1_RS13800",41.4227239770423,33.8470115442732,31.8988689910571,38.073890476307,37.4758369303201,23.279423417753
"gene-AM1_RS13805",24.1632556532747,23.1584815829238,31.8988689910571,35.0034154378951,17.9232263579792,11.6397117088765
"gene-AM1_RS13810",23.0126244316902,22.2677707528113,20.7825964638705,22.7215152842477,9.77630528617046,15.5196156118353
"gene-AM1_RS13815",94.3517601699297,87.2896613510204,127.112159767394,106.852531336733,74.9516738606402,110.577261234327
"gene-AM1_RS13820",107.008703607359,66.803312258434,98.1131879573422,66.9363558373784,78.2104422893637,46.558846835506
"gene-AM1_RS37605",43.7239864202113,42.7541198453978,45.9150386992488,46.0571255761778,39.1052211446818,42.6789429325472
"gene-AM1_RS13830",11.5063122158451,3.56284332044981,9.18300773984977,6.75504508450608,4.88815264308523,1.93995195147942
"gene-AM1_RS13835",49.4771425281339,39.191276524948,46.8816710929172,36.8457004609423,16.2938421436174,19.3995195147942
"gene-AM1_RS13850",28.7657805396127,33.8470115442732,36.7320309593991,39.3020804916717,35.8464527159584,25.2193753692324
"gene-AM1_RS13865",9.20504977267607,15.1420841119117,23.6824936448757,31.9329403994833,29.3289158585114,21.3394714662736
"gene-AM1_RS13870",26.4645180964437,29.393457393711,24.1658098417099,18.4228502304711,35.8464527159584,25.2193753692324
"gene-AM1_RS13875",26.4645180964437,13.3606624516868,27.0657070227151,23.3356102919301,26.0701474297879,19.3995195147942
"gene-AM1_RS13880",12.6569434374296,20.4863490925864,27.0657070227151,25.1778953149772,26.0701474297879,19.3995195147942
"gene-AM1_RS13885",24.1632556532747,16.9235057721366,19.8159640702021,19.6510402458359,22.8113790010644,23.279423417753
"gene-AM1_RS13890",132.322590482218,109.557432103832,87.9635478238241,82.2887310294377,127.091968720216,81.4779819621356
"gene-AM1_RS13895",419.980395878346,579.852750403207,312.222263154892,360.473769509552,322.618074443625,380.230582489966
"gene-AM1_RS13900",108.159334828944,277.901778995085,108.746144287695,241.339338019172,83.0985949324489,199.81505100238
"gene-AM1_RS13905",21.8619932101057,60.5683364476468,22.7158612512073,50.9698856376368,19.5526105723409,60.138510495862
"gene-AM1_RS13910",86.2973416188381,91.7432155015827,64.7643703757826,49.1276006145897,66.8047527888315,58.1985585443825
"gene-AM1_RS42175",35.6695678691198,40.0819873550604,17.8826992828653,9.82552012291794,16.2938421436174,11.6397117088765
"gene-AM1_RS13930",52.9290361928874,48.0983848260725,50.7482006675908,47.8994105992249,52.1402948595758,50.4387507384649
"gene-AM1_RS13935",11.5063122158451,13.3606624516868,15.4661182986943,14.7382801843769,27.6995316441496,3.87990390295884
"gene-AM1_RS13940",12.6569434374296,19.595638262474,31.8988689910571,37.4597954686246,16.2938421436174,19.3995195147942
"gene-AM1_RS13945",11.5063122158451,12.4699516215743,35.2820823688965,38.6879854839894,45.6227580021288,48.4987987869854
"gene-AM1_RS13950",212.866775993134,230.694104999125,257.607532912628,241.339338019172,353.576374516498,347.251399314816
"gene-AM1_RS13955",248.536343862254,270.776092354186,223.2920829374,127.117666590251,249.295784797347,197.875099050901
"gene-AM1_RS13960",102.406178721021,119.355251235069,89.4134964143267,60.7954057605547,89.6161317898959,120.277020991724
"gene-AM1_RS13965",186.40225789669,281.464622315535,268.24048924298,275.114563441702,378.017137731924,519.907122996484
"gene-AM1_RS43220",88.5986040620072,63.2404689379842,218.942237165892,179.315742243252,76.5810580750019,52.3787026899443
"gene-AM1_RS13980",51.7784049713029,21.3770599226989,32.3821851878913,31.9329403994833,42.3639895734053,40.7389909810678
"gene-AM1_RS13985",52.9290361928874,46.3169631658476,54.6147302422644,44.8289355608131,45.6227580021288,42.6789429325472
"gene-AM1_RS13990",372.804515793381,333.125850462058,266.790540652477,296.607888710585,428.528048377139,368.590870781089
"gene-AM1_RS13995",423.432289543099,464.951053318701,241.174782220265,205.721827573594,293.289158585114,285.172936867474
"gene-AM1_RS14000",445.294282753205,538.880052218034,719.657817086121,854.206155686178,596.354622456398,558.706162026072
"gene-AM1_RS14005",147.280796362817,183.486431003165,56.064678832767,77.3759709679787,70.063521217555,69.838270253259
"gene-AM1_RS14010",1169.04132112986,1551.61826605589,670.359565009033,888.595476116391,842.391638825021,1484.06324288175
"gene-AM1_RS14015",203.661726220458,250.289743261599,167.710720301467,241.339338019172,262.330858512241,374.410726635528
"gene-AM1_RS14020",711.090094939226,3364.21480533474,1188.47452801529,6627.92741791583,728.334743819699,7030.38587216141
"gene-AM1_RS14025",40.2720927554578,43.6448306755102,28.5156556132177,28.2483703533891,22.8113790010644,31.0392312236707
"gene-AM1_RS14030",66.7366108519015,73.9289988993336,43.4984577150778,42.986650537766,55.3990632882993,46.558846835506
"gene-AM1_RS14035",447.595545196374,475.63958328005,210.242545622876,147.382801843769,281.883469084582,164.895915875751
"gene-AM1_RS14040",875.630359625811,769.57415721716,663.10982205652,416.356415208648,915.7139284713,508.267411287608
"gene-AM1_RS14045",5168.63544735761,4164.07313077572,3706.55191352147,3042.22666805847,6361.11597286825,4459.94953645118
"gene-AM1_RS14050",1509.62816271888,987.798310594711,1120.32694426167,894.122331185532,1810.2458621559,1179.49078649949
"gene-AM1_RS14055",551.15235513898,467.623185809038,294.339563872027,189.14126236617,407.346053590436,289.052840770433
"gene-AM1_RS38705",474.060063292818,357.175042875094,420.001775048918,331.61130414848,555.620017097355,318.152120042625
"gene-AM1_RS14060",547.700461474226,529.97294391691,393.902700419872,527.507611599157,581.690164527142,663.463567405961
"gene-AM1_RS14065",406.172821219332,692.082314997376,159.494344955285,160.892892012781,281.883469084582,345.311447363336
"gene-AM1_RS14070",298.013486390388,395.475608569929,445.134217284297,583.390257298252,381.275906160648,696.442750581111
"gene-AM1_RS14075",455.649963747465,329.563007141608,559.680155934002,803.850365056224,580.060780312781,822.539627427273
"gene-AM1_RS14080",41.4227239770423,39.191276524948,48.814935880254,37.4597954686246,40.7346053590436,42.6789429325472
"gene-AM1_RS14085",50.6277737497184,121.136672895294,47.3649872897514,57.1108357144605,40.7346053590436,100.87750147693
"gene-AM1_RS14090",70.188504516655,34.7377223743857,47.3649872897514,25.7919903226596,81.4692107180872,31.0392312236707
"gene-AM1_RS14095",926.258133375529,31.1748790539359,466.883446141836,58.9531207375076,635.45984360108,15.5196156118353
"gene-AM1_RS14100",1167.89068990828,32.9563007141608,815.354424059292,48.5135056069073,759.293043892572,23.279423417753
"gene-AM1_RS14105",18.4100995453521,8.01639747101208,26.0990746290467,17.1946602151064,13.0350737148939,13.5796636603559
"gene-AM1_RS14110",23.0126244316902,24.9399032431487,57.0313112264354,55.2685506914134,58.6578317170228,85.3578858650944
"gene-AM1_RS14115",9.20504977267607,8.01639747101208,14.9828021018601,17.8087552227888,19.5526105723409,19.3995195147942
"gene-AM1_RS14120",24.1632556532747,16.9235057721366,18.8493316765337,16.580565207424,11.4056895005322,25.2193753692324
"gene-AM1_RS14125",14.9582058805986,10.6885299613494,13.5328535113576,6.75504508450608,16.2938421436174,11.6397117088765
"gene-AM1_RS14130",377.407040679719,163.890792740691,405.502289143892,438.463835485213,521.402948595758,362.771014926651
"gene-AM1_RS14135",63.284717187148,103.322456293045,50.2648844707566,34.3893204302128,83.0985949324489,52.3787026899443
"gene-AM1_RS14140",126.569434374296,220.005575037776,72.4974295251297,62.6376907836018,107.539358147875,73.7181741562179
"gene-AM1_RS14145",3204.50795211286,3977.0238564521,1966.13028872152,2957.4815569983,3583.01588738147,3949.74217321209
"gene-AM1_RS42180",19.5607307669366,31.1748790539359,17.3993830860311,12.8959951613298,17.9232263579792,7.75980780591767
"gene-AM1_RS14155",54.0796674144719,52.5519389766348,49.7815682739224,23.3356102919301,66.8047527888315,44.6188948840266
"gene-AM1_RS42185",34.5189366475353,23.1584815829238,43.981773911912,19.0369452381535,30.9583000728731,34.9191351266295
"gene-AM1_RS14160",632.84717187148,621.716159418492,679.542572748883,604.883582567135,762.551812321296,859.398714505382
"gene-AM1_RS14165",94.3517601699297,133.606624516868,135.81185131041,111.151196390509,161.309037221813,182.355483439065
"gene-AM1_RS14170",4345.93412392469,6808.59358537959,12093.5378771853,26554.0822271934,10432.9471245582,18472.222481987
"gene-AM1_RS14175",455.649963747465,721.475772391087,672.29282979637,2271.53743341709,995.553754975025,1873.99358512912
"gene-AM1_RS14180",66.7366108519015,87.2896613510204,77.3305914934717,66.3222608296961,70.063521217555,100.87750147693
"gene-AM1_RS14185",119.665647044789,135.388046177093,68.6308999504562,46.0571255761778,78.2104422893637,77.5980780591767
"gene-AM1_RS14190",64.4353484087325,68.5847339186589,77.8139076903059,86.5873960832143,50.510910645214,62.0784624473414
"gene-AM1_RS14195",179.498470567183,95.3060588220325,156.111131577446,110.537101382827,249.295784797347,157.136108069833
"gene-AM1_RS14200",25.3138868748592,21.3770599226989,11.5995887240208,11.667805145965,3.25876842872349,5.81985585443825
"gene-AM1_RS14205",77.0922918461621,79.2732638800084,61.3811569979432,49.7416956222721,50.510910645214,50.4387507384649
"gene-AM1_RS14210",67.887242073486,67.6940230885465,71.0474809346271,58.9531207375076,84.7279791468107,108.637309282847
"gene-AM1_RS14215",17.2594683237676,14.2513732817993,17.3993830860311,11.667805145965,11.4056895005322,15.5196156118353
"gene-AM1_RS14225",14.9582058805986,9.79781913123699,7.73305914934717,15.3523751920593,9.77630528617046,5.81985585443825
"gene-AM1_RS14230",16.1088371021831,16.0327949420242,15.4661182986943,16.580565207424,11.4056895005322,9.69975975739709
"gene-AM1_RS14235",90.8998665051762,56.1147822970846,54.6147302422644,48.5135056069073,39.1052211446818,60.138510495862
"gene-AM1_RS14240",55.2302986360564,48.0983848260725,38.1819795499017,27.0201803380243,60.2872159313845,54.3186546414237
"gene-AM1_RS14245",32.2176742043662,58.7869147874219,26.0990746290467,22.1074202765654,37.4758369303201,21.3394714662736
"gene-AM1_RS14250",14.9582058805986,21.3770599226989,22.2325450543731,22.1074202765654,17.9232263579792,21.3394714662736
"gene-AM1_RS14255",11.5063122158451,24.0491924130362,22.2325450543731,42.3725555300836,19.5526105723409,52.3787026899443
"gene-AM1_RS14260",2.30126244316902,11.5792407914619,6.76642675567878,6.14095007682371,8.14692107180872,11.6397117088765
"gene-AM1_RS14265",391.214615338733,371.426416156893,177.860360434985,204.49363755823,329.135611301072,256.073657595283
"gene-AM1_RS14270",556.905511246902,556.694268820283,269.690437833483,251.778953149772,436.674969448947,300.69255247931
"gene-AM1_RS14275",249.686975083838,291.262441446772,171.57724987614,133.872711674757,250.925169011708,207.574858808298
"gene-AM1_RS14280",16.1088371021831,12.4699516215743,14.4994859050259,11.667805145965,4.88815264308523,9.69975975739709
"gene-AM1_RS14285",983.789694454755,1169.50331993765,1087.46144287695,1115.19653395119,1580.50268793089,1389.00559725926
"gene-AM1_RS14290",233.578137981655,366.082151176218,179.793625222322,163.349272043511,190.637953080324,161.016011972792
"gene-AM1_RS14295",29.9164117611972,89.9617938413578,30.9322365973887,57.7249307221429,29.3289158585114,77.5980780591767
"gene-AM1_RS41010",19.5607307669366,25.8306140732611,19.8159640702021,35.0034154378951,8.14692107180872,42.6789429325472
"gene-AM1_RS14300",42.5733551986268,43.6448306755102,29.9656042037203,46.6712205838602,22.8113790010644,34.9191351266295
"gene-AM1_RS14305",39.1214615338733,63.2404689379842,38.6652957467359,92.728346160038,60.2872159313845,104.757405379889
"gene-AM1_RS14310",43.7239864202113,73.0382880692212,32.3821851878913,137.557281720851,26.0701474297879,149.376300263915
"gene-AM1_RS14315",27.6151493180282,32.0655898840483,48.814935880254,38.073890476307,35.8464527159584,44.6188948840266
"gene-AM1_RS14320",247.385712640669,197.737804284965,238.27488503926,144.92642181304,317.72992180054,246.373897837886
"gene-AM1_RS14325",177.197208124014,137.169467837318,164.810823120462,179.315742243252,154.791500364366,203.694954905339
"gene-AM1_RS14330",312.971692270986,396.366319400042,325.75511666625,351.876439401999,319.359306014902,512.147315190566
"gene-AM1_RS14335",249.686975083838,440.011150075552,305.455836399213,752.880479418587,506.738490666502,1243.50920089831
"gene-AM1_RS14340",1208.16278266373,552.240714669721,932.316943693168,516.453901460874,1085.16988676492,775.980780591767
"gene-AM1_RS14345",115.063122158451,104.213167123157,202.992802670363,379.510714747705,125.462584505854,149.376300263915
"gene-AM1_RS14350",536.194149258381,910.306468374927,626.861107293955,588.917112367394,845.650407253745,938.936744516038
"gene-AM1_RS14355",942.366970477712,928.120684977176,1673.24067343999,2642.45081805724,2395.19479511176,1899.21296049835
"gene-AM1_RS14360",130.021328039049,198.628515115077,246.974576582275,224.758772811748,226.484405796282,223.094474420133
"gene-AM1_RS14365",124.268171931127,366.082151176218,94.7299745795029,121.590811521109,130.350737148939,246.373897837886
"gene-AM1_RS14370",150.732690027571,445.355415056227,99.0798203510106,345.735489325175,112.42751079096,488.867891772813
"gene-AM1_RS14375",230.126244316902,838.158891135819,209.275913229208,717.262968973009,304.694848085646,1486.00319483323
"gene-AM1_RS14380",101.255547499437,109.557432103832,75.8806429029691,63.8658807989666,117.315663434046,60.138510495862
"gene-AM1_RS14385",189.854151561444,57.8962039573095,118.412468224379,27.6342753457067,140.12704243511,25.2193753692324
"gene-AM1_RS14390",130.021328039049,146.076576138442,85.0636506428189,62.0235957759195,101.021821290428,69.838270253259
"gene-AM1_RS14395",344.038735253768,105.994588783382,275.006915998659,72.4632109065198,244.407632154262,46.558846835506
"gene-AM1_RS14400",54.0796674144719,101.54103463282,48.814935880254,53.4262656683663,47.2521422164906,64.0184143988208
"gene-AM1_RS14405",253.138868748592,313.530212199584,221.842134346897,198.352687481406,268.848395369688,320.092071994104
"gene-AM1_RS14410",874.479728404226,1057.27375534348,1207.80717588866,1397.68023748508,1500.66286142717,1901.15291244983
"gene-AM1_RS14415",51.7784049713029,68.5847339186589,81.1971210681453,43.6007455454483,78.2104422893637,65.9583663503002
"gene-AM1_RS14420",58.6821923008099,37.409854864723,102.946349925684,76.147780952614,86.3573633611724,67.8983183017796
"gene-AM1_RS14425",272.699599515529,179.923587682716,240.691466023431,303.977028802774,267.219011155326,271.593273207119
"gene-AM1_RS14430",696.131889058628,599.448388665681,469.783343322841,341.436824271398,389.422827232457,422.909525422513
"gene-AM1_RS14435",234.72876920324,194.174960964515,473.16655670068,265.903138326467,247.666400582985,238.614090031968
"gene-AM1_RS14440",646.654746530494,521.065835615785,1028.98018306001,772.531519664423,663.15937524523,904.017609389409
"gene-AM1_RS14445",308.369167384648,191.502828474177,159.011028758451,77.3759709679787,320.988690229263,91.1777417195326
"gene-AM1_RS14450",101.255547499437,75.7104205595585,87.9635478238241,89.6578711216262,97.7630528617046,89.2377897680532
"gene-AM1_RS14455",191.004782783028,187.939985153728,164.810823120462,121.590811521109,125.462584505854,137.736588555039
"gene-AM1_RS14460",251.988237527007,230.694104999125,260.024113896799,214.319157681147,219.966868938835,242.493993934927
"gene-AM1_RS14465",1562.55719891176,1303.10994445452,1514.71296087838,1852.72463817771,1515.32731935642,1619.85987948531
"gene-AM1_RS14470",1409.52324644102,923.667130826614,1091.81128864845,1349.16673187817,909.196391613853,919.537225001244
"gene-AM1_RS14480",71.3391357382395,59.6776256175344,62.8311055884458,49.7416956222721,55.3990632882993,58.1985585443825
"gene-AM1_RS14490",158.787108578662,163.890792740691,234.408355464586,205.721827573594,127.091968720216,114.457165137286
"gene-AM1_RS14495",27.6151493180282,45.4262523357351,28.9989718100519,57.7249307221429,29.3289158585114,32.9791831751501
"gene-AM1_RS14500",41.4227239770423,38.3005656948355,39.1486119435701,136.943186713169,27.6995316441496,44.6188948840266
"gene-AM1_RS14505",220.921194544226,212.879888396876,303.522571611877,293.537413672173,340.541300801604,391.870294198842
"gene-AM1_RS14510",234.72876920324,290.37173061666,209.759229426042,244.409813057584,195.526105723409,259.953561498242
"gene-AM1_RS14515",28.7657805396127,51.6612281465223,34.7987661720623,62.0235957759195,21.1819947867027,139.676540506518
"gene-AM1_RS14520",234.72876920324,446.246125886339,284.189923738509,267.131328341831,198.784874152133,488.867891772813
"gene-AM1_RS14525",507.428368718768,113.120275424282,286.60650472268,93.3424411677204,151.532731935642,40.7389909810678
"gene-AM1_RS14530",96.6530226130987,110.448142933944,100.046452744679,92.728346160038,68.4341370031932,73.7181741562179
"gene-AM1_RS14535",220.921194544226,174.579322702041,210.72586181971,140.013661751581,161.309037221813,162.955963924271
"gene-AM1_RS14540",2414.0243028843,307.295236388796,378.919898318011,1385.39833733143,397.569748304265,525.726978850922
"gene-AM1_RS14545",1890.48709706335,421.30622264319,530.197867927115,1574.5395996976,742.999201748955,768.22097278585
"gene-AM1_RS14550",85.1467103972536,30.2841682238234,43.4984577150778,41.7584605224012,42.3639895734053,15.5196156118353
"gene-AM1_RS14555",492.47016283817,206.644912586089,182.210206206493,243.181623042219,254.183937440432,172.655723681668
"gene-AM1_RS14560",97.8036538346832,28.5027465635985,37.2153471562333,55.8826456990958,47.2521422164906,23.279423417753
"gene-AM1_RS14565",43.7239864202113,20.4863490925864,15.4661182986943,17.1946602151064,14.6644579292557,15.5196156118353
"gene-AM1_RS14570",89.7492352835917,29.393457393711,34.7987661720623,46.6712205838602,30.9583000728731,29.0992792721913
"gene-AM1_RS14575",147.280796362817,34.7377223743857,41.5651929277411,58.9531207375076,61.9166001457463,40.7389909810678
"gene-AM1_RS14580",135.774484146972,41.8634090152853,55.0980464390986,66.3222608296961,65.1753685744697,40.7389909810678
"gene-AM1_RS14585",67.887242073486,62.3497581078717,44.4650901087462,57.1108357144605,47.2521422164906,42.6789429325472
"gene-AM1_RS14590",37.9708303122888,33.8470115442732,32.8655013847255,35.0034154378951,24.4407632154262,46.558846835506
"gene-AM1_RS14595",37.9708303122888,118.464540404956,47.3649872897514,140.627756759263,65.1753685744697,228.914330274571
"gene-AM1_RS14600",540.796674144719,1695.022709704,686.308999504562,2542.35333180502,1148.71587112503,4655.8846835506
"gene-AM1_RS14610",41.4227239770423,57.005493127197,58.9645760137722,114.835766436603,52.1402948595758,110.577261234327
"gene-AM1_RS14615",11.5063122158451,33.8470115442732,25.1324422353783,27.0201803380243,39.1052211446818,42.6789429325472
"gene-AM1_RS14620",13.8075746590141,18.7049274323615,20.2992802670363,23.3356102919301,14.6644579292557,21.3394714662736
"gene-AM1_RS14625",4588.71731167902,6462.99778329596,1770.38722900367,3838.7078930225,6165.58986714484,4031.22015517423
"gene-AM1_RS14630",1953.7718142505,122.027383725406,150.311337215436,221.688297773336,145.015195078195,279.353081013036
"gene-AM1_RS14635",54.0796674144719,226.240550848563,47.3649872897514,633.746047928207,37.4758369303201,514.087267142046
"gene-AM1_RS14640",493.620794059754,406.164138531279,350.404242704794,558.212361983275,710.41151746172,647.943951794126
"gene-AM1_RS14645",187.552889118275,186.158563493503,149.344704821767,203.879542550547,247.666400582985,232.79423417753
"gene-AM1_RS14655",166.841527129754,160.327949420242,267.757173046146,254.849428188184,219.966868938835,197.875099050901
"gene-AM1_RS14660",64.4353484087325,153.202262779342,70.0808485409588,158.436511982052,57.028447502661,149.376300263915
"gene-AM1_RS14665",56.3809298576409,51.6612281465223,59.9312084074406,44.2148405531307,60.2872159313845,42.6789429325472
"gene-AM1_RS14670",186.40225789669,130.043781196418,225.225347724736,176.24526720484,262.330858512241,197.875099050901
"gene-AM1_RS14675",118.515015823204,91.7432155015827,225.708663921571,214.93325268883,211.819947867027,273.533225158598
"gene-AM1_RS14680",118.515015823204,175.470033532153,179.793625222322,185.456692320076,206.931795223941,285.172936867474
"gene-AM1_RS14685",36.8201990907043,42.7541198453978,74.4306943124665,63.8658807989666,50.510910645214,83.417933913615
"gene-AM1_RS14690",40.2720927554578,11.5792407914619,37.6986633530675,15.3523751920593,21.1819947867027,19.3995195147942
"gene-AM1_RS14695",157.636477357078,336.688693782507,213.142442803881,348.191869355904,156.420884578727,395.750198101801
"gene-AM1_RS14700",98.9542850562677,24.9399032431487,50.7482006675908,13.5100901690122,58.6578317170228,23.279423417753
"gene-AM1_RS14705",55.2302986360564,11.5792407914619,84.5803344459847,12.8959951613298,66.8047527888315,7.75980780591767
"gene-AM1_RS14710",111.611228493697,22.2677707528113,261.957378684135,28.2483703533891,400.828516732989,29.0992792721913
"gene-AM1_RS14715",25.3138868748592,7.12568664089963,13.5328535113576,6.14095007682371,13.0350737148939,0
"gene-AM1_RS14720",251.988237527007,106.885299613494,213.142442803881,155.980131951322,192.267337294686,108.637309282847
"gene-AM1_RS14725",140.37700903331,639.530376020742,179.310309025488,1424.7004178231,239.519479511176,2525.8174408262
"gene-AM1_RS14730",56.3809298576409,99.7596129725948,77.3305914934717,109.923006375144,78.2104422893637,149.376300263915
"gene-AM1_RS14735",182.950364231937,217.333442547439,198.642956898855,154.137846928275,187.3791846516,290.992792721913
"gene-AM1_RS14745",110.460597272113,76.601131389671,178.343676631819,199.580877496771,206.931795223941,246.373897837886
"gene-AM1_RS14750",71.3391357382395,156.765106099792,86.9969154301557,285.554178572303,70.063521217555,420.969573471034
"gene-AM1_RS14755",44.8746176417958,67.6940230885465,35.7653985657307,110.537101382827,58.6578317170228,60.138510495862
"gene-AM1_RS14760",21.8619932101057,11.5792407914619,33.8321337783939,28.8624653610714,21.1819947867027,25.2193753692324
"gene-AM1_RS14770",28.7657805396127,32.9563007141608,83.1303858554821,64.479975806649,55.3990632882993,69.838270253259
"gene-AM1_RS14775",29.9164117611972,20.4863490925864,25.1324422353783,27.0201803380243,24.4407632154262,15.5196156118353
"gene-AM1_RS14780",27.6151493180282,17.8142166022491,27.5490232195493,19.0369452381535,9.77630528617046,11.6397117088765
"gene-AM1_RS14785",127.72006559588,82.8361072004582,116.479203437042,127.117666590251,169.455958293621,141.616492457998
"gene-AM1_RS14790",158.787108578662,99.7596129725948,215.559023788052,262.218568280372,316.100537586178,201.755002953859
"gene-AM1_RS14795",39.1214615338733,13.3606624516868,33.8321337783939,29.4765603687538,19.5526105723409,17.4595675633148
"gene-AM1_RS43970",32.2176742043662,43.6448306755102,23.1991774480415,19.0369452381535,14.6644579292557,27.1593273207119
"gene-AM1_RS14800",125.418803152711,185.26785266339,148.861388624933,135.714996697804,123.833200291493,114.457165137286
"gene-AM1_RS14805",146.130165141233,104.213167123157,23.1991774480415,23.3356102919301,17.9232263579792,17.4595675633148
"gene-AM1_RS14810",33.3683054259507,27.6120357334861,27.0657070227151,12.2819001536474,24.4407632154262,27.1593273207119
"gene-AM1_RS14815",14.9582058805986,16.9235057721366,19.8159640702021,18.4228502304711,21.1819947867027,19.3995195147942
"gene-AM1_RS14820",11.5063122158451,15.1420841119117,19.3326478733679,17.1946602151064,8.14692107180872,13.5796636603559
"gene-AM1_RS14825",71.3391357382395,86.398950520908,92.7967097921661,130.188141628663,105.909973933513,139.676540506518
"gene-AM1_RS14830",446.444913974789,522.84725727601,638.94401221481,1036.59237296784,615.907233028739,933.1168886616
"gene-AM1_RS14835",132.322590482218,110.448142933944,132.42863793257,138.785471736216,122.203816077131,102.817453428409
"gene-AM1_RS14845",48.3265113065494,27.6120357334861,47.8483034865856,43.6007455454483,40.7346053590436,15.5196156118353
"gene-AM1_RS14860",6.90378732950705,14.2513732817993,22.7158612512073,11.667805145965,24.4407632154262,5.81985585443825
"gene-AM1_RS14870",34.5189366475353,27.6120357334861,17.8826992828653,23.3356102919301,14.6644579292557,17.4595675633148
"gene-AM1_RS14875",27.6151493180282,56.1147822970846,31.8988689910571,34.3893204302128,26.0701474297879,34.9191351266295
"gene-AM1_RS14885",11.5063122158451,8.01639747101208,10.1496401335182,19.6510402458359,8.14692107180872,25.2193753692324
"gene-AM1_RS14890",36.8201990907043,44.5355415056227,34.3154499752281,16.580565207424,45.6227580021288,40.7389909810678
"gene-AM1_RS14895",57.5315610792254,62.3497581078717,67.6642675567878,40.5302705070365,37.4758369303201,29.0992792721913
"gene-AM1_RS14900",20.7113619885212,40.0819873550604,31.4155527942229,26.406085330342,27.6995316441496,29.0992792721913
"gene-AM1_RS14905",23.0126244316902,20.4863490925864,23.6824936448757,24.5638003072948,24.4407632154262,13.5796636603559
"gene-AM1_RS14920",23.0126244316902,24.0491924130362,30.4489204005545,32.5470354071657,27.6995316441496,25.2193753692324
"gene-AM1_RS14925",44.8746176417958,32.0655898840483,58.9645760137722,70.0068308757903,40.7346053590436,58.1985585443825
"gene-AM1_RS14930",50.6277737497184,37.409854864723,50.2648844707566,55.2685506914134,40.7346053590436,64.0184143988208
"gene-AM1_RS14935",26.4645180964437,10.6885299613494,25.6157584322125,22.7215152842477,21.1819947867027,15.5196156118353
"gene-AM1_RS14940",16.1088371021831,10.6885299613494,17.8826992828653,18.4228502304711,30.9583000728731,5.81985585443825
"gene-AM1_RS14945",172.594683237676,118.464540404956,128.078792161063,138.171376728533,198.784874152133,147.436348312436
"gene-AM1_RS14955",143.828902698064,123.808805385631,195.259743521016,293.537413672173,153.162116150004,343.371495411857
"gene-AM1_RS14960",19.5607307669366,15.1420841119117,30.4489204005545,23.3356102919301,14.6644579292557,25.2193753692324
"gene-AM1_RS42870",42.5733551986268,23.1584815829238,43.981773911912,30.0906553764362,66.8047527888315,27.1593273207119
"gene-AM1_RS42875",17.2594683237676,16.0327949420242,28.9989718100519,20.8792302612006,29.3289158585114,23.279423417753
"gene-AM1_RS14970",35.6695678691198,46.3169631658476,89.8968126111609,75.5336859449316,109.168742362237,96.9975975739709
"gene-AM1_RS14975",89.7492352835917,54.3333606368597,105.362930909855,80.4464460063906,125.462584505854,116.397117088765
"gene-AM1_RS14980",50.6277737497184,33.8470115442732,94.7299745795029,88.4296811062614,14.6644579292557,32.9791831751501
"gene-AM1_RS14985",17.2594683237676,15.1420841119117,23.6824936448757,22.1074202765654,19.5526105723409,13.5796636603559
"gene-AM1_RS14990",121.966909487958,112.229564594169,153.694550593275,116.67805145965,97.7630528617046,178.475579536106
"gene-AM1_RS14995",55.2302986360564,38.3005656948355,59.9312084074406,61.4095007682371,63.545984360108,62.0784624473414
"gene-AM1_RS15000",23.0126244316902,48.0983848260725,26.0990746290467,41.1443655147189,29.3289158585114,46.558846835506
"gene-AM1_RS15005",104.70744116419,69.4754447487714,82.1637534618137,173.788887174111,48.8815264308523,166.83586782723
"gene-AM1_RS15010",83.9960791756691,75.7104205595585,117.929152027544,212.4768726581,141.756426649472,145.496396360956
"gene-AM1_RS15015",93.2011289483452,110.448142933944,162.394242136291,179.315742243252,174.344110936707,131.9167327006
"gene-AM1_RS15020",12.6569434374296,18.7049274323615,19.8159640702021,18.4228502304711,11.4056895005322,11.6397117088765
"gene-AM1_RS15025",65.585979630317,76.601131389671,98.1131879573422,77.3759709679787,127.091968720216,102.817453428409
"gene-AM1_RS15030",407.323452440916,379.442813627905,242.624730810768,203.265447542865,309.583000728731,258.013609546763
"gene-AM1_RS15035",135.774484146972,154.092973609454,104.396298516187,101.325676267591,128.721352934578,106.697357331368
"gene-AM1_RS15040",493.620794059754,585.197015383882,320.921954697908,263.446758295737,886.385012612788,556.766210074593
"gene-AM1_RS15045",43.7239864202113,25.8306140732611,28.9989718100519,28.2483703533891,29.3289158585114,27.1593273207119
"gene-AM1_RS15050",487.867637951832,357.175042875094,254.224319534788,248.094383103678,464.374501093097,349.191351266295
"gene-AM1_RS15055",189.854151561444,188.83069598384,155.627815380612,116.063956451968,143.385810863833,131.9167327006
"gene-AM1_RS15060",309.519798606233,270.776092354186,315.605476532731,380.124809755388,358.464527159584,457.828660549143
"gene-AM1_RS15065",576.466242013839,622.606870248605,593.028973515561,644.79975806649,573.543243455334,979.675735497106
"gene-AM1_RS15070",8.05441855109156,16.9235057721366,15.4661182986943,38.073890476307,22.8113790010644,25.2193753692324
"gene-AM1_RS41035",8.05441855109156,9.79781913123699,9.18300773984977,32.5470354071657,8.14692107180872,13.5796636603559
"gene-AM1_RS15075",51.7784049713029,54.3333606368597,36.7320309593991,77.3759709679787,60.2872159313845,69.838270253259
"gene-AM1_RS15080",130.021328039049,169.235057721366,136.295167507244,277.570943472432,154.791500364366,205.634906856818
"gene-AM1_RS15085",124.268171931127,135.388046177093,83.6137020523163,78.6041609833435,84.7279791468107,106.697357331368
"gene-AM1_RS15090",136.925115368557,123.808805385631,92.7967097921661,106.852531336733,141.756426649472,203.694954905339
"gene-AM1_RS15095",48.3265113065494,61.4590472777593,24.1658098417099,65.0940708143313,42.3639895734053,42.6789429325472
"gene-AM1_RS15100",201.360463777289,237.819791640025,156.111131577446,160.278797005099,267.219011155326,192.055243196462
"gene-AM1_RS15105",51.7784049713029,53.4426498067472,62.8311055884458,39.3020804916717,71.6929054319167,91.1777417195326
"gene-AM1_RS15110",23.0126244316902,22.2677707528113,26.5823908258809,25.1778953149772,48.8815264308523,19.3995195147942
"gene-AM1_RS15115",136.925115368557,109.557432103832,155.144499183778,143.698231797675,151.532731935642,203.694954905339
"gene-AM1_RS15120",1952.62118302891,1817.05009342941,1672.27404104633,1664.19747081923,3050.20724928518,2496.71816155401
"gene-AM1_RS15125",116.213753380035,159.437238590129,118.412468224379,77.3759709679787,164.567805650536,83.417933913615
"gene-AM1_RS15130",95.5023913915142,51.6612281465223,23.6824936448757,25.1778953149772,17.9232263579792,15.5196156118353
"gene-AM1_RS39840",70.188504516655,90.8525046714702,114.545938649705,82.9028260371201,135.238889792025,85.3578858650944
"gene-AM1_RS15140",568.411823462747,503.251619013536,598.828767877572,250.550763134407,844.021023039383,576.165729589387
"gene-AM1_RS15145",226.674350652148,253.852586582049,425.318253214094,285.554178572303,516.514795952673,523.787026899443
"gene-AM1_RS41040",925.107502153945,1320.92416105677,1114.52714989966,779.286564748929,1864.01554122983,2696.53321255639
"gene-AM1_RS15155",217.469300879472,228.912683338901,375.536684940172,308.889788864233,384.534674589371,438.429141034348
"gene-AM1_RS15160",13.8075746590141,11.5792407914619,14.0161697081918,9.82552012291794,6.51753685744697,19.3995195147942
"gene-AM1_RS15165",179.498470567183,108.666721273719,128.562108357897,115.449861444286,140.12704243511,112.517213185806
"gene-AM1_RS15170",983.789694454755,638.639665190629,980.165247179754,999.132577499218,1485.99840349791,1270.66852821902
"gene-AM1_RS15175",127.72006559588,107.776010443607,96.6632393668396,67.5504508450608,202.043642580856,131.9167327006
"gene-AM1_RS15180",92.0504977267607,125.590227045856,47.8483034865856,52.8121706606839,55.3990632882993,32.9791831751501
"gene-AM1_RS15185",131.171959260634,158.546527760017,67.1809513599536,84.1310160524848,84.7279791468107,100.87750147693
"gene-AM1_RS15190",192.155414004613,196.847093454852,88.4468640206583,90.2719661293085,128.721352934578,155.196156118353
"gene-AM1_RS15195",33.3683054259507,178.142166022491,46.398354896083,109.923006375144,37.4758369303201,254.133705643804
"gene-AM1_RS15200",128.870696817465,123.808805385631,158.527712561617,131.416331644027,237.890095296815,211.454762711257
"gene-AM1_RS15205",19.5607307669366,45.4262523357351,52.1981492580934,34.3893204302128,34.2170685015966,52.3787026899443
"gene-AM1_RS15210",62.1340859655635,137.169467837318,57.5146274232696,76.147780952614,26.0701474297879,71.7782222047385
"gene-AM1_RS15215",35.6695678691198,54.3333606368597,33.3488175815597,36.8457004609423,40.7346053590436,27.1593273207119
"gene-AM1_RS15220",23.0126244316902,26.7213249033736,51.231516864425,42.986650537766,22.8113790010644,19.3995195147942
"gene-AM1_RS15225",16.1088371021831,12.4699516215743,22.7158612512073,16.580565207424,13.0350737148939,5.81985585443825
"gene-AM1_RS15235",17.2594683237676,36.5191440346106,23.6824936448757,39.9161754993541,9.77630528617046,21.3394714662736
"gene-AM1_RS15240",88.5986040620072,125.590227045856,87.9635478238241,116.063956451968,104.280589719152,139.676540506518
"gene-AM1_RS15245",72.489766959824,102.431745462932,67.1809513599536,73.0773059142022,110.798126576599,65.9583663503002
"gene-AM1_RS15250",75.9416606245776,57.005493127197,69.1142161472903,55.2685506914134,55.3990632882993,52.3787026899443
"gene-AM1_RS15255",275.000861958698,189.721406813953,208.309280835539,276.956848464749,221.596253153197,279.353081013036
"gene-AM1_RS15270",54.0796674144719,25.8306140732611,40.5985605340727,44.2148405531307,35.8464527159584,29.0992792721913
"gene-AM1_RS15275",16.1088371021831,8.01639747101208,18.3660154796995,15.9664701997416,4.88815264308523,11.6397117088765
"gene-AM1_RS15280",17.2594683237676,16.0327949420242,18.8493316765337,12.2819001536474,6.51753685744697,9.69975975739709
"gene-AM1_RS39850",31.0670429827817,32.9563007141608,23.6824936448757,18.4228502304711,19.5526105723409,13.5796636603559
"gene-AM1_RS15295",31.0670429827817,24.9399032431487,44.4650901087462,30.0906553764362,39.1052211446818,46.558846835506
"gene-AM1_RS15305",9.20504977267607,7.12568664089963,20.2992802670363,23.9497052996125,17.9232263579792,7.75980780591767
"gene-AM1_RS15315",5.75315610792254,8.90710830112453,18.8493316765337,12.8959951613298,16.2938421436174,25.2193753692324
"gene-AM1_RS15320",29.9164117611972,23.1584815829238,50.2648844707566,51.5839806453192,27.6995316441496,31.0392312236707
"gene-AM1_RS15325",49.4771425281339,30.2841682238234,37.6986633530675,37.4597954686246,61.9166001457463,34.9191351266295
"gene-AM1_RS15330",13.8075746590141,10.6885299613494,15.9494344955285,16.580565207424,16.2938421436174,17.4595675633148
"gene-AM1_RS15340",37.9708303122888,53.4426498067472,58.481259816938,68.1645458527432,47.2521422164906,60.138510495862
"gene-AM1_RS15345",16.1088371021831,8.90710830112453,10.6329563303524,14.1241851766945,11.4056895005322,3.87990390295884
"gene-AM1_RS15350",23.0126244316902,39.191276524948,28.5156556132177,30.0906553764362,17.9232263579792,17.4595675633148
"gene-AM1_RS15355",83.9960791756691,101.54103463282,14.0161697081918,13.5100901690122,4.88815264308523,5.81985585443825
"gene-AM1_RS15360",195.607307669366,207.535623416202,11.5995887240208,8.59733010755319,11.4056895005322,5.81985585443825
"gene-AM1_RS15365",357.846309912782,293.93457393711,23.6824936448757,41.1443655147189,13.0350737148939,11.6397117088765
"gene-AM1_RS15370",5.75315610792254,8.90710830112453,9.18300773984977,11.667805145965,3.25876842872349,5.81985585443825
"gene-AM1_RS15375",14.9582058805986,20.4863490925864,23.6824936448757,28.2483703533891,16.2938421436174,11.6397117088765
"gene-AM1_RS15380",18.4100995453521,23.1584815829238,34.3154499752281,28.2483703533891,26.0701474297879,13.5796636603559
"gene-AM1_RS15385",50.6277737497184,32.9563007141608,66.6976351631194,71.235020891155,22.8113790010644,21.3394714662736
"gene-AM1_RS37630",20.7113619885212,29.393457393711,19.8159640702021,19.6510402458359,17.9232263579792,7.75980780591767
"gene-AM1_RS15395",69.0378732950705,67.6940230885465,19.3326478733679,30.7047503841186,16.2938421436174,9.69975975739709
"gene-AM1_RS15400",121.966909487958,137.169467837318,33.3488175815597,31.3188453918009,34.2170685015966,36.8590870781089
"gene-AM1_RS15405",216.318669657888,152.31155194923,30.4489204005545,19.6510402458359,13.0350737148939,15.5196156118353
"gene-AM1_RS15410",851.467103972536,431.104041774427,45.9150386992488,57.1108357144605,27.6995316441496,25.2193753692324
"gene-AM1_RS15415",8.05441855109156,10.6885299613494,4.83316196834198,9.21142511523557,4.88815264308523,13.5796636603559
"gene-AM1_RS15420",21.8619932101057,9.79781913123699,7.73305914934717,6.75504508450608,9.77630528617046,7.75980780591767
"gene-AM1_RS15425",17.2594683237676,24.0491924130362,18.3660154796995,14.7382801843769,13.0350737148939,17.4595675633148
"gene-AM1_RS15430",8.05441855109156,29.393457393711,39.6319281404043,39.9161754993541,24.4407632154262,21.3394714662736
"gene-AM1_RS15435",220.921194544226,179.032876852603,268.24048924298,175.017077189476,361.723295588307,242.493993934927
"gene-AM1_RS15440",28.7657805396127,37.409854864723,37.6986633530675,14.1241851766945,39.1052211446818,60.138510495862
"gene-AM1_RS15445",10.3556809942606,19.595638262474,21.2659126607047,12.2819001536474,8.14692107180872,9.69975975739709
"gene-AM1_RS15450",10.3556809942606,16.9235057721366,27.5490232195493,27.6342753457067,19.5526105723409,7.75980780591767
"gene-AM1_RS15455",44.8746176417958,26.7213249033736,33.3488175815597,19.0369452381535,21.1819947867027,27.1593273207119
"gene-AM1_RS15460",37.9708303122888,19.595638262474,21.2659126607047,16.580565207424,19.5526105723409,17.4595675633148
"gene-AM1_RS15465",83.9960791756691,49.8798064862974,60.897840801109,71.8491158988374,52.1402948595758,58.1985585443825
"gene-AM1_RS15470",37.9708303122888,83.7268180305706,32.8655013847255,151.067371889863,53.7696790739375,322.032023945583
"gene-AM1_RS15475",37.9708303122888,103.322456293045,47.3649872897514,116.063956451968,35.8464527159584,162.955963924271
"gene-AM1_RS15480",16.1088371021831,22.2677707528113,22.2325450543731,19.0369452381535,9.77630528617046,13.5796636603559
"gene-AM1_RS15485",33.3683054259507,38.3005656948355,84.5803344459847,60.1813107528724,32.5876842872349,34.9191351266295
"gene-AM1_RS15490",156.485846135493,159.437238590129,173.510514663477,127.117666590251,156.420884578727,141.616492457998
"gene-AM1_RS15495",1208.16278266373,940.590636598751,1523.41265242139,2353.82616444653,1402.89980856546,2155.28661809363
"gene-AM1_RS15500",278.452755623451,205.754201755977,274.04028360499,255.463523195866,268.848395369688,275.473177110077
"gene-AM1_RS15505",263.494549742852,264.541116543399,455.283857417815,611.638627651642,614.277848814377,853.578858650944
"gene-AM1_RS15510",312.971692270986,301.950971408122,107.779511894026,93.3424411677204,189.008568865962,120.277020991724
"gene-AM1_RS15515",2926.05519648941,1808.14298512828,1071.51200838142,1199.94164501135,2220.85068417506,1140.6917474699
"gene-AM1_RS15520",6371.04507391342,4695.82749635285,1561.11131577446,1666.65385084996,3739.4367719602,2364.80142885341
"gene-AM1_RS15525",107.008703607359,162.109371080467,130.012056948399,154.751941935957,107.539358147875,205.634906856818
"gene-AM1_RS15530",269.247705850775,338.470115442732,309.805682170721,555.141886944863,348.688221873413,448.128900791746
"gene-AM1_RS15535",34.5189366475353,48.9890956561849,51.231516864425,57.7249307221429,29.3289158585114,69.838270253259
"gene-AM1_RS41050",13.8075746590141,12.4699516215743,11.5995887240208,10.4396151306003,8.14692107180872,13.5796636603559
"gene-AM1_RS15545",117.36438460162,99.7596129725948,91.3467612016635,116.67805145965,143.385810863833,143.556444409477
"gene-AM1_RS15550",287.657805396127,239.60121330025,323.338535682079,182.386217281664,439.933737877671,271.593273207119
"gene-AM1_RS15555",1914.65035271662,678.721652545689,2295.26861876561,1906.76499885376,2427.782479399,1726.55723681668
"gene-AM1_RS15560",360.147572355951,314.420923029696,321.888587091576,218.003727727242,329.135611301072,296.812648576351
"gene-AM1_RS15565",230.126244316902,1188.20824737001,162.394242136291,558.826456990958,143.385810863833,735.241789610699
"gene-AM1_RS42190",6.90378732950705,24.9399032431487,71.5307971314613,60.7954057605547,4.88815264308523,5.81985585443825
"gene-AM1_RS15570",20.7113619885212,16.0327949420242,19.3326478733679,20.8792302612006,21.1819947867027,11.6397117088765
"gene-AM1_RS15575",47.1758800849648,34.7377223743857,53.1647816517618,36.2316054532599,42.3639895734053,52.3787026899443
"gene-AM1_RS15580",3439.2367213161,888.929408452228,1240.18936107655,726.474394088245,2986.66126492508,1049.51400575037
"gene-AM1_RS15585",737.55461303567,228.021972508788,187.526684371669,122.819001536474,433.416201020224,153.256204166874
"gene-AM1_RS15590",3030.7626376536,3971.67959147143,3329.56527999079,4829.85723542185,4948.43985901661,3462.81423339076
"gene-AM1_RS15595",762.868499910529,819.453963703457,672.776145993204,510.31295138405,690.858906889379,525.726978850922
"gene-AM1_RS15600",1710.98862649616,1513.31770036106,1458.64828204561,1366.97548710096,2066.05918381069,1648.95915875751
"gene-AM1_RS15605",2517.5811128269,2201.83717203798,2468.29581723225,2007.47658011367,4241.28710998362,2764.43153085817
"gene-AM1_RS15610",2825.95028021155,2249.93555686406,2071.49321963137,1942.38250929934,2292.54358960697,2128.12729077292
"gene-AM1_RS15615",2107.95639794282,2532.2908900097,2216.97139487847,2773.86714970127,2681.96641683943,3297.91831751501
"gene-AM1_RS15620",408.474083662501,624.38829190883,307.38910118655,271.429993395608,335.653148158519,407.389909810678
"gene-AM1_RS15625",494.771425281339,1110.71640515023,350.404242704794,468.554490861649,557.249401311716,585.865489346784
"gene-AM1_RS15630",316.42358593574,466.732474978926,189.94326535584,280.027323503161,325.876842872349,318.152120042625
"gene-AM1_RS15635",472.909432071233,713.459374920075,376.020001137006,1072.20988341342,557.249401311716,1171.73097869357
"gene-AM1_RS15640",201.360463777289,211.989177566764,199.12627309569,165.80565207424,278.624700655858,209.514810759777
"gene-AM1_RS15645",21.8619932101057,23.1584815829238,18.3660154796995,19.6510402458359,13.0350737148939,7.75980780591767
"gene-AM1_RS15650",40.2720927554578,36.5191440346106,43.0151415182436,47.8994105992249,34.2170685015966,27.1593273207119
"gene-AM1_RS15660",103.556809942606,68.5847339186589,70.564164737793,41.7584605224012,74.9516738606402,87.2978378165738
"gene-AM1_RS15665",29.9164117611972,30.2841682238234,18.8493316765337,15.3523751920593,22.8113790010644,25.2193753692324
"gene-AM1_RS15670",127.72006559588,48.9890956561849,22.2325450543731,39.9161754993541,48.8815264308523,65.9583663503002
"gene-AM1_RS15675",32.2176742043662,26.7213249033736,19.3326478733679,15.9664701997416,1.62938421436174,9.69975975739709
"gene-AM1_RS15680",29.9164117611972,33.8470115442732,31.4155527942229,25.7919903226596,16.2938421436174,23.279423417753
"gene-AM1_RS15685",13.8075746590141,13.3606624516868,16.9160668891969,19.6510402458359,9.77630528617046,13.5796636603559
"gene-AM1_RS15690",17.2594683237676,21.3770599226989,25.1324422353783,17.8087552227888,16.2938421436174,19.3995195147942
"gene-AM1_RS15695",54.0796674144719,58.7869147874219,70.564164737793,84.7451110601672,61.9166001457463,79.5380300106561
"gene-AM1_RS15700",401.570296332993,43.6448306755102,26.5823908258809,25.7919903226596,42.3639895734053,5.81985585443825
"gene-AM1_RS15705",1830.65427354095,311.748790539359,256.640900518959,251.16485814209,423.639895734053,397.690150053281
"gene-AM1_RS15710",25.3138868748592,18.7049274323615,28.0323394163835,23.3356102919301,22.8113790010644,29.0992792721913
"gene-AM1_RS15715",514.332156048275,674.268098395127,411.785399702737,612.252722659324,588.207701384589,1445.26420385217
"gene-AM1_RS15720",73.6403981814085,113.120275424282,50.2648844707566,39.9161754993541,47.2521422164906,50.4387507384649
"gene-AM1_RS15730",11.5063122158451,16.9235057721366,18.8493316765337,17.8087552227888,17.9232263579792,17.4595675633148
"gene-AM1_RS15740",132.322590482218,664.47027926389,198.642956898855,266.517233334149,250.925169011708,508.267411287608
"gene-AM1_RS15745",424.582920764684,1224.72739140462,653.443498119836,593.829872428853,786.992575536722,1070.85347721664
"gene-AM1_RS37635",300.314748833557,717.022218240525,504.582109494903,509.698856376368,703.893980604273,853.578858650944
"gene-AM1_RS15755",41.4227239770423,56.1147822970846,39.1486119435701,34.3893204302128,32.5876842872349,36.8590870781089
"gene-AM1_RS15760",134.623852925387,187.939985153728,142.094961869254,120.362621505745,148.273963506919,190.115291244983
"gene-AM1_RS15765",176.04657690243,512.158727314661,347.021029326954,243.181623042219,366.611448231392,273.533225158598
"gene-AM1_RS15770",54.0796674144719,219.114864207664,122.278997799052,59.56721574519,241.148863725538,164.895915875751
"gene-AM1_RS15775",107.008703607359,321.546609670596,368.770258184493,260.376283257325,614.277848814377,415.149717616595
"gene-AM1_RS15780",54.0796674144719,180.814298512828,143.544910459757,79.8323509987082,293.289158585114,188.175339293504
"gene-AM1_RS15785",58.6821923008099,89.9617938413578,44.9484063055804,64.479975806649,52.1402948595758,60.138510495862
"gene-AM1_RS15790",36.8201990907043,37.409854864723,29.4822880068861,27.6342753457067,35.8464527159584,11.6397117088765
"gene-AM1_RS15795",46.0252488633803,62.3497581078717,32.8655013847255,41.1443655147189,39.1052211446818,46.558846835506
"gene-AM1_RS15800",95.5023913915142,82.8361072004582,55.5813626359328,62.0235957759195,60.2872159313845,96.9975975739709
"gene-AM1_RS15805",93.2011289483452,86.398950520908,97.1465555636739,124.661286559521,102.65120550479,176.535627584627
"gene-AM1_RS15810",288.808436617712,228.912683338901,219.425553362726,327.926734102386,244.407632154262,465.58846835506
"gene-AM1_RS15815",19.5607307669366,16.0327949420242,23.1991774480415,13.5100901690122,22.8113790010644,11.6397117088765
"gene-AM1_RS15820",32.2176742043662,35.6284332044981,31.4155527942229,22.7215152842477,30.9583000728731,34.9191351266295
"gene-AM1_RS15825",57.5315610792254,70.3661555788838,97.6298717605081,83.5169210448025,66.8047527888315,60.138510495862
"gene-AM1_RS15830",34.5189366475353,34.7377223743857,35.7653985657307,40.5302705070365,35.8464527159584,13.5796636603559
"gene-AM1_RS15835",149.582058805986,144.295154478217,171.57724987614,181.158027266299,172.714726722345,133.85668465208
"gene-AM1_RS15840",79.3935542893311,93.5246371618076,71.5307971314613,66.9363558373784,60.2872159313845,56.2586065929031
"gene-AM1_RS15845",69.0378732950705,68.5847339186589,115.995887240208,95.7988211984499,74.9516738606402,102.817453428409
"gene-AM1_RS15850",43.7239864202113,37.409854864723,41.0818767309069,54.0403606760486,22.8113790010644,34.9191351266295
"gene-AM1_RS15855",19.5607307669366,19.595638262474,20.2992802670363,30.0906553764362,27.6995316441496,42.6789429325472
"gene-AM1_RS15860",47.1758800849648,44.5355415056227,47.8483034865856,48.5135056069073,39.1052211446818,50.4387507384649
"gene-AM1_RS15865",49.4771425281339,32.0655898840483,75.8806429029691,71.8491158988374,68.4341370031932,60.138510495862
"gene-AM1_RS15870",29.9164117611972,23.1584815829238,54.1314140454302,36.2316054532599,53.7696790739375,81.4779819621356
"gene-AM1_RS15875",19.5607307669366,16.9235057721366,33.3488175815597,38.6879854839894,35.8464527159584,40.7389909810678
"gene-AM1_RS37640",77.0922918461621,80.1639747101208,79.2638562808085,71.8491158988374,61.9166001457463,62.0784624473414
"gene-AM1_RS15890",25.3138868748592,23.1584815829238,35.7653985657307,35.6175104455775,21.1819947867027,38.7990390295884
"gene-AM1_RS15895",357.846309912782,1792.11019018626,211.209178016545,1027.38094785261,540.955559168099,2981.70614942387
"gene-AM1_RS15900",4360.89232980529,2826.22546394681,3722.98466421383,4852.5787507061,10874.5102466503,8370.89267063369
"gene-AM1_RS15905",51.7784049713029,65.9126014283216,60.4145246042748,49.7416956222721,145.015195078195,89.2377897680532
"gene-AM1_RS15910",243.933818975916,255.634008242274,109.712776681363,83.5169210448025,252.55455322607,135.796636603559
"gene-AM1_RS15915",12.6569434374296,13.3606624516868,12.082904920855,13.5100901690122,21.1819947867027,9.69975975739709
"gene-AM1_RS15920",19.5607307669366,15.1420841119117,28.9989718100519,22.1074202765654,26.0701474297879,27.1593273207119
"gene-AM1_RS15925",658.161058746339,681.393785036027,535.997662289126,416.97051021633,863.573633611724,799.26020400952
"gene-AM1_RS15930",211.71614477155,258.306140732611,215.559023788052,172.560697158746,262.330858512241,366.65091882961
"gene-AM1_RS15935",56.3809298576409,64.1311797680966,68.147583753622,63.8658807989666,83.0985949324489,91.1777417195326
"gene-AM1_RS15940",51.7784049713029,51.6612281465223,55.0980464390986,71.8491158988374,57.028447502661,98.9375495254503
"gene-AM1_RS15945",1208.16278266373,480.093137430612,444.650901087462,561.89693202937,878.23809154098,886.558041826094
"gene-AM1_RS15950",346.339997696937,220.005575037776,270.173754030317,262.832663288055,351.946990302137,389.930342247363
"gene-AM1_RS15955",29.9164117611972,22.2677707528113,24.1658098417099,19.0369452381535,26.0701474297879,27.1593273207119
"gene-AM1_RS15960",8.05441855109156,19.595638262474,11.1162725271866,14.7382801843769,6.51753685744697,7.75980780591767
"gene-AM1_RS15965",58.6821923008099,55.2240714669721,66.6976351631194,53.4262656683663,43.9933737877671,46.558846835506
"gene-AM1_RS15970",87.4479728404227,131.825202856643,77.3305914934717,67.5504508450608,79.8398265037254,75.6581261076973
"gene-AM1_RS15975",70.188504516655,96.196769652145,46.398354896083,45.4430305684955,40.7346053590436,23.279423417753
"gene-AM1_RS38735",13.8075746590141,29.393457393711,10.1496401335182,5.52685506914134,8.14692107180872,5.81985585443825
"gene-AM1_RS15980",82.8454479540846,108.666721273719,51.7148330612592,44.8289355608131,48.8815264308523,40.7389909810678
"gene-AM1_RS15985",821.550692211339,845.284577776718,496.849050345556,456.886685715684,769.069349178743,805.080059863958
"gene-AM1_RS15990",1456.69912652599,1532.02262779342,1008.19758659614,935.266696700251,1497.40409299844,1276.48838407346
"gene-AM1_RS15995",6480.35503996395,10854.2021757504,6911.42161472904,17687.7785062753,13698.2330901392,26511.3833689177
"gene-AM1_RS16000",5470.10082741275,9771.09780633361,6947.18701329477,17892.8862388412,12766.2253195243,27698.6339632231
"gene-AM1_RS16005",442.993020310036,475.63958328005,247.941208975944,194.054022427629,417.122358876606,327.851879800022
"gene-AM1_RS16010",131.171959260634,146.967286968555,87.9635478238241,108.080721352097,135.238889792025,128.036828797642
"gene-AM1_RS16015",713.391357382395,984.235467274261,680.992521339385,782.971134795023,883.126244184065,1084.43314087699
"gene-AM1_RS16020",194.456676447782,222.677707528113,236.824936448757,275.114563441702,182.491032008515,213.394714662736
"gene-AM1_RS16025",207.113619885212,215.552020887214,207.825964638705,143.084136789992,190.637953080324,182.355483439065
"gene-AM1_RS37645",177.197208124014,187.049274323615,151.277969609104,154.751941935957,135.238889792025,147.436348312436
"gene-AM1_RS16035",42.5733551986268,50.7705173164098,26.0990746290467,30.7047503841186,11.4056895005322,29.0992792721913
"gene-AM1_RS16040",108.159334828944,142.513732817993,67.6642675567878,92.728346160038,43.9933737877671,124.156924894683
"gene-AM1_RS16045",373.955147014965,390.131343589255,364.420412412986,354.94691444041,247.666400582985,461.708564452101
"gene-AM1_RS16050",135.774484146972,176.360744362266,333.004859618763,263.446758295737,203.673026795218,155.196156118353
"gene-AM1_RS16055",288.808436617712,1095.57432103832,398.735862388214,1701.04317128017,386.164058803733,1976.81103855753
"gene-AM1_RS16060",403.871558776162,384.78707860858,367.320309593991,954.303641938405,470.892037950544,892.377897680532
"gene-AM1_RS16065",41.4227239770423,30.2841682238234,40.1152443372385,24.5638003072948,34.2170685015966,42.6789429325472
"gene-AM1_RS16070",208.264251106796,178.142166022491,243.591363204436,216.161442704195,226.484405796282,184.295435390545
"gene-AM1_RS16075",162.239002243416,158.546527760017,83.6137020523163,73.0773059142022,107.539358147875,108.637309282847
"gene-AM1_RS16080",433.78797053736,326.000163821158,384.719692680022,314.416643933374,467.63326952182,517.967171045005
"gene-AM1_RS16085",116.213753380035,130.043781196418,75.8806429029691,93.9565361754028,115.686279219684,93.1176936710121
"gene-AM1_RS41055",9.20504977267607,25.8306140732611,14.0161697081918,15.3523751920593,3.25876842872349,25.2193753692324
"gene-AM1_RS16090",2624.58981643426,630.623267719617,1767.00401562583,1113.35424892814,2118.19947867027,731.361885707741
"gene-AM1_RS16095",715.692619825564,350.049356234194,437.884474331784,280.641418510844,428.528048377139,407.389909810678
"gene-AM1_RS16100",239.331294089578,130.934492026531,187.526684371669,131.416331644027,268.848395369688,139.676540506518
"gene-AM1_RS16105",172.594683237676,114.010986254394,240.208149826597,258.533998234278,239.519479511176,252.193753692324
"gene-AM1_RS16110",23.0126244316902,20.4863490925864,14.9828021018601,23.3356102919301,11.4056895005322,9.69975975739709
"gene-AM1_RS16115",20.7113619885212,28.5027465635985,26.5823908258809,21.493325268883,22.8113790010644,11.6397117088765
"gene-AM1_RS16120",54.0796674144719,66.803312258434,70.0808485409588,49.7416956222721,71.6929054319167,56.2586065929031
"gene-AM1_RS16125",39.1214615338733,26.7213249033736,17.3993830860311,23.3356102919301,22.8113790010644,17.4595675633148
"gene-AM1_RS16130",119.665647044789,106.885299613494,126.145527373726,114.835766436603,198.784874152133,172.655723681668
"gene-AM1_RS16135",94.3517601699297,126.480937875968,75.8806429029691,178.087552227888,99.3924370760663,155.196156118353
"gene-AM1_RS16140",134.623852925387,267.213249033736,78.7805400839743,310.73207388728,138.497658220748,419.029621519554
"gene-AM1_RS16145",807.743117552325,1143.67270586439,409.8521349154,945.706311830851,870.091170469171,1099.95275648883
"gene-AM1_RS16150",47.1758800849648,92.6339263316952,41.0818767309069,55.8826456990958,55.3990632882993,62.0784624473414
"gene-AM1_RS16155",219.770563322641,306.404525558684,144.994859050259,155.980131951322,172.714726722345,248.313849789365
"gene-AM1_RS16160",211.71614477155,284.136754805873,133.395270326239,150.453276882181,224.855021581921,176.535627584627
"gene-AM1_RS16165",127.72006559588,254.743297412162,115.512571043373,345.121394317493,128.721352934578,292.932744673392
"gene-AM1_RS16170",40.2720927554578,37.409854864723,44.9484063055804,67.5504508450608,99.3924370760663,54.3186546414237
"gene-AM1_RS16175",3146.97639103363,2697.07239358051,2832.71622964524,2506.12172635176,3439.63007651764,3462.81423339076
"gene-AM1_RS16180",255.440131191761,273.448224844523,269.207121636648,204.49363755823,343.800069230328,356.951159072213
"gene-AM1_RS16185",216.318669657888,178.142166022491,255.190951928457,141.241851766945,175.973495151068,184.295435390545
"gene-AM1_RS16190",489.018269173416,344.705091253519,357.653985657307,338.366349232986,547.473096025546,453.948756646184
"gene-AM1_RS16195",806.59248633074,599.448388665681,546.147302422644,415.128225193283,736.481664891508,671.223375211879
"gene-AM1_RS16200",665.064846075846,659.126014283215,461.566967976659,385.037569816847,557.249401311716,450.068852743225
"gene-AM1_RS16205",346.339997696937,492.563089052187,300.622674430871,366.000624578693,402.457900947351,488.867891772813
"gene-AM1_RS16210",278.452755623451,313.530212199584,245.524627991773,295.993793702903,340.541300801604,207.574858808298
"gene-AM1_RS16215",358.996941134367,364.300729515993,207.342648441871,173.174792166429,234.631326868091,159.076060021312
"gene-AM1_RS16220",278.452755623451,237.819791640025,304.972520202379,233.356102919301,206.931795223941,221.154522468654
"gene-AM1_RS16225",212.866775993134,372.317126987006,160.944293545788,150.453276882181,239.519479511176,209.514810759777
"gene-AM1_RS16230",522.386574599367,606.574075306581,219.90886955956,154.751941935957,466.003885307459,285.172936867474
"gene-AM1_RS16235",828.454479540846,766.902024726822,453.833908827312,507.242476345638,845.650407253745,640.184143988208
"gene-AM1_RS16240",23.0126244316902,29.393457393711,26.5823908258809,29.4765603687538,19.5526105723409,25.2193753692324
"gene-AM1_RS16245",388.913352895564,213.770599226989,411.785399702737,179.929837250935,573.543243455334,221.154522468654
"gene-AM1_RS16250",799.688699001233,498.798064862974,779.589025493562,665.064893320008,904.308238970768,684.803038872235
"gene-AM1_RS16255",419.980395878346,328.672296311495,447.550798268468,189.14126236617,410.604822019159,228.914330274571
"gene-AM1_RS16260",225.523719430564,229.803394169013,278.873445573332,186.684882335441,234.631326868091,162.955963924271
"gene-AM1_RS16265",1979.08570112535,1950.65671794627,657.793343891344,650.940708143313,1142.19833426758,814.779819621356
"gene-AM1_RS16270",2626.89107887743,2937.56431771087,537.930927076463,386.879854839894,1091.68742362237,739.121693513658
"gene-AM1_RS16275",10552.4389331515,9646.39829011787,3862.17972890208,6140.33598181603,9285.86063764758,6184.56682131638
"gene-AM1_RS43980",7555.04460092388,6958.23300483849,2913.91335071338,4073.90628096485,6118.33772492835,4671.40429916244
"gene-AM1_RS16285",11502.8603221803,12791.4982312449,5271.5297588706,8171.14817222163,11200.3870895226,8566.82781773311
"gene-AM1_RS16290",334.833685481092,513.940148974886,159.97766115212,173.174792166429,299.806695442561,193.995195147942
"gene-AM1_RS16295",379.708303122888,299.278838917784,312.705579351726,163.349272043511,381.275906160648,240.554041983448
"gene-AM1_RS16300",1318.62337993585,1238.08805385631,1176.39162309444,992.991627422394,1368.68274006386,1930.25219172202
"gene-AM1_RS41060",758.265975024191,19.595638262474,887.851853584422,23.3356102919301,1049.32343404896,13.5796636603559
"gene-AM1_RS16305",174.895945680845,162.109371080467,93.7633421858345,68.1645458527432,187.3791846516,147.436348312436
"gene-AM1_RS16310",759.416606245776,407.945560191504,314.155527942229,419.426890247059,531.179253881928,814.779819621356
"gene-AM1_RS16315",568.411823462747,498.798064862974,263.407327274638,319.943499002515,351.946990302137,422.909525422513
"gene-AM1_RS16320",231.276875538486,466.732474978926,216.042339984887,239.497052996125,296.547927013837,461.708564452101
"gene-AM1_RS16325",217.469300879472,1344.08264263969,123.728946389555,1779.64733226351,99.3924370760663,2085.44834784037
"gene-AM1_RS16330",57.5315610792254,80.1639747101208,60.897840801109,63.8658807989666,55.3990632882993,69.838270253259
"gene-AM1_RS16335",141.527640254895,186.158563493503,89.8968126111609,142.47004178231,99.3924370760663,199.81505100238
"gene-AM1_RS16340",36.8201990907043,40.9726981851729,44.4650901087462,55.2685506914134,35.8464527159584,42.6789429325472
"gene-AM1_RS38250",52621.8176567243,48785.1228760892,113432.378132199,133859.815679596,53367.2211729902,44593.6755086574
"gene-AM1_RS41065",5372.29717357807,3107.69008626235,8684.22542471687,11923.8827641686,9390.14122736673,10987.8878531794
"gene-AM1_RS16345",263.494549742852,442.683282565889,157.077763971114,135.100901690122,206.931795223941,135.796636603559
"gene-AM1_RS16350",222.07182576581,302.841682238234,157.561080167949,125.889476574886,281.883469084582,176.535627584627
"gene-AM1_RS16355",535.043518036796,644.874641001416,352.337507492131,319.943499002515,619.166001457462,488.867891772813
"gene-AM1_RS16360",225.523719430564,265.431827373511,167.710720301467,134.486806682439,260.701474297879,215.334666614215
"gene-AM1_RS16365",413.076608548839,666.251700924115,284.189923738509,236.426577957713,381.275906160648,331.73178370298
"gene-AM1_RS16370",371.653884571796,506.814462333986,204.9260674577,144.92642181304,291.659774370752,168.775819778709
"gene-AM1_RS16380",101.255547499437,164.781503570804,46.8816710929172,46.0571255761778,87.9867475755341,77.5980780591767
"gene-AM1_RS16385",275.000861958698,374.09854864723,148.861388624933,189.14126236617,296.547927013837,201.755002953859
"gene-AM1_RS16390",479.81321940074,536.207919727697,243.108047007602,188.527167358488,314.471153371816,263.833465401201
"gene-AM1_RS16395",81.6948167325001,96.196769652145,80.7138048713111,112.993481413556,128.721352934578,89.2377897680532
"gene-AM1_RS16400",254.289499970176,400.819873550604,123.728946389555,108.080721352097,254.183937440432,145.496396360956
"gene-AM1_RS16405",79.3935542893311,124.699516215743,45.9150386992488,55.8826456990958,74.9516738606402,44.6188948840266
"gene-AM1_RS16410",304.917273719895,350.049356234194,158.527712561617,152.90965691291,342.170685015966,174.595675633148
"gene-AM1_RS16415",158.787108578662,212.879888396876,93.2800259890003,84.1310160524848,130.350737148939,96.9975975739709
"gene-AM1_RS16420",396.967771446655,524.628678936235,174.96046325398,200.809067512135,301.436079656923,192.055243196462
"gene-AM1_RS16425",731.801456927747,947.71632323965,465.433497551333,378.282524732341,803.286417680339,653.763807648564
"gene-AM1_RS16430",275.000861958698,315.311633859809,157.561080167949,124.661286559521,229.743174225006,139.676540506518
"gene-AM1_RS16435",317.574217157324,335.797982952395,161.427609742622,181.158027266299,296.547927013837,201.755002953859
"gene-AM1_RS16440",410.77534610567,400.819873550604,246.007944188607,188.527167358488,423.639895734053,263.833465401201
"gene-AM1_RS16445",2183.8980585674,1359.2247267516,1355.21861592309,915.001561446733,1961.77859409154,1181.43073845097
"gene-AM1_RS42200",12062.0670958704,3090.76658049021,7524.2665523148,4626.59178787898,6853.19000560549,3125.26259383334
"gene-AM1_RS16450",487.867637951832,374.989259477343,787.322084642909,585.2325423213,611.019080385654,851.638906699464
"gene-AM1_RS16455",40.2720927554578,48.9890956561849,49.7815682739224,60.7954057605547,55.3990632882993,73.7181741562179
"gene-AM1_RS16460",163.389633465,191.502828474177,79.2638562808085,49.7416956222721,81.4692107180872,40.7389909810678
"gene-AM1_RS16465",1398.01693422518,1157.92407914619,855.952984593365,1066.0689333366,1404.52919277982,859.398714505382
"gene-AM1_RS16470",2254.08656308405,1639.79863823703,1006.74763800564,897.806901231626,1710.85342507983,1177.55083454801
"gene-AM1_RS16475",434.938601758944,766.902024726822,155.627815380612,319.943499002515,141.756426649472,256.073657595283
"gene-AM1_RS16480",62.1340859655635,70.3661555788838,48.814935880254,31.3188453918009,42.3639895734053,52.3787026899443
"gene-AM1_RS16485",852.617735194121,516.612281465223,768.956069163209,853.592060678496,985.777449688855,1340.50679847228
"gene-AM1_RS16490",2773.02124401867,587.869147874219,2101.45882383509,512.76933141478,3529.24620830754,931.176936710121
"gene-AM1_RS16495",466.005644741726,336.688693782507,413.235348293239,229.671532873207,513.256027523949,325.911927848542
"gene-AM1_RS16500",101.255547499437,88.1803721811329,91.8300773984977,63.8658807989666,115.686279219684,139.676540506518
"gene-AM1_RS16505",308.369167384648,645.765351831529,214.10907519755,811.833600156094,213.449332081388,543.186546414237
"gene-AM1_RS16510",195.607307669366,449.808969206789,276.456864589161,347.577774348222,418.751743090968,677.043231066317
"gene-AM1_RS16515",67.887242073486,119.355251235069,77.3305914934717,85.3592060678496,71.6929054319167,81.4779819621356
"gene-AM1_RS16520",32.2176742043662,57.005493127197,54.6147302422644,58.9531207375076,55.3990632882993,27.1593273207119
"gene-AM1_RS16525",136.925115368557,174.579322702041,124.212262586389,115.449861444286,242.7782479399,230.854282226051
"gene-AM1_RS16530",1952.62118302891,989.579732254936,556.296942556162,663.836703304643,918.972696900023,727.481981804782
"gene-AM1_RS16535",283.055280509789,213.770599226989,152.727918199607,142.47004178231,166.197189864898,211.454762711257
"gene-AM1_RS16540",107.008703607359,120.245962065181,67.6642675567878,48.5135056069073,61.9166001457463,56.2586065929031
"gene-AM1_RS16545",88.5986040620072,114.010986254394,68.6308999504562,39.9161754993541,81.4692107180872,38.7990390295884
"gene-AM1_RS16550",78.2429230677466,96.196769652145,52.1981492580934,40.5302705070365,66.8047527888315,77.5980780591767
"gene-AM1_RS16555",149.582058805986,195.065671794627,156.59444777428,122.204906528792,190.637953080324,230.854282226051
"gene-AM1_RS16560",26726.862014965,18525.0038446788,47184.7103483323,29884.3194538549,64839.7154263112,34189.7131928733
"gene-AM1_RS16565",20821.8225857933,14947.0184401171,33171.9238535184,22474.0349961517,47385.7517220682,22388.985472024
"gene-AM1_RS16575",431.486708094191,441.792571735777,399.219178585048,299.064268741315,742.999201748955,356.951159072213
"gene-AM1_RS16580",124.268171931127,105.994588783382,161.910925939456,123.433096544157,151.532731935642,77.5980780591767
"gene-AM1_RS16585",82.8454479540846,81.9453963703457,70.564164737793,59.56721574519,70.063521217555,44.6188948840266
"gene-AM1_RS16590",178.347839345599,169.235057721366,189.459949159006,147.996896851451,262.330858512241,267.71336930416
"gene-AM1_RS16595",163.389633465,75.7104205595585,101.496401335182,97.641106221497,127.091968720216,114.457165137286
"gene-AM1_RS16600",33.3683054259507,47.20767399596,60.4145246042748,45.4430305684955,43.9933737877671,46.558846835506
"gene-AM1_RS16605",40.2720927554578,81.9453963703457,54.6147302422644,36.8457004609423,50.510910645214,77.5980780591767
"gene-AM1_RS16610",425.733551986268,497.016643202749,275.006915998659,167.647937097287,356.835142945222,277.413129061557
"gene-AM1_RS16615",2225.32078254444,2437.87554201778,1731.2386170601,1884.6575785772,1888.45630444526,2199.90551297766
"gene-AM1_RS16620",314.122323492571,331.344428801833,419.518458852084,688.400503611938,366.611448231392,791.500396203603
"gene-AM1_RS16625",83.9960791756691,92.6339263316952,98.1131879573422,70.0068308757903,65.1753685744697,87.2978378165738
"gene-AM1_RS16630",4454.09345875363,3341.05632375181,1972.8967154772,3554.38190446556,3539.02251359371,3266.87908629134
"gene-AM1_RS16635",2178.14490245947,596.776256175344,715.791287511448,643.571568051125,1461.55764028248,865.21857035982
"gene-AM1_RS16645",143.828902698064,94.4153479919201,55.0980464390986,57.1108357144605,102.65120550479,62.0784624473414
"gene-AM1_RS16650",394.666509003486,261.868984053061,174.477147057146,144.312326805357,381.275906160648,254.133705643804
"gene-AM1_RS16655",16.1088371021831,20.4863490925864,14.4994859050259,11.0537101382827,14.6644579292557,11.6397117088765
"gene-AM1_RS16660",136.925115368557,197.737804284965,138.711748491415,79.2182559910259,182.491032008515,207.574858808298
"gene-AM1_RS16670",97.8036538346832,221.786996698001,74.9140105093007,155.980131951322,131.980121363301,310.392312236707
"gene-AM1_RS16675",43.7239864202113,30.2841682238234,43.981773911912,26.406085330342,30.9583000728731,50.4387507384649
"gene-AM1_RS16680",33.3683054259507,41.8634090152853,30.4489204005545,20.8792302612006,21.1819947867027,25.2193753692324
"gene-AM1_RS16685",17.2594683237676,18.7049274323615,14.0161697081918,10.4396151306003,14.6644579292557,5.81985585443825
"gene-AM1_RS16690",281.904649288205,335.797982952395,249.391157566446,247.480288095996,216.708100510112,217.274618565695
"gene-AM1_RS16695",467.15627596331,236.929080809913,515.215065825255,488.819626115167,474.150806379267,316.212168091145
"gene-AM1_RS16700",484.415744287078,310.858079709246,683.409102323556,600.584917513359,790.251343965446,568.405921783469
"gene-AM1_RS16705",927.408764597114,717.022218240525,723.041030463961,1216.52221021878,1024.88267083354,892.377897680532
"gene-AM1_RS16710",116.213753380035,365.191440346106,260.507430093633,1260.12295576423,123.833200291493,432.60928517991
"gene-AM1_RS16715",29.9164117611972,49.8798064862974,135.328535113576,190.983547389217,61.9166001457463,96.9975975739709
"gene-AM1_RS16720",32.2176742043662,42.7541198453978,207.825964638705,399.775850001224,61.9166001457463,67.8983183017796
"gene-AM1_RS16725",258.892024856514,320.655898840483,1330.56948988455,2885.01834609178,459.486348450012,746.881501319576
"gene-AM1_RS16730",204.812357442043,266.322538203624,847.25329305035,1859.47968326222,364.982064017031,517.967171045005
"gene-AM1_RS16735",159.937739800247,253.852586582049,705.64164737793,1386.62652734679,255.813321654794,289.052840770433
"gene-AM1_RS16740",478.662588179156,606.574075306581,643.777174183152,1118.2670089896,492.074032737247,471.408324209499
"gene-AM1_RS16745",961.927701244649,150.530130289005,1175.9083068976,175.017077189476,2160.56346824367,244.433945886407
"gene-AM1_RS16750",314.122323492571,73.0382880692212,255.674268125291,59.56721574519,322.618074443625,81.4779819621356
"gene-AM1_RS37650",69.0378732950705,24.9399032431487,67.1809513599536,17.8087552227888,68.4341370031932,19.3995195147942
"gene-AM1_RS16760",39.1214615338733,29.393457393711,45.9150386992488,42.986650537766,35.8464527159584,23.279423417753
"gene-AM1_RS16770",5.75315610792254,9.79781913123699,8.21637534618137,7.36914009218845,9.77630528617046,1.93995195147942
"gene-AM1_RS16775",31.0670429827817,32.9563007141608,37.6986633530675,33.161130414848,21.1819947867027,17.4595675633148
"gene-AM1_RS16780",6.90378732950705,11.5792407914619,11.1162725271866,10.4396151306003,3.25876842872349,7.75980780591767
"gene-AM1_RS16795",47.1758800849648,24.0491924130362,40.1152443372385,31.3188453918009,37.4758369303201,31.0392312236707
"gene-AM1_RS16800",37.9708303122888,33.8470115442732,34.7987661720623,49.7416956222721,45.6227580021288,60.138510495862
"gene-AM1_RS16810",31.0670429827817,16.0327949420242,33.3488175815597,31.9329403994833,22.8113790010644,15.5196156118353
"gene-AM1_RS16815",108.159334828944,96.196769652145,97.6298717605081,87.815586098579,60.2872159313845,58.1985585443825
"gene-AM1_RS16820",31.0670429827817,92.6339263316952,66.6976351631194,87.2014910908967,83.0985949324489,157.136108069833
"gene-AM1_RS16825",81.6948167325001,145.18586530833,131.945321735736,122.819001536474,107.539358147875,129.976780749121
"gene-AM1_RS16830",96.6530226130987,119.355251235069,82.6470696586479,49.1276006145897,79.8398265037254,42.6789429325472
"gene-AM1_RS16835",216.318669657888,163.890792740691,224.742031527902,159.050606989734,317.72992180054,252.193753692324
"gene-AM1_RS16845",176.04657690243,252.071164921824,192.843162536845,169.490222120334,190.637953080324,217.274618565695
"gene-AM1_RS16850",723.747038376656,737.508567333111,291.439666691022,587.074827344347,645.23614888725,690.622894726673
"gene-AM1_RS16855",323.327373265247,78.3825530498959,40.5985605340727,29.4765603687538,35.8464527159584,15.5196156118353
"gene-AM1_RS16860",614.437072326128,554.022136329946,620.577996735111,390.564424885988,464.374501093097,461.708564452101
"gene-AM1_RS16865",46.0252488633803,65.9126014283216,138.711748491415,133.258616667075,42.3639895734053,93.1176936710121
"gene-AM1_RS16870",602.930760110282,704.552266618951,2436.88026443803,3339.44865177673,1860.75677280111,2100.96796345221
"gene-AM1_RS16875",455.649963747465,239.60121330025,213.625759000716,185.456692320076,216.708100510112,221.154522468654
"gene-AM1_RS16880",768.621656018452,437.339017585215,318.022057516902,238.882957988442,521.402948595758,300.69255247931
"gene-AM1_RS16885",125.418803152711,125.590227045856,125.178894980057,106.23843632905,180.861647794154,139.676540506518
"gene-AM1_RS16890",104.70744116419,89.0710830112453,64.7643703757826,59.56721574519,107.539358147875,58.1985585443825
"gene-AM1_RS16895",144.979533919648,89.0710830112453,88.4468640206583,62.6376907836018,101.021821290428,83.417933913615
"gene-AM1_RS16900",234.72876920324,73.9289988993336,90.8634450048293,42.986650537766,154.791500364366,69.838270253259
"gene-AM1_RS16905",58.6821923008099,103.322456293045,38.1819795499017,47.2853155915426,47.2521422164906,48.4987987869854
"gene-AM1_RS16910",1355.44357902655,406.164138531279,342.187867358612,452.588020661907,190.637953080324,273.533225158598
"gene-AM1_RS16915",1150.63122158451,1978.26875367976,1556.27815380612,2976.51850223645,1008.58882868992,2293.02320664867
"gene-AM1_RS16920",776.676074569543,1497.28490541903,2070.04327104087,3322.86808656931,1350.75951370589,2104.84786735517
"gene-AM1_RS16925",812.345642438663,936.137082448188,729.807457219639,792.182559910259,1106.35188155162,1387.06564530778
"gene-AM1_RS16930",51.7784049713029,59.6776256175344,39.1486119435701,28.8624653610714,43.9933737877671,27.1593273207119
"gene-AM1_RS16935",32.2176742043662,47.20767399596,24.1658098417099,25.7919903226596,24.4407632154262,9.69975975739709
"gene-AM1_RS16940",96.6530226130987,143.404443648105,97.6298717605081,59.56721574519,115.686279219684,75.6581261076973
"gene-AM1_RS16945",1034.41746820447,1271.93506540058,526.331338352442,430.480600385342,1323.05998206174,595.565249104181
"gene-AM1_RS16950",361.298203577536,125.590227045856,1119.84362806484,228.443342857842,602.872159313845,168.775819778709
"gene-AM1_RS16955",40.2720927554578,24.9399032431487,91.3467612016635,82.9028260371201,65.1753685744697,77.5980780591767
"gene-AM1_RS16965",150.732690027571,199.51922594519,103.912982319353,71.8491158988374,60.2872159313845,48.4987987869854
"gene-AM1_RS16970",135.774484146972,127.371648706081,110.679409075031,93.3424411677204,104.280589719152,89.2377897680532
"gene-AM1_RS16975",1613.18497266148,539.770763048147,834.68707193266,449.517545623496,1288.84291356014,384.110486392925
"gene-AM1_RS16980",1325.52716726535,472.967450789713,895.584912733769,479.608200999932,1300.24860306067,426.789429325472
"gene-AM1_RS16985",531.591624372043,171.016479381591,300.139358234037,163.349272043511,433.416201020224,164.895915875751
"gene-AM1_RS16990",376.256409458134,74.8197097294461,243.591363204436,136.329091705486,301.436079656923,102.817453428409
"gene-AM1_RS16995",463.704382298557,142.513732817993,287.573137116348,132.644521659392,448.080658949479,102.817453428409
"gene-AM1_RS17000",42.5733551986268,53.4426498067472,44.9484063055804,52.1980756530015,60.2872159313845,67.8983183017796
"gene-AM1_RS17005",782.429230677466,521.065835615785,455.283857417815,386.879854839894,666.418143673953,351.131303217775
"gene-AM1_RS43990",130.021328039049,1164.15905495698,27.5490232195493,309.503883871915,32.5876842872349,391.870294198842
"gene-AM1_RS17010",2088.39566717588,1687.8970230631,1384.70090392998,2708.15898387926,3133.30584421763,3010.80542869606
"gene-AM1_RS17015",57.5315610792254,84.6175288606831,52.6814654549276,89.6578711216262,91.2455160042576,89.2377897680532
"gene-AM1_RS17020",73.6403981814085,123.808805385631,195.259743521016,231.513817896254,94.5042844329811,118.337069040245
"gene-AM1_RS17025",40.2720927554578,35.6284332044981,32.3821851878913,42.3725555300836,42.3639895734053,38.7990390295884
"gene-AM1_RS17030",90.8998665051762,89.0710830112453,108.26282809086,90.8860611369909,70.063521217555,65.9583663503002
"gene-AM1_RS17035",263.494549742852,1131.20275424282,163.844190726793,726.474394088245,171.085342507983,981.615687448586
"gene-AM1_RS17040",101.255547499437,146.967286968555,92.7967097921661,167.033842089605,86.3573633611724,110.577261234327
"gene-AM1_RS17045",92.0504977267607,262.759694883174,104.879614713021,274.50046843402,109.168742362237,155.196156118353
"gene-AM1_RS17055",78.2429230677466,35.6284332044981,49.2982520770882,18.4228502304711,48.8815264308523,25.2193753692324
"gene-AM1_RS17060",6129.41251738068,1186.42682570979,3639.37096216151,962.900972045958,8252.83104574223,929.236984758641
"gene-AM1_RS17065",296.862855168803,195.065671794627,480.899615850027,311.960263902644,658.271222602144,345.311447363336
"gene-AM1_RS17070",1098.85281661321,708.1151099394,1764.10411844482,1650.68738065021,762.551812321296,663.463567405961
"gene-AM1_RS17075",750.2115564731,541.552184708372,343.154499752281,303.362933795091,371.499600874477,209.514810759777
"gene-AM1_RS17080",459.101857412219,382.114946118243,149.828021018601,112.993481413556,272.107163798411,96.9975975739709
"gene-AM1_RS17085",55.2302986360564,40.9726981851729,23.1991774480415,27.0201803380243,30.9583000728731,19.3995195147942
"gene-AM1_RS17090",73.6403981814085,73.0382880692212,56.064678832767,45.4430305684955,53.7696790739375,31.0392312236707
"gene-AM1_RS17095",111.611228493697,130.043781196418,98.1131879573422,124.047191551839,125.462584505854,246.373897837886
"gene-AM1_RS17100",71.3391357382395,135.388046177093,74.9140105093007,68.1645458527432,83.0985949324489,114.457165137286
"gene-AM1_RS17105",89.7492352835917,80.1639747101208,130.978689342068,93.3424411677204,86.3573633611724,75.6581261076973
"gene-AM1_RS17110",40.2720927554578,65.0218905982091,65.731002769451,55.2685506914134,61.9166001457463,91.1777417195326
"gene-AM1_RS38740",2437.03692731599,2552.77723910229,7084.44881319568,5316.22048150629,5078.79059616555,3592.79101413988
"gene-AM1_RS17115",804.291223887571,920.104287506164,1344.10234339591,716.034778957645,1111.24003419471,1045.63410184741
"gene-AM1_RS17120",185.251626675106,251.180454091712,249.874473763281,157.822416974369,255.813321654794,234.73418612901
"gene-AM1_RS17125",18.4100995453521,54.3333606368597,16.4327506923627,34.3893204302128,17.9232263579792,32.9791831751501
"gene-AM1_RS17130",179.498470567183,93.5246371618076,131.945321735736,57.1108357144605,174.344110936707,96.9975975739709
"gene-AM1_RS17135",269.247705850775,285.027465635985,230.541825889913,254.235333180502,301.436079656923,413.209765665116
"gene-AM1_RS17140",322.176742043662,639.530376020742,420.968407442587,1047.03198809844,593.095854027675,2097.08805954925
"gene-AM1_RS17145",50.6277737497184,68.5847339186589,63.7977379821142,55.8826456990958,39.1052211446818,98.9375495254503
"gene-AM1_RS17150",348.641260140106,415.071246832403,249.874473763281,389.336234870623,428.528048377139,581.985585443825
"gene-AM1_RS17155",92.0504977267607,81.9453963703457,118.412468224379,117.292146467333,109.168742362237,96.9975975739709
"gene-AM1_RS17160",39.1214615338733,40.9726981851729,43.981773911912,43.6007455454483,39.1052211446818,38.7990390295884
"gene-AM1_RS17165",96.6530226130987,65.9126014283216,57.5146274232696,63.2517857912842,73.3222896462784,44.6188948840266
"gene-AM1_RS17170",159.937739800247,106.885299613494,115.995887240208,112.993481413556,91.2455160042576,58.1985585443825
"gene-AM1_RS17175",39.1214615338733,45.4262523357351,60.4145246042748,57.7249307221429,91.2455160042576,114.457165137286
"gene-AM1_RS17180",56.3809298576409,50.7705173164098,59.4478922106064,34.3893204302128,66.8047527888315,46.558846835506
"gene-AM1_RS17185",440.691757866867,362.519307855769,434.01794475711,386.879854839894,558.878785526078,453.948756646184
"gene-AM1_RS17190",576.466242013839,608.355496966806,782.972238871401,598.742632490312,907.567007399491,1107.71256429475
"gene-AM1_RS17195",70.188504516655,42.7541198453978,75.8806429029691,62.0235957759195,52.1402948595758,62.0784624473414
"gene-AM1_RS17200",155.335214913909,165.672214400916,242.141414613933,207.564112596641,316.100537586178,271.593273207119
"gene-AM1_RS17205",40.2720927554578,156.765106099792,61.3811569979432,644.185663058807,89.6161317898959,250.253801740845
"gene-AM1_RS17210",231.276875538486,333.125850462058,323.338535682079,283.097798541573,307.95361651437,343.371495411857
"gene-AM1_RS17215",7536.63450137853,9680.24530166214,6572.13364455143,10073.6145060216,10856.5870202923,12464.1912882553
"gene-AM1_RS17220",612.135809882958,736.617856502999,716.757919905116,876.313575962743,1042.80589719152,1035.93434209001
"gene-AM1_RS17225",102.406178721021,155.874395269679,131.462005538902,116.063956451968,109.168742362237,114.457165137286
"gene-AM1_RS17230",1911.19845905187,2577.71714234544,2344.5668708427,3741.68088180869,3095.83000728731,3986.6012602902
"gene-AM1_RS38745",1486.61553828719,921.885709166389,2633.58995654955,1023.69637780651,1833.05724115696,667.34347130892
"gene-AM1_RS17235",370.503253350212,451.590390867014,454.800541220981,442.148405531307,632.201075172356,595.565249104181
"gene-AM1_RS17240",90.8998665051762,67.6940230885465,120.82904920855,116.67805145965,79.8398265037254,98.9375495254503
"gene-AM1_RS17245",29.9164117611972,36.5191440346106,51.7148330612592,36.8457004609423,52.1402948595758,52.3787026899443
"gene-AM1_RS17250",645.504115308909,37.409854864723,243.108047007602,23.9497052996125,423.639895734053,29.0992792721913
"gene-AM1_RS17255",65.585979630317,66.803312258434,62.8311055884458,46.0571255761778,39.1052211446818,32.9791831751501
"gene-AM1_RS17260",8.05441855109156,9.79781913123699,16.4327506923627,21.493325268883,16.2938421436174,17.4595675633148
"gene-AM1_RS17265",28.7657805396127,53.4426498067472,42.5318253214094,154.137846928275,45.6227580021288,77.5980780591767
"gene-AM1_RS17270",154.184583692324,98.8689021424823,213.142442803881,122.204906528792,234.631326868091,87.2978378165738
"gene-AM1_RS17275",51.7784049713029,107.776010443607,38.6652957467359,108.69481635978,61.9166001457463,306.512408333748
"gene-AM1_RS17280",24.1632556532747,35.6284332044981,19.8159640702021,21.493325268883,17.9232263579792,25.2193753692324
"gene-AM1_RS17285",26.4645180964437,20.4863490925864,22.2325450543731,9.21142511523557,21.1819947867027,9.69975975739709
"gene-AM1_RS17290",40.2720927554578,22.2677707528113,36.2487147625649,33.161130414848,29.3289158585114,15.5196156118353
"gene-AM1_RS17295",16.1088371021831,10.6885299613494,28.9989718100519,30.0906553764362,24.4407632154262,31.0392312236707
"gene-AM1_RS17300",59.8328235223944,125.590227045856,57.5146274232696,68.1645458527432,84.7279791468107,203.694954905339
"gene-AM1_RS17305",98.9542850562677,159.437238590129,45.4317225024146,46.6712205838602,96.1336686473429,64.0184143988208
"gene-AM1_RS17310",8.05441855109156,10.6885299613494,63.7977379821142,54.0403606760486,0,3.87990390295884
"gene-AM1_RS17315",10.3556809942606,13.3606624516868,246.491260385441,198.352687481406,11.4056895005322,1.93995195147942
"gene-AM1_RS17320",95.5023913915142,114.010986254394,95.6966069731713,120.362621505745,96.1336686473429,166.83586782723
"gene-AM1_RS17325",25.3138868748592,45.4262523357351,26.5823908258809,25.7919903226596,24.4407632154262,27.1593273207119
"gene-AM1_RS17330",26.4645180964437,25.8306140732611,35.7653985657307,29.4765603687538,30.9583000728731,36.8590870781089
"gene-AM1_RS17335",13.8075746590141,19.595638262474,18.3660154796995,12.8959951613298,17.9232263579792,15.5196156118353
"gene-AM1_RS17340",35.6695678691198,60.5683364476468,68.147583753622,84.7451110601672,83.0985949324489,104.757405379889
"gene-AM1_RS17345",35.6695678691198,30.2841682238234,47.3649872897514,38.6879854839894,47.2521422164906,58.1985585443825
"gene-AM1_RS17350",47.1758800849648,44.5355415056227,50.2648844707566,52.8121706606839,60.2872159313845,40.7389909810678
"gene-AM1_RS17360",124.268171931127,192.39353930429,187.043368174835,219.231917742606,136.868274006386,172.655723681668
"gene-AM1_RS17370",27.6151493180282,45.4262523357351,30.9322365973887,51.5839806453192,32.5876842872349,17.4595675633148
"gene-AM1_RS17375",126.569434374296,110.448142933944,101.979717532016,106.23843632905,127.091968720216,75.6581261076973
"gene-AM1_RS17380",70.188504516655,71.2568664089963,48.814935880254,40.5302705070365,60.2872159313845,64.0184143988208
"gene-AM1_RS17385",94.3517601699297,124.699516215743,201.542854079861,238.882957988442,162.938421436174,248.313849789365
"gene-AM1_RS17390",42.5733551986268,50.7705173164098,90.8634450048293,75.5336859449316,70.063521217555,67.8983183017796
"gene-AM1_RS17395",36.8201990907043,37.409854864723,33.8321337783939,38.073890476307,37.4758369303201,19.3995195147942
"gene-AM1_RS17400",81.6948167325001,75.7104205595585,80.7138048713111,38.073890476307,79.8398265037254,52.3787026899443
"gene-AM1_RS17405",250.837606305423,309.076658049021,226.191980118405,221.074202765654,314.471153371816,230.854282226051
"gene-AM1_RS17410",286.507174174543,239.60121330025,312.705579351726,281.255513518526,378.017137731924,246.373897837886
"gene-AM1_RS17415",46.0252488633803,48.0983848260725,49.2982520770882,35.0034154378951,27.6995316441496,48.4987987869854
"gene-AM1_RS17420",697.282520280212,445.355415056227,709.024860755769,404.074515055,773.957501821828,407.389909810678
"gene-AM1_RS17425",18.4100995453521,24.0491924130362,24.1658098417099,32.5470354071657,29.3289158585114,44.6188948840266
"gene-AM1_RS17430",112.761859715282,218.224153377551,131.462005538902,183.000312289347,159.679653007451,322.032023945583
"gene-AM1_RS17435",102.406178721021,126.480937875968,55.5813626359328,93.9565361754028,89.6161317898959,81.4779819621356
"gene-AM1_RS17440",65.585979630317,104.213167123157,106.329563303524,127.117666590251,92.8749002186194,223.094474420133
"gene-AM1_RS17445",426.884183207853,509.486594824323,513.765117234753,552.071411906452,689.229522675018,807.020011815438
"gene-AM1_RS17450",1180.54763334571,2148.39452223124,1974.82998026453,3347.4318868766,1427.34057178089,3171.82144066885
"gene-AM1_RS17455",171.444052016092,141.62302198788,169.643985088804,184.228502304711,193.896721509047,166.83586782723
"gene-AM1_RS17460",133.473221703803,156.765106099792,205.409383654534,175.017077189476,189.008568865962,248.313849789365
"gene-AM1_RS17465",1888.18583462018,1418.90235236914,2053.61052034851,1581.29464478211,1244.84953977237,1899.21296049835
"gene-AM1_RS17470",153.03395247074,171.907190211703,86.5135992333215,81.060541014073,125.462584505854,147.436348312436
"gene-AM1_RS17475",4482.85923929325,2502.00672178588,7868.87100065758,3262.68677581644,4337.42077863096,1906.97276830427
"gene-AM1_RS17480",72.489766959824,59.6776256175344,86.0302830364873,35.6175104455775,87.9867475755341,71.7782222047385
"gene-AM1_RS17485",271.548968293944,383.896367778467,410.335451112234,338.980444240669,369.870216660116,675.103279114837
"gene-AM1_RS17490",26.4645180964437,27.6120357334861,29.4822880068861,17.8087552227888,34.2170685015966,25.2193753692324
"gene-AM1_RS17495",41.4227239770423,16.9235057721366,21.2659126607047,15.3523751920593,22.8113790010644,13.5796636603559
"gene-AM1_RS17500",28.7657805396127,30.2841682238234,35.2820823688965,49.1276006145897,40.7346053590436,23.279423417753
"gene-AM1_RS17505",56.3809298576409,38.3005656948355,43.981773911912,36.8457004609423,58.6578317170228,44.6188948840266
"gene-AM1_RS17510",25.3138868748592,35.6284332044981,34.7987661720623,27.0201803380243,21.1819947867027,27.1593273207119
"gene-AM1_RS43245",19.5607307669366,23.1584815829238,14.9828021018601,19.6510402458359,24.4407632154262,15.5196156118353
"gene-AM1_RS17525",48.3265113065494,30.2841682238234,43.981773911912,33.7752254225304,35.8464527159584,25.2193753692324
"gene-AM1_RS17535",18.4100995453521,24.9399032431487,35.7653985657307,22.7215152842477,14.6644579292557,19.3995195147942
"gene-AM1_RS17540",33.3683054259507,36.5191440346106,27.5490232195493,41.7584605224012,14.6644579292557,34.9191351266295
"gene-AM1_RS17545",124.268171931127,81.0546855402333,103.912982319353,144.92642181304,140.12704243511,176.535627584627
"gene-AM1_RS17550",77.0922918461621,271.666803184298,93.7633421858345,449.517545623496,78.2104422893637,500.50760348169
"gene-AM1_RS37655",179.498470567183,227.131261678676,239.724833629762,216.775537711877,195.526105723409,197.875099050901
"gene-AM1_RS17560",118.515015823204,97.0874804822574,208.309280835539,138.171376728533,86.3573633611724,128.036828797642
"gene-AM1_RS17565",242.783187754331,653.781749302541,468.816710929172,1460.31792826868,523.03233281012,1175.61088259653
"gene-AM1_RS17570",26.4645180964437,64.1311797680966,42.0485091245752,74.3054959295669,37.4758369303201,52.3787026899443
"gene-AM1_RS17575",51.7784049713029,104.213167123157,73.9473781156323,42.986650537766,79.8398265037254,60.138510495862
"gene-AM1_RS17580",135.774484146972,146.967286968555,107.296195697192,96.4129162061323,179.232263579792,120.277020991724
"gene-AM1_RS17585",41.4227239770423,155.874395269679,41.0818767309069,44.2148405531307,63.545984360108,56.2586065929031
"gene-AM1_RS17590",1307.11706772,3260.00163821158,1279.82128921696,1643.93233556571,2432.67063204208,2285.26339884275
"gene-AM1_RS17595",31.0670429827817,120.245962065181,41.5651929277411,141.241851766945,37.4758369303201,96.9975975739709
"gene-AM1_RS17600",1162.13753380035,1203.35033148192,817.771005043463,609.796342628594,1283.95476091705,1150.39150722729
"gene-AM1_RS17605",1281.80318084514,1537.36689277409,2015.91185699544,1191.3443149038,1945.48475194792,1879.81344098356
"gene-AM1_RS17610",6690.92055351392,6413.11797680966,11931.6269512459,9430.65703297817,13463.6017632711,12217.8173904174
"gene-AM1_RS17615",4275.74561940803,4764.41223027151,5925.45657318727,3929.59395415949,7094.33886933103,8737.5435894633
"gene-AM1_RS17620",9162.47641747744,9415.70418511874,10189.7553778554,13373.146982299,13316.9571839785,14714.5355519714
"gene-AM1_RS17625",287.657805396127,295.715995597335,312.222263154892,185.456692320076,391.052211446818,281.293032964516
"gene-AM1_RS17630",29.9164117611972,26.7213249033736,34.3154499752281,14.7382801843769,22.8113790010644,19.3995195147942
"gene-AM1_RS17635",92.0504977267607,107.776010443607,102.946349925684,122.819001536474,185.749800437239,143.556444409477
"gene-AM1_RS17640",18.4100995453521,22.2677707528113,34.7987661720623,70.6209258834727,14.6644579292557,29.0992792721913
"gene-AM1_RS17645",74.791029402993,102.431745462932,85.0636506428189,98.2552012291794,94.5042844329811,89.2377897680532
"gene-AM1_RS17650",42.5733551986268,32.9563007141608,38.1819795499017,50.3557906299544,58.6578317170228,42.6789429325472
"gene-AM1_RS17655",242.783187754331,304.623103898459,293.856247675193,197.124497466041,216.708100510112,211.454762711257
"gene-AM1_RS17660",24.1632556532747,16.9235057721366,15.9494344955285,3.07047503841186,27.6995316441496,7.75980780591767
"gene-AM1_RS17665",40.2720927554578,18.7049274323615,17.3993830860311,14.7382801843769,22.8113790010644,17.4595675633148
"gene-AM1_RS17670",54.0796674144719,25.8306140732611,56.064678832767,31.9329403994833,89.6161317898959,40.7389909810678
"gene-AM1_RS17675",112.761859715282,9.79781913123699,104.879614713021,9.21142511523557,101.021821290428,3.87990390295884
"gene-AM1_RS17680",126.569434374296,11.5792407914619,81.1971210681453,12.8959951613298,61.9166001457463,11.6397117088765
"gene-AM1_RS17685",23.0126244316902,22.2677707528113,27.5490232195493,12.2819001536474,19.5526105723409,15.5196156118353
"gene-AM1_RS17690",57.5315610792254,40.0819873550604,60.897840801109,35.6175104455775,109.168742362237,73.7181741562179
"gene-AM1_RS17695",187.552889118275,145.18586530833,89.4134964143267,200.809067512135,202.043642580856,232.79423417753
"gene-AM1_RS17700",57.5315610792254,824.798228684132,133.878586523073,3274.3545809624,146.644579292557,3433.71495411857
"gene-AM1_RS17705",159.937739800247,93.5246371618076,141.128329475586,91.5001561446733,276.995316441496,126.096876846162
"gene-AM1_RS17710",72.489766959824,67.6940230885465,31.4155527942229,26.406085330342,55.3990632882993,36.8590870781089
"gene-AM1_RS17715",1941.11487081307,1532.91333862353,1117.9103632775,1131.16300415093,2123.08763131335,1745.95675633148
"gene-AM1_RS17720",123.117540709542,112.229564594169,127.112159767394,117.292146467333,177.60287936543,135.796636603559
"gene-AM1_RS17725",757.115343802607,781.153398008622,912.500979622966,1344.86806682439,1617.97852486121,1224.10968138351
"gene-AM1_RS17730",263.494549742852,244.054767450812,443.20095249696,467.940395853967,607.76031195693,597.505201055661
"gene-AM1_RS17735",212.866775993134,212.879888396876,230.058509693078,382.581189786117,312.841769157455,337.551639557419
"gene-AM1_RS17740",330.231160594754,393.694186909704,358.137301854141,500.487431261132,459.486348450012,661.523615454482
"gene-AM1_RS17745",19.5607307669366,21.3770599226989,19.3326478733679,17.8087552227888,24.4407632154262,19.3995195147942
"gene-AM1_RS17750",104.70744116419,116.683118744731,75.8806429029691,60.7954057605547,180.861647794154,164.895915875751
"gene-AM1_RS17755",367.051359685458,395.475608569929,173.510514663477,491.276006145897,457.85696423565,494.687747627252
"gene-AM1_RS17760",172.594683237676,181.70500934294,109.229460484529,95.1847261907675,153.162116150004,104.757405379889
"gene-AM1_RS17765",128.870696817465,144.295154478217,105.362930909855,76.7618759602964,127.091968720216,67.8983183017796
"gene-AM1_RS17770",130.021328039049,711.67795325985,134.361902719907,523.823041553062,156.420884578727,746.881501319576
"gene-AM1_RS39860",43.7239864202113,24.0491924130362,41.0818767309069,47.8994105992249,52.1402948595758,27.1593273207119
"gene-AM1_RS17795",47.1758800849648,38.3005656948355,57.0313112264354,52.1980756530015,65.1753685744697,42.6789429325472
"gene-AM1_RS17800",2792.5819747856,284.136754805873,3375.96363488687,419.426890247059,3250.62150765168,289.052840770433
"gene-AM1_RS17805",20.7113619885212,16.9235057721366,39.6319281404043,23.9497052996125,26.0701474297879,32.9791831751501
"gene-AM1_RS17810",353.243785026444,216.442731717326,261.957378684135,232.742007911619,470.892037950544,252.193753692324
"gene-AM1_RS17815",502.82584383243,431.104041774427,333.004859618763,529.349896622204,560.50816974044,644.064047891167
"gene-AM1_RS17820",73.6403981814085,67.6940230885465,69.1142161472903,39.3020804916717,73.3222896462784,42.6789429325472
"gene-AM1_RS17825",124.268171931127,119.355251235069,105.362930909855,54.654455683731,96.1336686473429,44.6188948840266
"gene-AM1_RS17830",169.142789572923,187.049274323615,110.196092878197,64.479975806649,154.791500364366,81.4779819621356
"gene-AM1_RS17835",326.77926693,364.300729515993,323.338535682079,287.39646359535,508.367874880864,422.909525422513
"gene-AM1_RS17840",223.222456987395,283.24604397576,289.506401903685,226.601057834795,342.170685015966,484.987987869854
"gene-AM1_RS17845",194.456676447782,285.027465635985,165.77745551413,221.688297773336,224.855021581921,263.833465401201
"gene-AM1_RS17850",64.4353484087325,79.2732638800084,48.3316196834198,55.8826456990958,58.6578317170228,91.1777417195326
"gene-AM1_RS17855",90.8998665051762,89.0710830112453,72.0141133282955,60.1813107528724,117.315663434046,118.337069040245
"gene-AM1_RS17860",7926.69848549568,4166.74526326606,5083.03644210526,4180.75881230158,8375.03486181936,3973.02159662985
"gene-AM1_RS17865",310.670429827817,162.109371080467,238.27488503926,342.665014286763,379.646521946286,230.854282226051
"gene-AM1_RS17870",39.1214615338733,26.7213249033736,53.648097848596,65.7081658220137,55.3990632882993,38.7990390295884
"gene-AM1_RS17875",142.678271476479,219.114864207664,171.57724987614,152.90965691291,131.980121363301,201.755002953859
"gene-AM1_RS17880",732.952088149332,755.32278393536,566.929898886515,584.004352305935,1178.04478698354,1241.56924894683
"gene-AM1_RS17885",255.440131191761,242.273345790587,434.01794475711,319.329403994833,736.481664891508,789.560444252123
"gene-AM1_RS17890",239.331294089578,330.45371797172,285.639872329011,274.50046843402,532.80863809629,611.084864716017
"gene-AM1_RS17895",592.575079116022,596.776256175344,379.88653071168,306.433408833503,602.872159313845,613.024816667496
"gene-AM1_RS17900",434.938601758944,458.716077507913,692.108793866572,539.175416745122,462.745116878735,523.787026899443
"gene-AM1_RS17905",1299.06264916891,1581.90243427972,1880.58332188187,2877.03511099191,954.819149615982,1486.00319483323
"gene-AM1_RS17910",1232.32603831701,1917.70041723211,1305.920363846,1759.38219700999,1256.2552292729,2203.78541688062
"gene-AM1_RS17915",63.284717187148,114.901697084506,64.7643703757826,122.204906528792,58.6578317170228,95.0576456224915
"gene-AM1_RS17920",6654.10035442321,951.2791665601,3751.01700363021,3486.8314536205,4694.25592157618,4361.01198692573
"gene-AM1_RS17925",14.9582058805986,20.4863490925864,21.7492288575389,33.161130414848,37.4758369303201,29.0992792721913
"gene-AM1_RS17930",196.757938890951,180.814298512828,188.010000568503,223.530582796383,268.848395369688,234.73418612901
"gene-AM1_RS17935",730.650825706163,808.765433742108,504.098793298069,490.661911138214,705.523364818635,632.42433618229
"gene-AM1_RS17940",19.5607307669366,26.7213249033736,14.4994859050259,11.667805145965,14.6644579292557,19.3995195147942
"gene-AM1_RS17945",21.8619932101057,25.8306140732611,18.3660154796995,15.3523751920593,6.51753685744697,11.6397117088765
"gene-AM1_RS17950",5.75315610792254,9.79781913123699,11.5995887240208,14.7382801843769,8.14692107180872,9.69975975739709
"gene-AM1_RS17955",31.0670429827817,42.7541198453978,51.7148330612592,71.235020891155,35.8464527159584,48.4987987869854
"gene-AM1_RS17960",14.9582058805986,65.0218905982091,30.9322365973887,55.2685506914134,26.0701474297879,44.6188948840266
"gene-AM1_RS17965",249.686975083838,194.174960964515,225.708663921571,198.966782489088,320.988690229263,316.212168091145
"gene-AM1_RS17970",227.824981873733,200.409936775302,213.142442803881,144.312326805357,219.966868938835,356.951159072213
"gene-AM1_RS17975",304.917273719895,191.502828474177,180.276941419156,127.731761597933,187.3791846516,182.355483439065
"gene-AM1_RS17980",376.256409458134,440.011150075552,339.771286374441,229.057437865524,457.85696423565,389.930342247363
"gene-AM1_RS17985",12045.9582587682,9814.74263700912,14046.6186285923,10907.5555264543,14789.9205137615,11468.9959371463
"gene-AM1_RS17990",74.791029402993,89.9617938413578,80.7138048713111,55.2685506914134,66.8047527888315,98.9375495254503
"gene-AM1_RS17995",646.654746530494,391.912765249479,408.885502521732,342.665014286763,594.725238242036,545.126498365716
"gene-AM1_RS18000",416.528502213592,301.060260578009,187.526684371669,248.094383103678,174.344110936707,143.556444409477
"gene-AM1_RS18005",147.280796362817,117.573829574844,71.0474809346271,36.8457004609423,68.4341370031932,29.0992792721913
"gene-AM1_RS18010",347.490628918522,268.994670693961,362.487147625649,431.094695393024,374.758369303201,411.269813713637
"gene-AM1_RS18015",74.791029402993,87.2896613510204,98.1131879573422,97.641106221497,84.7279791468107,118.337069040245
"gene-AM1_RS18020",498.223318946092,449.808969206789,482.832880637364,632.517857912842,382.90529037501,481.108083966896
"gene-AM1_RS18025",14.9582058805986,16.0327949420242,20.2992802670363,25.1778953149772,9.77630528617046,13.5796636603559
"gene-AM1_RS18030",181.799733010352,251.180454091712,233.925039267752,213.705062673465,166.197189864898,258.013609546763
"gene-AM1_RS18040",58.6821923008099,53.4426498067472,28.5156556132177,33.7752254225304,39.1052211446818,67.8983183017796
"gene-AM1_RS18045",409.624714884085,530.863654747022,250.357789960115,246.866193088313,350.317606087775,279.353081013036
"gene-AM1_RS18050",1312.87022382792,1349.42690762037,634.110850246468,539.175416745122,1508.80978249897,1082.49318892552
"gene-AM1_RS18055",325.628635708416,277.011068164973,327.205065256752,257.305808218913,374.758369303201,238.614090031968
"gene-AM1_RS18060",273379.622567485,51907.9550464634,51587.7209014918,47624.9101307909,93904.671042096,51272.930077601
"gene-AM1_RS18065",639.750959200987,378.552102797793,161.427609742622,132.03042665171,272.107163798411,153.256204166874
"gene-AM1_RS18070",5802.63325045068,4451.77272890204,2101.94214003193,2418.92023526086,3568.35142945222,3668.44914024758
"gene-AM1_RS18075",281.904649288205,309.076658049021,233.441723070918,191.5976423969,231.372558439368,335.611687605939
"gene-AM1_RS18080",264.645180964437,831.033204494919,180.76025761599,249.322573119043,260.701474297879,766.28102083437
"gene-AM1_RS18085",14496.8027607432,12174.235625977,5583.75202202549,7778.74146231259,15536.1784839392,12014.122435512
"gene-AM1_RS18090",44.8746176417958,105.994588783382,37.2153471562333,71.235020891155,48.8815264308523,62.0784624473414
"gene-AM1_RS18095",177.197208124014,371.426416156893,99.5631365478448,95.7988211984499,185.749800437239,151.316252215395
"gene-AM1_RS18100",594.876341559191,733.055013182549,684.859050914059,495.574671199673,710.41151746172,744.941549368097
"gene-AM1_RS18105",1024.06178721021,1073.30655028551,626.377791097121,459.343065746414,865.203017826086,777.920732543247
"gene-AM1_RS18110",209.414882328381,268.994670693961,152.727918199607,117.906241475015,224.855021581921,180.415531487586
"gene-AM1_RS18115",210.565513549965,321.546609670596,145.961491443928,155.980131951322,198.784874152133,248.313849789365
"gene-AM1_RS18120",256.590762413345,414.180536002291,557.263574949831,632.517857912842,651.753685744697,1084.43314087699
"gene-AM1_RS18125",535.043518036796,484.546691581175,261.474062487301,300.292458756679,347.058837659051,368.590870781089
"gene-AM1_RS18130",363.599466020705,330.45371797172,238.27488503926,441.534310523625,420.38112730533,420.969573471034
"gene-AM1_RS18135",238.180662867993,283.24604397576,174.96046325398,149.225086866816,229.743174225006,273.533225158598
"gene-AM1_RS42205",69.0378732950705,67.6940230885465,72.0141133282955,72.4632109065198,70.063521217555,91.1777417195326
"gene-AM1_RS18140",1597.0761355593,1631.78224076601,1216.50686743168,2058.44646575131,2036.73026795218,2867.24898428658
"gene-AM1_RS18145",71.3391357382395,66.803312258434,97.1465555636739,75.5336859449316,61.9166001457463,79.5380300106561
"gene-AM1_RS18150",266.946443407606,167.453636061141,217.008972378555,296.607888710585,259.072090083517,349.191351266295
"gene-AM1_RS18155",388.913352895564,326.000163821158,246.491260385441,155.980131951322,379.646521946286,238.614090031968
"gene-AM1_RS18160",258.892024856514,268.994670693961,276.456864589161,236.426577957713,417.122358876606,277.413129061557
"gene-AM1_RS18165",142.678271476479,74.8197097294461,7.24974295251297,9.82552012291794,6.51753685744697,3.87990390295884
"gene-AM1_RS38750",12.6569434374296,15.1420841119117,4.34984577150778,6.75504508450608,1.62938421436174,0
"gene-AM1_RS18170",110.460597272113,120.245962065181,106.329563303524,74.3054959295669,87.9867475755341,58.1985585443825
"gene-AM1_RS18175",27.6151493180282,40.0819873550604,21.2659126607047,23.3356102919301,14.6644579292557,11.6397117088765
"gene-AM1_RS18180",135.774484146972,329.563007141608,92.7967097921661,77.9900659756611,94.5042844329811,71.7782222047385
"gene-AM1_RS18185",16.1088371021831,42.7541198453978,10.1496401335182,8.59733010755319,26.0701474297879,1.93995195147942
"gene-AM1_RS18190",79.3935542893311,178.142166022491,50.7482006675908,53.4262656683663,70.063521217555,73.7181741562179
"gene-AM1_RS18195",18.4100995453521,20.4863490925864,20.2992802670363,22.1074202765654,9.77630528617046,11.6397117088765
"gene-AM1_RS18200",109.309966050528,114.010986254394,105.846247106689,102.553866282956,114.056895005322,135.796636603559
"gene-AM1_RS18205",21.8619932101057,35.6284332044981,35.2820823688965,54.654455683731,37.4758369303201,60.138510495862
"gene-AM1_RS18215",25.3138868748592,27.6120357334861,29.9656042037203,30.7047503841186,16.2938421436174,17.4595675633148
"gene-AM1_RS18220",27.6151493180282,37.409854864723,27.5490232195493,40.5302705070365,22.8113790010644,15.5196156118353
"gene-AM1_RS18225",23.0126244316902,24.9399032431487,40.5985605340727,41.7584605224012,30.9583000728731,25.2193753692324
"gene-AM1_RS18230",12.6569434374296,19.595638262474,165.294139317296,67.5504508450608,55.3990632882993,31.0392312236707
"gene-AM1_RS18235",72.489766959824,53.4426498067472,86.9969154301557,68.1645458527432,99.3924370760663,77.5980780591767
"gene-AM1_RS18240",81.6948167325001,125.590227045856,77.3305914934717,338.366349232986,104.280589719152,306.512408333748
"gene-AM1_RS18245",169.142789572923,209.317045076427,199.12627309569,230.285627880889,156.420884578727,223.094474420133
"gene-AM1_RS18250",29.9164117611972,27.6120357334861,27.5490232195493,21.493325268883,17.9232263579792,13.5796636603559
"gene-AM1_RS18255",100.104916277852,142.513732817993,142.578278066089,114.221671428921,169.455958293621,197.875099050901
"gene-AM1_RS18260",79.3935542893311,87.2896613510204,108.26282809086,50.3557906299544,125.462584505854,120.277020991724
"gene-AM1_RS18265",169.142789572923,177.251455192378,212.175810410213,178.087552227888,265.589626940964,287.112888818954
"gene-AM1_RS18270",239.331294089578,191.502828474177,239.241517432928,147.996896851451,273.736548012773,213.394714662736
"gene-AM1_RS18275",354.394416248029,283.24604397576,358.620618050975,377.668429724658,669.676912102677,481.108083966896
"gene-AM1_RS18280",292.260330282465,203.972780095752,258.090849109462,211.248682642736,338.911916587243,283.232984915995
"gene-AM1_RS18285",363.599466020705,342.923669593295,415.65192927741,291.695128649126,394.310979875542,428.729381276951
"gene-AM1_RS18290",2567.05825535504,3784.63031714781,6901.75529079235,14809.5152052681,3157.74660743306,5387.24656925834
"gene-AM1_RS18295",4960.37119625082,5224.90972943965,1618.62594319773,2076.2552209741,7983.98265037254,6867.42990823714
"gene-AM1_RS18300",79.3935542893311,73.0382880692212,112.612673862368,82.9028260371201,74.9516738606402,96.9975975739709
"gene-AM1_RS18305",4180.24322801652,2225.88636445102,3994.60836683465,3042.84076306615,6419.77380458527,3202.86067189252
"gene-AM1_RS18310",2438.18755853757,454.262523357351,1537.91213832642,257.919903226596,2743.88301698518,413.209765665116
"gene-AM1_RS18315",301.465380055141,109.557432103832,210.242545622876,59.56721574519,278.624700655858,71.7782222047385
"gene-AM1_RS18320",185.251626675106,191.502828474177,88.4468640206583,93.3424411677204,175.973495151068,164.895915875751
"gene-AM1_RS18325",245.0844501975,870.224481019867,150.79465341227,573.564737175334,104.280589719152,704.202558387029
"gene-AM1_RS18330",103.556809942606,265.431827373511,84.0970182491505,95.1847261907675,70.063521217555,108.637309282847
"gene-AM1_RS18335",1041.32125553398,720.585061560975,373.120103956001,380.73890476307,1396.38227170801,847.759002796506
"gene-AM1_RS18340",142.678271476479,171.016479381591,90.8634450048293,64.479975806649,140.12704243511,79.5380300106561
"gene-AM1_RS18345",107.008703607359,82.8361072004582,83.6137020523163,84.1310160524848,114.056895005322,128.036828797642
"gene-AM1_RS18350",44.8746176417958,52.5519389766348,44.4650901087462,28.8624653610714,40.7346053590436,50.4387507384649
"gene-AM1_RS18355",2334.63074859497,1494.6127729287,1558.69473479029,1070.98169339806,2698.26025898305,1689.69814973857
"gene-AM1_RS18360",506.277737497184,458.716077507913,445.617533481131,320.557594010198,575.172627669695,386.050438344404
"gene-AM1_RS18365",1337.0334794812,1202.45962065181,987.898306329101,1920.88918403046,1652.19559336281,1588.82064826164
"gene-AM1_RS18370",1463.60291385549,1405.54168991745,1289.48761315364,2145.03386183452,2061.17103116761,2529.69734472916
"gene-AM1_RS18375",153.03395247074,167.453636061141,139.678380885083,305.819313825821,172.714726722345,248.313849789365
"gene-AM1_RS18380",92.0504977267607,168.344346891254,101.013085138347,302.748838787409,58.6578317170228,151.316252215395
"gene-AM1_RS18385",862.973416188381,702.770844958726,909.601082441961,992.377532414712,1096.57557626545,1125.17213185806
"gene-AM1_RS18390",117.36438460162,148.74870862878,155.144499183778,143.084136789992,162.938421436174,139.676540506518
"gene-AM1_RS18395",150.732690027571,298.388128087672,236.341620251923,287.39646359535,211.819947867027,469.468372258019
"gene-AM1_RS18400",73.6403981814085,97.0874804822574,67.1809513599536,76.7618759602964,57.028447502661,62.0784624473414
"gene-AM1_RS18405",2033.16536853983,1024.31745462932,2352.78324618888,1469.52935338391,2545.09814283304,1262.9087204131
"gene-AM1_RS18410",338.285579145845,175.470033532153,257.607532912628,119.13443149038,221.596253153197,93.1176936710121
"gene-AM1_RS18415",1980.23633234694,1786.76592520558,688.242264291898,538.561321737439,1520.21547199951,646.003999842646
"gene-AM1_RS18420",486.717006730247,428.43190928409,489.115991196209,370.913384640152,567.025706597887,502.447555433169
"gene-AM1_RS18425",835.358266870353,578.962039573095,1363.91830746611,1590.50606989734,1673.37758814951,1815.79502658474
"gene-AM1_RS18430",373.955147014965,383.896367778467,812.454526878287,512.155236407097,479.038959022353,739.121693513658
"gene-AM1_RS18435",231.276875538486,204.863490925864,209.759229426042,169.490222120334,345.42945344469,223.094474420133
"gene-AM1_RS18440",95.5023913915142,111.338853764057,106.329563303524,70.6209258834727,167.82657407926,147.436348312436
"gene-AM1_RS18450",280.75401806662,462.278920828363,312.705579351726,405.916800078047,438.304353663309,589.745393249743
"gene-AM1_RS18455",80.5441855109156,73.9289988993336,129.528740751565,124.661286559521,128.721352934578,172.655723681668
"gene-AM1_RS18460",352.09315380486,263.650405713286,273.556967408156,194.054022427629,276.995316441496,258.013609546763
"gene-AM1_RS18465",119.665647044789,128.262359536193,111.6460414687,99.4833912445441,114.056895005322,114.457165137286
"gene-AM1_RS18470",33.3683054259507,27.6120357334861,34.3154499752281,26.406085330342,22.8113790010644,19.3995195147942
"gene-AM1_RS18475",35.6695678691198,33.8470115442732,36.7320309593991,47.8994105992249,53.7696790739375,23.279423417753
"gene-AM1_RS18495",27.6151493180282,22.2677707528113,75.8806429029691,36.8457004609423,53.7696790739375,15.5196156118353
"gene-AM1_RS18500",41299.6064363328,17368.8611871928,38376.272661029,14975.3208573423,63342.3113333128,26003.1159576301
"gene-AM1_RS18505",575.315610792254,627.060424399167,443.20095249696,289.852843626079,562.137553954801,469.468372258019
"gene-AM1_RS18525",50.6277737497184,46.3169631658476,40.1152443372385,32.5470354071657,37.4758369303201,19.3995195147942
"gene-AM1_RS18530",151.883321249155,114.010986254394,101.979717532016,89.6578711216262,182.491032008515,116.397117088765
"gene-AM1_RS18535",19.5607307669366,18.7049274323615,21.7492288575389,14.1241851766945,19.5526105723409,7.75980780591767
"gene-AM1_RS18540",42.5733551986268,29.393457393711,55.0980464390986,30.7047503841186,68.4341370031932,36.8590870781089
"gene-AM1_RS18550",1998.64643189229,1817.94080425952,705.158331181095,560.668742014005,1054.21158669205,399.63010200476
"gene-AM1_RS18555",1426.78271476479,1422.46519568959,477.033086275354,402.232230031953,658.271222602144,337.551639557419
"gene-AM1_RS18560",234.72876920324,483.655980751062,62.8311055884458,35.0034154378951,97.7630528617046,34.9191351266295
"gene-AM1_RS18565",279.603386845036,146.076576138442,96.6632393668396,92.728346160038,154.791500364366,118.337069040245
"gene-AM1_RS18570",58.6821923008099,53.4426498067472,135.328535113576,218.617822734924,120.574431862769,275.473177110077
"gene-AM1_RS18580",25.3138868748592,15.1420841119117,29.4822880068861,15.9664701997416,35.8464527159584,17.4595675633148
"gene-AM1_RS18585",82.8454479540846,79.2732638800084,132.42863793257,118.520336482698,187.3791846516,159.076060021312
"gene-AM1_RS18590",16.1088371021831,8.90710830112453,17.8826992828653,22.7215152842477,19.5526105723409,13.5796636603559
"gene-AM1_RS18595",11.5063122158451,8.90710830112453,20.7825964638705,15.9664701997416,3.25876842872349,3.87990390295884
"gene-AM1_RS18610",39.1214615338733,12.4699516215743,35.7653985657307,49.1276006145897,21.1819947867027,25.2193753692324
"gene-AM1_RS18615",33.3683054259507,20.4863490925864,37.2153471562333,27.0201803380243,26.0701474297879,17.4595675633148
"gene-AM1_RS18620",23.0126244316902,10.6885299613494,38.1819795499017,26.406085330342,24.4407632154262,19.3995195147942
"gene-AM1_RS18630",364.750097242289,204.863490925864,271.623702620819,238.26886298076,260.701474297879,254.133705643804
"gene-AM1_RS18635",231.276875538486,250.289743261599,128.078792161063,172.560697158746,130.350737148939,155.196156118353
"gene-AM1_RS18645",181.799733010352,167.453636061141,220.875501953229,217.389632719559,296.547927013837,250.253801740845
"gene-AM1_RS18655",58.6821923008099,55.2240714669721,72.9807457219639,98.2552012291794,81.4692107180872,62.0784624473414
"gene-AM1_RS18660",56.3809298576409,64.1311797680966,117.44583583071,79.2182559910259,65.1753685744697,91.1777417195326
"gene-AM1_RS18665",235.879400424824,219.114864207664,286.60650472268,326.084449079339,342.170685015966,308.452360285227
"gene-AM1_RS18670",650.106640195247,397.257030230154,573.696325642193,566.195597083146,742.999201748955,490.807843724293
"gene-AM1_RS18675",661.612952411092,513.940148974886,402.119075766053,363.544244547964,624.054154100548,372.470774684048
"gene-AM1_RS18680",337.134947924261,464.951053318701,325.271800469415,464.255825807872,298.177311228199,535.426738608319
"gene-AM1_RS18685",134.623852925387,162.109371080467,147.894756231265,135.714996697804,141.756426649472,128.036828797642
"gene-AM1_RS18690",69.0378732950705,96.196769652145,86.9969154301557,125.889476574886,97.7630528617046,139.676540506518
"gene-AM1_RS18695",116.213753380035,132.715913686756,111.162725271866,103.782056298321,131.980121363301,155.196156118353
"gene-AM1_RS18700",172.594683237676,141.62302198788,136.778483704078,110.537101382827,171.085342507983,201.755002953859
"gene-AM1_RS18705",142.678271476479,123.808805385631,117.44583583071,102.553866282956,189.008568865962,157.136108069833
"gene-AM1_RS18710",357.846309912782,387.459211098917,517.631646809426,294.151508679856,1016.73574976173,741.061645465138
"gene-AM1_RS18715",1208.16278266373,945.934901579426,1102.92756117564,1048.26017811381,1782.54633051175,1284.24819187937
"gene-AM1_RS18720",28.7657805396127,40.9726981851729,28.9989718100519,14.1241851766945,39.1052211446818,9.69975975739709
"gene-AM1_RS18725",23.0126244316902,33.8470115442732,28.5156556132177,30.7047503841186,47.2521422164906,38.7990390295884
"gene-AM1_RS18730",462.553751076972,277.011068164973,115.512571043373,101.325676267591,244.407632154262,122.216972943203
"gene-AM1_RS18735",86.2973416188381,72.1475772391087,34.3154499752281,21.493325268883,53.7696790739375,36.8590870781089
"gene-AM1_RS41085",39.1214615338733,34.7377223743857,16.4327506923627,6.75504508450608,17.9232263579792,5.81985585443825
"gene-AM1_RS37660",39.1214615338733,40.9726981851729,19.3326478733679,16.580565207424,32.5876842872349,23.279423417753
"gene-AM1_RS18750",21.8619932101057,38.3005656948355,32.8655013847255,34.3893204302128,29.3289158585114,17.4595675633148
"gene-AM1_RS18760",20.7113619885212,10.6885299613494,24.1658098417099,24.5638003072948,29.3289158585114,13.5796636603559
"gene-AM1_RS18765",575.315610792254,323.328031330821,307.38910118655,265.903138326467,549.102480239908,236.674138080489
"gene-AM1_RS18770",62.1340859655635,35.6284332044981,51.7148330612592,37.4597954686246,79.8398265037254,44.6188948840266
"gene-AM1_RS18775",35.6695678691198,24.9399032431487,28.5156556132177,18.4228502304711,9.77630528617046,19.3995195147942
"gene-AM1_RS18785",11.5063122158451,8.90710830112453,29.9656042037203,23.9497052996125,22.8113790010644,25.2193753692324
"gene-AM1_RS18790",21.8619932101057,18.7049274323615,41.5651929277411,33.161130414848,21.1819947867027,29.0992792721913
"gene-AM1_RS18795",26.4645180964437,14.2513732817993,22.7158612512073,19.6510402458359,35.8464527159584,19.3995195147942
"gene-AM1_RS18800",171.444052016092,115.792407914619,291.922982887856,283.711893549255,291.659774370752,296.812648576351
"gene-AM1_RS18805",69.0378732950705,43.6448306755102,152.244602002772,95.7988211984499,107.539358147875,114.457165137286
"gene-AM1_RS18810",146.130165141233,121.136672895294,310.288998367555,178.087552227888,312.841769157455,289.052840770433
"gene-AM1_RS18815",208.264251106796,202.191358435527,387.619589861027,318.101213979468,360.093911373945,387.990390295884
"gene-AM1_RS18820",191.004782783028,151.420841119117,267.757173046146,254.849428188184,276.995316441496,273.533225158598
"gene-AM1_RS18825",85.1467103972536,77.4918422197835,85.5469668396531,49.7416956222721,105.909973933513,137.736588555039
"gene-AM1_RS18830",55.2302986360564,39.191276524948,78.7805400839743,66.9363558373784,81.4692107180872,65.9583663503002
"gene-AM1_RS37665",100.104916277852,65.9126014283216,83.6137020523163,61.4095007682371,65.1753685744697,40.7389909810678
"gene-AM1_RS18840",1034.41746820447,18.7049274323615,33.3488175815597,50.9698856376368,35.8464527159584,21.3394714662736
"gene-AM1_RS18845",157.636477357078,8.01639747101208,9.66632393668397,9.82552012291794,13.0350737148939,3.87990390295884
"gene-AM1_RS18850",165.690895908169,17.8142166022491,21.7492288575389,15.9664701997416,27.6995316441496,15.5196156118353
"gene-AM1_RS41090",13.8075746590141,14.2513732817993,24.6491260385441,25.1778953149772,9.77630528617046,3.87990390295884
"gene-AM1_RS44270",13.8075746590141,10.6885299613494,13.5328535113576,14.7382801843769,17.9232263579792,19.3995195147942
"gene-AM1_RS18865",66.7366108519015,38.3005656948355,47.8483034865856,54.0403606760486,39.1052211446818,54.3186546414237
"gene-AM1_RS18870",292.260330282465,171.907190211703,170.127301285638,328.540829110069,189.008568865962,281.293032964516
"gene-AM1_RS18875",14.9582058805986,4.45355415056227,21.7492288575389,17.8087552227888,16.2938421436174,23.279423417753
"gene-AM1_RS18885",62.1340859655635,58.7869147874219,55.0980464390986,38.6879854839894,55.3990632882993,31.0392312236707
"gene-AM1_RS18890",21.8619932101057,29.393457393711,56.064678832767,35.0034154378951,39.1052211446818,42.6789429325472
"gene-AM1_RS41095",69.0378732950705,75.7104205595585,75.3973267061349,79.8323509987082,42.3639895734053,79.5380300106561
"gene-AM1_RS18900",327.929898151585,331.344428801833,285.639872329011,700.682403765585,334.023763944157,541.246594462758
"gene-AM1_RS18905",8.05441855109156,11.5792407914619,19.3326478733679,15.3523751920593,14.6644579292557,11.6397117088765
"gene-AM1_RS18910",62.1340859655635,24.0491924130362,194.293111127348,117.292146467333,200.414258366494,62.0784624473414
"gene-AM1_RS42220",10.3556809942606,8.90710830112453,23.6824936448757,12.2819001536474,27.6995316441496,3.87990390295884
"gene-AM1_RS18915",36.8201990907043,21.3770599226989,50.2648844707566,28.8624653610714,26.0701474297879,17.4595675633148
"gene-AM1_RS18920",8.05441855109156,2.67213249033736,7.73305914934717,13.5100901690122,8.14692107180872,19.3995195147942
"gene-AM1_RS18925",37.9708303122888,41.8634090152853,62.3477893916116,59.56721574519,40.7346053590436,32.9791831751501
"gene-AM1_RS18930",32.2176742043662,31.1748790539359,38.6652957467359,25.1778953149772,35.8464527159584,38.7990390295884
"gene-AM1_RS18935",191.004782783028,96.196769652145,233.441723070918,95.1847261907675,358.464527159584,186.235387342024
"gene-AM1_RS18940",126.569434374296,73.0382880692212,154.177866790109,129.57404662098,208.561179438303,126.096876846162
"gene-AM1_RS18950",56.3809298576409,47.20767399596,45.4317225024146,36.8457004609423,52.1402948595758,54.3186546414237
"gene-AM1_RS18955",28.7657805396127,33.8470115442732,35.2820823688965,30.7047503841186,16.2938421436174,19.3995195147942
"gene-AM1_RS18970",33.3683054259507,42.7541198453978,42.0485091245752,39.3020804916717,14.6644579292557,36.8590870781089
"gene-AM1_RS18985",21.8619932101057,37.409854864723,17.3993830860311,30.7047503841186,17.9232263579792,54.3186546414237
"gene-AM1_RS18990",41.4227239770423,81.9453963703457,40.1152443372385,104.396151306003,30.9583000728731,108.637309282847
"gene-AM1_RS18995",20.7113619885212,15.1420841119117,20.2992802670363,63.8658807989666,9.77630528617046,46.558846835506
"gene-AM1_RS19000",69.0378732950705,75.7104205595585,49.2982520770882,44.8289355608131,42.3639895734053,31.0392312236707
"gene-AM1_RS19010",31.0670429827817,25.8306140732611,43.0151415182436,35.6175104455775,47.2521422164906,21.3394714662736
"gene-AM1_RS39870",24.1632556532747,12.4699516215743,28.9989718100519,20.8792302612006,22.8113790010644,27.1593273207119
"gene-AM1_RS19025",42.5733551986268,36.5191440346106,66.2143189662852,67.5504508450608,47.2521422164906,46.558846835506
"gene-AM1_RS19030",279.603386845036,183.486431003165,385.68632507369,488.205531107485,312.841769157455,298.75260052783
"gene-AM1_RS19035",299.164117611972,205.754201755977,240.691466023431,177.473457220205,177.60287936543,147.436348312436
"gene-AM1_RS19040",396.967771446655,339.360826272845,392.936068026203,328.540829110069,361.723295588307,376.350678587007
"gene-AM1_RS19050",739.855875478839,666.251700924115,981.615195770257,829.028260371201,1088.42865519364,1049.51400575037
"gene-AM1_RS19055",330.231160594754,423.978355133528,271.623702620819,268.359518357196,448.080658949479,267.71336930416
"gene-AM1_RS19060",1595.92550433771,2177.78797962495,1281.27123780746,1394.60976244666,2536.95122176123,1507.34266629951
"gene-AM1_RS19065",1537.2433120369,527.300811426572,260.990746290467,288.624653610714,408.975437804798,248.313849789365
"gene-AM1_RS19070",92.0504977267607,190.612117644065,140.645013278752,149.839181874499,122.203816077131,193.995195147942
"gene-AM1_RS19075",1068.93640485201,1348.53619679025,1459.13159824244,2487.0847811136,1134.05141319577,2863.36908038362
"gene-AM1_RS19080",31.0670429827817,46.3169631658476,50.7482006675908,56.4967407067781,35.8464527159584,56.2586065929031
"gene-AM1_RS19085",203.661726220458,213.770599226989,204.442751260866,108.080721352097,154.791500364366,157.136108069833
"gene-AM1_RS19090",9.20504977267607,9.79781913123699,12.082904920855,15.3523751920593,13.0350737148939,5.81985585443825
"gene-AM1_RS19100",41.4227239770423,43.6448306755102,59.4478922106064,57.7249307221429,37.4758369303201,42.6789429325472
"gene-AM1_RS19110",309.519798606233,189.721406813953,329.621646240923,271.429993395608,340.541300801604,215.334666614215
"gene-AM1_RS19115",58.6821923008099,41.8634090152853,43.981773911912,30.7047503841186,16.2938421436174,23.279423417753
"gene-AM1_RS19120",44.8746176417958,42.7541198453978,50.2648844707566,64.479975806649,61.9166001457463,52.3787026899443
"gene-AM1_RS19135",578.767504457008,427.541198453978,291.439666691022,226.601057834795,707.152749032997,469.468372258019
"gene-AM1_RS19140",59.8328235223944,69.4754447487714,44.9484063055804,27.6342753457067,40.7346053590436,29.0992792721913
"gene-AM1_RS19145",127.72006559588,162.109371080467,187.526684371669,99.4833912445441,203.673026795218,155.196156118353
"gene-AM1_RS19150",72.489766959824,105.994588783382,96.6632393668396,46.6712205838602,128.721352934578,85.3578858650944
"gene-AM1_RS19155",535.043518036796,327.781585481383,351.370875098462,258.533998234278,681.082601603209,283.232984915995
"gene-AM1_RS19160",164.540264686585,155.874395269679,172.060566072975,140.627756759263,237.890095296815,211.454762711257
"gene-AM1_RS19165",193.306045226197,168.344346891254,236.341620251923,190.983547389217,237.890095296815,285.172936867474
"gene-AM1_RS19170",11.5063122158451,18.7049274323615,18.8493316765337,12.8959951613298,16.2938421436174,11.6397117088765
"gene-AM1_RS19175",24.1632556532747,17.8142166022491,11.5995887240208,8.59733010755319,9.77630528617046,9.69975975739709
"gene-AM1_RS19180",9.20504977267607,20.4863490925864,39.6319281404043,39.9161754993541,26.0701474297879,9.69975975739709
"gene-AM1_RS19185",130.021328039049,185.26785266339,87.4802316269899,78.6041609833435,136.868274006386,83.417933913615
"gene-AM1_RS19190",36.8201990907043,46.3169631658476,38.6652957467359,28.2483703533891,43.9933737877671,40.7389909810678
"gene-AM1_RS19195",222.07182576581,191.502828474177,265.823908258809,237.654767973078,260.701474297879,283.232984915995
"gene-AM1_RS19200",25.3138868748592,25.8306140732611,32.3821851878913,23.9497052996125,24.4407632154262,40.7389909810678
"gene-AM1_RS19205",3830.45133665483,5558.92629073182,1806.1526275694,1670.33842089605,7078.04502718741,9977.17288645865
"gene-AM1_RS19210",115.063122158451,115.792407914619,77.8139076903059,61.4095007682371,70.063521217555,64.0184143988208
"gene-AM1_RS19215",79.3935542893311,81.9453963703457,55.0980464390986,68.1645458527432,94.5042844329811,69.838270253259
"gene-AM1_RS19225",18.4100995453521,29.393457393711,13.0495373145234,19.6510402458359,17.9232263579792,9.69975975739709
"gene-AM1_RS19230",170.293420794507,142.513732817993,79.7471724776427,111.151196390509,112.42751079096,58.1985585443825
"gene-AM1_RS19235",65.585979630317,53.4426498067472,17.3993830860311,22.7215152842477,30.9583000728731,13.5796636603559
"gene-AM1_RS19240",33.3683054259507,18.7049274323615,25.1324422353783,22.1074202765654,21.1819947867027,21.3394714662736
"gene-AM1_RS19245",23.0126244316902,16.9235057721366,21.7492288575389,27.6342753457067,27.6995316441496,23.279423417753
"gene-AM1_RS19250",24.1632556532747,30.2841682238234,29.4822880068861,33.7752254225304,6.51753685744697,9.69975975739709
"gene-AM1_RS19255",117.36438460162,127.371648706081,110.679409075031,79.2182559910259,161.309037221813,102.817453428409
"gene-AM1_RS19260",182.950364231937,163.000081910579,88.9301802174925,95.7988211984499,140.12704243511,98.9375495254503
"gene-AM1_RS19265",194.456676447782,203.082069265639,82.1637534618137,60.7954057605547,115.686279219684,71.7782222047385
"gene-AM1_RS19270",93.2011289483452,120.245962065181,42.5318253214094,47.8994105992249,61.9166001457463,44.6188948840266
"gene-AM1_RS19275",95.5023913915142,129.153070366306,87.9635478238241,120.362621505745,68.4341370031932,108.637309282847
"gene-AM1_RS41105",34.5189366475353,81.0546855402333,62.8311055884458,146.154611828404,68.4341370031932,162.955963924271
"gene-AM1_RS19290",8.05441855109156,13.3606624516868,17.3993830860311,13.5100901690122,11.4056895005322,3.87990390295884
"gene-AM1_RS19295",165.690895908169,89.0710830112453,153.694550593275,132.644521659392,145.015195078195,195.935147099421
"gene-AM1_RS19300",98.9542850562677,238.710502470137,102.46303372885,315.030738941056,531.179253881928,292.932744673392
"gene-AM1_RS19305",28.7657805396127,51.6612281465223,49.7815682739224,51.5839806453192,60.2872159313845,40.7389909810678
"gene-AM1_RS19310",209.414882328381,149.639419458892,106.812879500358,108.69481635978,210.190563652665,131.9167327006
"gene-AM1_RS19315",642.052221644156,604.792653646356,520.531543990431,420.040985254742,813.06272296651,721.662125950343
"gene-AM1_RS19320",988.392219341093,1289.74928200283,1226.6565075652,1495.93543871426,1603.31406693196,1761.47637194331
"gene-AM1_RS19325",13.8075746590141,27.6120357334861,21.7492288575389,54.0403606760486,16.2938421436174,46.558846835506
"gene-AM1_RS19330",16.1088371021831,15.1420841119117,21.2659126607047,25.7919903226596,11.4056895005322,17.4595675633148
"gene-AM1_RS19335",18.4100995453521,30.2841682238234,57.0313112264354,33.7752254225304,27.6995316441496,31.0392312236707
"gene-AM1_RS19340",29.9164117611972,28.5027465635985,57.5146274232696,40.5302705070365,63.545984360108,60.138510495862
"gene-AM1_RS19345",23.0126244316902,29.393457393711,22.2325450543731,36.8457004609423,34.2170685015966,27.1593273207119
"gene-AM1_RS19350",60.983454743979,41.8634090152853,77.8139076903059,66.9363558373784,53.7696790739375,54.3186546414237
"gene-AM1_RS19355",11.5063122158451,13.3606624516868,14.4994859050259,19.6510402458359,8.14692107180872,11.6397117088765
"gene-AM1_RS19360",10.3556809942606,8.01639747101208,13.0495373145234,17.8087552227888,16.2938421436174,19.3995195147942
"gene-AM1_RS19365",12.6569434374296,8.90710830112453,13.0495373145234,12.2819001536474,9.77630528617046,3.87990390295884
"gene-AM1_RS19370",39.1214615338733,37.409854864723,37.2153471562333,62.6376907836018,24.4407632154262,27.1593273207119
"gene-AM1_RS19375",50.6277737497184,159.437238590129,46.398354896083,145.540516820722,48.8815264308523,230.854282226051
"gene-AM1_RS19380",52.9290361928874,42.7541198453978,70.564164737793,61.4095007682371,110.798126576599,75.6581261076973
"gene-AM1_RS19385",296.862855168803,226.240550848563,215.075707591218,227.82924785016,329.135611301072,273.533225158598
"gene-AM1_RS19390",150.732690027571,249.399032431487,121.312365405384,85.9733010755319,73.3222896462784,44.6188948840266
"gene-AM1_RS39885",66.7366108519015,243.1640566207,103.912982319353,280.027323503161,45.6227580021288,174.595675633148
"gene-AM1_RS19415",47.1758800849648,65.9126014283216,63.7977379821142,74.3054959295669,50.510910645214,98.9375495254503
"gene-AM1_RS19420",108.159334828944,252.071164921824,78.7805400839743,121.590811521109,91.2455160042576,256.073657595283
"gene-AM1_RS19425",48.3265113065494,196.847093454852,40.5985605340727,111.151196390509,63.545984360108,137.736588555039
"gene-AM1_RS19430",70.188504516655,55.2240714669721,45.4317225024146,65.0940708143313,60.2872159313845,89.2377897680532
"gene-AM1_RS19435",476.361325735986,361.628597025656,275.973548392327,260.376283257325,262.330858512241,259.953561498242
"gene-AM1_RS19440",125.418803152711,172.797901041816,192.843162536845,319.943499002515,162.938421436174,289.052840770433
"gene-AM1_RS19445",51.7784049713029,49.8798064862974,29.4822880068861,29.4765603687538,30.9583000728731,21.3394714662736
"gene-AM1_RS19450",146.130165141233,118.464540404956,115.995887240208,118.520336482698,177.60287936543,193.995195147942
"gene-AM1_RS39890",73.6403981814085,118.464540404956,34.7987661720623,38.073890476307,24.4407632154262,32.9791831751501
"gene-AM1_RS19465",419.980395878346,627.95113522928,119.862416814881,289.238748618397,102.65120550479,302.632504430789
"gene-AM1_RS19470",485.566375508663,652.000327642316,122.762313995886,275.728658449385,105.909973933513,378.290630538486
"gene-AM1_RS19480",908.998665051762,874.678035170429,100.529768941513,117.292146467333,133.609505577663,162.955963924271
"gene-AM1_RS19485",323.327373265247,291.262441446772,93.2800259890003,145.540516820722,105.909973933513,124.156924894683
"gene-AM1_RS19490",70.188504516655,81.0546855402333,22.7158612512073,25.1778953149772,21.1819947867027,9.69975975739709
"gene-AM1_RS19495",750.2115564731,629.732556889505,365.870361003488,356.789199463458,589.837085598951,424.849477373993
"gene-AM1_RS19500",375.10577823655,417.743379322741,268.24048924298,203.265447542865,296.547927013837,407.389909810678
"gene-AM1_RS19505",49.4771425281339,65.0218905982091,55.0980464390986,47.8994105992249,50.510910645214,27.1593273207119
"gene-AM1_RS19510",42.5733551986268,61.4590472777593,99.5631365478448,108.080721352097,63.545984360108,60.138510495862
"gene-AM1_RS41115",133.473221703803,233.366237489463,65.2476865726168,174.402982181793,76.5810580750019,329.791831751501
"gene-AM1_RS19515",329.080529373169,448.918258376677,263.890643471472,319.329403994833,356.835142945222,403.510005907719
"gene-AM1_RS19520",633.997803093064,419.524800982966,310.772314564389,272.658183410973,405.716669376074,399.63010200476
"gene-AM1_RS19525",303.76664249831,395.475608569929,204.9260674577,116.67805145965,141.756426649472,166.83586782723
"gene-AM1_RS19530",926.258133375529,1024.31745462932,495.882417951887,486.363246084438,1046.06466562024,750.761405222535
"gene-AM1_RS19535",18.4100995453521,32.9563007141608,14.4994859050259,13.5100901690122,17.9232263579792,11.6397117088765
"gene-AM1_RS19540",55.2302986360564,74.8197097294461,36.2487147625649,27.0201803380243,34.2170685015966,46.558846835506
"gene-AM1_RS19550",105.858072385775,145.18586530833,96.6632393668396,132.03042665171,110.798126576599,122.216972943203
"gene-AM1_RS19555",158.787108578662,239.60121330025,137.745116097747,166.419747081923,120.574431862769,192.055243196462
"gene-AM1_RS19560",108.159334828944,120.245962065181,86.9969154301557,71.235020891155,74.9516738606402,71.7782222047385
"gene-AM1_RS19565",69.0378732950705,48.0983848260725,52.1981492580934,36.2316054532599,63.545984360108,62.0784624473414
"gene-AM1_RS19570",23.0126244316902,31.1748790539359,27.5490232195493,33.161130414848,16.2938421436174,23.279423417753
"gene-AM1_RS19575",118.515015823204,138.950889497543,122.762313995886,83.5169210448025,135.238889792025,131.9167327006
"gene-AM1_RS19580",117.36438460162,102.431745462932,102.946349925684,92.1142511523556,79.8398265037254,108.637309282847
"gene-AM1_RS19585",67.887242073486,189.721406813953,75.8806429029691,238.26886298076,81.4692107180872,459.768612500622
"gene-AM1_RS19590",66.7366108519015,41.8634090152853,130.495373145234,278.799133487796,376.387753517563,413.209765665116
"gene-AM1_RS19595",1217.36783243641,2860.9631863212,703.225066393759,3893.36234870623,1870.53307808728,7581.33222638157
"gene-AM1_RS19600",4305.66203116923,3246.64097575989,2068.59332245037,3823.35551783044,4329.27385755915,6180.68691741343
"gene-AM1_RS19605",130.021328039049,148.74870862878,58.9645760137722,57.7249307221429,71.6929054319167,120.277020991724
"gene-AM1_RS19610",40.2720927554578,20.4863490925864,39.1486119435701,45.4430305684955,35.8464527159584,27.1593273207119
"gene-AM1_RS19615",82.8454479540846,53.4426498067472,140.161697081918,117.906241475015,70.063521217555,79.5380300106561
"gene-AM1_RS19620",95.5023913915142,102.431745462932,137.745116097747,108.080721352097,175.973495151068,166.83586782723
"gene-AM1_RS19625",51.7784049713029,51.6612281465223,29.9656042037203,21.493325268883,39.1052211446818,31.0392312236707
"gene-AM1_RS19635",19.5607307669366,17.8142166022491,18.8493316765337,16.580565207424,8.14692107180872,21.3394714662736
"gene-AM1_RS19640",128.870696817465,107.776010443607,124.695578783223,207.564112596641,123.833200291493,164.895915875751
"gene-AM1_RS19645",56.3809298576409,52.5519389766348,85.0636506428189,75.5336859449316,68.4341370031932,102.817453428409
"gene-AM1_RS19650",207.113619885212,272.557514014411,314.155527942229,431.094695393024,337.282532372881,333.67173565446
"gene-AM1_RS19655",561.50803613324,1089.33934522753,286.60650472268,383.195284793799,501.850338023417,620.784624473414
"gene-AM1_RS19660",585.671291786515,517.502992295335,305.939152596048,329.154924117751,483.927111665438,335.611687605939
"gene-AM1_RS19665",241.632556532747,237.819791640025,234.89167166142,235.198387942348,254.183937440432,310.392312236707
"gene-AM1_RS19670",59.8328235223944,65.9126014283216,45.9150386992488,63.2517857912842,24.4407632154262,58.1985585443825
"gene-AM1_RS19675",235.879400424824,127.371648706081,205.892699851368,62.0235957759195,425.269279948415,56.2586065929031
"gene-AM1_RS19680",3188.39911501067,4120.42830010021,1824.03532685226,3149.0791993952,3002.95510706869,3441.47476192449
"gene-AM1_RS19685",4203.25585244821,6224.28728082582,2357.13309196039,5153.48530447046,3511.32298194956,4250.4347256914
"gene-AM1_RS19690",163.389633465,227.131261678676,75.3973267061349,74.3054959295669,86.3573633611724,64.0184143988208
"gene-AM1_RS19695",162.239002243416,195.95638262474,75.3973267061349,54.0403606760486,96.1336686473429,83.417933913615
"gene-AM1_RS19700",117.36438460162,132.715913686756,49.7815682739224,30.0906553764362,76.5810580750019,58.1985585443825
"gene-AM1_RS19705",71.3391357382395,44.5355415056227,28.0323394163835,22.1074202765654,55.3990632882993,38.7990390295884
"gene-AM1_RS19710",685.776208064367,522.84725727601,551.46378058782,569.266072121558,622.424769886186,632.42433618229
"gene-AM1_RS19715",285.356542952958,331.344428801833,281.290026557503,204.49363755823,273.736548012773,211.454762711257
"gene-AM1_RS19720",1417.57766499211,1426.91874984015,1648.59154740145,2215.65478771799,2057.91226273888,2578.19614351615
"gene-AM1_RS19725",523.537205820951,848.847421097168,394.86933281354,590.759397390441,347.058837659051,698.38270253259
"gene-AM1_RS19730",70.188504516655,84.6175288606831,70.564164737793,58.9531207375076,81.4692107180872,54.3186546414237
"gene-AM1_RS19735",308.369167384648,251.180454091712,330.588278634592,350.648249386634,378.017137731924,535.426738608319
"gene-AM1_RS19740",56.3809298576409,54.3333606368597,34.7987661720623,49.7416956222721,50.510910645214,31.0392312236707
"gene-AM1_RS19745",517.784049713029,461.388209998251,390.519487042032,276.342753457067,399.199132518627,378.290630538486
"gene-AM1_RS19750",1041.32125553398,986.907599764598,1201.04074913298,1118.2670089896,1645.67805650536,1679.99838998118
"gene-AM1_RS19755",67.887242073486,186.158563493503,107.779511894026,259.148093241961,96.1336686473429,283.232984915995
"gene-AM1_RS19760",113.912490936866,266.322538203624,176.893728041317,1243.5423905568,149.90334772128,566.46596983199
"gene-AM1_RS19765",2181.59679612423,1824.1757800703,1781.02018533402,1740.34525177184,2489.69907954474,2543.27700838952
"gene-AM1_RS19770",300.314748833557,307.295236388796,170.610617482472,129.57404662098,193.896721509047,118.337069040245
"gene-AM1_RS19775",711.090094939226,373.207837817118,196.709692111519,360.473769509552,211.819947867027,376.350678587007
"gene-AM1_RS19780",116.213753380035,125.590227045856,59.9312084074406,66.3222608296961,99.3924370760663,75.6581261076973
"gene-AM1_RS19785",75.9416606245776,127.371648706081,75.3973267061349,121.590811521109,65.1753685744697,108.637309282847
"gene-AM1_RS19790",15699.212387299,12628.4981493344,9358.93483549742,8787.08546492705,16005.4411376754,12518.5099428967
"gene-AM1_RS19795",945.818864142466,399.038451890379,1062.32900064157,331.61130414848,1251.36707662982,372.470774684048
"gene-AM1_RS19800",4586.41604923585,2171.55300381416,2818.21674374021,3795.10714747705,2061.17103116761,1808.03521877882
"gene-AM1_RS19805",215.168038436303,230.694104999125,158.044396364783,135.714996697804,166.197189864898,172.655723681668
"gene-AM1_RS19810",173.745314459261,120.245962065181,126.145527373726,82.9028260371201,112.42751079096,93.1176936710121
"gene-AM1_RS19815",72.489766959824,43.6448306755102,42.5318253214094,22.1074202765654,27.6995316441496,21.3394714662736
"gene-AM1_RS19820",133.473221703803,132.715913686756,130.978689342068,109.923006375144,110.798126576599,96.9975975739709
"gene-AM1_RS19825",85.1467103972536,185.26785266339,33.3488175815597,79.8323509987082,47.2521422164906,77.5980780591767
"gene-AM1_RS19830",96.6530226130987,125.590227045856,130.978689342068,129.57404662098,154.791500364366,223.094474420133
"gene-AM1_RS19835",163.389633465,977.109780633361,87.4802316269899,1079.57902350561,161.309037221813,1379.30583750187
"gene-AM1_RS19840",140.37700903331,764.229892236485,78.2972238871401,1462.77430829941,169.455958293621,1421.98478043441
"gene-AM1_RS19845",406.172821219332,467.623185809038,151.277969609104,143.084136789992,228.113790010644,178.475579536106
"gene-AM1_RS19850",406.172821219332,276.120357334861,145.961491443928,128.959951613298,265.589626940964,149.376300263915
"gene-AM1_RS19855",125.418803152711,118.464540404956,57.9979436201038,40.5302705070365,40.7346053590436,32.9791831751501
"gene-AM1_RS19860",309.519798606233,302.841682238234,148.378072428099,93.9565361754028,175.973495151068,159.076060021312
"gene-AM1_RS19865",444.14365153162,235.147659149688,162.394242136291,158.436511982052,206.931795223941,225.034426371612
"gene-AM1_RS19875",607.533284996621,740.180699823449,320.438638501073,222.302392781018,821.209644038319,539.306642511278
"gene-AM1_RS19880",174.895945680845,249.399032431487,111.162725271866,73.6914009218845,158.050268793089,116.397117088765
"gene-AM1_RS19885",468.306907184895,466.732474978926,394.386016616706,299.678363748997,492.074032737247,409.329861762157
"gene-AM1_RS19890",1379.60683467983,605.683364476468,1188.95784421213,655.853468204772,1494.14532456972,1326.92713481192
"gene-AM1_RS19895",60.983454743979,105.994588783382,31.8988689910571,65.7081658220137,66.8047527888315,77.5980780591767
"gene-AM1_RS19900",269.247705850775,443.573993396002,244.557995598104,426.796030339248,384.534674589371,874.918330117217
"gene-AM1_RS19905",64.4353484087325,82.8361072004582,36.2487147625649,42.986650537766,39.1052211446818,46.558846835506
"gene-AM1_RS19910",278.452755623451,239.60121330025,183.176838600161,202.651352535182,351.946990302137,279.353081013036
"gene-AM1_RS19915",272.699599515529,130.934492026531,159.494344955285,135.714996697804,148.273963506919,290.992792721913
"gene-AM1_RS19920",701.88504516655,179.032876852603,185.110103387498,243.181623042219,250.925169011708,230.854282226051
"gene-AM1_RS19925",67.887242073486,75.7104205595585,67.1809513599536,141.241851766945,58.6578317170228,172.655723681668
"gene-AM1_RS19930",21.8619932101057,8.01639747101208,20.7825964638705,18.4228502304711,14.6644579292557,13.5796636603559
"gene-AM1_RS19935",932.011289483452,433.776174264765,424.351620820426,266.517233334149,905.937623185129,805.080059863958
"gene-AM1_RS19940",633.997803093064,273.448224844523,308.839049777053,224.758772811748,694.117675318103,498.56765153021
"gene-AM1_RS19945",107.008703607359,66.803312258434,74.4306943124665,35.6175104455775,114.056895005322,93.1176936710121
"gene-AM1_RS42235",121.966909487958,40.9726981851729,136.295167507244,39.9161754993541,123.833200291493,89.2377897680532
"gene-AM1_RS19950",467.15627596331,121.136672895294,322.37190328841,95.1847261907675,501.850338023417,405.449957859198
"gene-AM1_RS19955",226.674350652148,68.5847339186589,113.579306256037,37.4597954686246,138.497658220748,98.9375495254503
"gene-AM1_RS19960",558.056142468487,203.082069265639,235.858304055089,71.8491158988374,433.416201020224,411.269813713637
"gene-AM1_RS19965",1368.10052246398,488.109534901624,1334.91933565606,806.306745086953,2022.06581002292,1852.65411366284
"gene-AM1_RS19970",279.603386845036,121.136672895294,163.844190726793,52.8121706606839,265.589626940964,226.974378323092
"gene-AM1_RS19975",4452.94282753205,5955.29261013186,1305.920363846,3944.94632935155,6579.45345759272,3637.40990902391
"gene-AM1_RS19980",604.081391331867,959.295564031112,306.905784989716,747.967719357128,1166.63909748301,516.027219093525
"gene-AM1_RS19985",50.6277737497184,48.0983848260725,39.1486119435701,34.3893204302128,63.545984360108,58.1985585443825
"gene-AM1_RS19990",49.4771425281339,71.2568664089963,72.9807457219639,60.7954057605547,30.9583000728731,50.4387507384649
"gene-AM1_RS19995",471.758800849648,570.05493127197,383.753060286353,381.967094778435,449.710043163841,519.907122996484
"gene-AM1_RS20000",39.1214615338733,54.3333606368597,50.7482006675908,54.654455683731,39.1052211446818,40.7389909810678
"gene-AM1_RS20005",304.917273719895,388.34992192903,392.936068026203,373.369764670882,417.122358876606,735.241789610699
"gene-AM1_RS20010",309.519798606233,467.623185809038,619.611364341442,1369.43186713169,850.53855989683,2535.5172005836
"gene-AM1_RS20015",102.406178721021,111.338853764057,48.3316196834198,47.8994105992249,55.3990632882993,58.1985585443825
"gene-AM1_RS20020",596.026972780775,808.765433742108,300.622674430871,289.852843626079,630.571690957995,677.043231066317
"gene-AM1_RS20025",134.623852925387,121.136672895294,185.593419584332,248.094383103678,158.050268793089,217.274618565695
"gene-AM1_RS20030",27.6151493180282,22.2677707528113,34.7987661720623,26.406085330342,19.5526105723409,32.9791831751501
"gene-AM1_RS20035",77.0922918461621,93.5246371618076,35.2820823688965,38.6879854839894,40.7346053590436,52.3787026899443
"gene-AM1_RS20040",212.866775993134,161.218660250354,187.043368174835,90.2719661293085,159.679653007451,98.9375495254503
"gene-AM1_RS20045",1322.0752736006,1001.1589730464,621.061312931945,600.584917513359,1665.2306670777,927.297032807162
"gene-AM1_RS20050",65.585979630317,98.8689021424823,54.6147302422644,31.3188453918009,53.7696790739375,38.7990390295884
"gene-AM1_RS20055",2312.76875538486,2109.20324570629,781.038974084064,1501.4622937834,1305.13675570376,2112.60767516109
"gene-AM1_RS20060",92.0504977267607,134.49733534698,83.6137020523163,83.5169210448025,73.3222896462784,52.3787026899443
"gene-AM1_RS20065",875.630359625811,1634.45437325635,1592.04355237185,2173.89632719559,1590.27899321706,3129.1424977363
"gene-AM1_RS20070",299.164117611972,324.218742160933,204.9260674577,173.788887174111,307.95361651437,186.235387342024
"gene-AM1_RS39895",27.6151493180282,25.8306140732611,28.5156556132177,27.6342753457067,27.6995316441496,25.2193753692324
"gene-AM1_RS37675",37.9708303122888,45.4262523357351,80.7138048713111,77.3759709679787,30.9583000728731,21.3394714662736
"gene-AM1_RS20090",10.3556809942606,16.0327949420242,9.66632393668397,6.75504508450608,8.14692107180872,17.4595675633148
"gene-AM1_RS20095",24.1632556532747,19.595638262474,41.0818767309069,31.3188453918009,24.4407632154262,27.1593273207119
"gene-AM1_RS39900",40.2720927554578,57.005493127197,44.4650901087462,79.2182559910259,48.8815264308523,36.8590870781089
"gene-AM1_RS20110",59.8328235223944,48.9890956561849,45.4317225024146,33.7752254225304,45.6227580021288,58.1985585443825
"gene-AM1_RS20115",12.6569434374296,30.2841682238234,23.1991774480415,19.6510402458359,22.8113790010644,15.5196156118353
"gene-AM1_RS20120",73.6403981814085,60.5683364476468,50.2648844707566,57.7249307221429,52.1402948595758,38.7990390295884
"gene-AM1_RS20125",21.8619932101057,32.0655898840483,24.1658098417099,15.9664701997416,29.3289158585114,13.5796636603559
"gene-AM1_RS20130",524.687837042536,605.683364476468,524.398073565105,724.018014057515,850.53855989683,704.202558387029
"gene-AM1_RS20135",66.7366108519015,79.2732638800084,76.8472752966375,73.6914009218845,45.6227580021288,67.8983183017796
"gene-AM1_RS20140",440.691757866867,267.213249033736,263.890643471472,231.513817896254,454.598195806926,308.452360285227
"gene-AM1_RS20150",7813.9366257804,1018.97318964865,295.789512462529,291.695128649126,399.199132518627,316.212168091145
"gene-AM1_RS20155",533.892886815212,455.153234187464,345.087764539618,574.178832183017,351.946990302137,265.77341735268
"gene-AM1_RS20160",9393.75329301593,6454.98138582495,8281.13971655715,5217.96528027711,14209.8597334488,7140.96313339574
"gene-AM1_RS20165",4910.89405372268,3586.00180203274,5051.13757311421,2727.81002412509,7438.13893856136,3959.44193296949
"gene-AM1_RS20170",71.3391357382395,64.1311797680966,62.8311055884458,44.2148405531307,114.056895005322,81.4779819621356
"gene-AM1_RS20175",314.122323492571,205.754201755977,264.373959668306,149.839181874499,340.541300801604,265.77341735268
"gene-AM1_RS20180",83.9960791756691,83.7268180305706,147.41144003443,120.976716513427,149.90334772128,188.175339293504
"gene-AM1_RS20185",340.586841589015,370.535705326781,411.302083505903,355.561009448093,550.731864454269,622.724576424893
"gene-AM1_RS20190",642.052221644156,363.410018685881,646.193755167323,456.886685715684,844.021023039383,419.029621519554
"gene-AM1_RS20195",272.699599515529,218.224153377551,555.330310162494,455.044400692637,508.367874880864,558.706162026072
"gene-AM1_RS20200",105.858072385775,105.10387795327,120.82904920855,138.785471736216,189.008568865962,161.016011972792
"gene-AM1_RS20205",200.209832555704,166.562925231029,143.061594262923,119.748526498062,162.938421436174,129.976780749121
"gene-AM1_RS20210",87.4479728404227,129.153070366306,136.778483704078,86.5873960832143,107.539358147875,118.337069040245
"gene-AM1_RS20220",277.302124401867,295.715995597335,321.888587091576,258.533998234278,335.653148158519,353.071255169254
"gene-AM1_RS20225",60.983454743979,62.3497581078717,72.0141133282955,105.624341321368,61.9166001457463,73.7181741562179
"gene-AM1_RS20230",67.887242073486,101.54103463282,99.0798203510106,353.718724425046,133.609505577663,308.452360285227
"gene-AM1_RS20235",28.7657805396127,39.191276524948,31.4155527942229,87.2014910908967,57.028447502661,112.517213185806
"gene-AM1_RS20240",41.4227239770423,86.398950520908,82.6470696586479,342.050919279081,120.574431862769,213.394714662736
"gene-AM1_RS20245",100.104916277852,157.655816929904,149.828021018601,650.326613135631,200.414258366494,372.470774684048
"gene-AM1_RS20250",47.1758800849648,67.6940230885465,66.6976351631194,247.480288095996,70.063521217555,205.634906856818
"gene-AM1_RS20255",49.4771425281339,92.6339263316952,88.4468640206583,307.661598848868,83.0985949324489,201.755002953859
"gene-AM1_RS20260",199.05920133412,300.169549747897,231.991774480415,860.347105763002,267.219011155326,453.948756646184
"gene-AM1_RS20265",194.456676447782,192.39353930429,240.208149826597,238.882957988442,325.876842872349,259.953561498242
"gene-AM1_RS20270",81.6948167325001,114.010986254394,184.14347099383,241.339338019172,135.238889792025,161.016011972792
"gene-AM1_RS20275",67.887242073486,139.841600327655,88.4468640206583,144.312326805357,81.4692107180872,273.533225158598
"gene-AM1_RS20280",17.2594683237676,23.1584815829238,27.0657070227151,49.1276006145897,13.0350737148939,46.558846835506
"gene-AM1_RS20285",19.5607307669366,64.1311797680966,36.2487147625649,120.976716513427,24.4407632154262,143.556444409477
"gene-AM1_RS20295",56.3809298576409,84.6175288606831,75.3973267061349,95.7988211984499,102.65120550479,124.156924894683
"gene-AM1_RS20300",101.255547499437,241.382634960475,158.044396364783,230.899722888571,128.721352934578,325.911927848542
"gene-AM1_RS20305",170.293420794507,177.251455192378,201.542854079861,168.876127112652,226.484405796282,234.73418612901
"gene-AM1_RS20315",150.732690027571,137.169467837318,150.311337215436,136.329091705486,153.162116150004,126.096876846162
"gene-AM1_RS20320",275.000861958698,277.011068164973,168.194036498301,208.178207604324,233.001942653729,182.355483439065
"gene-AM1_RS20325",89.7492352835917,112.229564594169,47.8483034865856,35.0034154378951,68.4341370031932,77.5980780591767
"gene-AM1_RS20330",33.3683054259507,23.1584815829238,24.6491260385441,15.9664701997416,27.6995316441496,23.279423417753
"gene-AM1_RS20335",55.2302986360564,66.803312258434,83.1303858554821,70.0068308757903,53.7696790739375,54.3186546414237
"gene-AM1_RS20340",19.5607307669366,19.595638262474,33.8321337783939,28.2483703533891,22.8113790010644,21.3394714662736
"gene-AM1_RS20345",23.0126244316902,29.393457393711,34.7987661720623,31.9329403994833,27.6995316441496,9.69975975739709
"gene-AM1_RS20350",31.0670429827817,27.6120357334861,58.481259816938,63.2517857912842,37.4758369303201,32.9791831751501
"gene-AM1_RS20360",11.5063122158451,7.12568664089963,11.5995887240208,15.9664701997416,16.2938421436174,9.69975975739709
"gene-AM1_RS20365",118.515015823204,261.868984053061,163.844190726793,328.540829110069,125.462584505854,366.65091882961
"gene-AM1_RS20370",116.213753380035,87.2896613510204,198.642956898855,293.537413672173,234.631326868091,325.911927848542
"gene-AM1_RS20375",40.2720927554578,65.9126014283216,51.231516864425,57.7249307221429,22.8113790010644,48.4987987869854
"gene-AM1_RS20380",150.732690027571,232.47552665935,168.194036498301,342.665014286763,218.337484724474,570.345873734949
"gene-AM1_RS20385",96.6530226130987,145.18586530833,71.5307971314613,84.1310160524848,101.021821290428,168.775819778709
"gene-AM1_RS20390",23.0126244316902,37.409854864723,22.7158612512073,21.493325268883,29.3289158585114,36.8590870781089
"gene-AM1_RS20395",871.027834739473,1903.44904395031,1206.84054349499,2046.16456559766,1857.49800437239,2580.13609546763
"gene-AM1_RS20400",98.9542850562677,174.579322702041,203.476118867197,242.567528034537,135.238889792025,207.574858808298
"gene-AM1_RS20405",25.3138868748592,35.6284332044981,36.2487147625649,25.7919903226596,27.6995316441496,34.9191351266295
"gene-AM1_RS20410",23.0126244316902,41.8634090152853,60.897840801109,39.3020804916717,70.063521217555,83.417933913615
"gene-AM1_RS20415",46.0252488633803,81.0546855402333,80.2304886744769,144.312326805357,48.8815264308523,133.85668465208
"gene-AM1_RS20420",105.858072385775,86.398950520908,65.731002769451,98.8692962368617,87.9867475755341,46.558846835506
"gene-AM1_RS20425",489.018269173416,357.175042875094,258.574165306296,204.49363755823,488.815264308523,289.052840770433
"gene-AM1_RS20430",52.9290361928874,33.8470115442732,25.1324422353783,25.7919903226596,30.9583000728731,38.7990390295884
"gene-AM1_RS20435",44.8746176417958,31.1748790539359,39.6319281404043,19.0369452381535,24.4407632154262,17.4595675633148
"gene-AM1_RS20440",43.7239864202113,30.2841682238234,35.2820823688965,17.1946602151064,24.4407632154262,34.9191351266295
"gene-AM1_RS20445",263.494549742852,219.114864207664,257.124216715793,261.60447327269,677.823833174485,389.930342247363
"gene-AM1_RS20450",16.1088371021831,18.7049274323615,12.5662211176892,7.36914009218845,6.51753685744697,0
"gene-AM1_RS20455",28.7657805396127,33.8470115442732,18.8493316765337,17.1946602151064,13.0350737148939,21.3394714662736
"gene-AM1_RS20460",21.8619932101057,33.8470115442732,42.0485091245752,68.7786408604256,52.1402948595758,69.838270253259
"gene-AM1_RS20465",14.9582058805986,10.6885299613494,23.1991774480415,30.7047503841186,22.8113790010644,15.5196156118353
"gene-AM1_RS20470",55.2302986360564,66.803312258434,69.1142161472903,56.4967407067781,65.1753685744697,38.7990390295884
"gene-AM1_RS20475",26.4645180964437,33.8470115442732,69.1142161472903,55.2685506914134,57.028447502661,54.3186546414237
"gene-AM1_RS20480",194.456676447782,239.60121330025,297.239461053032,452.588020661907,369.870216660116,580.045633492346
"gene-AM1_RS20485",72.489766959824,82.8361072004582,117.44583583071,95.7988211984499,92.8749002186194,64.0184143988208
"gene-AM1_RS20490",141.527640254895,122.027383725406,115.995887240208,101.325676267591,143.385810863833,108.637309282847
"gene-AM1_RS20495",842.26205419986,590.541280364557,451.900644039975,451.359830646543,671.306296317038,692.562846678152
"gene-AM1_RS20500",39.1214615338733,86.398950520908,56.064678832767,81.6746360217553,47.2521422164906,71.7782222047385
"gene-AM1_RS20505",265.795812186021,381.22423528813,303.039255415042,351.876439401999,363.352679802669,422.909525422513
"gene-AM1_RS20510",90.8998665051762,75.7104205595585,59.9312084074406,73.0773059142022,58.6578317170228,79.5380300106561
"gene-AM1_RS20515",33.3683054259507,44.5355415056227,28.9989718100519,30.0906553764362,26.0701474297879,25.2193753692324
"gene-AM1_RS20520",176.04657690243,138.06017866743,138.711748491415,221.688297773336,203.673026795218,186.235387342024
"gene-AM1_RS20525",277.302124401867,265.431827373511,283.22329134484,361.701959524917,286.771621727667,347.251399314816
"gene-AM1_RS20530",436.089232980529,358.956464535319,392.936068026203,318.101213979468,373.128985088839,374.410726635528
"gene-AM1_RS20535",256.590762413345,236.929080809913,379.88653071168,404.688610062682,280.25408487022,323.971975897063
"gene-AM1_RS20540",258.892024856514,276.120357334861,301.105990627706,316.873023964103,241.148863725538,228.914330274571
"gene-AM1_RS42890",56.3809298576409,48.9890956561849,47.3649872897514,28.8624653610714,22.8113790010644,19.3995195147942
"gene-AM1_RS20550",72.489766959824,114.901697084506,96.1799231700055,243.181623042219,74.9516738606402,176.535627584627
"gene-AM1_RS20555",75.9416606245776,88.1803721811329,72.9807457219639,316.873023964103,57.028447502661,89.2377897680532
"gene-AM1_RS20560",118.515015823204,269.885381524073,123.728946389555,585.2325423213,66.8047527888315,129.976780749121
"gene-AM1_RS20565",1156.38437769243,1479.47068881679,535.997662289126,317.487118971786,967.854223330876,626.604480327852
"gene-AM1_RS42240",286.507174174543,267.213249033736,148.861388624933,88.4296811062614,254.183937440432,166.83586782723
"gene-AM1_RS20570",170.293420794507,134.49733534698,136.295167507244,106.23843632905,175.973495151068,108.637309282847
"gene-AM1_RS20575",73.6403981814085,79.2732638800084,70.564164737793,60.7954057605547,78.2104422893637,83.417933913615
"gene-AM1_RS20580",162.239002243416,146.076576138442,84.0970182491505,67.5504508450608,105.909973933513,60.138510495862
"gene-AM1_RS20585",378.557671901303,582.524882893544,331.071594831426,626.376907836018,503.479722237779,620.784624473414
"gene-AM1_RS20590",11.5063122158451,7.12568664089963,8.21637534618137,14.1241851766945,4.88815264308523,3.87990390295884
"gene-AM1_RS20595",82.8454479540846,134.49733534698,57.5146274232696,95.7988211984499,55.3990632882993,108.637309282847
"gene-AM1_RS20600",171.444052016092,178.142166022491,409.8521349154,393.020804916717,663.15937524523,345.311447363336
"gene-AM1_RS20605",172.594683237676,255.634008242274,139.195064688249,249.322573119043,234.631326868091,318.152120042625
"gene-AM1_RS20610",104.70744116419,179.923587682716,118.412468224379,272.04408840329,190.637953080324,374.410726635528
"gene-AM1_RS20615",203.661726220458,208.426334246314,198.642956898855,158.436511982052,250.925169011708,236.674138080489
"gene-AM1_RS37685",32.2176742043662,40.0819873550604,22.7158612512073,22.7215152842477,9.77630528617046,11.6397117088765
"gene-AM1_RS20625",49.4771425281339,114.010986254394,71.0474809346271,72.4632109065198,40.7346053590436,96.9975975739709
"gene-AM1_RS42245",8.05441855109156,9.79781913123699,13.0495373145234,8.59733010755319,4.88815264308523,3.87990390295884
"gene-AM1_RS20635",212.866775993134,331.344428801833,115.995887240208,68.1645458527432,179.232263579792,89.2377897680532
"gene-AM1_RS20640",4558.80089991782,4898.90956561849,2509.37769396316,1874.83205845428,4576.94025814214,2648.03441376941
"gene-AM1_RS20645",71.3391357382395,130.934492026531,71.5307971314613,89.0437761139438,61.9166001457463,133.85668465208
"gene-AM1_RS20650",77.0922918461621,215.552020887214,112.129357665534,405.916800078047,52.1402948595758,492.747795675772
"gene-AM1_RS42250",154.184583692324,613.69976194748,633.1442178528,3481.91869355904,202.043642580856,2878.88869599546
"gene-AM1_RS20655",220.921194544226,192.39353930429,119.862416814881,139.399566743898,410.604822019159,325.911927848542
"gene-AM1_RS20660",1318.62337993585,1348.53619679025,1070.06205979091,1239.85782051071,1709.22404086547,1414.2249726285
"gene-AM1_RS42255",39.1214615338733,32.9563007141608,40.5985605340727,36.8457004609423,32.5876842872349,17.4595675633148
"gene-AM1_RS20665",46.0252488633803,51.6612281465223,59.4478922106064,92.1142511523556,57.028447502661,40.7389909810678
"gene-AM1_RS20670",476.361325735986,489.000245731737,367.803625790825,413.900035177918,643.606764672889,607.204960813058
"gene-AM1_RS20675",2433.58503365124,512.158727314661,1224.72324277786,354.94691444041,2546.72752704741,570.345873734949
"gene-AM1_RS20680",712.240726160811,569.164220441858,593.512289712395,471.010870892379,847.279791468107,614.964768618976
"gene-AM1_RS20685",156.485846135493,396.366319400042,162.394242136291,199.580877496771,128.721352934578,226.974378323092
"gene-AM1_RS20690",834.207635648769,2061.99557171033,966.632393668397,2535.59828672051,1324.6893662761,3111.68293017299
"gene-AM1_RS20695",14.9582058805986,36.5191440346106,20.2992802670363,24.5638003072948,22.8113790010644,27.1593273207119
"gene-AM1_RS20700",598.328235223944,603.011231986131,394.86933281354,477.765915976885,646.865533101612,708.082462289988
"gene-AM1_RS20705",109.309966050528,97.0874804822574,79.7471724776427,71.235020891155,112.42751079096,83.417933913615
"gene-AM1_RS20710",58.6821923008099,119.355251235069,50.2648844707566,82.2887310294377,26.0701474297879,31.0392312236707
"gene-AM1_RS20720",11.5063122158451,24.9399032431487,31.8988689910571,70.0068308757903,6.51753685744697,11.6397117088765
"gene-AM1_RS20735",1713.28988893933,835.486758645481,1856.90082823699,685.944123581208,1800.46955686973,739.121693513658
"gene-AM1_RS20740",913.6011899381,356.284332044981,1463.96476021079,517.067996468556,1688.04204607877,797.320252058041
"gene-AM1_RS20745",272.699599515529,233.366237489463,146.928123837596,184.842597312394,219.966868938835,219.214570517174
"gene-AM1_RS20750",419.980395878346,332.235139631945,438.367790528618,265.289043318784,588.207701384589,432.60928517991
"gene-AM1_RS20755",19.5607307669366,18.7049274323615,15.4661182986943,8.59733010755319,11.4056895005322,7.75980780591767
"gene-AM1_RS20760",239.331294089578,200.409936775302,212.659126607047,141.241851766945,312.841769157455,304.572456382269
"gene-AM1_RS20765",348.641260140106,252.071164921824,194.293111127348,189.14126236617,329.135611301072,199.81505100238
"gene-AM1_RS20770",173.745314459261,45.4262523357351,81.6804372649795,33.161130414848,43.9933737877671,52.3787026899443
"gene-AM1_RS20775",110.460597272113,34.7377223743857,71.0474809346271,28.2483703533891,50.510910645214,25.2193753692324
"gene-AM1_RS20780",116.213753380035,1.78142166022491,32.3821851878913,6.75504508450608,37.4758369303201,3.87990390295884
"gene-AM1_RS20785",49.4771425281339,6.23497581078717,21.2659126607047,19.0369452381535,26.0701474297879,5.81985585443825
"gene-AM1_RS20795",400.419665111409,60.5683364476468,50.2648844707566,50.3557906299544,63.545984360108,67.8983183017796
"gene-AM1_RS20800",3014.65380055141,437.339017585215,568.379847477017,808.763125117683,729.964128034061,605.265008861578
"gene-AM1_RS20805",686.926839285952,467.623185809038,871.902419088894,740.598579264939,941.784075901088,923.417128904203
"gene-AM1_RS41120",373.955147014965,310.858079709246,255.190951928457,214.93325268883,443.192506306394,405.449957859198
"gene-AM1_RS20815",23.0126244316902,29.393457393711,34.3154499752281,32.5470354071657,48.8815264308523,34.9191351266295
"gene-AM1_RS20820",3.45189366475353,11.5792407914619,9.66632393668397,8.59733010755319,11.4056895005322,17.4595675633148
"gene-AM1_RS20830",18.4100995453521,15.1420841119117,18.8493316765337,8.59733010755319,14.6644579292557,15.5196156118353
"gene-AM1_RS20835",113.912490936866,88.1803721811329,64.2810541789484,38.073890476307,55.3990632882993,89.2377897680532
"gene-AM1_RS20840",87.4479728404227,124.699516215743,100.046452744679,90.2719661293085,94.5042844329811,69.838270253259
"gene-AM1_RS20845",59.8328235223944,62.3497581078717,70.564164737793,45.4430305684955,76.5810580750019,71.7782222047385
"gene-AM1_RS20850",161.088371021831,182.595720173053,168.194036498301,134.486806682439,172.714726722345,197.875099050901
"gene-AM1_RS20855",1070.08703607359,1120.51422428147,810.52126209095,1403.20709255422,6838.52554767624,11721.1896908386
"gene-AM1_RS20860",688.077470507536,930.792817467514,471.233291913343,751.03819439554,2781.3588539155,7012.9263045981
"gene-AM1_RS20865",82.8454479540846,149.639419458892,68.6308999504562,87.2014910908967,391.052211446818,572.285825686428
"gene-AM1_RS20870",217.469300879472,172.797901041816,93.2800259890003,62.6376907836018,244.407632154262,248.313849789365
"gene-AM1_RS20875",936.61381436979,570.945642102083,314.155527942229,232.742007911619,879.867475755342,331.73178370298
"gene-AM1_RS20880",153.03395247074,111.338853764057,120.82904920855,101.325676267591,94.5042844329811,116.397117088765
"gene-AM1_RS20885",44.8746176417958,54.3333606368597,39.6319281404043,24.5638003072948,43.9933737877671,19.3995195147942
"gene-AM1_RS20890",47.1758800849648,24.9399032431487,40.1152443372385,35.6175104455775,21.1819947867027,15.5196156118353
"gene-AM1_RS20895",157.636477357078,103.322456293045,37.2153471562333,41.7584605224012,70.063521217555,75.6581261076973
"gene-AM1_RS20900",159.937739800247,138.950889497543,84.0970182491505,57.1108357144605,122.203816077131,77.5980780591767
"gene-AM1_RS20905",227.824981873733,260.978273222949,190.426581552674,167.033842089605,158.050268793089,157.136108069833
"gene-AM1_RS20910",79.3935542893311,119.355251235069,108.26282809086,112.379386405874,96.1336686473429,141.616492457998
"gene-AM1_RS20915",42.5733551986268,92.6339263316952,36.2487147625649,54.654455683731,26.0701474297879,46.558846835506
"gene-AM1_RS20920",111.611228493697,343.814380423407,122.278997799052,209.406397619689,125.462584505854,289.052840770433
"gene-AM1_RS20925",159.937739800247,534.426498067472,192.359846340011,314.416643933374,236.260711082453,419.029621519554
"gene-AM1_RS20930",275.000861958698,773.13700053761,512.798484841084,708.051543857774,482.297727451076,1377.36588555039
"gene-AM1_RS20935",319.875479600493,457.825366677801,282.256658951172,241.953433026854,299.806695442561,186.235387342024
"gene-AM1_RS20940",805.441855109156,876.459456830654,892.685015552764,1110.28377388973,962.96607068779,894.317849632012
"gene-AM1_RS20945",1399.16756544676,1643.36148155748,1364.40162366294,1470.1434483916,1655.45436179153,1478.24338702732
"gene-AM1_RS20950",1467.05480752025,1815.26867176918,1229.07308854937,1355.30768195499,1336.09505577663,1420.04482848293
"gene-AM1_RS20955",1670.71653374071,2144.83167891079,1739.45499240628,1590.50606989734,2106.79378916973,2079.62849198594
"gene-AM1_RS20960",1717.89241382567,2392.44928968205,1581.89391223833,1687.53308111116,2201.29807360272,1963.23137489717
"gene-AM1_RS20965",666.21547729743,1009.17537051741,752.040002274013,524.437136560745,953.18976540162,810.899915718397
"gene-AM1_RS20970",1342.78663558912,1511.53627870083,959.382650715884,1055.629318206,1759.73495151068,1268.72857626754
"gene-AM1_RS20975",139.226377811726,187.939985153728,115.512571043373,108.080721352097,169.455958293621,118.337069040245
"gene-AM1_RS20980",241.632556532747,373.207837817118,239.241517432928,237.040672965395,265.589626940964,353.071255169254
"gene-AM1_RS41125",11.5063122158451,21.3770599226989,32.3821851878913,39.3020804916717,29.3289158585114,25.2193753692324
"gene-AM1_RS20985",112.761859715282,81.9453963703457,120.82904920855,239.497052996125,102.65120550479,91.1777417195326
"gene-AM1_RS20990",2874.2767915181,2004.99007858313,2462.97933906707,2288.11799862451,4661.66823728895,2921.567638928
"gene-AM1_RS20995",174.895945680845,98.8689021424823,138.711748491415,138.785471736216,174.344110936707,223.094474420133
"gene-AM1_RS21000",188.703520339859,221.786996698001,297.239461053032,209.406397619689,298.177311228199,281.293032964516
"gene-AM1_RS21005",228.975613095317,245.836189111037,315.122160335897,211.248682642736,275.365932227135,226.974378323092
"gene-AM1_RS21010",752.512818916269,702.770844958726,952.132907763371,830.870545394248,902.678854756406,836.119291087629
"gene-AM1_RS21015",186.40225789669,211.098466736651,270.173754030317,139.399566743898,311.212384943093,271.593273207119
"gene-AM1_RS21020",119.665647044789,132.715913686756,174.477147057146,108.080721352097,156.420884578727,137.736588555039
"gene-AM1_RS21025",2227.62204498761,2705.97950188163,866.585940923718,1026.76685284492,1362.16520320642,1177.55083454801
"gene-AM1_RS21030",228.975613095317,280.573911485423,173.510514663477,99.4833912445441,179.232263579792,122.216972943203
"gene-AM1_RS21035",227.824981873733,257.415429902499,146.928123837596,166.419747081923,172.714726722345,378.290630538486
"gene-AM1_RS21040",767.471024796867,700.989423298501,397.769229994545,384.423474809164,949.930996972896,690.622894726673
"gene-AM1_RS21045",577.616873235423,659.126014283215,629.277688278126,452.588020661907,718.558438533529,886.558041826094
"gene-AM1_RS44280",231.276875538486,144.295154478217,252.291054747451,203.879542550547,228.113790010644,176.535627584627
"gene-AM1_RS21055",849.165841529367,694.754447487714,649.093652348328,428.024220354613,910.825775828215,904.017609389409
"gene-AM1_RS21060",935.463183148205,1009.17537051741,640.393960805313,754.722764441634,728.334743819699,921.477176952724
"gene-AM1_RS21065",1454.39786408282,1771.62384109367,961.799231700055,1958.96307450676,1639.16051964791,2494.77820960253
"gene-AM1_RS21070",231.276875538486,195.95638262474,192.843162536845,169.490222120334,249.295784797347,197.875099050901
"gene-AM1_RS21075",1516.53195004838,1100.91858601899,1787.7866120897,1705.95593134163,2176.85731038729,1837.13449805101
"gene-AM1_RS21080",680.023051956445,665.360990094003,379.88653071168,399.775850001224,498.591569594694,471.408324209499
"gene-AM1_RS21085",1674.16842740546,1463.43789387476,1461.06486302978,1488.56629862207,2211.07437888889,1633.43954314567
"gene-AM1_RS21090",1204.71088899898,1228.29023472507,1033.33002883152,3081.52874855014,1732.03541986653,2876.94874404398
"gene-AM1_RS21095",242.783187754331,342.923669593295,238.27488503926,319.329403994833,219.966868938835,422.909525422513
"gene-AM1_RS21100",321.026110822078,414.180536002291,339.287970177607,316.258928956421,369.870216660116,366.65091882961
"gene-AM1_RS21105",73.6403981814085,65.9126014283216,56.064678832767,41.1443655147189,65.1753685744697,60.138510495862
"gene-AM1_RS21110",120.816278266373,92.6339263316952,100.529768941513,115.449861444286,229.743174225006,112.517213185806
"gene-AM1_RS21115",275.000861958698,84.6175288606831,161.910925939456,103.782056298321,293.289158585114,100.87750147693
"gene-AM1_RS21120",1062.0326175225,110.448142933944,455.767173614649,40.5302705070365,1147.08648691067,50.4387507384649
"gene-AM1_RS21125",7246.67543353923,578.962039573095,4814.31263666545,305.205218818138,11232.9747738099,428.729381276951
"gene-AM1_RS21130",795.086174114895,673.377387565015,591.579024925059,450.131640631178,840.76225461066,628.544432279331
"gene-AM1_RS42260",25.3138868748592,13.3606624516868,15.9494344955285,14.7382801843769,16.2938421436174,9.69975975739709
"gene-AM1_RS21135",188.703520339859,198.628515115077,136.778483704078,70.6209258834727,145.015195078195,114.457165137286
"gene-AM1_RS21140",551.15235513898,479.2024266005,558.230207343499,577.249307221429,581.690164527142,519.907122996484
"gene-AM1_RS21145",5142.17092926117,3905.76699004311,5252.68042719407,5688.97615116949,6532.20131537623,4650.06482769616
"gene-AM1_RS21150",9389.15076812959,8016.39747101208,6624.81511000636,5948.73833941913,10589.368009137,8698.74455043371
"gene-AM1_RS21155",498.223318946092,374.989259477343,605.111878436416,509.084761368686,441.563122092032,498.56765153021
"gene-AM1_RS21160",314.122323492571,347.377223743857,220.875501953229,162.121082028146,215.07871629575,168.775819778709
"gene-AM1_RS21165",949.27075780722,553.131425499834,722.074398070292,536.719036714392,891.273165255874,721.662125950343
"gene-AM1_RS21170",125.418803152711,102.431745462932,97.1465555636739,79.8323509987082,102.65120550479,118.337069040245
"gene-AM1_RS21175",75.9416606245776,86.398950520908,73.9473781156323,79.8323509987082,128.721352934578,87.2978378165738
"gene-AM1_RS21180",151.883321249155,133.606624516868,140.645013278752,66.9363558373784,133.609505577663,131.9167327006
"gene-AM1_RS21185",144.979533919648,134.49733534698,235.374987858255,162.121082028146,210.190563652665,230.854282226051
"gene-AM1_RS21190",20.7113619885212,48.0983848260725,27.0657070227151,47.8994105992249,32.5876842872349,48.4987987869854
"gene-AM1_RS21195",214.017407214719,261.868984053061,183.176838600161,195.896307450676,216.708100510112,252.193753692324
"gene-AM1_RS21200",89.7492352835917,125.590227045856,80.2304886744769,77.3759709679787,128.721352934578,135.796636603559
"gene-AM1_RS21205",134.623852925387,176.360744362266,161.427609742622,147.382801843769,149.90334772128,188.175339293504
"gene-AM1_RS21210",150.732690027571,186.158563493503,122.278997799052,119.748526498062,158.050268793089,110.577261234327
"gene-AM1_RS21215",47.1758800849648,50.7705173164098,39.1486119435701,32.5470354071657,58.6578317170228,21.3394714662736
"gene-AM1_RS21220",28.7657805396127,29.393457393711,32.8655013847255,19.6510402458359,21.1819947867027,34.9191351266295
"gene-AM1_RS39920",58.6821923008099,57.005493127197,71.0474809346271,63.2517857912842,63.545984360108,40.7389909810678
"gene-AM1_RS21235",28.7657805396127,25.8306140732611,30.9322365973887,23.3356102919301,26.0701474297879,19.3995195147942
"gene-AM1_RS21240",90.8998665051762,81.0546855402333,108.746144287695,90.2719661293085,94.5042844329811,81.4779819621356
"gene-AM1_RS21245",125.418803152711,115.792407914619,80.7138048713111,84.7451110601672,127.091968720216,106.697357331368
"gene-AM1_RS21250",67.887242073486,48.9890956561849,33.8321337783939,26.406085330342,34.2170685015966,19.3995195147942
"gene-AM1_RS21255",28.7657805396127,32.9563007141608,48.814935880254,26.406085330342,22.8113790010644,19.3995195147942
"gene-AM1_RS21260",107.008703607359,82.8361072004582,103.429666122518,47.2853155915426,140.12704243511,112.517213185806
"gene-AM1_RS21265",215.168038436303,168.344346891254,222.808766740565,205.721827573594,355.20575873086,215.334666614215
"gene-AM1_RS21270",81.6948167325001,86.398950520908,96.6632393668396,52.8121706606839,91.2455160042576,52.3787026899443
"gene-AM1_RS21275",17.2594683237676,11.5792407914619,17.8826992828653,9.21142511523557,16.2938421436174,5.81985585443825
"gene-AM1_RS21280",65.585979630317,40.9726981851729,45.4317225024146,30.0906553764362,39.1052211446818,21.3394714662736
"gene-AM1_RS21285",5747.40295181462,4907.81667391962,721.107765676624,476.53772596152,3175.66983379104,1352.14651018115
"gene-AM1_RS21290",9328.16731338561,6381.94309775573,1207.32385969183,1296.35456121749,5826.67795055759,2091.26820369481
"gene-AM1_RS21295",2773.02124401867,1654.05001151883,504.582109494903,538.561321737439,1433.85810863833,547.066450317196
"gene-AM1_RS21300",11420.0148742262,8622.08083548855,1797.45293602638,1992.73829992929,6165.58986714484,2684.89350084751
"gene-AM1_RS21305",2950.21845214268,2435.20340952745,471.716608110178,444.604785562037,1505.55101407025,585.865489346784
"gene-AM1_RS21310",3726.89452671222,2722.90300765377,626.377791097121,612.252722659324,2000.88381523622,729.421933756261
"gene-AM1_RS21315",10049.6130893191,8387.82388716897,1524.8626010119,1682.6203210497,6170.47801978792,2475.37869008774
"gene-AM1_RS21320",5014.45086366529,3807.78879873074,782.005606477733,905.790136331497,3058.35417035699,1063.09366941072
"gene-AM1_RS21325",1363.49799757764,1132.09346507293,307.872417383384,324.856259063974,848.909175682468,306.512408333748
"gene-AM1_RS21330",1893.9389907281,1466.1100263651,395.835965207208,469.168585869331,1277.43722405961,479.168132015416
"gene-AM1_RS21335",3417.37472810599,2662.33467120612,575.62959042953,685.330028573526,2061.17103116761,853.578858650944
"gene-AM1_RS21340",3019.25632543775,2339.89735070542,528.264603139779,766.390569587599,2026.95396266601,708.082462289988
"gene-AM1_RS21345",6585.06248112814,4916.72378222074,845.803344459847,1086.9481635978,2947.55604378039,1204.71016186872
"gene-AM1_RS21350",3489.86449506581,2893.02877620525,599.79540027124,760.863714518458,2022.06581002292,876.858282068697
"gene-AM1_RS21355",4221.66595199356,3469.31868328801,711.924757936774,783.585229802705,2375.64218453942,1092.19294868291
"gene-AM1_RS21360",2838.60722364898,1781.42166022491,420.485091245752,523.823041553062,1378.45904535004,678.983183017796
"gene-AM1_RS21365",9045.11203287582,6935.07452325556,1155.12571043373,1471.98573341464,4487.32412635224,1839.07445000249
"gene-AM1_RS21370",2880.02994762602,2382.65147055081,560.64678832767,575.407022198382,1885.19753601654,807.020011815438
"gene-AM1_RS21375",11751.3966660426,11467.9019376978,2840.44928879458,3434.01928295982,7998.6471083018,4999.25617896246
"gene-AM1_RS21380",2556.70257436078,2756.75001919804,481.866248243696,485.749151076755,1425.71118756653,599.44515300714
"gene-AM1_RS21385",811.195011217078,831.923915325031,206.859332245037,157.822416974369,459.486348450012,176.535627584627
"gene-AM1_RS21390",472.909432071233,763.339181406373,95.6966069731713,53.4262656683663,148.273963506919,60.138510495862
"gene-AM1_RS21395",69.0378732950705,133.606624516868,74.9140105093007,121.590811521109,60.2872159313845,126.096876846162
"gene-AM1_RS21400",60.983454743979,54.3333606368597,73.9473781156323,74.9195909372493,74.9516738606402,73.7181741562179
"gene-AM1_RS21405",14.9582058805986,13.3606624516868,10.1496401335182,13.5100901690122,13.0350737148939,11.6397117088765
"gene-AM1_RS21410",8.05441855109156,8.01639747101208,26.5823908258809,39.3020804916717,19.5526105723409,13.5796636603559
"gene-AM1_RS21415",40.2720927554578,47.20767399596,59.9312084074406,73.0773059142022,14.6644579292557,23.279423417753
"gene-AM1_RS21420",12.6569434374296,13.3606624516868,23.6824936448757,30.0906553764362,14.6644579292557,11.6397117088765
"gene-AM1_RS21425",36.8201990907043,34.7377223743857,51.231516864425,46.6712205838602,30.9583000728731,29.0992792721913
"gene-AM1_RS43270",71.3391357382395,91.7432155015827,87.4802316269899,255.463523195866,40.7346053590436,149.376300263915
"gene-AM1_RS21435",269.247705850775,931.683528297626,182.210206206493,2185.56413234156,96.1336686473429,1856.5340175658
"gene-AM1_RS21440",16.1088371021831,15.1420841119117,30.9322365973887,31.9329403994833,14.6644579292557,17.4595675633148
"gene-AM1_RS21445",34.5189366475353,31.1748790539359,56.064678832767,71.8491158988374,26.0701474297879,71.7782222047385
"gene-AM1_RS21450",11.5063122158451,10.6885299613494,17.8826992828653,15.9664701997416,6.51753685744697,11.6397117088765
"gene-AM1_RS21455",219.770563322641,310.858079709246,267.757173046146,336.524064209939,270.477779584049,296.812648576351
"gene-AM1_RS21460",58.6821923008099,91.7432155015827,81.6804372649795,138.171376728533,71.6929054319167,232.79423417753
"gene-AM1_RS21465",17.2594683237676,34.7377223743857,32.3821851878913,42.986650537766,24.4407632154262,52.3787026899443
"gene-AM1_RS21470",27.6151493180282,21.3770599226989,39.6319281404043,44.8289355608131,17.9232263579792,21.3394714662736
"gene-AM1_RS21475",29.9164117611972,33.8470115442732,39.1486119435701,47.8994105992249,29.3289158585114,27.1593273207119
"gene-AM1_RS21480",42.5733551986268,25.8306140732611,35.2820823688965,39.9161754993541,11.4056895005322,27.1593273207119
"gene-AM1_RS21485",35.6695678691198,28.5027465635985,42.0485091245752,48.5135056069073,27.6995316441496,34.9191351266295
"gene-AM1_RS21490",58.6821923008099,33.8470115442732,43.4984577150778,36.8457004609423,43.9933737877671,48.4987987869854
"gene-AM1_RS21505",5.75315610792254,8.90710830112453,20.2992802670363,28.2483703533891,16.2938421436174,17.4595675633148
"gene-AM1_RS21510",18.4100995453521,15.1420841119117,27.5490232195493,17.1946602151064,14.6644579292557,11.6397117088765
"gene-AM1_RS38770",574.16497957067,518.393703125448,611.394988995261,458.114875731049,501.850338023417,517.967171045005
"gene-AM1_RS21530",48.3265113065494,57.005493127197,64.7643703757826,56.4967407067781,53.7696790739375,34.9191351266295
"gene-AM1_RS21535",98.9542850562677,90.8525046714702,89.8968126111609,87.815586098579,99.3924370760663,81.4779819621356
"gene-AM1_RS21540",75.9416606245776,89.9617938413578,85.0636506428189,83.5169210448025,71.6929054319167,87.2978378165738
"gene-AM1_RS21545",170.293420794507,74.8197097294461,220.392185756394,291.081033641444,197.155489937771,205.634906856818
"gene-AM1_RS21550",98.9542850562677,47.20767399596,81.6804372649795,82.9028260371201,79.8398265037254,89.2377897680532
"gene-AM1_RS21555",546.549830252642,144.295154478217,171.57724987614,128.345856605616,187.3791846516,170.715771730189
"gene-AM1_RS21560",1478.56111973609,83.7268180305706,132.42863793257,109.308911367462,76.5810580750019,102.817453428409
"gene-AM1_RS21565",153.03395247074,191.502828474177,160.944293545788,186.684882335441,143.385810863833,188.175339293504
"gene-AM1_RS21575",275.000861958698,525.519389766347,365.870361003488,2450.23908065266,430.1574325915,2585.95595132206
"gene-AM1_RS21580",2278.24981873733,2421.84274707576,2524.36049606502,5212.43842520797,3007.84325971178,4845.99997479559
"gene-AM1_RS21585",261.193287299683,281.464622315535,211.209178016545,251.778953149772,290.03039015639,356.951159072213
"gene-AM1_RS21590",451.047438861127,579.852750403207,410.818767309069,480.836391015296,438.304353663309,704.202558387029
"gene-AM1_RS21595",156.485846135493,140.732311157768,130.978689342068,89.6578711216262,148.273963506919,135.796636603559
"gene-AM1_RS21600",59.8328235223944,65.9126014283216,55.5813626359328,49.1276006145897,68.4341370031932,50.4387507384649
"gene-AM1_RS21605",276.151493180282,261.868984053061,246.491260385441,288.624653610714,405.716669376074,362.771014926651
"gene-AM1_RS21610",57.5315610792254,123.808805385631,98.1131879573422,273.272278418655,37.4758369303201,184.295435390545
"gene-AM1_RS21615",139.226377811726,109.557432103832,165.294139317296,109.308911367462,94.5042844329811,137.736588555039
"gene-AM1_RS21620",201.360463777289,180.814298512828,243.108047007602,257.919903226596,249.295784797347,283.232984915995
"gene-AM1_RS21625",418.829764656761,415.071246832403,1133.37648157619,1131.77709915861,1044.43528140588,1497.64290654211
"gene-AM1_RS21630",79.3935542893311,69.4754447487714,145.478175247094,149.225086866816,120.574431862769,161.016011972792
"gene-AM1_RS21635",224.373088208979,428.43190928409,276.456864589161,279.413228495479,231.372558439368,366.65091882961
"gene-AM1_RS42265",27.6151493180282,61.4590472777593,20.7825964638705,98.2552012291794,8.14692107180872,87.2978378165738
"gene-AM1_RS21645",225.523719430564,167.453636061141,267.273856849312,235.198387942348,237.890095296815,294.872696624872
"gene-AM1_RS21650",81.6948167325001,102.431745462932,72.9807457219639,73.0773059142022,198.784874152133,131.9167327006
"gene-AM1_RS44665",21.8619932101057,179.032876852603,23.6824936448757,47.2853155915426,17.9232263579792,110.577261234327
"gene-AM1_RS21655",27.6151493180282,24.0491924130362,30.9322365973887,30.7047503841186,27.6995316441496,23.279423417753
"gene-AM1_RS21660",20.7113619885212,9.79781913123699,19.8159640702021,33.161130414848,13.0350737148939,19.3995195147942
"gene-AM1_RS21670",19.5607307669366,17.8142166022491,31.4155527942229,30.0906553764362,35.8464527159584,27.1593273207119
"gene-AM1_RS21675",41.4227239770423,24.9399032431487,46.398354896083,39.9161754993541,21.1819947867027,25.2193753692324
"gene-AM1_RS37700",31.0670429827817,27.6120357334861,20.2992802670363,15.3523751920593,22.8113790010644,1.93995195147942
"gene-AM1_RS42270",40.2720927554578,40.9726981851729,46.8816710929172,38.6879854839894,58.6578317170228,32.9791831751501
"gene-AM1_RS21690",12.6569434374296,14.2513732817993,26.0990746290467,21.493325268883,21.1819947867027,11.6397117088765
"gene-AM1_RS21695",14.9582058805986,8.90710830112453,12.5662211176892,20.8792302612006,13.0350737148939,1.93995195147942
"gene-AM1_RS21700",138.075746590141,130.934492026531,208.309280835539,201.423162519818,213.449332081388,232.79423417753
"gene-AM1_RS21710",88.5986040620072,92.6339263316952,43.981773911912,39.9161754993541,39.1052211446818,54.3186546414237
"gene-AM1_RS21720",20.7113619885212,23.1584815829238,13.0495373145234,20.2651352535182,11.4056895005322,15.5196156118353
"gene-AM1_RS21725",24.1632556532747,22.2677707528113,24.6491260385441,20.2651352535182,24.4407632154262,13.5796636603559
"gene-AM1_RS21730",148.431427584402,185.26785266339,118.895784421213,163.349272043511,161.309037221813,162.955963924271
"gene-AM1_RS21735",138.075746590141,166.562925231029,169.160668891969,280.641418510844,244.407632154262,203.694954905339
"gene-AM1_RS21740",177.197208124014,171.016479381591,168.194036498301,259.148093241961,131.980121363301,161.016011972792
"gene-AM1_RS21745",11.5063122158451,18.7049274323615,7.24974295251297,46.0571255761778,4.88815264308523,21.3394714662736
"gene-AM1_RS21750",26.4645180964437,81.9453963703457,62.3477893916116,342.050919279081,34.2170685015966,161.016011972792
"gene-AM1_RS21755",18.4100995453521,62.3497581078717,42.5318253214094,346.96367934054,24.4407632154262,118.337069040245
"gene-AM1_RS21760",987.241588119508,357.175042875094,3510.32553760678,886.139096085661,1759.73495151068,490.807843724293
"gene-AM1_RS21765",732.952088149332,210.207755906539,2808.06710360669,978.867442245699,1393.12350327929,535.426738608319
"gene-AM1_RS21770",683.474945621198,252.071164921824,1787.7866120897,401.004040016588,754.404891249487,320.092071994104
"gene-AM1_RS21775",89.7492352835917,90.8525046714702,233.925039267752,73.0773059142022,102.65120550479,102.817453428409
"gene-AM1_RS21780",492.47016283817,823.016807023907,445.134217284297,1175.37784470406,684.341370031932,1802.21536292438
"gene-AM1_RS21785",163.389633465,72.1475772391087,95.6966069731713,45.4430305684955,109.168742362237,56.2586065929031
"gene-AM1_RS21790",640.901590422571,507.705173164098,555.330310162494,615.323197697736,788.621959751084,1039.81424599297
"gene-AM1_RS21795",39.1214615338733,48.0983848260725,37.2153471562333,37.4597954686246,29.3289158585114,23.279423417753
"gene-AM1_RS21800",10.3556809942606,17.8142166022491,26.0990746290467,16.580565207424,13.0350737148939,19.3995195147942
"gene-AM1_RS21805",36.8201990907043,32.0655898840483,45.4317225024146,22.1074202765654,34.2170685015966,31.0392312236707
"gene-AM1_RS21810",445.294282753205,384.78707860858,380.369846908514,251.778953149772,523.03233281012,438.429141034348
"gene-AM1_RS21815",1378.45620345824,2203.61859369821,343.637815949115,301.520648772044,790.251343965446,659.583663503002
"gene-AM1_RS21820",904.396140165424,888.929408452228,284.673239935343,207.564112596641,532.80863809629,285.172936867474
"gene-AM1_RS38775",1006.80231888644,928.120684977176,248.424525172778,238.882957988442,469.262653736182,244.433945886407
"gene-AM1_RS21825",134.623852925387,133.606624516868,88.4468640206583,77.3759709679787,112.42751079096,85.3578858650944
"gene-AM1_RS21830",49.4771425281339,54.3333606368597,21.2659126607047,31.3188453918009,47.2521422164906,25.2193753692324
"gene-AM1_RS21835",6849.70766209258,2006.77150024336,4920.64219996897,4814.50486022979,8577.07850440022,3497.73336851739
"gene-AM1_RS21840",582.219398121761,522.84725727601,208.792597032374,609.796342628594,426.898664162777,845.819050845026
"gene-AM1_RS21845",247.385712640669,182.595720173053,123.728946389555,110.537101382827,237.890095296815,164.895915875751
"gene-AM1_RS21850",164.540264686585,122.027383725406,79.7471724776427,68.1645458527432,86.3573633611724,69.838270253259
"gene-AM1_RS21855",75.9416606245776,85.5082396907955,79.2638562808085,71.235020891155,97.7630528617046,91.1777417195326
"gene-AM1_RS21860",108.159334828944,130.934492026531,119.379100618047,84.7451110601672,148.273963506919,151.316252215395
"gene-AM1_RS21865",80.5441855109156,89.9617938413578,103.912982319353,165.80565207424,52.1402948595758,96.9975975739709
"gene-AM1_RS21870",395.817140225071,200.409936775302,239.724833629762,113.607576421239,281.883469084582,133.85668465208
"gene-AM1_RS21875",973.434013460494,268.103959863848,979.68193098292,420.655080262424,1259.51399770163,364.710966878131
"gene-AM1_RS21880",1172.49321479461,590.541280364557,851.119822625023,441.534310523625,1037.91774454843,845.819050845026
"gene-AM1_RS21885",3205.65858333444,760.667048916035,1830.80175360794,533.64856167598,2906.82143842135,731.361885707741
"gene-AM1_RS21890",20.7113619885212,32.0655898840483,20.2992802670363,17.1946602151064,11.4056895005322,15.5196156118353
"gene-AM1_RS21895",417.679133435177,257.415429902499,384.719692680022,191.5976423969,542.584943382461,424.849477373993
"gene-AM1_RS21900",192.155414004613,111.338853764057,116.479203437042,92.1142511523556,192.267337294686,174.595675633148
"gene-AM1_RS21910",115.063122158451,113.120275424282,53.648097848596,44.8289355608131,71.6929054319167,73.7181741562179
"gene-AM1_RS21915",135.774484146972,130.934492026531,116.962519633876,95.7988211984499,115.686279219684,77.5980780591767
"gene-AM1_RS21920",115.063122158451,104.213167123157,82.1637534618137,95.7988211984499,143.385810863833,98.9375495254503
"gene-AM1_RS21925",57.5315610792254,54.3333606368597,29.9656042037203,41.1443655147189,29.3289158585114,36.8590870781089
"gene-AM1_RS21930",141.527640254895,123.808805385631,91.3467612016635,47.2853155915426,148.273963506919,65.9583663503002
"gene-AM1_RS21935",799.688699001233,472.967450789713,414.685296883742,188.527167358488,1331.20690313354,743.001597416617
"gene-AM1_RS21940",353.243785026444,476.530294110163,363.937096216151,344.50729930981,534.438022310652,486.927939821334
"gene-AM1_RS21945",20.7113619885212,9.79781913123699,25.1324422353783,21.493325268883,22.8113790010644,25.2193753692324
"gene-AM1_RS21950",650.106640195247,117.573829574844,31.4155527942229,57.1108357144605,47.2521422164906,162.955963924271
"gene-AM1_RS21955",5188.19617812455,930.792817467514,186.560051978001,460.571255761778,368.240832445754,739.121693513658
"gene-AM1_RS21960",414.227239770423,261.868984053061,92.7967097921661,67.5504508450608,206.931795223941,139.676540506518
"gene-AM1_RS44020",12.6569434374296,8.90710830112453,10.6329563303524,7.36914009218845,8.14692107180872,11.6397117088765
"gene-AM1_RS21965",71.3391357382395,52.5519389766348,78.7805400839743,80.4464460063906,53.7696790739375,56.2586065929031
"gene-AM1_RS21970",121.966909487958,101.54103463282,135.328535113576,108.69481635978,117.315663434046,54.3186546414237
"gene-AM1_RS21975",1293.30949306099,392.803476079592,335.421440602934,284.325988556938,638.718612029803,351.131303217775
"gene-AM1_RS21980",149.582058805986,103.322456293045,88.9301802174925,84.7451110601672,164.567805650536,116.397117088765
"gene-AM1_RS21985",135.774484146972,68.5847339186589,67.6642675567878,54.0403606760486,174.344110936707,129.976780749121
"gene-AM1_RS21990",28.7657805396127,12.4699516215743,16.4327506923627,19.6510402458359,11.4056895005322,19.3995195147942
"gene-AM1_RS21995",241.632556532747,227.131261678676,193.326478733679,155.36603694364,259.072090083517,221.154522468654
"gene-AM1_RS22000",146.130165141233,115.792407914619,43.4984577150778,57.1108357144605,50.510910645214,54.3186546414237
"gene-AM1_RS22005",1262.24245007821,616.371894437818,1028.49686686317,636.816522966619,1347.50074527716,607.204960813058
"gene-AM1_RS22010",104.70744116419,98.8689021424823,88.4468640206583,44.2148405531307,104.280589719152,67.8983183017796
"gene-AM1_RS22015",741.006506700424,739.289988993336,984.031776754428,827.185975348154,1235.0732344862,1231.86948918943
"gene-AM1_RS22020",153.03395247074,130.043781196418,130.012056948399,88.4296811062614,161.309037221813,153.256204166874
"gene-AM1_RS22025",20.7113619885212,15.1420841119117,18.8493316765337,18.4228502304711,27.6995316441496,21.3394714662736
"gene-AM1_RS22030",92.0504977267607,78.3825530498959,90.8634450048293,71.8491158988374,86.3573633611724,102.817453428409
"gene-AM1_RS22035",96.6530226130987,106.885299613494,92.7967097921661,109.923006375144,48.8815264308523,120.277020991724
"gene-AM1_RS22040",204.812357442043,81.0546855402333,115.512571043373,78.6041609833435,128.721352934578,87.2978378165738
"gene-AM1_RS22045",2690.17579606458,938.809214938526,1898.46602116473,1529.0965691291,2670.5607273389,1912.79262415871
"gene-AM1_RS22050",48.3265113065494,39.191276524948,48.814935880254,47.2853155915426,47.2521422164906,36.8590870781089
"gene-AM1_RS22060",974.584644682079,996.705418895835,554.84699396566,1922.11737404582,630.571690957995,775.980780591767
"gene-AM1_RS41140",24.1632556532747,28.5027465635985,10.6329563303524,31.9329403994833,17.9232263579792,3.87990390295884
"gene-AM1_RS22065",1737.45314459261,1661.17569815973,846.769976853515,2142.57748180379,850.53855989683,913.717369146806
"gene-AM1_RS22070",433.78797053736,552.240714669721,571.279744658022,2926.77680661418,459.486348450012,876.858282068697
"gene-AM1_RS22075",39.1214615338733,51.6612281465223,54.6147302422644,92.728346160038,9.77630528617046,34.9191351266295
"gene-AM1_RS22080",224.373088208979,184.377141833278,173.510514663477,173.174792166429,309.583000728731,232.79423417753
"gene-AM1_RS22085",1510.77879394046,1860.69492410492,3488.09299255241,3123.90130408022,2861.19868041922,2603.41551888538
"gene-AM1_RS22090",163.389633465,190.612117644065,146.928123837596,175.017077189476,182.491032008515,145.496396360956
"gene-AM1_RS22100",101.255547499437,105.10387795327,57.0313112264354,89.6578711216262,34.2170685015966,96.9975975739709
"gene-AM1_RS22105",9.20504977267607,71.2568664089963,14.9828021018601,51.5839806453192,8.14692107180872,58.1985585443825
"gene-AM1_RS42275",43.7239864202113,60.5683364476468,51.7148330612592,40.5302705070365,21.1819947867027,31.0392312236707
"gene-AM1_RS22120",24.1632556532747,24.0491924130362,20.7825964638705,19.6510402458359,4.88815264308523,13.5796636603559
"gene-AM1_RS22125",29.9164117611972,31.1748790539359,23.6824936448757,13.5100901690122,11.4056895005322,11.6397117088765
"gene-AM1_RS22130",29.9164117611972,45.4262523357351,53.648097848596,55.2685506914134,42.3639895734053,77.5980780591767
"gene-AM1_RS22140",119.665647044789,132.715913686756,130.495373145234,117.292146467333,141.756426649472,246.373897837886
"gene-AM1_RS22145",165.690895908169,147.857997798667,172.060566072975,120.976716513427,162.938421436174,172.655723681668
"gene-AM1_RS22150",125.418803152711,121.136672895294,148.378072428099,117.906241475015,110.798126576599,155.196156118353
"gene-AM1_RS22155",23.0126244316902,28.5027465635985,23.6824936448757,13.5100901690122,14.6644579292557,29.0992792721913
"gene-AM1_RS22160",451.047438861127,297.497417257559,376.50331733384,232.742007911619,467.63326952182,312.332264188186
"gene-AM1_RS22165",578.767504457008,381.22423528813,609.945040404758,339.594539248351,993.924370760663,471.408324209499
"gene-AM1_RS22170",781.278599455881,889.820119282341,467.850078535504,688.400503611938,720.187822747891,760.461164979932
"gene-AM1_RS22175",345.189366475353,181.70500934294,401.152443372385,318.715308987151,412.234206233521,178.475579536106
"gene-AM1_RS22180",44.8746176417958,38.3005656948355,106.329563303524,45.4430305684955,89.6161317898959,23.279423417753
"gene-AM1_RS22185",224.373088208979,105.10387795327,255.674268125291,167.033842089605,332.394379729796,238.614090031968
"gene-AM1_RS22190",355.545047469613,149.639419458892,275.006915998659,229.057437865524,340.541300801604,225.034426371612
"gene-AM1_RS22195",121.966909487958,42.7541198453978,80.7138048713111,62.6376907836018,107.539358147875,40.7389909810678
"gene-AM1_RS22200",151.883321249155,60.5683364476468,101.496401335182,95.1847261907675,115.686279219684,67.8983183017796
"gene-AM1_RS22205",591.424447894437,373.207837817118,424.351620820426,517.067996468556,614.277848814377,622.724576424893
"gene-AM1_RS22210",178.347839345599,418.634090152853,347.504345523789,1389.08290737752,622.424769886186,2426.87989130075
"gene-AM1_RS22215",101.255547499437,114.901697084506,110.196092878197,79.8323509987082,135.238889792025,166.83586782723
"gene-AM1_RS22220",393.515877781902,293.043863106997,282.256658951172,207.564112596641,400.828516732989,337.551639557419
"gene-AM1_RS22225",398.11840266824,314.420923029696,356.687353263638,362.930149540281,713.670285890444,640.184143988208
"gene-AM1_RS22230",78.2429230677466,86.398950520908,68.6308999504562,105.010246313685,63.545984360108,48.4987987869854
"gene-AM1_RS22235",21.8619932101057,24.0491924130362,24.6491260385441,16.580565207424,19.5526105723409,23.279423417753
"gene-AM1_RS22240",87.4479728404227,120.245962065181,62.3477893916116,103.167961290638,99.3924370760663,89.2377897680532
"gene-AM1_RS22245",1798.43659933659,2142.15954642045,1483.29740808415,1163.71003955809,2989.9200333538,2496.71816155401
"gene-AM1_RS22250",361.298203577536,113.120275424282,334.938124406099,106.852531336733,348.688221873413,118.337069040245
"gene-AM1_RS22255",1817.99733010352,317.983766350146,1356.18524831676,213.705062673465,2085.61179438303,226.974378323092
"gene-AM1_RS22260",89.7492352835917,48.9890956561849,127.112159767394,62.0235957759195,141.756426649472,56.2586065929031
"gene-AM1_RS22265",32.2176742043662,22.2677707528113,34.3154499752281,21.493325268883,48.8815264308523,40.7389909810678
"gene-AM1_RS22270",4404.6163162255,3331.25850462058,4913.39245701646,4679.40395853967,7130.18532204699,5038.05521799205
"gene-AM1_RS22275",361.298203577536,377.66139196768,278.873445573332,160.278797005099,234.631326868091,166.83586782723
"gene-AM1_RS22280",31.0670429827817,24.9399032431487,28.5156556132177,15.9664701997416,35.8464527159584,32.9791831751501
"gene-AM1_RS22285",655.85979630317,151.420841119117,611.394988995261,196.510402458359,516.514795952673,170.715771730189
"gene-AM1_RS22290",1889.33646584176,253.852586582049,506.032058085406,523.823041553062,558.878785526078,366.65091882961
"gene-AM1_RS22295",65.585979630317,65.0218905982091,284.189923738509,280.027323503161,221.596253153197,199.81505100238
"gene-AM1_RS22300",34.5189366475353,50.7705173164098,63.7977379821142,58.9531207375076,60.2872159313845,48.4987987869854
"gene-AM1_RS22305",104.70744116419,293.043863106997,203.476118867197,230.899722888571,208.561179438303,275.473177110077
"gene-AM1_RS22310",28.7657805396127,30.2841682238234,59.4478922106064,36.8457004609423,43.9933737877671,56.2586065929031
"gene-AM1_RS22315",12.6569434374296,11.5792407914619,10.1496401335182,11.0537101382827,13.0350737148939,5.81985585443825
"gene-AM1_RS22320",36.8201990907043,31.1748790539359,33.3488175815597,33.161130414848,21.1819947867027,23.279423417753
"gene-AM1_RS22325",11.5063122158451,18.7049274323615,28.0323394163835,19.0369452381535,8.14692107180872,21.3394714662736
"gene-AM1_RS22330",26.4645180964437,35.6284332044981,42.5318253214094,49.1276006145897,48.8815264308523,34.9191351266295
"gene-AM1_RS22335",32.2176742043662,38.3005656948355,32.8655013847255,37.4597954686246,53.7696790739375,21.3394714662736
"gene-AM1_RS22350",36.8201990907043,32.0655898840483,27.5490232195493,27.6342753457067,29.3289158585114,31.0392312236707
"gene-AM1_RS22355",92.0504977267607,56.1147822970846,103.429666122518,70.6209258834727,123.833200291493,168.775819778709
"gene-AM1_RS22360",67.887242073486,36.5191440346106,74.4306943124665,28.8624653610714,118.945047648407,77.5980780591767
"gene-AM1_RS22365",309.519798606233,210.207755906539,297.722777249866,112.993481413556,360.093911373945,211.454762711257
"gene-AM1_RS22370",52.9290361928874,36.5191440346106,68.147583753622,52.1980756530015,68.4341370031932,79.5380300106561
"gene-AM1_RS22375",20.7113619885212,22.2677707528113,62.3477893916116,47.2853155915426,45.6227580021288,32.9791831751501
"gene-AM1_RS22380",87.4479728404227,62.3497581078717,103.912982319353,65.7081658220137,71.6929054319167,46.558846835506
"gene-AM1_RS22385",54.0796674144719,41.8634090152853,50.2648844707566,55.2685506914134,42.3639895734053,48.4987987869854
"gene-AM1_RS22395",324.478004486831,307.295236388796,238.27488503926,218.003727727242,379.646521946286,323.971975897063
"gene-AM1_RS22400",138.075746590141,80.1639747101208,71.5307971314613,68.1645458527432,94.5042844329811,62.0784624473414
"gene-AM1_RS22405",86.2973416188381,27.6120357334861,108.746144287695,78.6041609833435,99.3924370760663,65.9583663503002
"gene-AM1_RS22410",41.4227239770423,22.2677707528113,36.2487147625649,30.0906553764362,26.0701474297879,42.6789429325472
"gene-AM1_RS22415",75.9416606245776,89.9617938413578,59.9312084074406,69.3927358681079,105.909973933513,98.9375495254503
"gene-AM1_RS22420",59.8328235223944,78.3825530498959,80.2304886744769,114.835766436603,57.028447502661,118.337069040245
"gene-AM1_RS22425",27.6151493180282,28.5027465635985,23.1991774480415,76.7618759602964,14.6644579292557,52.3787026899443
"gene-AM1_RS22430",335.984316702676,1058.16446617359,186.076735781166,822.273215286695,474.150806379267,1146.51160332434
"gene-AM1_RS37705",141.527640254895,146.967286968555,179.310309025488,124.047191551839,280.25408487022,300.69255247931
"gene-AM1_RS22440",182.950364231937,150.530130289005,110.196092878197,88.4296811062614,180.861647794154,149.376300263915
"gene-AM1_RS22445",957.325176358311,791.841927969971,1057.49583867323,1153.88451943518,1533.2505457144,1518.98237800838
"gene-AM1_RS22450",88.5986040620072,30.2841682238234,51.231516864425,32.5470354071657,63.545984360108,60.138510495862
"gene-AM1_RS22455",188.703520339859,71.2568664089963,158.044396364783,97.0270112138146,197.155489937771,195.935147099421
"gene-AM1_RS22460",117.36438460162,59.6776256175344,144.028226656591,103.782056298321,224.855021581921,155.196156118353
"gene-AM1_RS22465",118.515015823204,109.557432103832,63.31442178528,49.1276006145897,104.280589719152,89.2377897680532
"gene-AM1_RS22470",119.665647044789,160.327949420242,89.8968126111609,150.453276882181,135.238889792025,139.676540506518
"gene-AM1_RS22475",324.478004486831,587.869147874219,258.574165306296,325.470354071657,400.828516732989,395.750198101801
"gene-AM1_RS22480",56.3809298576409,244.945478280925,25.6157584322125,49.7416956222721,30.9583000728731,71.7782222047385
"gene-AM1_RS22485",144.979533919648,467.623185809038,62.8311055884458,106.23843632905,29.3289158585114,318.152120042625
"gene-AM1_RS22490",217.469300879472,293.043863106997,72.0141133282955,216.161442704195,61.9166001457463,193.995195147942
"gene-AM1_RS22495",9.20504977267607,19.595638262474,14.0161697081918,25.1778953149772,9.77630528617046,17.4595675633148
"gene-AM1_RS22500",107.008703607359,118.464540404956,104.879614713021,218.003727727242,190.637953080324,351.131303217775
"gene-AM1_RS22505",92.0504977267607,91.7432155015827,77.8139076903059,80.4464460063906,101.021821290428,112.517213185806
"gene-AM1_RS22510",300.314748833557,291.262441446772,390.519487042032,403.460420047318,360.093911373945,426.789429325472
"gene-AM1_RS37710",132.322590482218,216.442731717326,76.3639590998033,112.993481413556,71.6929054319167,87.2978378165738
"gene-AM1_RS22520",201.360463777289,318.874477180258,190.909897749508,341.436824271398,215.07871629575,312.332264188186
"gene-AM1_RS22525",358.996941134367,636.858243530404,287.089820919514,501.101526268815,337.282532372881,521.847074947963
"gene-AM1_RS41145",253.138868748592,368.754283666556,363.937096216151,373.983859678564,540.955559168099,547.066450317196
"gene-AM1_RS41150",148.431427584402,131.825202856643,108.26282809086,88.4296811062614,99.3924370760663,96.9975975739709
"gene-AM1_RS22535",302.616011276726,442.683282565889,45.9150386992488,29.4765603687538,378.017137731924,428.729381276951
"gene-AM1_RS22540",1750.11008803004,1352.0990401107,2310.25142086747,3269.44182090094,2657.525653624,3076.76379504636
"gene-AM1_RS22545",559.206773690071,423.978355133528,676.642675567878,402.232230031953,638.718612029803,543.186546414237
"gene-AM1_RS22550",159.937739800247,18.7049274323615,197.193008308353,34.3893204302128,298.177311228199,29.0992792721913
"gene-AM1_RS22555",141.527640254895,66.803312258434,81.1971210681453,73.6914009218845,79.8398265037254,40.7389909810678
"gene-AM1_RS22560",26.4645180964437,37.409854864723,46.8816710929172,74.3054959295669,35.8464527159584,44.6188948840266
"gene-AM1_RS22565",50.6277737497184,220.896285867888,74.9140105093007,471.624965900061,73.3222896462784,711.962366192946
"gene-AM1_RS22570",82.8454479540846,132.715913686756,92.7967097921661,122.204906528792,94.5042844329811,149.376300263915
"gene-AM1_RS37715",67.887242073486,62.3497581078717,68.147583753622,74.9195909372493,32.5876842872349,48.4987987869854
"gene-AM1_RS22580",29.9164117611972,32.9563007141608,55.5813626359328,60.7954057605547,29.3289158585114,27.1593273207119
"gene-AM1_RS22585",28.7657805396127,52.5519389766348,65.731002769451,46.6712205838602,39.1052211446818,25.2193753692324
"gene-AM1_RS22590",93.2011289483452,98.8689021424823,177.860360434985,186.684882335441,162.938421436174,192.055243196462
"gene-AM1_RS22595",57.5315610792254,64.1311797680966,76.8472752966375,92.728346160038,60.2872159313845,93.1176936710121
"gene-AM1_RS22600",10.3556809942606,9.79781913123699,20.2992802670363,17.8087552227888,11.4056895005322,3.87990390295884
"gene-AM1_RS37720",28.7657805396127,17.8142166022491,37.6986633530675,27.0201803380243,32.5876842872349,1.93995195147942
"gene-AM1_RS22610",87.4479728404227,74.8197097294461,145.478175247094,116.67805145965,79.8398265037254,65.9583663503002
"gene-AM1_RS22615",314.122323492571,366.972862006331,355.72072086997,329.769019125433,307.95361651437,195.935147099421
"gene-AM1_RS22620",20.7113619885212,17.8142166022491,21.2659126607047,22.7215152842477,14.6644579292557,3.87990390295884
"gene-AM1_RS22630",28.7657805396127,25.8306140732611,20.2992802670363,25.1778953149772,43.9933737877671,40.7389909810678
"gene-AM1_RS22635",29.9164117611972,25.8306140732611,27.5490232195493,39.9161754993541,32.5876842872349,73.7181741562179
"gene-AM1_RS22640",48.3265113065494,109.557432103832,75.8806429029691,187.298977343123,86.3573633611724,314.272216139666
"gene-AM1_RS22665",56.3809298576409,57.005493127197,107.779511894026,100.097486252226,83.0985949324489,75.6581261076973
"gene-AM1_RS22670",49.4771425281339,59.6776256175344,40.1152443372385,45.4430305684955,57.028447502661,46.558846835506
"gene-AM1_RS22675",18.4100995453521,22.2677707528113,37.2153471562333,40.5302705070365,24.4407632154262,31.0392312236707
"gene-AM1_RS22680",8.05441855109156,13.3606624516868,19.8159640702021,17.1946602151064,9.77630528617046,17.4595675633148
"gene-AM1_RS22685",13.8075746590141,32.0655898840483,17.8826992828653,50.9698856376368,17.9232263579792,73.7181741562179
"gene-AM1_RS22690",75.9416606245776,5.34426498067472,49.2982520770882,4.91276006145897,26.0701474297879,1.93995195147942
"gene-AM1_RS22695",44.8746176417958,43.6448306755102,50.2648844707566,55.2685506914134,71.6929054319167,62.0784624473414
"gene-AM1_RS43285",37.9708303122888,36.5191440346106,38.6652957467359,27.0201803380243,29.3289158585114,50.4387507384649
"gene-AM1_RS22705",5.75315610792254,26.7213249033736,21.7492288575389,22.1074202765654,21.1819947867027,19.3995195147942
"gene-AM1_RS22710",12.6569434374296,16.9235057721366,14.9828021018601,20.2651352535182,11.4056895005322,13.5796636603559
"gene-AM1_RS22720",34.5189366475353,27.6120357334861,40.5985605340727,37.4597954686246,34.2170685015966,48.4987987869854
"gene-AM1_RS22725",5.75315610792254,19.595638262474,17.8826992828653,20.2651352535182,14.6644579292557,31.0392312236707
"gene-AM1_RS22730",80.5441855109156,56.1147822970846,66.2143189662852,130.802236636345,57.028447502661,44.6188948840266
"gene-AM1_RS44025",14.9582058805986,9.79781913123699,8.69969154301557,8.59733010755319,6.51753685744697,7.75980780591767
"gene-AM1_RS22735",34.5189366475353,39.191276524948,41.0818767309069,42.986650537766,22.8113790010644,52.3787026899443
"gene-AM1_RS22740",167.992158351338,154.092973609454,163.844190726793,282.483703533891,202.043642580856,221.154522468654
"gene-AM1_RS22745",79.3935542893311,91.7432155015827,76.8472752966375,95.7988211984499,68.4341370031932,75.6581261076973
"gene-AM1_RS22750",223.222456987395,257.415429902499,210.242545622876,184.228502304711,149.90334772128,201.755002953859
"gene-AM1_RS37725",19.5607307669366,29.393457393711,24.1658098417099,23.9497052996125,22.8113790010644,13.5796636603559
"gene-AM1_RS22760",62.1340859655635,57.8962039573095,47.8483034865856,50.3557906299544,76.5810580750019,29.0992792721913
"gene-AM1_RS22765",39.1214615338733,37.409854864723,34.3154499752281,39.9161754993541,19.5526105723409,25.2193753692324
"gene-AM1_RS22770",370.503253350212,382.114946118243,328.171697650421,359.245579494187,391.052211446818,366.65091882961
"gene-AM1_RS22775",13.8075746590141,13.3606624516868,16.4327506923627,17.1946602151064,11.4056895005322,13.5796636603559
"gene-AM1_RS22785",1039.01999309081,629.732556889505,734.640619187981,1150.19994938908,1047.6940498346,1066.97357331368
"gene-AM1_RS22790",89.7492352835917,63.2404689379842,111.6460414687,131.416331644027,76.5810580750019,137.736588555039
"gene-AM1_RS22795",308.369167384648,213.770599226989,365.387044806654,579.705687252158,366.611448231392,492.747795675772
"gene-AM1_RS22800",134.623852925387,91.7432155015827,164.810823120462,135.100901690122,122.203816077131,131.9167327006
"gene-AM1_RS22805",123.117540709542,114.901697084506,149.828021018601,97.0270112138146,136.868274006386,114.457165137286
"gene-AM1_RS22810",212.866775993134,116.683118744731,197.193008308353,193.439927419947,200.414258366494,180.415531487586
"gene-AM1_RS22815",98.9542850562677,41.8634090152853,83.6137020523163,73.0773059142022,81.4692107180872,64.0184143988208
"gene-AM1_RS22820",36.8201990907043,24.0491924130362,37.2153471562333,42.986650537766,24.4407632154262,25.2193753692324
"gene-AM1_RS22825",34.5189366475353,31.1748790539359,30.9322365973887,38.073890476307,16.2938421436174,15.5196156118353
"gene-AM1_RS22830",13.8075746590141,21.3770599226989,34.7987661720623,27.0201803380243,13.0350737148939,15.5196156118353
"gene-AM1_RS22835",8.05441855109156,9.79781913123699,15.9494344955285,12.8959951613298,13.0350737148939,13.5796636603559
"gene-AM1_RS22845",5.75315610792254,297.497417257559,762.189642407531,199.580877496771,452.968811592565,420.969573471034
"gene-AM1_RS22850",42.5733551986268,402.601295210829,696.45863963808,175.631172197158,394.310979875542,325.911927848542
"gene-AM1_RS22855",159.937739800247,79.2732638800084,148.861388624933,109.308911367462,154.791500364366,75.6581261076973
"gene-AM1_RS22860",28.7657805396127,16.0327949420242,37.2153471562333,35.0034154378951,40.7346053590436,44.6188948840266
"gene-AM1_RS22865",8.05441855109156,8.90710830112453,17.8826992828653,11.667805145965,11.4056895005322,11.6397117088765
"gene-AM1_RS22870",41.4227239770423,32.9563007141608,41.0818767309069,42.3725555300836,34.2170685015966,36.8590870781089
"gene-AM1_RS22875",37.9708303122888,38.3005656948355,62.3477893916116,55.8826456990958,57.028447502661,48.4987987869854
"gene-AM1_RS22880",13.8075746590141,11.5792407914619,17.3993830860311,19.6510402458359,21.1819947867027,13.5796636603559
"gene-AM1_RS22890",34.5189366475353,20.4863490925864,21.2659126607047,33.7752254225304,37.4758369303201,25.2193753692324
"gene-AM1_RS22895",24.1632556532747,22.2677707528113,31.8988689910571,22.7215152842477,29.3289158585114,19.3995195147942
"gene-AM1_RS22900",36.8201990907043,24.9399032431487,34.7987661720623,27.6342753457067,22.8113790010644,32.9791831751501
"gene-AM1_RS22905",24.1632556532747,30.2841682238234,28.5156556132177,25.1778953149772,14.6644579292557,21.3394714662736
"gene-AM1_RS22910",19.5607307669366,10.6885299613494,16.4327506923627,20.8792302612006,30.9583000728731,17.4595675633148
"gene-AM1_RS22915",49.4771425281339,41.8634090152853,45.4317225024146,38.6879854839894,45.6227580021288,50.4387507384649
"gene-AM1_RS37730",105.858072385775,77.4918422197835,85.0636506428189,71.8491158988374,78.2104422893637,73.7181741562179
"gene-AM1_RS42900",280.75401806662,317.983766350146,231.025142086747,229.671532873207,218.337484724474,250.253801740845
"gene-AM1_RS22935",83.9960791756691,65.0218905982091,57.5146274232696,62.6376907836018,39.1052211446818,46.558846835506
"gene-AM1_RS39930",96.6530226130987,75.7104205595585,131.945321735736,128.345856605616,71.6929054319167,116.397117088765
"gene-AM1_RS22950",25.3138868748592,27.6120357334861,28.0323394163835,31.9329403994833,27.6995316441496,36.8590870781089
"gene-AM1_RS22955",182.950364231937,187.939985153728,170.127301285638,131.416331644027,166.197189864898,172.655723681668
"gene-AM1_RS44460",6.90378732950705,8.90710830112453,6.76642675567878,7.98323509987082,0,3.87990390295884
"gene-AM1_RS22965",1892.78835950652,1543.60186858488,128.078792161063,204.49363755823,521.402948595758,401.57005395624
"gene-AM1_RS22970",20.7113619885212,96.196769652145,75.3973267061349,418.198700231695,71.6929054319167,422.909525422513
"gene-AM1_RS22975",457.951226190634,497.907354032861,360.553882838312,472.239060907743,606.130927742569,781.800636446205
"gene-AM1_RS22980",253.138868748592,337.57940461262,229.09187729941,222.916487788701,303.065463871284,300.69255247931
"gene-AM1_RS22985",119.665647044789,179.923587682716,109.712776681363,402.846325039635,146.644579292557,258.013609546763
"gene-AM1_RS22990",492.47016283817,961.076985691337,355.72072086997,935.880791707933,576.802011884057,1084.43314087699
"gene-AM1_RS22995",658.161058746339,1133.87488673315,579.979436201038,1947.2952693608,954.819149615982,1583.00079240721
"gene-AM1_RS23000",284.205911731374,529.97294391691,184.626787190664,455.044400692637,311.212384943093,543.186546414237
"gene-AM1_RS39935",163.389633465,295.715995597335,146.928123837596,316.258928956421,179.232263579792,475.288228112457
"gene-AM1_RS23010",58.6821923008099,88.1803721811329,62.3477893916116,180.543932258617,37.4758369303201,128.036828797642
"gene-AM1_RS23015",357.846309912782,345.595802083632,195.74305971785,218.617822734924,575.172627669695,430.669333228431
"gene-AM1_RS23020",273.850230737113,309.076658049021,195.74305971785,192.825832412265,312.841769157455,275.473177110077
"gene-AM1_RS23025",324.478004486831,273.448224844523,241.658098417099,404.688610062682,355.20575873086,368.590870781089
"gene-AM1_RS23030",158.787108578662,141.62302198788,131.945321735736,122.204906528792,135.238889792025,157.136108069833
"gene-AM1_RS23035",52.9290361928874,38.3005656948355,51.231516864425,38.6879854839894,58.6578317170228,34.9191351266295
"gene-AM1_RS23040",165.690895908169,248.508321601374,162.877558333125,194.054022427629,208.561179438303,325.911927848542
"gene-AM1_RS23045",127.72006559588,146.076576138442,115.512571043373,105.010246313685,166.197189864898,147.436348312436
"gene-AM1_RS23050",181.799733010352,245.836189111037,196.709692111519,176.859362212523,327.50622708671,411.269813713637
"gene-AM1_RS23055",1689.12663328606,1524.00623032241,1282.72118639796,1514.35828894473,2548.35691126177,1561.66132094093
"gene-AM1_RS23060",13.8075746590141,16.0327949420242,19.8159640702021,22.1074202765654,9.77630528617046,21.3394714662736
"gene-AM1_RS23065",23.0126244316902,22.2677707528113,34.3154499752281,31.9329403994833,26.0701474297879,27.1593273207119
"gene-AM1_RS23070",67.887242073486,56.1147822970846,86.0302830364873,73.6914009218845,55.3990632882993,46.558846835506
"gene-AM1_RS23075",110.460597272113,63.2404689379842,130.495373145234,117.292146467333,117.315663434046,100.87750147693
"gene-AM1_RS23080",326.77926693,16.9235057721366,792.638562808085,22.1074202765654,721.817206962252,15.5196156118353
"gene-AM1_RS23085",136.925115368557,47.20767399596,160.460977348954,58.3390257298252,272.107163798411,79.5380300106561
"gene-AM1_RS23090",74.791029402993,45.4262523357351,63.31442178528,28.8624653610714,102.65120550479,56.2586065929031
"gene-AM1_RS23095",21.8619932101057,22.2677707528113,59.9312084074406,39.3020804916717,26.0701474297879,29.0992792721913
"gene-AM1_RS23100",88.5986040620072,170.125768551479,97.1465555636739,128.959951613298,79.8398265037254,128.036828797642
"gene-AM1_RS23105",32.2176742043662,116.683118744731,57.9979436201038,193.439927419947,22.8113790010644,116.397117088765
"gene-AM1_RS23110",46.0252488633803,98.8689021424823,47.3649872897514,79.8323509987082,47.2521422164906,95.0576456224915
"gene-AM1_RS23115",19.5607307669366,16.9235057721366,33.3488175815597,55.8826456990958,35.8464527159584,50.4387507384649
"gene-AM1_RS23120",112.761859715282,226.240550848563,107.779511894026,133.258616667075,79.8398265037254,143.556444409477
"gene-AM1_RS23125",31.0670429827817,45.4262523357351,87.4802316269899,74.3054959295669,63.545984360108,100.87750147693
"gene-AM1_RS23130",615.587703547712,631.513978549729,975.332085211412,1050.10246313685,586.578317170228,539.306642511278
"gene-AM1_RS23135",80.5441855109156,69.4754447487714,112.612673862368,119.748526498062,78.2104422893637,102.817453428409
"gene-AM1_RS23140",202.511094998873,396.366319400042,227.641928708907,463.64173080019,327.50622708671,605.265008861578
"gene-AM1_RS23150",3.45189366475353,16.9235057721366,11.1162725271866,14.1241851766945,8.14692107180872,9.69975975739709
"gene-AM1_RS23155",16.1088371021831,11.5792407914619,8.21637534618137,6.14095007682371,4.88815264308523,3.87990390295884
"gene-AM1_RS23160",25.3138868748592,31.1748790539359,18.3660154796995,17.8087552227888,24.4407632154262,9.69975975739709
"gene-AM1_RS39940",25.3138868748592,27.6120357334861,32.8655013847255,28.8624653610714,24.4407632154262,23.279423417753
"gene-AM1_RS23180",166.841527129754,188.83069598384,215.559023788052,203.265447542865,182.491032008515,300.69255247931
"gene-AM1_RS23185",81.6948167325001,93.5246371618076,81.6804372649795,83.5169210448025,73.3222896462784,87.2978378165738
"gene-AM1_RS23190",402.720927554578,325.109452991045,504.098793298069,316.258928956421,438.304353663309,347.251399314816
"gene-AM1_RS23195",128.870696817465,166.562925231029,180.276941419156,184.228502304711,136.868274006386,219.214570517174
"gene-AM1_RS23200",1150.63122158451,1230.0716563853,694.042058653909,833.94102043266,1642.41928807664,997.135303060421
"gene-AM1_RS23215",40.2720927554578,49.8798064862974,39.1486119435701,21.493325268883,27.6995316441496,32.9791831751501
"gene-AM1_RS23220",158.787108578662,105.994588783382,31.4155527942229,25.7919903226596,29.3289158585114,15.5196156118353
"gene-AM1_RS23225",655.85979630317,663.579568433778,402.119075766053,278.799133487796,817.950875609595,438.429141034348
"gene-AM1_RS23230",2044.67168075567,3041.77748483403,448.517430662136,375.212049693929,3382.60162901498,2157.22657004511
"gene-AM1_RS23235",306.067904941479,1316.47060690621,703.708382590593,1815.87893771677,549.102480239908,1936.07204757646
"gene-AM1_RS23240",103.556809942606,197.737804284965,154.177866790109,146.154611828404,164.567805650536,164.895915875751
"gene-AM1_RS23245",153.03395247074,213.770599226989,224.742031527902,226.601057834795,200.414258366494,298.75260052783
"gene-AM1_RS23250",329.080529373169,584.306304553769,281.290026557503,497.416956222721,309.583000728731,591.685345201223
"gene-AM1_RS23255",93.2011289483452,96.196769652145,54.1314140454302,50.9698856376368,89.6161317898959,89.2377897680532
"gene-AM1_RS23260",56.3809298576409,35.6284332044981,91.8300773984977,85.9733010755319,71.6929054319167,102.817453428409
"gene-AM1_RS23265",43.7239864202113,76.601131389671,32.8655013847255,34.3893204302128,50.510910645214,29.0992792721913
"gene-AM1_RS23270",78.2429230677466,145.18586530833,58.9645760137722,47.8994105992249,81.4692107180872,77.5980780591767
"gene-AM1_RS23275",730.650825706163,807.874722911995,470.266659519675,397.319469970494,514.885411738311,655.703759600043
"gene-AM1_RS23280",2645.30117842279,2235.68418358226,2294.78530256877,1986.59734985247,4612.7867108581,3111.68293017299
"gene-AM1_RS23285",408.474083662501,430.213330944315,231.508458283581,201.423162519818,443.192506306394,349.191351266295
"gene-AM1_RS23290",850.316472750952,1943.53103130537,455.283857417815,708.051543857774,705.523364818635,1513.16252215395
"gene-AM1_RS23295",2853.56542952958,8275.59432257481,4657.71818889117,23777.7586974614,5328.0863809629,24400.7156457081
"gene-AM1_RS23300",161.088371021831,751.759940614911,131.945321735736,453.816210677272,123.833200291493,680.923134969276
"gene-AM1_RS23305",25.3138868748592,36.5191440346106,38.1819795499017,33.7752254225304,30.9583000728731,32.9791831751501
"gene-AM1_RS23310",71.3391357382395,74.8197097294461,87.4802316269899,85.9733010755319,78.2104422893637,118.337069040245
"gene-AM1_RS23315",932.011289483452,784.716241329071,822.604167011805,871.400815901284,1272.54907141652,1359.90631798707
"gene-AM1_RS23320",186.40225789669,271.666803184298,258.090849109462,192.211737404582,145.015195078195,157.136108069833
"gene-AM1_RS23325",209.414882328381,192.39353930429,195.74305971785,187.913072350806,197.155489937771,161.016011972792
"gene-AM1_RS23330",185.251626675106,239.60121330025,131.462005538902,117.292146467333,179.232263579792,207.574858808298
"gene-AM1_RS37740",174.895945680845,172.797901041816,185.110103387498,147.382801843769,231.372558439368,159.076060021312
"gene-AM1_RS23340",179.498470567183,114.901697084506,136.295167507244,138.785471736216,262.330858512241,170.715771730189
"gene-AM1_RS23345",25.3138868748592,21.3770599226989,27.0657070227151,19.0369452381535,19.5526105723409,9.69975975739709
"gene-AM1_RS44670",226.674350652148,233.366237489463,295.306196265695,307.661598848868,311.212384943093,333.67173565446
"gene-AM1_RS23355",638.600327979402,429.322620114203,454.317225024146,658.309848235502,565.396322383525,572.285825686428
"gene-AM1_RS23360",289.959067839296,278.792489825198,260.024113896799,267.131328341831,330.764995515434,364.710966878131
"gene-AM1_RS23365",74.791029402993,57.005493127197,83.1303858554821,60.7954057605547,65.1753685744697,96.9975975739709
"gene-AM1_RS23370",23.0126244316902,18.7049274323615,16.4327506923627,12.8959951613298,13.0350737148939,5.81985585443825
"gene-AM1_RS23375",608.683916218205,553.131425499834,286.60650472268,212.4768726581,659.900606816506,393.810246150322
"gene-AM1_RS23380",141.527640254895,73.0382880692212,80.7138048713111,85.9733010755319,169.455958293621,108.637309282847
"gene-AM1_RS23385",133.473221703803,85.5082396907955,80.2304886744769,80.4464460063906,193.896721509047,104.757405379889
"gene-AM1_RS23390",150.732690027571,97.9781913123699,83.1303858554821,95.1847261907675,197.155489937771,133.85668465208
"gene-AM1_RS23395",456.80059496905,276.120357334861,189.459949159006,285.554178572303,599.613390885122,473.348276160978
"gene-AM1_RS23400",115.063122158451,48.9890956561849,49.7815682739224,67.5504508450608,47.2521422164906,58.1985585443825
"gene-AM1_RS23405",43.7239864202113,33.8470115442732,37.2153471562333,31.3188453918009,26.0701474297879,36.8590870781089
"gene-AM1_RS23415",58.6821923008099,42.7541198453978,85.0636506428189,76.7618759602964,65.1753685744697,93.1176936710121
"gene-AM1_RS23420",14.9582058805986,35.6284332044981,43.0151415182436,54.0403606760486,66.8047527888315,62.0784624473414
"gene-AM1_RS23425",90.8998665051762,89.0710830112453,53.1647816517618,35.6175104455775,58.6578317170228,29.0992792721913
"gene-AM1_RS23430",18.4100995453521,13.3606624516868,18.8493316765337,17.1946602151064,6.51753685744697,42.6789429325472
"gene-AM1_RS23440",19.5607307669366,11.5792407914619,27.5490232195493,20.2651352535182,16.2938421436174,9.69975975739709
"gene-AM1_RS23445",27.6151493180282,50.7705173164098,45.9150386992488,49.1276006145897,45.6227580021288,38.7990390295884
"gene-AM1_RS23455",113.912490936866,57.8962039573095,89.4134964143267,45.4430305684955,110.798126576599,83.417933913615
"gene-AM1_RS23460",135.774484146972,146.076576138442,685.825683307727,673.662223427561,89.6161317898959,122.216972943203
"gene-AM1_RS23470",63.284717187148,60.5683364476468,59.4478922106064,47.2853155915426,79.8398265037254,46.558846835506
"gene-AM1_RS23475",256.590762413345,239.60121330025,170.127301285638,124.047191551839,221.596253153197,149.376300263915
"gene-AM1_RS23480",510.880262383522,485.437402411287,452.38396023681,289.852843626079,687.600138460656,554.826258123114
"gene-AM1_RS23485",2550.94941825286,2865.41674047176,3659.18692623172,4142.07082681759,5279.20485453205,6448.40028671759
"gene-AM1_RS23490",54.0796674144719,57.8962039573095,65.2476865726168,25.1778953149772,58.6578317170228,73.7181741562179
"gene-AM1_RS23495",139.226377811726,151.420841119117,156.111131577446,105.010246313685,187.3791846516,106.697357331368
"gene-AM1_RS23500",3450.74303353194,2866.30745130188,2658.23908258809,2487.0847811136,3613.97418745435,3491.91351266295
"gene-AM1_RS23505",243.933818975916,245.836189111037,399.219178585048,248.094383103678,293.289158585114,368.590870781089
"gene-AM1_RS23510",81.6948167325001,49.8798064862974,130.495373145234,41.7584605224012,91.2455160042576,58.1985585443825
"gene-AM1_RS23515",143.828902698064,224.459129188338,114.062622452871,122.819001536474,123.833200291493,201.755002953859
"gene-AM1_RS23520",214.017407214719,253.852586582049,153.694550593275,130.802236636345,206.931795223941,162.955963924271
"gene-AM1_RS23525",356.695678691198,187.049274323615,87.9635478238241,49.1276006145897,97.7630528617046,65.9583663503002
"gene-AM1_RS23530",512.030893605106,158.546527760017,157.561080167949,97.0270112138146,192.267337294686,77.5980780591767
"gene-AM1_RS23535",584.52066056493,486.3281132414,206.859332245037,178.70164723557,236.260711082453,166.83586782723
"gene-AM1_RS23540",439.541126645282,397.257030230154,202.509486473529,116.063956451968,164.567805650536,126.096876846162
"gene-AM1_RS23545",1273.74876229405,907.63433588459,591.095708728225,628.219192859066,627.312922529271,822.539627427273
"gene-AM1_RS23550",375.10577823655,358.065753705206,344.604448342783,295.993793702903,309.583000728731,250.253801740845
"gene-AM1_RS23555",128.870696817465,156.765106099792,102.46303372885,117.292146467333,255.813321654794,254.133705643804
"gene-AM1_RS23560",33.3683054259507,27.6120357334861,34.3154499752281,33.161130414848,30.9583000728731,31.0392312236707
"gene-AM1_RS23565",150.732690027571,130.043781196418,154.661182986943,200.194972504453,161.309037221813,112.517213185806
"gene-AM1_RS23570",466.005644741726,253.852586582049,226.191980118405,157.208321966687,273.736548012773,273.533225158598
"gene-AM1_RS23575",600.629497667113,309.076658049021,495.399101755053,421.883270277789,487.185880094161,331.73178370298
"gene-AM1_RS23580",35.6695678691198,24.9399032431487,28.9989718100519,15.9664701997416,19.5526105723409,21.3394714662736
"gene-AM1_RS23585",36.8201990907043,106.885299613494,45.9150386992488,211.248682642736,40.7346053590436,219.214570517174
"gene-AM1_RS23590",181.799733010352,290.37173061666,263.407327274638,529.349896622204,322.618074443625,723.602077901823
"gene-AM1_RS23595",462.553751076972,187.049274323615,295.306196265695,300.906553764362,368.240832445754,325.911927848542
"gene-AM1_RS23600",60.983454743979,40.0819873550604,45.9150386992488,33.7752254225304,47.2521422164906,40.7389909810678
"gene-AM1_RS23605",42.5733551986268,81.0546855402333,54.1314140454302,70.0068308757903,61.9166001457463,81.4779819621356
"gene-AM1_RS23610",204.812357442043,750.869229784798,168.677352695135,783.585229802705,174.344110936707,915.657321098285
"gene-AM1_RS23615",3.45189366475353,11.5792407914619,10.1496401335182,13.5100901690122,11.4056895005322,17.4595675633148
"gene-AM1_RS23620",188.703520339859,279.68320065531,203.476118867197,456.886685715684,161.309037221813,221.154522468654
"gene-AM1_RS23630",169.142789572923,173.688611871928,159.97766115212,221.074202765654,120.574431862769,135.796636603559
"gene-AM1_RS23635",113.912490936866,86.398950520908,142.578278066089,120.976716513427,166.197189864898,126.096876846162
"gene-AM1_RS23640",17.2594683237676,31.1748790539359,27.0657070227151,19.0369452381535,19.5526105723409,32.9791831751501
"gene-AM1_RS42290",24.1632556532747,24.9399032431487,22.7158612512073,12.8959951613298,14.6644579292557,25.2193753692324
"gene-AM1_RS23645",9.20504977267607,8.90710830112453,11.1162725271866,7.36914009218845,11.4056895005322,7.75980780591767
"gene-AM1_RS23650",11.5063122158451,12.4699516215743,20.2992802670363,11.0537101382827,13.0350737148939,9.69975975739709
"gene-AM1_RS23655",27.6151493180282,16.9235057721366,24.1658098417099,23.3356102919301,16.2938421436174,13.5796636603559
"gene-AM1_RS23660",49.4771425281339,32.9563007141608,39.1486119435701,49.1276006145897,52.1402948595758,38.7990390295884
"gene-AM1_RS23665",133.473221703803,123.808805385631,237.791568842426,213.705062673465,171.085342507983,190.115291244983
"gene-AM1_RS23675",24.1632556532747,33.8470115442732,48.3316196834198,47.8994105992249,27.6995316441496,23.279423417753
"gene-AM1_RS23680",77.0922918461621,117.573829574844,97.6298717605081,110.537101382827,86.3573633611724,77.5980780591767
"gene-AM1_RS23685",80.5441855109156,80.1639747101208,192.359846340011,100.711581259909,179.232263579792,221.154522468654
"gene-AM1_RS39945",83.9960791756691,97.9781913123699,47.8483034865856,58.3390257298252,52.1402948595758,50.4387507384649
"gene-AM1_RS23700",19.5607307669366,5.34426498067472,23.6824936448757,22.7215152842477,9.77630528617046,15.5196156118353
"gene-AM1_RS23705",147.280796362817,94.4153479919201,117.44583583071,90.2719661293085,149.90334772128,139.676540506518
"gene-AM1_RS23710",135.774484146972,153.202262779342,144.028226656591,77.9900659756611,175.973495151068,67.8983183017796
"gene-AM1_RS23715",812.345642438663,661.798146773553,716.274603708282,654.011183181725,847.279791468107,541.246594462758
"gene-AM1_RS23720",18.4100995453521,19.595638262474,23.1991774480415,22.1074202765654,21.1819947867027,11.6397117088765
"gene-AM1_RS23725",13.8075746590141,15.1420841119117,22.2325450543731,28.8624653610714,11.4056895005322,5.81985585443825
"gene-AM1_RS23730",101.255547499437,86.398950520908,129.045424554731,81.6746360217553,172.714726722345,116.397117088765
"gene-AM1_RS23735",57.5315610792254,22.2677707528113,13.5328535113576,8.59733010755319,17.9232263579792,9.69975975739709
"gene-AM1_RS23740",449.896807639543,510.377305654436,449.00074685897,216.161442704195,464.374501093097,298.75260052783
"gene-AM1_RS23745",167.992158351338,208.426334246314,88.4468640206583,27.0201803380243,73.3222896462784,32.9791831751501
"gene-AM1_RS23750",165.690895908169,228.021972508788,87.4802316269899,60.1813107528724,136.868274006386,77.5980780591767
"gene-AM1_RS23760",31.0670429827817,81.9453963703457,14.4994859050259,48.5135056069073,16.2938421436174,36.8590870781089
"gene-AM1_RS23765",278.452755623451,851.519553587505,245.041311794939,1085.71997358243,329.135611301072,1350.20655822967
"gene-AM1_RS23770",3.45189366475353,48.9890956561849,7.73305914934717,57.1108357144605,16.2938421436174,73.7181741562179
"gene-AM1_RS23775",341.737472810599,1094.68361020821,478.96635106269,1938.08384424556,519.773564381396,1565.54122484389
"gene-AM1_RS37745",57.5315610792254,121.136672895294,75.3973267061349,187.913072350806,55.3990632882993,172.655723681668
"gene-AM1_RS23785",64.4353484087325,71.2568664089963,131.462005538902,195.282212442994,112.42751079096,182.355483439065
"gene-AM1_RS23790",104.70744116419,103.322456293045,95.2132907763371,86.5873960832143,61.9166001457463,81.4779819621356
"gene-AM1_RS42295",14.9582058805986,10.6885299613494,16.9160668891969,12.2819001536474,3.25876842872349,1.93995195147942
"gene-AM1_RS23795",242.783187754331,301.060260578009,246.974576582275,279.413228495479,239.519479511176,376.350678587007
"gene-AM1_RS23800",52.9290361928874,175.470033532153,67.6642675567878,179.315742243252,92.8749002186194,391.870294198842
"gene-AM1_RS23805",709.939463717642,421.30622264319,669.876248812199,464.869920815555,977.630528617046,484.987987869854
"gene-AM1_RS23810",36.8201990907043,43.6448306755102,31.4155527942229,31.9329403994833,39.1052211446818,17.4595675633148
"gene-AM1_RS23815",220.921194544226,217.333442547439,224.742031527902,168.876127112652,234.631326868091,209.514810759777
"gene-AM1_RS23820",248.536343862254,300.169549747897,192.843162536845,149.839181874499,252.55455322607,259.953561498242
"gene-AM1_RS23825",130.021328039049,153.202262779342,87.4802316269899,127.731761597933,117.315663434046,106.697357331368
"gene-AM1_RS23830",176.04657690243,189.721406813953,493.949153164551,332.225399156163,444.821890520756,265.77341735268
"gene-AM1_RS23835",568.411823462747,554.912847160059,1707.07280721839,977.639252230335,1603.31406693196,900.13770548645
"gene-AM1_RS23840",745.609031586761,325.109452991045,1196.20758716464,366.614719586375,1212.26185548514,403.510005907719
"gene-AM1_RS23845",201.360463777289,286.80888729621,139.195064688249,108.69481635978,158.050268793089,139.676540506518
"gene-AM1_RS23850",285.356542952958,478.311715770387,212.175810410213,197.124497466041,296.547927013837,300.69255247931
"gene-AM1_RS42300",9.20504977267607,16.9235057721366,24.1658098417099,15.3523751920593,21.1819947867027,17.4595675633148
"gene-AM1_RS23855",33.3683054259507,24.9399032431487,25.6157584322125,18.4228502304711,14.6644579292557,13.5796636603559
"gene-AM1_RS39950",85.1467103972536,116.683118744731,52.6814654549276,53.4262656683663,53.7696790739375,58.1985585443825
"gene-AM1_RS23885",36.8201990907043,65.9126014283216,46.8816710929172,39.9161754993541,40.7346053590436,38.7990390295884
"gene-AM1_RS23890",24.1632556532747,24.0491924130362,19.3326478733679,22.1074202765654,17.9232263579792,7.75980780591767
"gene-AM1_RS23895",39.1214615338733,58.7869147874219,24.1658098417099,30.7047503841186,17.9232263579792,13.5796636603559
"gene-AM1_RS23900",116.213753380035,129.153070366306,86.9969154301557,100.711581259909,83.0985949324489,85.3578858650944
"gene-AM1_RS23905",29.9164117611972,34.7377223743857,33.8321337783939,27.6342753457067,19.5526105723409,29.0992792721913
"gene-AM1_RS37755",8.05441855109156,13.3606624516868,15.4661182986943,11.0537101382827,8.14692107180872,7.75980780591767
"gene-AM1_RS23915",25.3138868748592,32.9563007141608,31.8988689910571,25.1778953149772,21.1819947867027,9.69975975739709
"gene-AM1_RS23925",33.3683054259507,38.3005656948355,46.8816710929172,62.6376907836018,37.4758369303201,46.558846835506
"gene-AM1_RS23930",29.9164117611972,20.4863490925864,28.0323394163835,25.1778953149772,21.1819947867027,13.5796636603559
"gene-AM1_RS23940",12.6569434374296,11.5792407914619,19.8159640702021,30.0906553764362,9.77630528617046,7.75980780591767
"gene-AM1_RS23945",65.585979630317,54.3333606368597,68.6308999504562,84.1310160524848,52.1402948595758,29.0992792721913
"gene-AM1_RS23955",52.9290361928874,45.4262523357351,57.5146274232696,56.4967407067781,52.1402948595758,81.4779819621356
"gene-AM1_RS43300",27.6151493180282,30.2841682238234,41.0818767309069,33.7752254225304,48.8815264308523,27.1593273207119
"gene-AM1_RS23965",20.7113619885212,32.9563007141608,37.2153471562333,30.7047503841186,24.4407632154262,34.9191351266295
"gene-AM1_RS23970",13.8075746590141,15.1420841119117,45.4317225024146,41.7584605224012,19.5526105723409,27.1593273207119
"gene-AM1_RS23980",6.90378732950705,8.90710830112453,16.4327506923627,25.7919903226596,4.88815264308523,7.75980780591767
"gene-AM1_RS23985",109.309966050528,75.7104205595585,121.795681602218,118.520336482698,89.6161317898959,71.7782222047385
"gene-AM1_RS23990",77.0922918461621,46.3169631658476,73.4640619187981,49.1276006145897,57.028447502661,50.4387507384649
"gene-AM1_RS23995",42.5733551986268,50.7705173164098,67.1809513599536,65.7081658220137,65.1753685744697,65.9583663503002
"gene-AM1_RS24000",13.8075746590141,13.3606624516868,113.579306256037,65.7081658220137,45.6227580021288,32.9791831751501
"gene-AM1_RS24010",20.7113619885212,23.1584815829238,25.1324422353783,53.4262656683663,13.0350737148939,71.7782222047385
"gene-AM1_RS24015",124.268171931127,130.043781196418,183.660154796995,412.057750154871,94.5042844329811,174.595675633148
"gene-AM1_RS24020",18.4100995453521,19.595638262474,19.3326478733679,51.5839806453192,6.51753685744697,11.6397117088765
"gene-AM1_RS24025",109.309966050528,131.825202856643,579.496120004204,146.154611828404,330.764995515434,159.076060021312
"gene-AM1_RS24030",48.3265113065494,57.8962039573095,145.478175247094,33.161130414848,87.9867475755341,36.8590870781089
"gene-AM1_RS24035",83.9960791756691,169.235057721366,168.194036498301,194.668117435312,177.60287936543,618.844672521934
"gene-AM1_RS24040",211.71614477155,160.327949420242,239.724833629762,233.356102919301,402.457900947351,320.092071994104
"gene-AM1_RS24045",134.623852925387,52.5519389766348,92.3133935953319,88.4296811062614,200.414258366494,122.216972943203
"gene-AM1_RS24050",83.9960791756691,70.3661555788838,79.7471724776427,55.2685506914134,73.3222896462784,73.7181741562179
"gene-AM1_RS24055",263.494549742852,93.5246371618076,224.742031527902,151.681466897546,236.260711082453,149.376300263915
"gene-AM1_RS24065",46.0252488633803,69.4754447487714,59.4478922106064,34.3893204302128,65.1753685744697,64.0184143988208
"gene-AM1_RS24070",103.556809942606,57.005493127197,98.1131879573422,64.479975806649,115.686279219684,54.3186546414237
"gene-AM1_RS24075",176.04657690243,167.453636061141,272.107018817654,205.721827573594,276.995316441496,223.094474420133
"gene-AM1_RS24080",142.678271476479,96.196769652145,130.978689342068,88.4296811062614,185.749800437239,102.817453428409
"gene-AM1_RS24085",253.138868748592,180.814298512828,141.128329475586,141.241851766945,244.407632154262,244.433945886407
"gene-AM1_RS24090",65.585979630317,38.3005656948355,58.481259816938,66.9363558373784,57.028447502661,60.138510495862
"gene-AM1_RS24095",24.1632556532747,16.9235057721366,28.5156556132177,16.580565207424,9.77630528617046,9.69975975739709
"gene-AM1_RS24100",264.645180964437,77.4918422197835,84.0970182491505,44.2148405531307,141.756426649472,32.9791831751501
"gene-AM1_RS24105",6006.29497667113,1223.83668057451,2633.10664035271,658.309848235502,4474.28905263735,772.100876688808
"gene-AM1_RS24110",20892.0110903099,4295.89833363236,11831.5804985012,3516.30801398926,28041.7023291656,4797.5011760086
"gene-AM1_RS24115",27.6151493180282,25.8306140732611,38.6652957467359,28.8624653610714,35.8464527159584,13.5796636603559
"gene-AM1_RS24120",95.5023913915142,53.4426498067472,49.7815682739224,43.6007455454483,57.028447502661,48.4987987869854
"gene-AM1_RS24125",566.110561019578,497.016643202749,440.301055315955,609.796342628594,483.927111665438,1039.81424599297
"gene-AM1_RS24130",88.5986040620072,65.9126014283216,89.4134964143267,63.2517857912842,79.8398265037254,67.8983183017796
"gene-AM1_RS24135",26.4645180964437,16.9235057721366,34.7987661720623,20.8792302612006,29.3289158585114,32.9791831751501
"gene-AM1_RS24140",74.791029402993,47.20767399596,36.2487147625649,33.7752254225304,42.3639895734053,38.7990390295884
"gene-AM1_RS24145",142.678271476479,125.590227045856,100.529768941513,105.010246313685,96.1336686473429,104.757405379889
"gene-AM1_RS24150",3518.63027560543,1007.39394885718,1246.95578783223,1829.38902788578,1217.15000812822,1503.46276239655
"gene-AM1_RS24155",121.966909487958,94.4153479919201,132.42863793257,146.768706836087,145.015195078195,120.277020991724
"gene-AM1_RS24160",60.983454743979,45.4262523357351,55.5813626359328,47.8994105992249,39.1052211446818,44.6188948840266
"gene-AM1_RS24165",90.8998665051762,96.196769652145,59.9312084074406,93.3424411677204,91.2455160042576,71.7782222047385
"gene-AM1_RS24170",36.8201990907043,36.5191440346106,36.2487147625649,33.7752254225304,22.8113790010644,32.9791831751501
"gene-AM1_RS24180",14.9582058805986,14.2513732817993,23.1991774480415,25.1778953149772,9.77630528617046,27.1593273207119
"gene-AM1_RS24185",62.1340859655635,15.1420841119117,71.0474809346271,19.0369452381535,47.2521422164906,15.5196156118353
"gene-AM1_RS24190",69.0378732950705,20.4863490925864,55.5813626359328,12.2819001536474,52.1402948595758,23.279423417753
"gene-AM1_RS24195",323.327373265247,71.2568664089963,381.819795499017,65.0940708143313,397.569748304265,50.4387507384649
"gene-AM1_RS24200",780.127968234297,833.705336985256,430.151415182436,355.561009448093,713.670285890444,576.165729589387
"gene-AM1_RS24205",1757.01387535954,1692.35057721366,568.379847477017,609.182247620912,1103.0931131229,818.659723524314
"gene-AM1_RS24210",1864.0225789669,1716.3997696267,128.078792161063,127.117666590251,674.565064745762,409.329861762157
"gene-AM1_RS24215",319.875479600493,277.011068164973,127.112159767394,126.503571582568,378.017137731924,329.791831751501
"gene-AM1_RS24220",253.138868748592,188.83069598384,116.962519633876,154.137846928275,154.791500364366,81.4779819621356
"gene-AM1_RS24225",25.3138868748592,17.8142166022491,29.9656042037203,23.3356102919301,6.51753685744697,21.3394714662736
"gene-AM1_RS24230",21.8619932101057,23.1584815829238,16.9160668891969,18.4228502304711,43.9933737877671,25.2193753692324
"gene-AM1_RS24235",167.992158351338,148.74870862878,158.527712561617,127.117666590251,216.708100510112,155.196156118353
"gene-AM1_RS24240",58.6821923008099,58.7869147874219,28.5156556132177,60.7954057605547,52.1402948595758,79.5380300106561
"gene-AM1_RS24245",40.2720927554578,48.0983848260725,43.981773911912,144.312326805357,34.2170685015966,102.817453428409
"gene-AM1_RS24250",130.021328039049,211.098466736651,105.362930909855,93.9565361754028,89.6161317898959,77.5980780591767
"gene-AM1_RS24255",355.545047469613,435.55759592499,431.601363772939,440.30612050826,290.03039015639,475.288228112457
"gene-AM1_RS24260",92.0504977267607,94.4153479919201,49.7815682739224,35.6175104455775,45.6227580021288,56.2586065929031
"gene-AM1_RS24265",178.347839345599,210.207755906539,140.161697081918,108.080721352097,92.8749002186194,110.577261234327
"gene-AM1_RS24270",216.318669657888,202.191358435527,69.1142161472903,57.7249307221429,57.028447502661,58.1985585443825
"gene-AM1_RS24275",48.3265113065494,55.2240714669721,35.7653985657307,22.7215152842477,22.8113790010644,31.0392312236707
"gene-AM1_RS24280",107.008703607359,112.229564594169,54.6147302422644,60.1813107528724,89.6161317898959,52.3787026899443
"gene-AM1_RS24285",3741.85273259282,2728.24727263444,4927.40862672465,7981.39281484778,5680.03337126504,7129.32342168686
"gene-AM1_RS24290",2433.58503365124,2283.78256840833,1699.82306426588,1583.13692980515,1929.1909098043,1664.47877436934
"gene-AM1_RS24295",195.607307669366,138.950889497543,140.645013278752,107.466626344415,153.162116150004,118.337069040245
"gene-AM1_RS24300",368.201990907043,253.852586582049,296.272828659364,209.406397619689,260.701474297879,285.172936867474
"gene-AM1_RS24305",635.148434314649,392.803476079592,99.0798203510106,140.013661751581,133.609505577663,166.83586782723
"gene-AM1_RS24310",1211.61467632849,1240.76018634665,591.579024925059,611.638627651642,943.413460115449,1016.53482257522
"gene-AM1_RS24315",101.255547499437,92.6339263316952,51.7148330612592,39.3020804916717,63.545984360108,54.3186546414237
"gene-AM1_RS24320",235.879400424824,165.672214400916,106.329563303524,89.6578711216262,187.3791846516,180.415531487586
"gene-AM1_RS24325",186.40225789669,162.109371080467,135.81185131041,183.614407297029,158.050268793089,252.193753692324
"gene-AM1_RS24330",345.189366475353,335.797982952395,191.876530143177,323.62806904861,262.330858512241,331.73178370298
"gene-AM1_RS24335",116.213753380035,55.2240714669721,78.7805400839743,41.7584605224012,79.8398265037254,23.279423417753
"gene-AM1_RS24340",731.801456927747,471.186029129488,1160.44218859891,325.470354071657,1727.14726722345,258.013609546763
"gene-AM1_RS24345",2020.5084251024,1466.1100263651,3094.19029213254,765.162379572234,4707.29099529108,838.059243039109
"gene-AM1_RS24350",1851.36563552947,1060.83659866393,3089.3571301642,748.58181436481,4606.26917400065,803.140107912479
"gene-AM1_RS24360",11229.0100914432,1256.79298128867,787.322084642909,1771.05000215596,1349.13012949152,1823.55483439065
"gene-AM1_RS24365",14251.7183105457,1295.09354698351,680.025888945717,1584.9792148282,1199.22678177024,1796.39550706994
"gene-AM1_RS24370",6549.39291325902,690.300893337151,289.506401903685,535.490846699028,483.927111665438,973.855879642668
"gene-AM1_RS24375",42584.8615108427,4759.06796529084,2010.59537883026,5797.05687252158,4721.95545322033,7505.67410027387
"gene-AM1_RS24380",2729.29725759845,342.923669593295,110.679409075031,206.950017588959,164.567805650536,263.833465401201
"gene-AM1_RS24385",1041.32125553398,273.448224844523,309.322365973887,170.718412135699,312.841769157455,300.69255247931
"gene-AM1_RS24390",1401.46882788993,1299.54710113407,712.408074133608,416.356415208648,1828.16908851388,1111.59246819771
"gene-AM1_RS24395",77.0922918461621,75.7104205595585,66.2143189662852,36.8457004609423,63.545984360108,50.4387507384649
"gene-AM1_RS24400",237.030031646409,246.72689994115,324.788484272581,497.416956222721,236.260711082453,269.653321255639
"gene-AM1_RS24405",155.335214913909,166.562925231029,199.609589292524,214.93325268883,145.015195078195,135.796636603559
"gene-AM1_RS24410",24.1632556532747,15.1420841119117,17.8826992828653,11.0537101382827,8.14692107180872,17.4595675633148
"gene-AM1_RS24415",47.1758800849648,27.6120357334861,23.6824936448757,28.2483703533891,4.88815264308523,31.0392312236707
"gene-AM1_RS24420",86.2973416188381,67.6940230885465,65.2476865726168,75.5336859449316,89.6161317898959,89.2377897680532
"gene-AM1_RS41205",10.3556809942606,16.9235057721366,20.2992802670363,23.3356102919301,9.77630528617046,5.81985585443825
"gene-AM1_RS24430",189.854151561444,151.420841119117,84.5803344459847,97.0270112138146,123.833200291493,81.4779819621356
"gene-AM1_RS24435",23.0126244316902,26.7213249033736,21.7492288575389,17.1946602151064,9.77630528617046,11.6397117088765
"gene-AM1_RS39955",8.05441855109156,12.4699516215743,12.5662211176892,25.1778953149772,14.6644579292557,15.5196156118353
"gene-AM1_RS24450",19.5607307669366,31.1748790539359,36.7320309593991,34.3893204302128,19.5526105723409,32.9791831751501
"gene-AM1_RS42310",1580.96729845711,1231.85307804552,1958.88054576901,2168.36947212645,3411.93054487349,2613.11527864278
"gene-AM1_RS24460",26.4645180964437,36.5191440346106,20.2992802670363,27.6342753457067,37.4758369303201,27.1593273207119
"gene-AM1_RS24465",17.2594683237676,17.8142166022491,17.8826992828653,28.8624653610714,17.9232263579792,9.69975975739709
"gene-AM1_RS24470",29.9164117611972,21.3770599226989,25.6157584322125,15.3523751920593,17.9232263579792,13.5796636603559
"gene-AM1_RS24475",141.527640254895,177.251455192378,112.129357665534,68.1645458527432,91.2455160042576,46.558846835506
"gene-AM1_RS24480",1264.54371252137,1194.4432231808,1258.07206035942,1897.55357373853,1407.78796120855,1266.78862431606
"gene-AM1_RS24485",42.5733551986268,27.6120357334861,33.3488175815597,38.073890476307,26.0701474297879,19.3995195147942
"gene-AM1_RS24490",125.418803152711,86.398950520908,129.528740751565,171.946602151064,89.6161317898959,69.838270253259
"gene-AM1_RS24495",98.9542850562677,64.1311797680966,79.2638562808085,60.7954057605547,35.8464527159584,73.7181741562179
"gene-AM1_RS41215",18.4100995453521,31.1748790539359,23.1991774480415,18.4228502304711,17.9232263579792,21.3394714662736
"gene-AM1_RS24505",568.411823462747,323.328031330821,947.783061991863,1310.47874639418,746.257970177679,1080.55323697404
"gene-AM1_RS24510",785.881124342219,842.612445286381,605.59519463325,585.846637328982,1060.72912354949,896.257801583491
"gene-AM1_RS24515",211.71614477155,189.721406813953,146.444807640762,98.8692962368617,247.666400582985,230.854282226051
"gene-AM1_RS24525",33.3683054259507,34.7377223743857,36.2487147625649,20.2651352535182,19.5526105723409,23.279423417753
"gene-AM1_RS24530",89.7492352835917,71.2568664089963,31.4155527942229,28.2483703533891,42.3639895734053,25.2193753692324
"gene-AM1_RS24535",52.9290361928874,40.0819873550604,35.7653985657307,33.7752254225304,37.4758369303201,27.1593273207119
"gene-AM1_RS24540",154.184583692324,172.797901041816,184.14347099383,144.92642181304,120.574431862769,147.436348312436
"gene-AM1_RS24545",1063.18324874409,913.869311695377,343.154499752281,305.205218818138,552.361248668631,362.771014926651
"gene-AM1_RS24550",2486.51406984412,2378.19791640025,1055.56257388589,1042.11922803698,1642.41928807664,1648.95915875751
"gene-AM1_RS24555",1524.58636859947,1738.66754037951,653.92681431667,498.031051230403,839.132870396298,997.135303060421
"gene-AM1_RS24560",105.858072385775,110.448142933944,43.4984577150778,30.7047503841186,55.3990632882993,13.5796636603559
"gene-AM1_RS24565",311.821061049402,51.6612281465223,146.928123837596,28.8624653610714,307.95361651437,21.3394714662736
"gene-AM1_RS24570",806.59248633074,513.940148974886,368.286941987659,282.483703533891,573.543243455334,362.771014926651
"gene-AM1_RS24575",51.7784049713029,35.6284332044981,26.0990746290467,33.161130414848,26.0701474297879,15.5196156118353
"gene-AM1_RS24580",18.4100995453521,24.9399032431487,23.1991774480415,26.406085330342,9.77630528617046,29.0992792721913
"gene-AM1_RS24585",48.3265113065494,51.6612281465223,42.5318253214094,60.7954057605547,42.3639895734053,71.7782222047385
"gene-AM1_RS24595",268.097074629191,538.880052218034,107.779511894026,153.523751920593,143.385810863833,234.73418612901
"gene-AM1_RS41225",25.3138868748592,58.7869147874219,24.6491260385441,37.4597954686246,16.2938421436174,46.558846835506
"gene-AM1_RS24600",116.213753380035,351.830777894419,90.3801288079951,230.285627880889,135.238889792025,225.034426371612
"gene-AM1_RS24605",187.552889118275,592.322702024782,133.878586523073,237.040672965395,140.12704243511,252.193753692324
"gene-AM1_RS24615",782.429230677466,279.68320065531,423.868304623592,330.997209140798,729.964128034061,261.893513449721
"gene-AM1_RS24620",607.533284996621,642.202508511079,384.719692680022,390.564424885988,412.234206233521,386.050438344404
"gene-AM1_RS24625",37.9708303122888,31.1748790539359,45.9150386992488,32.5470354071657,24.4407632154262,34.9191351266295
"gene-AM1_RS24630",52.9290361928874,37.409854864723,42.0485091245752,41.1443655147189,35.8464527159584,48.4987987869854
"gene-AM1_RS24635",211.71614477155,199.51922594519,191.876530143177,170.104317128017,250.925169011708,209.514810759777
"gene-AM1_RS24640",82.8454479540846,81.0546855402333,98.5965041541764,76.147780952614,68.4341370031932,69.838270253259
"gene-AM1_RS24645",24.1632556532747,62.3497581078717,40.5985605340727,56.4967407067781,76.5810580750019,128.036828797642
"gene-AM1_RS24650",24.1632556532747,39.191276524948,56.064678832767,91.5001561446733,78.2104422893637,114.457165137286
"gene-AM1_RS24655",32.2176742043662,30.2841682238234,13.5328535113576,30.0906553764362,39.1052211446818,60.138510495862
"gene-AM1_RS24660",41.4227239770423,46.3169631658476,41.0818767309069,85.3592060678496,84.7279791468107,100.87750147693
"gene-AM1_RS24665",95.5023913915142,88.1803721811329,83.1303858554821,99.4833912445441,161.309037221813,112.517213185806
"gene-AM1_RS24670",40.2720927554578,43.6448306755102,45.9150386992488,57.1108357144605,50.510910645214,58.1985585443825
"gene-AM1_RS24675",591.424447894437,451.590390867014,680.509205142551,628.833287866748,923.860849543109,772.100876688808
"gene-AM1_RS24680",44.8746176417958,32.0655898840483,26.5823908258809,38.6879854839894,32.5876842872349,27.1593273207119
"gene-AM1_RS39965",46.0252488633803,37.409854864723,22.2325450543731,17.1946602151064,17.9232263579792,11.6397117088765
"gene-AM1_RS24695",16.1088371021831,8.01639747101208,33.3488175815597,39.3020804916717,30.9583000728731,40.7389909810678
"gene-AM1_RS24710",95.5023913915142,97.0874804822574,91.3467612016635,63.2517857912842,68.4341370031932,42.6789429325472
"gene-AM1_RS24715",299.164117611972,230.694104999125,196.226375914684,161.506987020464,337.282532372881,225.034426371612
"gene-AM1_RS24720",21.8619932101057,30.2841682238234,17.8826992828653,15.9664701997416,14.6644579292557,34.9191351266295
"gene-AM1_RS24725",37.9708303122888,47.20767399596,49.2982520770882,39.3020804916717,24.4407632154262,50.4387507384649
"gene-AM1_RS24730",50.6277737497184,222.677707528113,51.7148330612592,110.537101382827,39.1052211446818,114.457165137286
"gene-AM1_RS24735",133.473221703803,156.765106099792,67.1809513599536,58.3390257298252,94.5042844329811,46.558846835506
"gene-AM1_RS24740",2752.30988203014,2710.4330560322,2204.88848995761,2886.86063111483,4668.18577414639,3456.99437753632
"gene-AM1_RS24750",58.6821923008099,92.6339263316952,80.2304886744769,69.3927358681079,66.8047527888315,48.4987987869854
"gene-AM1_RS24755",50.6277737497184,58.7869147874219,43.4984577150778,33.7752254225304,34.2170685015966,42.6789429325472
"gene-AM1_RS24760",13.8075746590141,12.4699516215743,18.3660154796995,17.8087552227888,3.25876842872349,7.75980780591767
"gene-AM1_RS24765",96.6530226130987,106.885299613494,147.894756231265,141.855946774628,101.021821290428,108.637309282847
"gene-AM1_RS24770",14.9582058805986,12.4699516215743,13.5328535113576,14.1241851766945,8.14692107180872,9.69975975739709
"gene-AM1_RS24775",48.3265113065494,42.7541198453978,72.9807457219639,54.0403606760486,60.2872159313845,32.9791831751501
"gene-AM1_RS24780",50.6277737497184,57.8962039573095,72.4974295251297,88.4296811062614,45.6227580021288,91.1777417195326
"gene-AM1_RS24795",95.5023913915142,134.49733534698,126.145527373726,100.711581259909,171.085342507983,176.535627584627
"gene-AM1_RS24800",380.858934344472,648.437484321866,286.60650472268,614.709102690053,477.409574807991,1010.71496672078
"gene-AM1_RS24805",158.787108578662,176.360744362266,130.012056948399,154.137846928275,203.673026795218,188.175339293504
"gene-AM1_RS24810",51.7784049713029,53.4426498067472,47.8483034865856,44.2148405531307,55.3990632882993,83.417933913615
"gene-AM1_RS24815",331.381791816338,372.317126987006,560.163472130836,1074.66626344415,612.648464600016,1678.0584380297
"gene-AM1_RS24820",866.425309853135,427.541198453978,562.096736918173,718.491158988374,728.334743819699,857.458762553903
"gene-AM1_RS24830",24.1632556532747,17.8142166022491,28.5156556132177,35.6175104455775,32.5876842872349,44.6188948840266
"gene-AM1_RS24835",14.9582058805986,6.23497581078717,31.4155527942229,30.7047503841186,22.8113790010644,25.2193753692324
"gene-AM1_RS24840",10.3556809942606,15.1420841119117,21.7492288575389,17.8087552227888,19.5526105723409,15.5196156118353
"gene-AM1_RS24845",21.8619932101057,21.3770599226989,36.7320309593991,32.5470354071657,40.7346053590436,40.7389909810678
"gene-AM1_RS24850",63.284717187148,61.4590472777593,68.147583753622,73.6914009218845,60.2872159313845,79.5380300106561
"gene-AM1_RS24855",11.5063122158451,37.409854864723,15.9494344955285,20.8792302612006,6.51753685744697,15.5196156118353
"gene-AM1_RS24860",228.975613095317,285.918176466098,525.848022155608,374.597954686246,320.988690229263,372.470774684048
"gene-AM1_RS24865",789.333018006973,7167.55004991491,505.548741888571,4191.19842743218,1171.52725012609,5096.25377653643
"gene-AM1_RS24870",92.0504977267607,130.934492026531,97.6298717605081,76.7618759602964,114.056895005322,114.457165137286
"gene-AM1_RS24875",224.373088208979,271.666803184298,297.722777249866,228.443342857842,247.666400582985,225.034426371612
"gene-AM1_RS24880",1521.13447493472,1453.64007474352,1670.34077625899,2043.09409055925,1562.57946157291,1648.95915875751
"gene-AM1_RS24885",234.72876920324,280.573911485423,297.239461053032,275.728658449385,386.164058803733,323.971975897063
"gene-AM1_RS24890",121.966909487958,120.245962065181,125.662211176892,178.087552227888,86.3573633611724,118.337069040245
"gene-AM1_RS24900",158.787108578662,187.049274323615,159.494344955285,133.258616667075,185.749800437239,153.256204166874
"gene-AM1_RS24905",335.984316702676,226.240550848563,358.620618050975,233.970197926983,433.416201020224,314.272216139666
"gene-AM1_RS24910",138.075746590141,202.191358435527,209.275913229208,121.590811521109,291.659774370752,285.172936867474
"gene-AM1_RS24915",333.683054259507,438.229728415327,333.971492012431,429.252410369977,700.63521217555,521.847074947963
"gene-AM1_RS24920",408.474083662501,433.776174264765,219.90886955956,181.772122273982,475.780190593629,279.353081013036
"gene-AM1_RS24925",87.4479728404227,128.262359536193,71.5307971314613,44.8289355608131,101.021821290428,50.4387507384649
"gene-AM1_RS24930",434.938601758944,286.80888729621,365.870361003488,190.983547389217,518.144180167034,244.433945886407
"gene-AM1_RS24935",138.075746590141,45.4262523357351,306.905784989716,93.9565361754028,210.190563652665,60.138510495862
"gene-AM1_RS24940",5787.67504457008,3890.6249059312,12216.3001911812,5603.00285009395,6830.37862660443,4731.5428096583
"gene-AM1_RS24945",162.239002243416,110.448142933944,170.127301285638,132.03042665171,182.491032008515,147.436348312436
"gene-AM1_RS24950",191.004782783028,181.70500934294,135.81185131041,94.5706311830851,166.197189864898,102.817453428409
"gene-AM1_RS24955",15900.5728510763,1884.74411651795,7151.62976455563,4229.88641291617,13316.9571839785,2531.63729668064
"gene-AM1_RS24960",273.850230737113,127.371648706081,134.845218916741,111.765291398192,246.037016368623,129.976780749121
"gene-AM1_RS37775",101.255547499437,65.9126014283216,65.731002769451,39.9161754993541,55.3990632882993,44.6188948840266
"gene-AM1_RS24970",42.5733551986268,25.8306140732611,33.8321337783939,25.7919903226596,21.1819947867027,21.3394714662736
"gene-AM1_RS24975",80.5441855109156,64.1311797680966,82.1637534618137,77.9900659756611,74.9516738606402,64.0184143988208
"gene-AM1_RS24980",9658.39847398036,8570.41960734203,5615.16757481972,6273.5945984831,12199.1996129264,9111.95431609883
"gene-AM1_RS24985",3660.15791586032,3568.18758543049,2792.11766911116,2455.15184071412,4192.40558355277,3278.51879800022
"gene-AM1_RS24990",975.735275903663,886.257275961891,866.102624726883,652.78299316636,1050.95281826332,620.784624473414
"gene-AM1_RS24995",48.3265113065494,54.3333606368597,81.6804372649795,65.7081658220137,97.7630528617046,157.136108069833
"gene-AM1_RS25000",139.226377811726,390.131343589255,128.078792161063,389.336234870623,156.420884578727,519.907122996484
"gene-AM1_RS25005",97.8036538346832,225.349840018451,125.662211176892,233.356102919301,94.5042844329811,209.514810759777
"gene-AM1_RS25010",426.884183207853,458.716077507913,328.171697650421,305.205218818138,337.282532372881,345.311447363336
"gene-AM1_RS25015",284.205911731374,270.776092354186,340.73791876811,276.956848464749,363.352679802669,279.353081013036
"gene-AM1_RS25020",19.5607307669366,89.0710830112453,20.2992802670363,27.6342753457067,22.8113790010644,31.0392312236707
"gene-AM1_RS25025",652.407902638416,1917.70041723211,525.848022155608,1633.49272043511,756.034275463849,1914.73257611019
"gene-AM1_RS25030",32.2176742043662,165.672214400916,64.2810541789484,508.470666361003,37.4758369303201,593.625297152702
"gene-AM1_RS25040",132.322590482218,188.83069598384,197.193008308353,372.141574655517,185.749800437239,269.653321255639
"gene-AM1_RS25045",62.1340859655635,92.6339263316952,49.2982520770882,63.2517857912842,21.1819947867027,67.8983183017796
"gene-AM1_RS25050",193.306045226197,187.049274323615,149.828021018601,135.714996697804,192.267337294686,95.0576456224915
"gene-AM1_RS25055",228.975613095317,456.043945017576,273.073651211322,364.158339555646,384.534674589371,572.285825686428
"gene-AM1_RS25060",257.74139363493,528.191522256685,259.540797699964,355.561009448093,363.352679802669,492.747795675772
"gene-AM1_RS37780",613.286441104543,123.808805385631,887.368537387588,615.323197697736,2545.09814283304,857.458762553903
"gene-AM1_RS25070",223.222456987395,59.6776256175344,325.271800469415,227.215152842477,1044.43528140588,366.65091882961
"gene-AM1_RS25075",92.0504977267607,160.327949420242,96.1799231700055,76.7618759602964,91.2455160042576,118.337069040245
"gene-AM1_RS25080",623.642122098804,663.579568433778,379.403214514846,340.208634256034,391.052211446818,444.248996888787
"gene-AM1_RS25085",217.469300879472,285.027465635985,255.190951928457,230.285627880889,283.512853298943,236.674138080489
"gene-AM1_RS25090",372.804515793381,394.584897739817,274.523599801825,218.617822734924,338.911916587243,308.452360285227
"gene-AM1_RS25095",181.799733010352,193.284250134402,150.311337215436,147.996896851451,224.855021581921,149.376300263915
"gene-AM1_RS25100",182.950364231937,267.213249033736,141.61164567242,112.993481413556,141.756426649472,174.595675633148
"gene-AM1_RS25105",317.574217157324,345.595802083632,247.45789277911,244.409813057584,355.20575873086,360.831062975172
"gene-AM1_RS25110",631.696540649895,578.071328742982,465.916813748167,496.188766207356,656.641838387783,558.706162026072
"gene-AM1_RS25115",117.36438460162,81.0546855402333,137.745116097747,132.644521659392,182.491032008515,236.674138080489
"gene-AM1_RS25120",843.412685421445,196.847093454852,608.495091814256,154.751941935957,1104.72249733726,186.235387342024
"gene-AM1_RS25125",975.735275903663,898.727227583465,806.171416319443,1222.6631602956,1156.86279219684,1369.60607774447
"gene-AM1_RS25130",151.883321249155,234.256948319575,56.064678832767,66.3222608296961,92.8749002186194,85.3578858650944
"gene-AM1_RS25135",2886.93373495553,3017.72829242099,1352.80203493892,1247.84105561058,2944.29727535167,1689.69814973857
"gene-AM1_RS25140",950.421389028804,1002.94039470662,901.868023292614,985.622487330205,941.784075901088,731.361885707741
"gene-AM1_RS25145",1150.63122158451,1407.32311157768,795.055143792256,852.363870663131,1355.64766634897,1080.55323697404
"gene-AM1_RS25150",319.875479600493,295.715995597335,244.557995598104,186.684882335441,280.25408487022,230.854282226051
"gene-AM1_RS25155",346.339997696937,217.333442547439,438.851106725452,251.778953149772,664.788759459591,155.196156118353
"gene-AM1_RS25160",459.101857412219,497.016643202749,288.539769510016,177.473457220205,467.63326952182,250.253801740845
"gene-AM1_RS25165",1256.48929397028,1203.35033148192,1233.90625051771,2343.38654931593,1093.31680783673,1825.49478634213
"gene-AM1_RS25170",264.645180964437,95.3060588220325,62.8311055884458,55.2685506914134,57.028447502661,52.3787026899443
"gene-AM1_RS25175",4311.41518727715,5479.65302685181,3994.12505063781,5325.43190662152,6095.52634592728,4993.43632310802
"gene-AM1_RS25180",47.1758800849648,65.0218905982091,24.6491260385441,22.1074202765654,26.0701474297879,13.5796636603559
"gene-AM1_RS25185",111.611228493697,218.224153377551,127.595475964228,132.644521659392,104.280589719152,114.457165137286
"gene-AM1_RS25190",32.2176742043662,45.4262523357351,54.1314140454302,51.5839806453192,29.3289158585114,48.4987987869854
"gene-AM1_RS25195",95.5023913915142,260.978273222949,148.861388624933,394.248994932082,128.721352934578,372.470774684048
"gene-AM1_RS25200",1189.75268311838,2237.46560524248,1496.83026159551,2125.99691659637,1634.27236700483,3870.20414320144
"gene-AM1_RS25205",174.895945680845,318.874477180258,96.6632393668396,118.520336482698,127.091968720216,128.036828797642
"gene-AM1_RS25210",431.486708094191,567.382798781633,293.372931478358,563.739217052417,446.451274735118,661.523615454482
"gene-AM1_RS25215",1872.076997518,671.59596590479,1730.75530086326,1076.5085484672,2297.43174225006,1101.89270844031
"gene-AM1_RS25220",119.665647044789,49.8798064862974,130.012056948399,53.4262656683663,131.980121363301,58.1985585443825
"gene-AM1_RS25225",1140.27554059025,673.377387565015,607.528459420587,334.06768417921,723.446591176614,461.708564452101
"gene-AM1_RS25230",582.219398121761,546.896449689046,317.055425123234,206.950017588959,446.451274735118,258.013609546763
"gene-AM1_RS25235",721.445775933487,756.213494765473,947.299745795029,933.424411677204,804.915801894701,952.516408176394
"gene-AM1_RS25240",15662.3921882083,10439.130928918,14035.5023560651,11333.7374617858,28551.6995882608,28437.7556567368
"gene-AM1_RS25245",581.068766900177,586.978437044107,377.469949727509,297.83607872595,664.788759459591,512.147315190566
"gene-AM1_RS25250",525.83846826412,495.235221542524,377.469949727509,256.077618203549,334.023763944157,203.694954905339
"gene-AM1_RS25255",41382.4518842868,31590.8410115984,145228.30077333,120316.564380169,90491.1111130081,76579.60328465
"gene-AM1_RS25260",260.042656078099,220.896285867888,1057.49583867323,973.95468218424,596.354622456398,583.925537395305
"gene-AM1_RS25265",1104.60597272113,1323.59629354711,361.52051523198,295.993793702903,687.600138460656,384.110486392925
"gene-AM1_RS25270",680.023051956445,1314.68918524598,416.618561671079,391.17851989367,457.85696423565,387.990390295884
"gene-AM1_RS25275",300.314748833557,753.541362275136,145.478175247094,222.916487788701,161.309037221813,389.930342247363
"gene-AM1_RS25280",240.481925311162,204.863490925864,153.694550593275,122.204906528792,190.637953080324,112.517213185806
"gene-AM1_RS25285",189.854151561444,195.95638262474,121.795681602218,118.520336482698,112.42751079096,85.3578858650944
"gene-AM1_RS25290",302.616011276726,306.404525558684,169.643985088804,152.90965691291,257.442705869155,273.533225158598
"gene-AM1_RS25295",119.665647044789,133.606624516868,136.778483704078,133.872711674757,161.309037221813,166.83586782723
"gene-AM1_RS25300",257.74139363493,243.1640566207,143.061594262923,113.607576421239,205.30241100958,234.73418612901
"gene-AM1_RS43305",55.2302986360564,69.4754447487714,29.4822880068861,14.1241851766945,26.0701474297879,17.4595675633148
"gene-AM1_RS43310",18.4100995453521,23.1584815829238,23.1991774480415,15.3523751920593,9.77630528617046,9.69975975739709
"gene-AM1_RS25320",322.176742043662,275.229646504748,326.238432863084,303.977028802774,430.1574325915,419.029621519554
"gene-AM1_RS25325",32.2176742043662,24.0491924130362,26.0990746290467,11.0537101382827,16.2938421436174,27.1593273207119
"gene-AM1_RS42335",85.1467103972536,75.7104205595585,114.545938649705,190.983547389217,120.574431862769,102.817453428409
"gene-AM1_RS25330",277.302124401867,333.125850462058,332.521543421928,284.325988556938,356.835142945222,440.369092985828
"gene-AM1_RS25335",12.6569434374296,15.1420841119117,23.1991774480415,19.0369452381535,8.14692107180872,5.81985585443825
"gene-AM1_RS42340",17.2594683237676,13.3606624516868,13.0495373145234,17.8087552227888,19.5526105723409,13.5796636603559
"gene-AM1_RS25340",423.432289543099,57.8962039573095,304.972520202379,84.7451110601672,407.346053590436,58.1985585443825
"gene-AM1_RS25345",2078.03998618162,237.819791640025,965.665761274728,218.617822734924,1577.24391950217,256.073657595283
"gene-AM1_RS25350",200.209832555704,27.6120357334861,140.161697081918,21.493325268883,244.407632154262,19.3995195147942
"gene-AM1_RS25355",64.4353484087325,67.6940230885465,62.8311055884458,79.2182559910259,78.2104422893637,60.138510495862
"gene-AM1_RS25360",189.854151561444,286.80888729621,102.946349925684,151.067371889863,208.561179438303,217.274618565695
"gene-AM1_RS25365",1148.32995914134,1125.85848926214,611.394988995261,407.144990093412,1034.65897611971,560.646113977552
"gene-AM1_RS25370",821.550692211339,651.109616812203,625.411158703453,363.544244547964,984.148065474493,580.045633492346
"gene-AM1_RS25375",203.661726220458,102.431745462932,235.858304055089,151.681466897546,304.694848085646,153.256204166874
"gene-AM1_RS25380",155.335214913909,137.169467837318,145.961491443928,141.855946774628,96.1336686473429,108.637309282847
"gene-AM1_RS25385",13.8075746590141,30.2841682238234,16.4327506923627,20.2651352535182,16.2938421436174,31.0392312236707
"gene-AM1_RS25390",6.90378732950705,25.8306140732611,12.5662211176892,34.3893204302128,11.4056895005322,96.9975975739709
"gene-AM1_RS25395",109.309966050528,112.229564594169,124.212262586389,109.923006375144,87.9867475755341,145.496396360956
"gene-AM1_RS25410",62.1340859655635,73.9289988993336,72.4974295251297,85.9733010755319,89.6161317898959,102.817453428409
"gene-AM1_RS25415",100.104916277852,88.1803721811329,102.946349925684,118.520336482698,91.2455160042576,122.216972943203
"gene-AM1_RS25420",155.335214913909,219.114864207664,130.978689342068,140.013661751581,187.3791846516,155.196156118353
"gene-AM1_RS25425",103.556809942606,125.590227045856,149.828021018601,98.2552012291794,210.190563652665,190.115291244983
"gene-AM1_RS25430",126.569434374296,132.715913686756,98.1131879573422,79.8323509987082,117.315663434046,62.0784624473414
"gene-AM1_RS25435",323.327373265247,607.464786136693,396.802597600877,770.689234641376,378.017137731924,725.542029853302
"gene-AM1_RS25440",260.042656078099,251.180454091712,255.674268125291,208.178207604324,361.723295588307,258.013609546763
"gene-AM1_RS25445",86.2973416188381,181.70500934294,52.1981492580934,55.2685506914134,71.6929054319167,73.7181741562179
"gene-AM1_RS25450",44.8746176417958,141.62302198788,28.0323394163835,23.9497052996125,21.1819947867027,42.6789429325472
"gene-AM1_RS25455",144.979533919648,287.699598126322,118.412468224379,394.248994932082,164.567805650536,580.045633492346
"gene-AM1_RS25460",539.646042923134,340.251537102957,429.184782788768,309.503883871915,575.172627669695,453.948756646184
"gene-AM1_RS25465",690.378732950705,413.289825172178,487.666042605706,400.389945008906,666.418143673953,428.729381276951
"gene-AM1_RS25470",796.23680533648,89.9617938413578,1114.52714989966,112.993481413556,1661.97189864898,122.216972943203
"gene-AM1_RS25475",257.74139363493,191.502828474177,192.843162536845,119.748526498062,343.800069230328,248.313849789365
"gene-AM1_RS25480",789.333018006973,370.535705326781,581.912700988375,248.094383103678,874.979323112256,386.050438344404
"gene-AM1_RS25485",644.353484087325,337.57940461262,350.404242704794,111.151196390509,565.396322383525,114.457165137286
"gene-AM1_RS25490",776.676074569543,328.672296311495,354.270772279467,138.785471736216,915.7139284713,141.616492457998
"gene-AM1_RS25495",182.950364231937,183.486431003165,81.6804372649795,181.158027266299,162.938421436174,168.775819778709
"gene-AM1_RS25500",125.418803152711,157.655816929904,113.579306256037,162.735177035828,130.350737148939,151.316252215395
"gene-AM1_RS25505",80.5441855109156,101.54103463282,126.145527373726,117.292146467333,122.203816077131,139.676540506518
"gene-AM1_RS25510",5.75315610792254,8.90710830112453,14.9828021018601,11.0537101382827,13.0350737148939,11.6397117088765
"gene-AM1_RS25515",67.887242073486,48.0983848260725,70.0808485409588,70.6209258834727,79.8398265037254,100.87750147693
"gene-AM1_RS25520",163.389633465,154.983684439567,241.174782220265,194.054022427629,211.819947867027,192.055243196462
"gene-AM1_RS25525",116.213753380035,79.2732638800084,86.0302830364873,62.6376907836018,114.056895005322,95.0576456224915
"gene-AM1_RS25530",41.4227239770423,69.4754447487714,48.814935880254,51.5839806453192,29.3289158585114,17.4595675633148
"gene-AM1_RS25535",52.9290361928874,38.3005656948355,43.4984577150778,42.986650537766,45.6227580021288,32.9791831751501
"gene-AM1_RS25540",97.8036538346832,109.557432103832,134.845218916741,157.208321966687,79.8398265037254,67.8983183017796
"gene-AM1_RS25545",39.1214615338733,16.0327949420242,20.2992802670363,29.4765603687538,26.0701474297879,9.69975975739709
"gene-AM1_RS43315",37.9708303122888,39.191276524948,42.5318253214094,35.0034154378951,26.0701474297879,32.9791831751501
"gene-AM1_RS25555",39.1214615338733,47.20767399596,51.231516864425,74.9195909372493,68.4341370031932,73.7181741562179
"gene-AM1_RS39980",39.1214615338733,24.9399032431487,36.7320309593991,30.0906553764362,21.1819947867027,23.279423417753
"gene-AM1_RS25575",1954.92244547208,639.530376020742,503.615477101235,1037.82056298321,658.271222602144,471.408324209499
"gene-AM1_RS25580",34.5189366475353,32.0655898840483,34.3154499752281,31.3188453918009,35.8464527159584,23.279423417753
"gene-AM1_RS25585",39.1214615338733,45.4262523357351,29.9656042037203,33.161130414848,30.9583000728731,19.3995195147942
"gene-AM1_RS25590",33.3683054259507,34.7377223743857,19.8159640702021,26.406085330342,17.9232263579792,23.279423417753
"gene-AM1_RS25595",102.406178721021,129.153070366306,72.9807457219639,41.7584605224012,101.021821290428,75.6581261076973
"gene-AM1_RS25600",29.9164117611972,29.393457393711,31.4155527942229,28.2483703533891,66.8047527888315,29.0992792721913
"gene-AM1_RS25605",227.824981873733,298.388128087672,229.575193496244,257.305808218913,324.247458657987,273.533225158598
"gene-AM1_RS25610",1417.57766499211,1142.78199503428,1276.92139203595,1331.35797665538,2202.92745781708,1098.01280453735
"gene-AM1_RS25615",8.05441855109156,22.2677707528113,14.9828021018601,22.1074202765654,14.6644579292557,15.5196156118353
"gene-AM1_RS25620",69.0378732950705,48.9890956561849,103.912982319353,119.13443149038,109.168742362237,145.496396360956
"gene-AM1_RS25625",132.322590482218,161.218660250354,231.508458283581,300.292458756679,189.008568865962,331.73178370298
"gene-AM1_RS37785",43.7239864202113,66.803312258434,67.1809513599536,144.92642181304,45.6227580021288,95.0576456224915
"gene-AM1_RS42345",17.2594683237676,15.1420841119117,25.6157584322125,25.1778953149772,9.77630528617046,11.6397117088765
"gene-AM1_RS25635",18.4100995453521,16.0327949420242,43.981773911912,25.7919903226596,22.8113790010644,15.5196156118353
"gene-AM1_RS25640",541.947305366303,98.8689021424823,635.077482640137,83.5169210448025,940.154691686726,139.676540506518
"gene-AM1_RS25645",776.676074569543,146.967286968555,852.086455018692,127.731761597933,1502.29224564153,155.196156118353
"gene-AM1_RS25650",833.057004427184,128.262359536193,720.141133282955,228.443342857842,1158.4921764112,230.854282226051
"gene-AM1_RS25655",14.9582058805986,32.0655898840483,22.2325450543731,20.2651352535182,21.1819947867027,32.9791831751501
"gene-AM1_RS41250",12.6569434374296,26.7213249033736,20.7825964638705,23.3356102919301,13.0350737148939,67.8983183017796
"gene-AM1_RS25670",16.1088371021831,63.2404689379842,19.8159640702021,65.0940708143313,14.6644579292557,112.517213185806
"gene-AM1_RS25675",31.0670429827817,57.005493127197,35.2820823688965,52.1980756530015,24.4407632154262,69.838270253259
"gene-AM1_RS25680",48.3265113065494,65.9126014283216,55.0980464390986,62.6376907836018,60.2872159313845,48.4987987869854
"gene-AM1_RS25685",161.088371021831,147.857997798667,181.243573812824,159.664701997416,164.567805650536,190.115291244983
"gene-AM1_RS25690",26.4645180964437,35.6284332044981,19.8159640702021,19.6510402458359,19.5526105723409,17.4595675633148
"gene-AM1_RS39985",69.0378732950705,53.4426498067472,51.7148330612592,44.2148405531307,34.2170685015966,19.3995195147942
"gene-AM1_RS38865",18.4100995453521,10.6885299613494,15.4661182986943,6.75504508450608,13.0350737148939,11.6397117088765
"gene-AM1_RS25705",9.20504977267607,11.5792407914619,17.8826992828653,15.3523751920593,6.51753685744697,13.5796636603559
"gene-AM1_RS25710",77.0922918461621,75.7104205595585,57.0313112264354,58.3390257298252,50.510910645214,42.6789429325472
"gene-AM1_RS25715",159.937739800247,166.562925231029,162.394242136291,202.0372575275,169.455958293621,252.193753692324
"gene-AM1_RS25720",102.406178721021,92.6339263316952,125.178894980057,128.959951613298,117.315663434046,114.457165137286
"gene-AM1_RS25725",50.6277737497184,38.3005656948355,53.1647816517618,42.3725555300836,73.3222896462784,50.4387507384649
"gene-AM1_RS25730",164.540264686585,130.043781196418,108.26282809086,82.9028260371201,213.449332081388,96.9975975739709
"gene-AM1_RS25735",406.172821219332,285.027465635985,306.422468792882,173.788887174111,435.045585234585,275.473177110077
"gene-AM1_RS25740",1066.63514240884,758.88562725581,856.436300790199,795.25303494867,1300.24860306067,1105.77261234327
"gene-AM1_RS25745",123.117540709542,97.0874804822574,139.678380885083,112.993481413556,141.756426649472,133.85668465208
"gene-AM1_RS25750",245.0844501975,203.972780095752,130.978689342068,117.906241475015,244.407632154262,273.533225158598
"gene-AM1_RS25755",231.276875538486,137.169467837318,278.390129376498,391.792614901353,285.142237513305,659.583663503002
"gene-AM1_RS25760",125.418803152711,67.6940230885465,143.061594262923,128.345856605616,154.791500364366,192.055243196462
"gene-AM1_RS37790",56.3809298576409,40.9726981851729,56.5479950296012,70.6209258834727,39.1052211446818,67.8983183017796
"gene-AM1_RS25770",36.8201990907043,37.409854864723,39.1486119435701,39.3020804916717,52.1402948595758,54.3186546414237
"gene-AM1_RS37795",345.189366475353,286.80888729621,415.168613080576,329.154924117751,534.438022310652,523.787026899443
"gene-AM1_RS25780",98.9542850562677,81.0546855402333,119.862416814881,77.9900659756611,151.532731935642,110.577261234327
"gene-AM1_RS25785",130.021328039049,113.120275424282,37.2153471562333,17.1946602151064,104.280589719152,67.8983183017796
"gene-AM1_RS25790",4130.76608548839,2736.26367010546,2249.83689626319,2199.68831751825,5390.00298110865,4725.72295380386
"gene-AM1_RS25795",24.1632556532747,14.2513732817993,17.3993830860311,15.9664701997416,11.4056895005322,11.6397117088765
"gene-AM1_RS25800",69.0378732950705,40.0819873550604,94.7299745795029,117.292146467333,50.510910645214,62.0784624473414
"gene-AM1_RS25805",28.7657805396127,32.0655898840483,29.4822880068861,26.406085330342,40.7346053590436,23.279423417753
"gene-AM1_RS25810",19.5607307669366,15.1420841119117,15.4661182986943,15.3523751920593,8.14692107180872,9.69975975739709
"gene-AM1_RS25820",58.6821923008099,162.109371080467,68.147583753622,173.788887174111,35.8464527159584,151.316252215395
"gene-AM1_RS25825",24.1632556532747,22.2677707528113,25.6157584322125,40.5302705070365,21.1819947867027,21.3394714662736
"gene-AM1_RS25830",16.1088371021831,22.2677707528113,39.1486119435701,60.1813107528724,6.51753685744697,3.87990390295884
"gene-AM1_RS25835",10.3556809942606,16.9235057721366,14.9828021018601,23.9497052996125,14.6644579292557,3.87990390295884
"gene-AM1_RS25840",25.3138868748592,37.409854864723,32.8655013847255,28.2483703533891,22.8113790010644,21.3394714662736
"gene-AM1_RS25845",42.5733551986268,29.393457393711,28.5156556132177,27.0201803380243,24.4407632154262,17.4595675633148
"gene-AM1_RS25850",43.7239864202113,50.7705173164098,33.8321337783939,34.3893204302128,39.1052211446818,15.5196156118353
"gene-AM1_RS25855",47.1758800849648,37.409854864723,36.7320309593991,46.6712205838602,48.8815264308523,40.7389909810678
"gene-AM1_RS25860",28.7657805396127,24.0491924130362,20.7825964638705,13.5100901690122,21.1819947867027,15.5196156118353
"gene-AM1_RS25865",72.489766959824,74.8197097294461,63.31442178528,70.6209258834727,87.9867475755341,48.4987987869854
"gene-AM1_RS25870",24.1632556532747,18.7049274323615,17.3993830860311,10.4396151306003,16.2938421436174,7.75980780591767
"gene-AM1_RS25875",59.8328235223944,55.2240714669721,50.2648844707566,52.1980756530015,32.5876842872349,38.7990390295884
"gene-AM1_RS25880",10.3556809942606,24.9399032431487,16.4327506923627,17.8087552227888,9.77630528617046,9.69975975739709
"gene-AM1_RS25885",12.6569434374296,19.595638262474,25.1324422353783,24.5638003072948,22.8113790010644,7.75980780591767
"gene-AM1_RS25890",12.6569434374296,26.7213249033736,16.9160668891969,20.8792302612006,21.1819947867027,23.279423417753
"gene-AM1_RS39995",13.8075746590141,16.9235057721366,8.21637534618137,11.667805145965,14.6644579292557,9.69975975739709
"gene-AM1_RS25900",72.489766959824,63.2404689379842,56.064678832767,41.1443655147189,47.2521422164906,42.6789429325472
"gene-AM1_RS25905",49.4771425281339,49.8798064862974,43.981773911912,27.0201803380243,34.2170685015966,46.558846835506
"gene-AM1_RS25910",117.36438460162,64.1311797680966,60.4145246042748,38.073890476307,37.4758369303201,31.0392312236707
"gene-AM1_RS25915",28.7657805396127,15.1420841119117,30.4489204005545,23.3356102919301,30.9583000728731,29.0992792721913
"gene-AM1_RS25920",161.088371021831,133.606624516868,276.940180785996,213.090967665783,200.414258366494,258.013609546763
"gene-AM1_RS42350",33.3683054259507,30.2841682238234,379.88653071168,262.218568280372,30.9583000728731,15.5196156118353
"gene-AM1_RS25925",338.285579145845,273.448224844523,163.360874529959,162.735177035828,378.017137731924,211.454762711257
"gene-AM1_RS25930",143.828902698064,153.202262779342,98.5965041541764,74.3054959295669,190.637953080324,128.036828797642
"gene-AM1_RS25935",510.880262383522,725.038615711537,676.159359371043,1144.67309431994,1057.47035512077,1629.55963924271
"gene-AM1_RS37805",54.0796674144719,41.8634090152853,54.1314140454302,44.2148405531307,34.2170685015966,50.4387507384649
"gene-AM1_RS25945",261.193287299683,359.847175365431,385.68632507369,374.597954686246,215.07871629575,389.930342247363
"gene-AM1_RS25950",16.1088371021831,9.79781913123699,35.2820823688965,25.1778953149772,17.9232263579792,15.5196156118353
"gene-AM1_RS25955",341.737472810599,313.530212199584,262.44069488097,200.194972504453,391.052211446818,269.653321255639
"gene-AM1_RS25960",127.72006559588,131.825202856643,153.211234396441,140.013661751581,153.162116150004,180.415531487586
"gene-AM1_RS25965",266.946443407606,254.743297412162,426.284885607763,669.977653381467,358.464527159584,541.246594462758
"gene-AM1_RS25970",613.286441104543,1030.55243044011,594.478922106064,899.649186254674,756.034275463849,1614.04002363088
"gene-AM1_RS25975",403.871558776162,300.169549747897,458.18375459882,547.772746852675,637.089227815442,570.345873734949
"gene-AM1_RS25980",219.770563322641,192.39353930429,170.610617482472,143.698231797675,131.980121363301,221.154522468654
"gene-AM1_RS25985",680.023051956445,729.492169862099,601.728665058577,541.631796775851,666.418143673953,725.542029853302
"gene-AM1_RS25990",717.993882268733,617.26260526793,661.659873466017,936.494886715616,835.874101967574,807.020011815438
"gene-AM1_RS25995",166.841527129754,162.109371080467,117.44583583071,93.3424411677204,118.945047648407,139.676540506518
"gene-AM1_RS26000",100.104916277852,106.885299613494,127.112159767394,99.4833912445441,96.1336686473429,77.5980780591767
"gene-AM1_RS26005",88.5986040620072,73.9289988993336,85.5469668396531,69.3927358681079,81.4692107180872,58.1985585443825
"gene-AM1_RS26010",57.5315610792254,109.557432103832,127.595475964228,193.439927419947,122.203816077131,199.81505100238
"gene-AM1_RS26015",799.688699001233,541.552184708372,434.01794475711,350.034154378951,692.488291103741,434.54923713139
"gene-AM1_RS26020",1010.2542125512,955.732720710663,898.968126111609,1032.29370791407,1298.61921884631,1257.08886455866
"gene-AM1_RS26025",132.322590482218,133.606624516868,124.212262586389,76.7618759602964,118.945047648407,104.757405379889
"gene-AM1_RS26030",9089.98665051762,7225.44625387222,8594.32861210571,6891.37417621157,12991.0803411062,8745.30339726922
"gene-AM1_RS26035",4899.38774150684,3990.38451890379,4515.13991082508,4532.0211566959,5965.17560877834,4461.88948840266
"gene-AM1_RS26040",296.862855168803,277.901778995085,281.773342754338,190.983547389217,319.359306014902,188.175339293504
"gene-AM1_RS26045",117.36438460162,154.983684439567,126.62884357056,219.846012750289,151.532731935642,223.094474420133
"gene-AM1_RS26050",225.523719430564,270.776092354186,173.510514663477,499.259241245768,309.583000728731,302.632504430789
"gene-AM1_RS26055",144.979533919648,152.31155194923,93.7633421858345,219.846012750289,153.162116150004,166.83586782723
"gene-AM1_RS26060",130.021328039049,204.863490925864,106.329563303524,178.70164723557,153.162116150004,131.9167327006
"gene-AM1_RS26065",47.1758800849648,68.5847339186589,46.8816710929172,62.0235957759195,55.3990632882993,34.9191351266295
"gene-AM1_RS37810",42.5733551986268,50.7705173164098,23.6824936448757,27.6342753457067,32.5876842872349,27.1593273207119
"gene-AM1_RS26075",64.4353484087325,123.808805385631,47.3649872897514,73.6914009218845,65.1753685744697,58.1985585443825
"gene-AM1_RS37815",14.9582058805986,18.7049274323615,6.76642675567878,15.3523751920593,8.14692107180872,7.75980780591767
"gene-AM1_RS37820",44.8746176417958,65.9126014283216,31.8988689910571,55.2685506914134,58.6578317170228,56.2586065929031
"gene-AM1_RS26085",66.7366108519015,93.5246371618076,39.6319281404043,59.56721574519,57.028447502661,32.9791831751501
"gene-AM1_RS26090",40.2720927554578,52.5519389766348,28.5156556132177,52.1980756530015,6.51753685744697,48.4987987869854
"gene-AM1_RS26095",111.611228493697,208.426334246314,86.0302830364873,185.456692320076,58.6578317170228,184.295435390545
"gene-AM1_RS26100",20.7113619885212,58.7869147874219,12.082904920855,58.3390257298252,22.8113790010644,44.6188948840266
"gene-AM1_RS37825",63.284717187148,167.453636061141,40.5985605340727,133.258616667075,76.5810580750019,89.2377897680532
"gene-AM1_RS26110",81.6948167325001,154.983684439567,53.648097848596,149.839181874499,61.9166001457463,93.1176936710121
"gene-AM1_RS26115",80.5441855109156,185.26785266339,46.8816710929172,85.9733010755319,52.1402948595758,77.5980780591767
"gene-AM1_RS26120",173.745314459261,203.082069265639,172.060566072975,195.282212442994,221.596253153197,234.73418612901
"gene-AM1_RS26125",437.239864202113,660.016725113328,376.50331733384,375.826144701611,697.376443746826,549.006402268675
"gene-AM1_RS26130",216.318669657888,197.737804284965,288.539769510016,274.50046843402,237.890095296815,192.055243196462
"gene-AM1_RS26135",63.284717187148,46.3169631658476,58.481259816938,46.0571255761778,87.9867475755341,46.558846835506
"gene-AM1_RS26140",54.0796674144719,45.4262523357351,55.5813626359328,39.3020804916717,84.7279791468107,54.3186546414237
"gene-AM1_RS26145",29.9164117611972,40.9726981851729,30.9322365973887,32.5470354071657,35.8464527159584,40.7389909810678
"gene-AM1_RS26150",14.9582058805986,12.4699516215743,19.3326478733679,8.59733010755319,19.5526105723409,15.5196156118353
"gene-AM1_RS26155",184.100995453521,163.890792740691,199.12627309569,160.892892012781,210.190563652665,161.016011972792
"gene-AM1_RS26160",263.494549742852,196.847093454852,272.590335014488,202.651352535182,347.058837659051,211.454762711257
"gene-AM1_RS26165",1305.96643649842,1328.04984769767,556.296942556162,404.688610062682,1236.70261870056,1001.01520696338
"gene-AM1_RS26170",126.569434374296,129.153070366306,69.1142161472903,77.3759709679787,131.980121363301,137.736588555039
"gene-AM1_RS26175",48.3265113065494,37.409854864723,45.4317225024146,47.2853155915426,29.3289158585114,27.1593273207119
"gene-AM1_RS26180",92.0504977267607,119.355251235069,117.44583583071,124.661286559521,133.609505577663,126.096876846162
"gene-AM1_RS26185",224.373088208979,51.6612281465223,195.259743521016,49.7416956222721,206.931795223941,64.0184143988208
"gene-AM1_RS26190",139.226377811726,160.327949420242,133.395270326239,112.379386405874,120.574431862769,98.9375495254503
"gene-AM1_RS26195",94.3517601699297,161.218660250354,57.0313112264354,47.2853155915426,86.3573633611724,71.7782222047385
"gene-AM1_RS26200",171.444052016092,161.218660250354,116.962519633876,109.923006375144,83.0985949324489,62.0784624473414
"gene-AM1_RS26205",539.646042923134,395.475608569929,399.702494781882,571.722452152287,338.911916587243,248.313849789365
"gene-AM1_RS26210",1516.53195004838,1002.04968387651,1114.52714989966,1166.7805145965,1461.55764028248,1181.43073845097
"gene-AM1_RS26215",212.866775993134,163.000081910579,151.761285805938,108.080721352097,187.3791846516,182.355483439065
"gene-AM1_RS26220",608.683916218205,599.448388665681,609.945040404758,716.034778957645,897.790702113321,1051.45395770184
"gene-AM1_RS26225",311.821061049402,248.508321601374,111.6460414687,138.785471736216,601.242775099483,384.110486392925
"gene-AM1_RS40000",17.2594683237676,12.4699516215743,54.6147302422644,43.6007455454483,19.5526105723409,15.5196156118353
"gene-AM1_RS26255",31.0670429827817,32.0655898840483,24.6491260385441,39.3020804916717,27.6995316441496,29.0992792721913
"gene-AM1_RS26260",11.5063122158451,18.7049274323615,11.1162725271866,20.2651352535182,6.51753685744697,17.4595675633148
"gene-AM1_RS26265",9.20504977267607,22.2677707528113,7.24974295251297,22.7215152842477,4.88815264308523,5.81985585443825
"gene-AM1_RS26270",6.90378732950705,18.7049274323615,5.31647816517618,31.9329403994833,8.14692107180872,15.5196156118353
"gene-AM1_RS26275",18.4100995453521,35.6284332044981,11.5995887240208,30.7047503841186,9.77630528617046,29.0992792721913
"gene-AM1_RS26280",5.75315610792254,14.2513732817993,12.5662211176892,23.9497052996125,8.14692107180872,19.3995195147942
"gene-AM1_RS26285",25.3138868748592,54.3333606368597,18.8493316765337,13.5100901690122,14.6644579292557,9.69975975739709
"gene-AM1_RS26290",94.3517601699297,115.792407914619,53.648097848596,90.8860611369909,32.5876842872349,89.2377897680532
"gene-AM1_RS26300",43.7239864202113,34.7377223743857,32.8655013847255,42.986650537766,37.4758369303201,25.2193753692324
"gene-AM1_RS26305",4.60252488633803,10.6885299613494,14.9828021018601,14.1241851766945,11.4056895005322,9.69975975739709
"gene-AM1_RS26315",18.4100995453521,13.3606624516868,15.4661182986943,25.7919903226596,13.0350737148939,1.93995195147942
"gene-AM1_RS40005",8.05441855109156,8.90710830112453,19.8159640702021,18.4228502304711,8.14692107180872,5.81985585443825
"gene-AM1_RS26330",6.90378732950705,13.3606624516868,15.4661182986943,11.0537101382827,6.51753685744697,11.6397117088765
"gene-AM1_RS41270",10.3556809942606,11.5792407914619,14.0161697081918,9.82552012291794,4.88815264308523,7.75980780591767
"gene-AM1_RS26340",17.2594683237676,18.7049274323615,29.4822880068861,48.5135056069073,34.2170685015966,27.1593273207119
"gene-AM1_RS26345",64.4353484087325,75.7104205595585,55.5813626359328,62.0235957759195,48.8815264308523,52.3787026899443
"gene-AM1_RS26350",29.9164117611972,26.7213249033736,23.1991774480415,25.1778953149772,43.9933737877671,42.6789429325472
"gene-AM1_RS40010",25.3138868748592,25.8306140732611,21.2659126607047,20.2651352535182,8.14692107180872,17.4595675633148
"gene-AM1_RS26370",11.5063122158451,7.12568664089963,8.69969154301557,9.82552012291794,3.25876842872349,0
"gene-AM1_RS26380",103.556809942606,141.62302198788,144.994859050259,74.3054959295669,76.5810580750019,79.5380300106561
"gene-AM1_RS26385",25.3138868748592,21.3770599226989,34.3154499752281,27.6342753457067,21.1819947867027,31.0392312236707
"gene-AM1_RS26390",25.3138868748592,17.8142166022491,38.6652957467359,38.6879854839894,40.7346053590436,27.1593273207119
"gene-AM1_RS26395",21.8619932101057,38.3005656948355,34.3154499752281,20.2651352535182,30.9583000728731,36.8590870781089
"gene-AM1_RS26400",10.3556809942606,17.8142166022491,16.9160668891969,15.3523751920593,4.88815264308523,9.69975975739709
"gene-AM1_RS26405",37.9708303122888,50.7705173164098,38.6652957467359,47.2853155915426,35.8464527159584,21.3394714662736
"gene-AM1_RS26410",43.7239864202113,35.6284332044981,45.4317225024146,48.5135056069073,53.7696790739375,44.6188948840266
"gene-AM1_RS43335",11.5063122158451,8.01639747101208,7.73305914934717,6.75504508450608,6.51753685744697,3.87990390295884
"gene-AM1_RS26420",11.5063122158451,9.79781913123699,19.8159640702021,10.4396151306003,3.25876842872349,5.81985585443825
"gene-AM1_RS26425",24.1632556532747,32.0655898840483,34.3154499752281,39.9161754993541,14.6644579292557,34.9191351266295
"gene-AM1_RS26430",60.983454743979,76.601131389671,63.31442178528,63.2517857912842,58.6578317170228,48.4987987869854
"gene-AM1_RS26435",34.5189366475353,34.7377223743857,53.648097848596,52.8121706606839,39.1052211446818,23.279423417753
"gene-AM1_RS44485",17.2594683237676,24.0491924130362,40.5985605340727,29.4765603687538,17.9232263579792,15.5196156118353
"gene-AM1_RS41290",12.6569434374296,18.7049274323615,9.18300773984977,7.98323509987082,4.88815264308523,5.81985585443825
"gene-AM1_RS26450",12.6569434374296,21.3770599226989,32.8655013847255,15.3523751920593,14.6644579292557,15.5196156118353
"gene-AM1_RS26455",34.5189366475353,13.3606624516868,49.7815682739224,39.9161754993541,39.1052211446818,31.0392312236707
"gene-AM1_RS26465",10.3556809942606,12.4699516215743,9.66632393668397,7.36914009218845,8.14692107180872,5.81985585443825
"gene-AM1_RS26480",6.90378732950705,8.90710830112453,12.082904920855,15.3523751920593,26.0701474297879,23.279423417753
"gene-AM1_RS26485",25.3138868748592,14.2513732817993,66.2143189662852,68.7786408604256,48.8815264308523,52.3787026899443
"gene-AM1_RS26490",39.1214615338733,33.8470115442732,52.1981492580934,63.2517857912842,39.1052211446818,58.1985585443825
"gene-AM1_RS41300",96.6530226130987,70.3661555788838,32.8655013847255,32.5470354071657,202.043642580856,116.397117088765
"gene-AM1_RS26495",127.72006559588,129.153070366306,136.778483704078,165.80565207424,164.567805650536,273.533225158598
"gene-AM1_RS26500",97.8036538346832,76.601131389671,105.362930909855,108.69481635978,140.12704243511,100.87750147693
"gene-AM1_RS26505",8.05441855109156,21.3770599226989,10.1496401335182,17.8087552227888,8.14692107180872,31.0392312236707
"gene-AM1_RS26510",37.9708303122888,39.191276524948,27.5490232195493,26.406085330342,21.1819947867027,34.9191351266295
"gene-AM1_RS26515",8.05441855109156,27.6120357334861,23.6824936448757,19.6510402458359,17.9232263579792,21.3394714662736
"gene-AM1_RS26520",37.9708303122888,91.7432155015827,44.4650901087462,68.1645458527432,73.3222896462784,114.457165137286
"gene-AM1_RS26525",8.05441855109156,23.1584815829238,11.5995887240208,12.2819001536474,8.14692107180872,5.81985585443825
"gene-AM1_RS26530",27.6151493180282,26.7213249033736,21.7492288575389,26.406085330342,11.4056895005322,5.81985585443825
"gene-AM1_RS26535",51.7784049713029,44.5355415056227,47.8483034865856,36.8457004609423,48.8815264308523,40.7389909810678
"gene-AM1_RS26540",39.1214615338733,46.3169631658476,31.4155527942229,31.9329403994833,30.9583000728731,42.6789429325472
"gene-AM1_RS26545",18.4100995453521,31.1748790539359,33.8321337783939,36.2316054532599,11.4056895005322,21.3394714662736
"gene-AM1_RS26555",26.4645180964437,102.431745462932,115.029254846539,162.735177035828,40.7346053590436,50.4387507384649
"gene-AM1_RS37835",762.868499910529,1986.28515115077,2574.14206433894,6517.390316533,1041.17651297715,2525.8174408262
"gene-AM1_RS26565",149.582058805986,297.497417257559,698.391904425417,762.091904533822,268.848395369688,368.590870781089
"gene-AM1_RS26570",50.6277737497184,53.4426498067472,106.812879500358,125.889476574886,48.8815264308523,32.9791831751501
"gene-AM1_RS26575",78.2429230677466,83.7268180305706,119.379100618047,122.819001536474,53.7696790739375,67.8983183017796
"gene-AM1_RS26580",134.623852925387,117.573829574844,164.327506923627,183.614407297029,71.6929054319167,64.0184143988208
"gene-AM1_RS26585",90.8998665051762,48.0983848260725,47.3649872897514,29.4765603687538,14.6644579292557,29.0992792721913
"gene-AM1_RS26590",83.9960791756691,54.3333606368597,67.1809513599536,74.3054959295669,55.3990632882993,89.2377897680532
"gene-AM1_RS26595",90.8998665051762,184.377141833278,118.412468224379,237.040672965395,74.9516738606402,308.452360285227
"gene-AM1_RS26600",234.72876920324,299.278838917784,437.401158134949,910.088801385274,332.394379729796,715.842270095905
"gene-AM1_RS26605",34.5189366475353,146.076576138442,64.2810541789484,226.601057834795,58.6578317170228,325.911927848542
"gene-AM1_RS26610",235.879400424824,487.218824071512,268.24048924298,374.597954686246,263.960242726602,409.329861762157
"gene-AM1_RS26615",2973.23107657437,4682.46683390117,3370.6471567217,5704.94262136923,3674.26140338573,8322.3938718467
"gene-AM1_RS26620",3906.39299727941,4113.30261345931,3225.16898147461,7099.55238381589,4088.12499383361,6291.26417864775
"gene-AM1_RS26630",156.485846135493,179.032876852603,380.369846908514,502.943811291862,206.931795223941,197.875099050901
"gene-AM1_RS26635",561.50803613324,839.049601965931,2098.07561045725,2531.29962166673,868.461786254809,768.22097278585
"gene-AM1_RS26640",58.6821923008099,73.9289988993336,121.312365405384,211.248682642736,50.510910645214,69.838270253259
"gene-AM1_RS26645",82.8454479540846,113.120275424282,283.22329134484,371.527479647834,148.273963506919,157.136108069833
"gene-AM1_RS26650",32.2176742043662,57.8962039573095,91.8300773984977,162.735177035828,57.028447502661,48.4987987869854
"gene-AM1_RS26655",11.5063122158451,11.5792407914619,17.3993830860311,19.6510402458359,21.1819947867027,17.4595675633148
"gene-AM1_RS26660",115.063122158451,97.9781913123699,160.460977348954,275.728658449385,164.567805650536,294.872696624872
"gene-AM1_RS26665",4.60252488633803,14.2513732817993,13.5328535113576,15.9664701997416,6.51753685744697,27.1593273207119
"gene-AM1_RS26675",13.8075746590141,92.6339263316952,27.5490232195493,22.7215152842477,11.4056895005322,27.1593273207119
"gene-AM1_RS26680",54.0796674144719,89.9617938413578,47.8483034865856,65.0940708143313,83.0985949324489,54.3186546414237
"gene-AM1_RS26685",3268.94330052159,3906.65770087322,2524.84381226185,3297.69019125433,5031.53845394906,3771.26659367599
"gene-AM1_RS26690",509.729631161937,614.590472777593,473.649872897514,511.541141399415,790.251343965446,622.724576424893
"gene-AM1_RS26695",502.82584383243,537.098630557809,940.53331903935,985.622487330205,936.895923258002,1063.09366941072
"gene-AM1_RS26700",113.912490936866,101.54103463282,160.944293545788,138.785471736216,141.756426649472,126.096876846162
"gene-AM1_RS26705",46.0252488633803,48.9890956561849,86.9969154301557,58.9531207375076,65.1753685744697,34.9191351266295
"gene-AM1_RS26710",27.6151493180282,33.8470115442732,48.3316196834198,45.4430305684955,19.5526105723409,25.2193753692324
"gene-AM1_RS26715",1250.73613786236,1644.25219238759,1103.41087737247,1915.36232896132,1885.19753601654,1491.82305068767
"gene-AM1_RS26720",65.585979630317,81.0546855402333,108.26282809086,116.063956451968,58.6578317170228,58.1985585443825
"gene-AM1_RS26725",10.3556809942606,20.4863490925864,14.9828021018601,21.493325268883,14.6644579292557,1.93995195147942
"gene-AM1_RS26730",102.406178721021,91.7432155015827,138.711748491415,99.4833912445441,135.238889792025,147.436348312436
"gene-AM1_RS26735",964.228963687818,510.377305654436,2066.66005766303,1451.10650315344,1428.96995599525,1522.86228191134
"gene-AM1_RS26740",139.226377811726,138.06017866743,173.027198466643,136.329091705486,117.315663434046,106.697357331368
"gene-AM1_RS26745",96.6530226130987,85.5082396907955,90.3801288079951,80.4464460063906,74.9516738606402,65.9583663503002
"gene-AM1_RS42365",79.3935542893311,65.0218905982091,54.6147302422644,62.0235957759195,32.5876842872349,38.7990390295884
"gene-AM1_RS26760",487.867637951832,593.213412854894,323.338535682079,324.856259063974,604.501543528207,448.128900791746
"gene-AM1_RS26765",126.569434374296,191.502828474177,132.911954129405,101.325676267591,128.721352934578,232.79423417753
"gene-AM1_RS26770",25.3138868748592,135.388046177093,29.4822880068861,76.147780952614,61.9166001457463,306.512408333748
"gene-AM1_RS26775",75.9416606245776,76.601131389671,135.81185131041,101.325676267591,161.309037221813,124.156924894683
"gene-AM1_RS26780",174.895945680845,126.480937875968,224.742031527902,199.580877496771,244.407632154262,174.595675633148
"gene-AM1_RS26785",405.022189997747,271.666803184298,357.170669460473,259.148093241961,397.569748304265,261.893513449721
"gene-AM1_RS26790",13.8075746590141,8.90710830112453,9.18300773984977,7.98323509987082,11.4056895005322,9.69975975739709
"gene-AM1_RS42925",14.9582058805986,13.3606624516868,8.21637534618137,4.91276006145897,6.51753685744697,3.87990390295884
"gene-AM1_RS26800",63.284717187148,60.5683364476468,33.8321337783939,31.9329403994833,48.8815264308523,36.8590870781089
"gene-AM1_RS26805",65.585979630317,39.191276524948,100.046452744679,59.56721574519,60.2872159313845,83.417933913615
"gene-AM1_RS26810",60.983454743979,57.8962039573095,96.1799231700055,76.147780952614,70.063521217555,83.417933913615
"gene-AM1_RS26815",37.9708303122888,36.5191440346106,41.0818767309069,43.6007455454483,29.3289158585114,38.7990390295884
"gene-AM1_RS43340",25.3138868748592,43.6448306755102,38.1819795499017,35.6175104455775,30.9583000728731,27.1593273207119
"gene-AM1_RS26825",48.3265113065494,43.6448306755102,63.7977379821142,62.0235957759195,66.8047527888315,65.9583663503002
"gene-AM1_RS26845",4318.31897460666,1270.15364374036,2868.48162821097,1020.6259027681,5222.17640702939,1113.53242014919
"gene-AM1_RS26850",265.795812186021,212.879888396876,214.592391394384,241.953433026854,462.745116878735,356.951159072213
"gene-AM1_RS26860",101.255547499437,104.213167123157,100.046452744679,98.8692962368617,125.462584505854,120.277020991724
"gene-AM1_RS26865",112.761859715282,138.06017866743,78.2972238871401,101.939771275274,74.9516738606402,106.697357331368
"gene-AM1_RS26870",134.623852925387,242.273345790587,180.76025761599,224.758772811748,159.679653007451,358.891111023692
"gene-AM1_RS26875",26.4645180964437,46.3169631658476,46.8816710929172,58.9531207375076,37.4758369303201,62.0784624473414
"gene-AM1_RS26880",104.70744116419,167.453636061141,134.845218916741,178.087552227888,154.791500364366,221.154522468654
"gene-AM1_RS26885",214.017407214719,250.289743261599,144.028226656591,124.047191551839,216.708100510112,172.655723681668
"gene-AM1_RS26890",669.667370962184,668.03312258434,288.539769510016,256.691713211231,1142.19833426758,488.867891772813
"gene-AM1_RS26895",472.909432071233,644.874641001416,376.020001137006,303.977028802774,912.455160042576,713.902318144426
"gene-AM1_RS26900",21.8619932101057,18.7049274323615,34.7987661720623,46.0571255761778,22.8113790010644,46.558846835506
"gene-AM1_RS26905",85.1467103972536,974.437648143024,183.660154796995,1341.1834967783,154.791500364366,1274.54843212198
"gene-AM1_RS26910",214.017407214719,1512.42698953095,399.219178585048,4914.60234648202,348.688221873413,3431.77500216709
"gene-AM1_RS26915",157.636477357078,913.869311695377,196.709692111519,1018.78361774505,187.3791846516,975.795831594147
"gene-AM1_RS26920",108.159334828944,190.612117644065,103.429666122518,227.82924785016,127.091968720216,360.831062975172
"gene-AM1_RS26925",94.3517601699297,169.235057721366,183.176838600161,230.899722888571,127.091968720216,223.094474420133
"gene-AM1_RS26930",66.7366108519015,156.765106099792,95.2132907763371,154.751941935957,102.65120550479,157.136108069833
"gene-AM1_RS26935",132.322590482218,213.770599226989,138.711748491415,180.543932258617,159.679653007451,283.232984915995
"gene-AM1_RS26940",201.360463777289,284.136754805873,231.025142086747,814.289980186824,221.596253153197,329.791831751501
"gene-AM1_RS26945",77.0922918461621,121.136672895294,100.529768941513,447.061165592766,71.6929054319167,155.196156118353
"gene-AM1_RS26950",85.1467103972536,131.825202856643,106.812879500358,281.869608526208,84.7279791468107,176.535627584627
"gene-AM1_RS26955",13.8075746590141,7.12568664089963,18.3660154796995,21.493325268883,8.14692107180872,17.4595675633148
"gene-AM1_RS26960",13.8075746590141,9.79781913123699,23.6824936448757,21.493325268883,19.5526105723409,19.3995195147942
"gene-AM1_RS26965",58.6821923008099,49.8798064862974,86.5135992333215,81.060541014073,81.4692107180872,133.85668465208
"gene-AM1_RS26970",16.1088371021831,35.6284332044981,28.0323394163835,91.5001561446733,26.0701474297879,279.353081013036
"gene-AM1_RS40020",19.5607307669366,23.1584815829238,20.2992802670363,19.6510402458359,11.4056895005322,32.9791831751501
"gene-AM1_RS38900",35.6695678691198,40.0819873550604,29.9656042037203,43.6007455454483,17.9232263579792,32.9791831751501
"gene-AM1_RS27005",56.3809298576409,92.6339263316952,43.981773911912,44.8289355608131,30.9583000728731,38.7990390295884
"gene-AM1_RS27010",19.5607307669366,22.2677707528113,16.9160668891969,13.5100901690122,11.4056895005322,15.5196156118353
"gene-AM1_RS27015",13.8075746590141,12.4699516215743,20.7825964638705,21.493325268883,13.0350737148939,9.69975975739709
"gene-AM1_RS27020",6.90378732950705,8.90710830112453,6.76642675567878,12.2819001536474,4.88815264308523,3.87990390295884
"gene-AM1_RS27025",21.8619932101057,10.6885299613494,28.0323394163835,25.7919903226596,17.9232263579792,11.6397117088765
"gene-AM1_RS27030",18.4100995453521,18.7049274323615,35.7653985657307,23.9497052996125,22.8113790010644,9.69975975739709
"gene-AM1_RS27035",46.0252488633803,143.404443648105,59.4478922106064,664.450798312325,60.2872159313845,193.995195147942
"gene-AM1_RS27040",3.45189366475353,16.9235057721366,6.76642675567878,31.9329403994833,4.88815264308523,7.75980780591767
"gene-AM1_RS27045",49.4771425281339,60.5683364476468,76.8472752966375,97.641106221497,37.4758369303201,42.6789429325472
"gene-AM1_RS37840",59.8328235223944,213.770599226989,368.770258184493,865.259865824461,107.539358147875,213.394714662736
"gene-AM1_RS27065",13.8075746590141,12.4699516215743,30.4489204005545,30.0906553764362,22.8113790010644,13.5796636603559
"gene-AM1_RS27070",133.473221703803,117.573829574844,180.76025761599,202.651352535182,179.232263579792,174.595675633148
"gene-AM1_RS27075",117.36438460162,169.235057721366,150.79465341227,133.872711674757,123.833200291493,318.152120042625
"gene-AM1_RS27080",16.1088371021831,16.0327949420242,91.8300773984977,46.6712205838602,43.9933737877671,21.3394714662736
"gene-AM1_RS27085",74.791029402993,45.4262523357351,69.5975323441245,69.3927358681079,63.545984360108,64.0184143988208
"gene-AM1_RS27095",44.8746176417958,23.1584815829238,52.6814654549276,30.0906553764362,47.2521422164906,31.0392312236707
"gene-AM1_RS27100",4.60252488633803,19.595638262474,19.3326478733679,21.493325268883,24.4407632154262,3.87990390295884
"gene-AM1_RS27105",69.0378732950705,82.8361072004582,81.6804372649795,78.6041609833435,91.2455160042576,79.5380300106561
"gene-AM1_RS27110",51.7784049713029,59.6776256175344,99.5631365478448,82.2887310294377,86.3573633611724,151.316252215395
"gene-AM1_RS27115",63.284717187148,73.0382880692212,38.6652957467359,24.5638003072948,45.6227580021288,25.2193753692324
"gene-AM1_RS27120",96.6530226130987,73.0382880692212,45.9150386992488,42.986650537766,35.8464527159584,38.7990390295884
"gene-AM1_RS27125",134.623852925387,84.6175288606831,133.395270326239,184.228502304711,177.60287936543,199.81505100238
"gene-AM1_RS27135",102.406178721021,80.1639747101208,132.42863793257,76.147780952614,145.015195078195,96.9975975739709
"gene-AM1_RS27140",179.498470567183,210.207755906539,187.526684371669,165.191557066558,159.679653007451,188.175339293504
"gene-AM1_RS27145",72.489766959824,83.7268180305706,90.3801288079951,66.3222608296961,58.6578317170228,87.2978378165738
"gene-AM1_RS27150",37.9708303122888,31.1748790539359,38.1819795499017,31.9329403994833,17.9232263579792,32.9791831751501
"gene-AM1_RS37845",6.90378732950705,9.79781913123699,15.4661182986943,14.7382801843769,8.14692107180872,7.75980780591767
"gene-AM1_RS27165",60.983454743979,42.7541198453978,54.6147302422644,73.6914009218845,79.8398265037254,69.838270253259
"gene-AM1_RS27170",302.616011276726,261.868984053061,468.816710929172,467.326300846284,311.212384943093,329.791831751501
"gene-AM1_RS27175",87.4479728404227,95.3060588220325,103.429666122518,100.097486252226,76.5810580750019,38.7990390295884
"gene-AM1_RS27180",40.2720927554578,28.5027465635985,38.6652957467359,20.2651352535182,27.6995316441496,7.75980780591767
"gene-AM1_RS40030",37.9708303122888,44.5355415056227,32.8655013847255,22.7215152842477,14.6644579292557,13.5796636603559
"gene-AM1_RS27195",12.6569434374296,31.1748790539359,14.9828021018601,19.0369452381535,11.4056895005322,19.3995195147942
"gene-AM1_RS27200",89.7492352835917,130.043781196418,81.1971210681453,154.137846928275,79.8398265037254,178.475579536106
"gene-AM1_RS27205",333.683054259507,394.584897739817,279.356761770167,575.407022198382,290.03039015639,510.207363239087
"gene-AM1_RS27210",79.3935542893311,76.601131389671,43.0151415182436,35.6175104455775,48.8815264308523,25.2193753692324
"gene-AM1_RS27215",1308.26769894159,1167.72189827743,607.528459420587,323.62806904861,837.503486181936,609.144912764537
"gene-AM1_RS27220",279.603386845036,211.098466736651,218.458920969058,184.228502304711,342.170685015966,176.535627584627
"gene-AM1_RS27230",9.20504977267607,8.90710830112453,14.4994859050259,9.21142511523557,3.25876842872349,7.75980780591767
"gene-AM1_RS27235",342.888104032184,198.628515115077,341.221234964944,289.238748618397,492.074032737247,300.69255247931
"gene-AM1_RS42790",19.5607307669366,18.7049274323615,29.9656042037203,20.8792302612006,17.9232263579792,19.3995195147942
"gene-AM1_RS27245",9.20504977267607,12.4699516215743,26.5823908258809,24.5638003072948,1.62938421436174,3.87990390295884
"gene-AM1_RS27250",59.8328235223944,85.5082396907955,85.0636506428189,61.4095007682371,43.9933737877671,77.5980780591767
"gene-AM1_RS27255",32.2176742043662,28.5027465635985,27.5490232195493,23.9497052996125,24.4407632154262,21.3394714662736
"gene-AM1_RS27260",19.5607307669366,12.4699516215743,15.4661182986943,15.9664701997416,26.0701474297879,21.3394714662736
"gene-AM1_RS27265",24.1632556532747,21.3770599226989,16.4327506923627,9.21142511523557,30.9583000728731,36.8590870781089
"gene-AM1_RS27270",51.7784049713029,40.0819873550604,50.2648844707566,53.4262656683663,61.9166001457463,42.6789429325472
"gene-AM1_RS27275",115.063122158451,98.8689021424823,92.3133935953319,66.9363558373784,97.7630528617046,79.5380300106561
"gene-AM1_RS27280",77.0922918461621,148.74870862878,335.421440602934,197.738592473723,257.442705869155,219.214570517174
"gene-AM1_RS42375",171.444052016092,513.049438144773,419.03514265525,382.581189786117,91.2455160042576,147.436348312436
"gene-AM1_RS27285",172.594683237676,332.235139631945,215.075707591218,334.06768417921,244.407632154262,426.789429325472
"gene-AM1_RS27290",469.457538406479,743.743543143899,663.593138253354,987.464772353253,415.492974662245,1319.167327006
"gene-AM1_RS27295",8261.53217097677,5442.24317198709,18142.7233967621,33026.6436081656,6341.56336229591,26470.6443779367
"gene-AM1_RS27300",1974.48317623902,721.475772391087,2925.02962324057,2192.93327243375,830.985949324489,3319.25778898128
"gene-AM1_RS27305",1674.16842740546,448.918258376677,1662.12440091281,751.652289403222,369.870216660116,1398.70535701666
"gene-AM1_RS27310",37.9708303122888,32.0655898840483,28.9989718100519,17.1946602151064,40.7346053590436,36.8590870781089
"gene-AM1_RS27315",56.3809298576409,48.9890956561849,49.2982520770882,56.4967407067781,16.2938421436174,29.0992792721913
"gene-AM1_RS27320",85.1467103972536,62.3497581078717,82.1637534618137,71.235020891155,91.2455160042576,95.0576456224915
"gene-AM1_RS27325",289.959067839296,329.563007141608,191.876530143177,186.684882335441,115.686279219684,170.715771730189
"gene-AM1_RS27330",996.446637892184,1120.51422428147,30.9322365973887,29.4765603687538,13.0350737148939,15.5196156118353
"gene-AM1_RS27345",102.406178721021,91.7432155015827,165.77745551413,268.973613364878,92.8749002186194,197.875099050901
"gene-AM1_RS27350",19.5607307669366,16.9235057721366,25.1324422353783,27.0201803380243,14.6644579292557,11.6397117088765
"gene-AM1_RS27355",27.6151493180282,15.1420841119117,31.4155527942229,30.7047503841186,27.6995316441496,15.5196156118353
"gene-AM1_RS27360",36.8201990907043,42.7541198453978,55.5813626359328,41.1443655147189,48.8815264308523,54.3186546414237
"gene-AM1_RS27365",26.4645180964437,29.393457393711,28.0323394163835,31.9329403994833,39.1052211446818,46.558846835506
"gene-AM1_RS27370",300.314748833557,215.552020887214,272.107018817654,347.577774348222,379.646521946286,351.131303217775
"gene-AM1_RS27375",8.05441855109156,10.6885299613494,20.7825964638705,23.9497052996125,14.6644579292557,9.69975975739709
"gene-AM1_RS27380",18.4100995453521,10.6885299613494,16.4327506923627,20.2651352535182,21.1819947867027,15.5196156118353
"gene-AM1_RS27390",28.7657805396127,30.2841682238234,59.9312084074406,67.5504508450608,34.2170685015966,42.6789429325472
"gene-AM1_RS27395",104.70744116419,110.448142933944,157.077763971114,134.486806682439,136.868274006386,106.697357331368
"gene-AM1_RS27400",43.7239864202113,26.7213249033736,50.2648844707566,29.4765603687538,16.2938421436174,42.6789429325472
"gene-AM1_RS27405",28.7657805396127,18.7049274323615,41.0818767309069,27.6342753457067,19.5526105723409,34.9191351266295
"gene-AM1_RS27410",11.5063122158451,4.45355415056227,8.69969154301557,15.3523751920593,6.51753685744697,3.87990390295884
"gene-AM1_RS27415",118.515015823204,84.6175288606831,180.76025761599,97.0270112138146,190.637953080324,153.256204166874
"gene-AM1_RS27420",12.6569434374296,17.8142166022491,14.0161697081918,19.6510402458359,8.14692107180872,11.6397117088765
"gene-AM1_RS27425",102.406178721021,81.9453963703457,66.2143189662852,82.9028260371201,34.2170685015966,79.5380300106561
"gene-AM1_RS27430",10.3556809942606,10.6885299613494,13.5328535113576,12.8959951613298,6.51753685744697,9.69975975739709
"gene-AM1_RS27435",11.5063122158451,8.90710830112453,19.8159640702021,12.8959951613298,29.3289158585114,32.9791831751501
"gene-AM1_RS27440",62.1340859655635,51.6612281465223,113.095990059202,170.104317128017,133.609505577663,108.637309282847
"gene-AM1_RS27445",108.159334828944,82.8361072004582,148.861388624933,93.3424411677204,74.9516738606402,71.7782222047385
"gene-AM1_RS27455",196.757938890951,191.502828474177,227.158612512073,262.218568280372,216.708100510112,310.392312236707
"gene-AM1_RS27460",96.6530226130987,154.092973609454,148.861388624933,133.258616667075,190.637953080324,180.415531487586
"gene-AM1_RS27470",19.5607307669366,13.3606624516868,22.7158612512073,22.1074202765654,16.2938421436174,23.279423417753
"gene-AM1_RS27475",24.1632556532747,14.2513732817993,35.7653985657307,48.5135056069073,34.2170685015966,40.7389909810678
"gene-AM1_RS27480",8.05441855109156,11.5792407914619,24.1658098417099,22.1074202765654,19.5526105723409,32.9791831751501
"gene-AM1_RS27485",32.2176742043662,24.0491924130362,37.6986633530675,40.5302705070365,22.8113790010644,19.3995195147942
"gene-AM1_RS27490",17.2594683237676,11.5792407914619,17.8826992828653,30.7047503841186,22.8113790010644,9.69975975739709
"gene-AM1_RS27500",95.5023913915142,61.4590472777593,89.8968126111609,159.664701997416,127.091968720216,184.295435390545
"gene-AM1_RS27505",33.3683054259507,16.0327949420242,45.4317225024146,14.7382801843769,45.6227580021288,21.3394714662736
"gene-AM1_RS27510",59.8328235223944,48.9890956561849,53.648097848596,50.9698856376368,76.5810580750019,54.3186546414237
"gene-AM1_RS27515",41.4227239770423,19.595638262474,33.3488175815597,33.7752254225304,32.5876842872349,11.6397117088765
"gene-AM1_RS27520",12.6569434374296,21.3770599226989,22.2325450543731,15.3523751920593,6.51753685744697,9.69975975739709
"gene-AM1_RS27525",70.188504516655,47.20767399596,85.0636506428189,108.69481635978,128.721352934578,85.3578858650944
"gene-AM1_RS27535",14.9582058805986,13.3606624516868,13.5328535113576,11.667805145965,9.77630528617046,11.6397117088765
"gene-AM1_RS27545",21.8619932101057,24.0491924130362,21.7492288575389,27.6342753457067,17.9232263579792,32.9791831751501
"gene-AM1_RS27555",14.9582058805986,24.9399032431487,24.1658098417099,18.4228502304711,13.0350737148939,19.3995195147942
"gene-AM1_RS27560",115.063122158451,64.1311797680966,47.8483034865856,70.0068308757903,34.2170685015966,56.2586065929031
"gene-AM1_RS27565",6.90378732950705,12.4699516215743,7.73305914934717,12.8959951613298,11.4056895005322,5.81985585443825
"gene-AM1_RS27570",44.8746176417958,48.9890956561849,39.6319281404043,22.7215152842477,34.2170685015966,44.6188948840266
"gene-AM1_RS27575",13.8075746590141,10.6885299613494,24.1658098417099,15.3523751920593,22.8113790010644,7.75980780591767
"gene-AM1_RS27580",101.255547499437,75.7104205595585,92.7967097921661,82.9028260371201,65.1753685744697,98.9375495254503
"gene-AM1_RS27585",31.0670429827817,9.79781913123699,38.1819795499017,49.1276006145897,30.9583000728731,17.4595675633148
"gene-AM1_RS27590",42.5733551986268,23.1584815829238,39.6319281404043,27.0201803380243,26.0701474297879,27.1593273207119
"gene-AM1_RS27600",28.7657805396127,23.1584815829238,35.7653985657307,19.6510402458359,32.5876842872349,25.2193753692324
"gene-AM1_RS42390",12.6569434374296,5.34426498067472,8.21637534618137,11.667805145965,6.51753685744697,15.5196156118353
"gene-AM1_RS27620",11.5063122158451,10.6885299613494,16.9160668891969,12.2819001536474,9.77630528617046,3.87990390295884
"gene-AM1_RS27625",18.4100995453521,11.5792407914619,22.2325450543731,23.3356102919301,29.3289158585114,19.3995195147942
"gene-AM1_RS27630",28.7657805396127,13.3606624516868,28.0323394163835,22.7215152842477,26.0701474297879,13.5796636603559
"gene-AM1_RS27635",28.7657805396127,16.9235057721366,18.8493316765337,25.1778953149772,4.88815264308523,17.4595675633148
"gene-AM1_RS27640",27.6151493180282,27.6120357334861,28.0323394163835,31.9329403994833,26.0701474297879,13.5796636603559
"gene-AM1_RS27650",11.5063122158451,14.2513732817993,21.7492288575389,14.1241851766945,11.4056895005322,29.0992792721913
"gene-AM1_RS27655",17.2594683237676,16.0327949420242,13.0495373145234,15.9664701997416,9.77630528617046,13.5796636603559
"gene-AM1_RS27660",14.9582058805986,11.5792407914619,15.4661182986943,22.1074202765654,19.5526105723409,15.5196156118353
"gene-AM1_RS27675",71.3391357382395,46.3169631658476,78.2972238871401,81.060541014073,70.063521217555,79.5380300106561
"gene-AM1_RS27680",73.6403981814085,75.7104205595585,72.9807457219639,54.0403606760486,32.5876842872349,56.2586065929031
"gene-AM1_RS27685",105.858072385775,113.120275424282,85.0636506428189,82.9028260371201,89.6161317898959,110.577261234327
"gene-AM1_RS27690",62.1340859655635,45.4262523357351,24.6491260385441,24.5638003072948,50.510910645214,60.138510495862
"gene-AM1_RS27695",102.406178721021,73.9289988993336,23.1991774480415,25.7919903226596,42.3639895734053,9.69975975739709
"gene-AM1_RS27700",383.160196787641,410.617692681841,88.4468640206583,82.9028260371201,149.90334772128,83.417933913615
"gene-AM1_RS27710",124.268171931127,106.885299613494,30.9322365973887,42.3725555300836,66.8047527888315,60.138510495862
"gene-AM1_RS27715",81.6948167325001,49.8798064862974,15.9494344955285,10.4396151306003,37.4758369303201,19.3995195147942
"gene-AM1_RS27720",88.5986040620072,103.322456293045,48.3316196834198,54.654455683731,68.4341370031932,50.4387507384649
"gene-AM1_RS27725",66.7366108519015,56.1147822970846,25.6157584322125,42.3725555300836,39.1052211446818,34.9191351266295
"gene-AM1_RS27730",80.5441855109156,91.7432155015827,33.3488175815597,36.8457004609423,53.7696790739375,15.5196156118353
"gene-AM1_RS27735",13.8075746590141,21.3770599226989,8.69969154301557,14.1241851766945,8.14692107180872,7.75980780591767
"gene-AM1_RS27740",59.8328235223944,48.9890956561849,31.8988689910571,38.073890476307,39.1052211446818,34.9191351266295
"gene-AM1_RS27745",162.239002243416,170.125768551479,77.3305914934717,88.4296811062614,130.350737148939,58.1985585443825
"gene-AM1_RS27750",67.887242073486,58.7869147874219,29.4822880068861,34.3893204302128,21.1819947867027,29.0992792721913
"gene-AM1_RS27755",55.2302986360564,53.4426498067472,33.3488175815597,48.5135056069073,48.8815264308523,42.6789429325472
"gene-AM1_RS27790",13.8075746590141,13.3606624516868,12.5662211176892,6.75504508450608,13.0350737148939,3.87990390295884
"gene-AM1_RS27795",11.5063122158451,11.5792407914619,27.0657070227151,25.1778953149772,4.88815264308523,11.6397117088765
"gene-AM1_RS40050",23.0126244316902,31.1748790539359,31.8988689910571,22.7215152842477,26.0701474297879,19.3995195147942
"gene-AM1_RS27810",12.6569434374296,10.6885299613494,15.9494344955285,14.1241851766945,8.14692107180872,3.87990390295884
"gene-AM1_RS27815",60.983454743979,16.9235057721366,49.2982520770882,20.2651352535182,27.6995316441496,9.69975975739709
"gene-AM1_RS27820",57.5315610792254,17.8142166022491,26.5823908258809,17.8087552227888,17.9232263579792,13.5796636603559
"gene-AM1_RS27835",119.665647044789,121.136672895294,59.9312084074406,109.923006375144,48.8815264308523,83.417933913615
"gene-AM1_RS27840",28.7657805396127,131.825202856643,77.8139076903059,415.742320200965,22.8113790010644,172.655723681668
"gene-AM1_RS27845",29.9164117611972,154.983684439567,22.2325450543731,109.308911367462,29.3289158585114,67.8983183017796
"gene-AM1_RS27850",12.6569434374296,42.7541198453978,30.4489204005545,189.755357373853,21.1819947867027,75.6581261076973
"gene-AM1_RS27855",108.159334828944,89.0710830112453,60.4145246042748,124.661286559521,79.8398265037254,85.3578858650944
"gene-AM1_RS27860",13.8075746590141,6.23497581078717,20.2992802670363,17.8087552227888,8.14692107180872,7.75980780591767
"gene-AM1_RS27870",6.90378732950705,10.6885299613494,16.9160668891969,13.5100901690122,3.25876842872349,5.81985585443825
"gene-AM1_RS27875",8.05441855109156,15.1420841119117,35.2820823688965,52.8121706606839,9.77630528617046,7.75980780591767
"gene-AM1_RS40055",6.90378732950705,8.90710830112453,13.5328535113576,11.667805145965,8.14692107180872,9.69975975739709
"gene-AM1_RS27910",13.8075746590141,14.2513732817993,11.1162725271866,12.2819001536474,6.51753685744697,9.69975975739709
"gene-AM1_RS27915",5.75315610792254,9.79781913123699,15.9494344955285,9.82552012291794,17.9232263579792,3.87990390295884
"gene-AM1_RS27925",12.6569434374296,16.9235057721366,15.9494344955285,22.7215152842477,13.0350737148939,1.93995195147942
"gene-AM1_RS27930",13.8075746590141,15.1420841119117,17.8826992828653,19.0369452381535,14.6644579292557,25.2193753692324
"gene-AM1_RS27935",28.7657805396127,43.6448306755102,9.18300773984977,14.1241851766945,11.4056895005322,7.75980780591767
"gene-AM1_RS27940",8.05441855109156,20.4863490925864,9.18300773984977,18.4228502304711,3.25876842872349,3.87990390295884
"gene-AM1_RS27945",12.6569434374296,20.4863490925864,35.7653985657307,50.9698856376368,24.4407632154262,27.1593273207119
"gene-AM1_RS27955",37.9708303122888,34.7377223743857,50.7482006675908,35.6175104455775,19.5526105723409,13.5796636603559
"gene-AM1_RS27960",119.665647044789,88.1803721811329,139.678380885083,138.171376728533,86.3573633611724,98.9375495254503
"gene-AM1_RS27965",18.4100995453521,17.8142166022491,14.4994859050259,27.0201803380243,8.14692107180872,13.5796636603559
"gene-AM1_RS27985",103.556809942606,61.4590472777593,86.0302830364873,68.7786408604256,57.028447502661,77.5980780591767
"gene-AM1_RS27990",12.6569434374296,13.3606624516868,18.8493316765337,19.0369452381535,19.5526105723409,13.5796636603559
"gene-AM1_RS27995",48.3265113065494,37.409854864723,64.7643703757826,51.5839806453192,30.9583000728731,25.2193753692324
"gene-AM1_RS28000",107.008703607359,62.3497581078717,161.427609742622,241.953433026854,172.714726722345,166.83586782723
"gene-AM1_RS28010",34.5189366475353,79.2732638800084,44.9484063055804,122.819001536474,48.8815264308523,242.493993934927
"gene-AM1_RS28015",25.3138868748592,13.3606624516868,24.6491260385441,31.3188453918009,13.0350737148939,9.69975975739709
"gene-AM1_RS28020",14.9582058805986,22.2677707528113,28.5156556132177,41.7584605224012,27.6995316441496,54.3186546414237
"gene-AM1_RS28025",14.9582058805986,8.90710830112453,26.5823908258809,19.6510402458359,8.14692107180872,11.6397117088765
"gene-AM1_RS28030",16.1088371021831,5.34426498067472,23.6824936448757,18.4228502304711,21.1819947867027,11.6397117088765
"gene-AM1_RS28040",11.5063122158451,4.45355415056227,19.8159640702021,17.8087552227888,4.88815264308523,5.81985585443825
"gene-AM1_RS28045",9.20504977267607,4.45355415056227,32.3821851878913,26.406085330342,21.1819947867027,3.87990390295884
"gene-AM1_RS28050",89.7492352835917,122.918094555519,124.212262586389,155.36603694364,79.8398265037254,106.697357331368
"gene-AM1_RS28055",71.3391357382395,162.109371080467,119.862416814881,148.610991859134,70.063521217555,135.796636603559
"gene-AM1_RS42405",28.7657805396127,22.2677707528113,42.0485091245752,32.5470354071657,9.77630528617046,19.3995195147942
"gene-AM1_RS28065",113.912490936866,105.10387795327,101.979717532016,104.396151306003,66.8047527888315,100.87750147693
"gene-AM1_RS28075",4.60252488633803,8.90710830112453,6.28311055884458,10.4396151306003,8.14692107180872,5.81985585443825
"gene-AM1_RS28090",31.0670429827817,25.8306140732611,38.6652957467359,31.9329403994833,39.1052211446818,27.1593273207119
"gene-AM1_RS28100",19.5607307669366,12.4699516215743,16.4327506923627,28.2483703533891,14.6644579292557,23.279423417753
"gene-AM1_RS28105",24.1632556532747,14.2513732817993,23.1991774480415,20.2651352535182,11.4056895005322,5.81985585443825
"gene-AM1_RS28120",65.585979630317,87.2896613510204,102.46303372885,129.57404662098,40.7346053590436,81.4779819621356
"gene-AM1_RS44505",28.7657805396127,16.0327949420242,11.1162725271866,14.1241851766945,16.2938421436174,13.5796636603559
"gene-AM1_RS28130",44.8746176417958,47.20767399596,32.3821851878913,33.7752254225304,26.0701474297879,32.9791831751501
"gene-AM1_RS42415",18.4100995453521,29.393457393711,9.18300773984977,11.0537101382827,1.62938421436174,9.69975975739709
"gene-AM1_RS28140",19.5607307669366,41.8634090152853,33.3488175815597,42.986650537766,21.1819947867027,31.0392312236707
"gene-AM1_RS43365",98.9542850562677,133.606624516868,348.470977917457,577.249307221429,101.021821290428,240.554041983448
"gene-AM1_RS28150",34.5189366475353,140.732311157768,89.4134964143267,744.283149311034,47.2521422164906,287.112888818954
"gene-AM1_RS28155",34.5189366475353,174.579322702041,72.9807457219639,642.957473043442,53.7696790739375,188.175339293504
"gene-AM1_RS28160",5.75315610792254,39.191276524948,17.3993830860311,564.353312060099,11.4056895005322,135.796636603559
"gene-AM1_RS41355",1.15063122158451,13.3606624516868,7.24974295251297,96.4129162061323,0,29.0992792721913
"gene-AM1_RS42425",100.104916277852,97.9781913123699,155.144499183778,215.547347696512,99.3924370760663,108.637309282847
"gene-AM1_RS28170",34.5189366475353,22.2677707528113,26.0990746290467,20.2651352535182,17.9232263579792,13.5796636603559
"gene-AM1_RS28180",28.7657805396127,15.1420841119117,17.8826992828653,15.3523751920593,6.51753685744697,11.6397117088765
"gene-AM1_RS28185",37.9708303122888,82.8361072004582,27.5490232195493,38.073890476307,17.9232263579792,50.4387507384649
"gene-AM1_RS28190",20.7113619885212,11.5792407914619,27.0657070227151,38.073890476307,16.2938421436174,36.8590870781089
"gene-AM1_RS28195",35.6695678691198,48.0983848260725,95.6966069731713,69.3927358681079,55.3990632882993,54.3186546414237
"gene-AM1_RS28200",29.9164117611972,29.393457393711,38.6652957467359,57.1108357144605,48.8815264308523,34.9191351266295
"gene-AM1_RS28205",57.5315610792254,77.4918422197835,57.5146274232696,39.9161754993541,24.4407632154262,42.6789429325472
"gene-AM1_RS28210",29.9164117611972,40.0819873550604,77.3305914934717,79.8323509987082,50.510910645214,44.6188948840266
"gene-AM1_RS28215",42.5733551986268,25.8306140732611,29.4822880068861,28.2483703533891,21.1819947867027,13.5796636603559
"gene-AM1_RS28220",8.05441855109156,11.5792407914619,10.6329563303524,15.9664701997416,9.77630528617046,5.81985585443825
"gene-AM1_RS28240",10.3556809942606,8.90710830112453,13.0495373145234,13.5100901690122,8.14692107180872,9.69975975739709
"gene-AM1_RS28250",19.5607307669366,25.8306140732611,37.6986633530675,35.6175104455775,45.6227580021288,23.279423417753
"gene-AM1_RS28255",33.3683054259507,31.1748790539359,30.9322365973887,22.7215152842477,19.5526105723409,23.279423417753
"gene-AM1_RS28265",479.81321940074,458.716077507913,622.511261522447,404.688610062682,374.758369303201,457.828660549143
"gene-AM1_RS28275",23.0126244316902,21.3770599226989,31.8988689910571,25.1778953149772,19.5526105723409,19.3995195147942
"gene-AM1_RS44045",25.3138868748592,22.2677707528113,35.2820823688965,36.2316054532599,27.6995316441496,36.8590870781089
"gene-AM1_RS44050",21.8619932101057,13.3606624516868,15.9494344955285,14.1241851766945,8.14692107180872,9.69975975739709
"gene-AM1_RS28290",12.6569434374296,7.12568664089963,9.66632393668397,6.75504508450608,6.51753685744697,5.81985585443825
"gene-AM1_RS28295",311.821061049402,195.95638262474,368.286941987659,410.829560139506,395.940364089904,341.431543460378
"gene-AM1_RS28300",4.60252488633803,10.6885299613494,11.5995887240208,12.2819001536474,8.14692107180872,1.93995195147942
"gene-AM1_RS28310",42.5733551986268,23.1584815829238,31.8988689910571,39.3020804916717,48.8815264308523,32.9791831751501
"gene-AM1_RS28320",14.9582058805986,15.1420841119117,18.8493316765337,34.3893204302128,8.14692107180872,19.3995195147942
"gene-AM1_RS28325",11.5063122158451,7.12568664089963,25.1324422353783,16.580565207424,19.5526105723409,17.4595675633148
"gene-AM1_RS28330",67.887242073486,52.5519389766348,40.5985605340727,44.2148405531307,45.6227580021288,34.9191351266295
"gene-AM1_RS37860",6.90378732950705,19.595638262474,34.3154499752281,33.7752254225304,4.88815264308523,27.1593273207119
"gene-AM1_RS28340",66.7366108519015,52.5519389766348,70.0808485409588,93.3424411677204,58.6578317170228,141.616492457998
"gene-AM1_RS28345",6.90378732950705,19.595638262474,15.9494344955285,27.0201803380243,11.4056895005322,29.0992792721913
"gene-AM1_RS28350",24.1632556532747,37.409854864723,30.4489204005545,81.060541014073,14.6644579292557,34.9191351266295
"gene-AM1_RS42430",12.6569434374296,6.23497581078717,12.5662211176892,11.667805145965,21.1819947867027,5.81985585443825
"gene-AM1_RS38975",132.322590482218,79.2732638800084,168.194036498301,195.896307450676,138.497658220748,228.914330274571
"gene-AM1_RS28360",72.489766959824,76.601131389671,119.379100618047,121.590811521109,89.6161317898959,118.337069040245
"gene-AM1_RS28365",14.9582058805986,8.90710830112453,17.3993830860311,19.0369452381535,11.4056895005322,7.75980780591767
"gene-AM1_RS28370",83.9960791756691,32.0655898840483,68.6308999504562,85.3592060678496,57.028447502661,67.8983183017796
"gene-AM1_RS28380",17.2594683237676,25.8306140732611,14.4994859050259,12.2819001536474,13.0350737148939,13.5796636603559
"gene-AM1_RS28390",13.8075746590141,16.0327949420242,24.1658098417099,15.9664701997416,16.2938421436174,5.81985585443825
"gene-AM1_RS28395",11.5063122158451,5.34426498067472,11.1162725271866,14.7382801843769,13.0350737148939,1.93995195147942
"gene-AM1_RS28400",100.104916277852,11.5792407914619,25.6157584322125,24.5638003072948,70.063521217555,50.4387507384649
"gene-AM1_RS28405",54.0796674144719,14.2513732817993,27.0657070227151,17.8087552227888,29.3289158585114,31.0392312236707
"gene-AM1_RS28410",10.3556809942606,5.34426498067472,24.6491260385441,14.7382801843769,16.2938421436174,7.75980780591767
"gene-AM1_RS28415",9.20504977267607,13.3606624516868,39.1486119435701,53.4262656683663,14.6644579292557,9.69975975739709
"gene-AM1_RS28420",10.3556809942606,8.90710830112453,8.21637534618137,10.4396151306003,6.51753685744697,5.81985585443825
"gene-AM1_RS28435",11.5063122158451,12.4699516215743,21.2659126607047,10.4396151306003,14.6644579292557,9.69975975739709
"gene-AM1_RS28440",74.791029402993,59.6776256175344,53.648097848596,49.1276006145897,78.2104422893637,81.4779819621356
"gene-AM1_RS28445",35.6695678691198,38.3005656948355,97.1465555636739,130.188141628663,96.1336686473429,153.256204166874
"gene-AM1_RS28450",35.6695678691198,24.0491924130362,30.4489204005545,27.0201803380243,13.0350737148939,21.3394714662736
"gene-AM1_RS28455",32.2176742043662,23.1584815829238,67.1809513599536,106.23843632905,50.510910645214,58.1985585443825
"gene-AM1_RS28460",56.3809298576409,54.3333606368597,101.496401335182,119.13443149038,70.063521217555,62.0784624473414
"gene-AM1_RS28465",103.556809942606,78.3825530498959,147.894756231265,190.983547389217,125.462584505854,143.556444409477
"gene-AM1_RS28470",23.0126244316902,19.595638262474,19.3326478733679,29.4765603687538,14.6644579292557,23.279423417753
"gene-AM1_RS28475",78.2429230677466,77.4918422197835,63.7977379821142,66.3222608296961,35.8464527159584,48.4987987869854
"gene-AM1_RS28480",39.1214615338733,24.0491924130362,34.7987661720623,23.9497052996125,19.5526105723409,15.5196156118353
"gene-AM1_RS28485",73.6403981814085,53.4426498067472,92.3133935953319,71.8491158988374,84.7279791468107,64.0184143988208
"gene-AM1_RS28490",16.1088371021831,9.79781913123699,24.6491260385441,29.4765603687538,16.2938421436174,17.4595675633148
"gene-AM1_RS28495",95.5023913915142,49.8798064862974,146.444807640762,133.258616667075,115.686279219684,126.096876846162
"gene-AM1_RS28500",40.2720927554578,35.6284332044981,66.6976351631194,63.2517857912842,43.9933737877671,40.7389909810678
"gene-AM1_RS28505",11.5063122158451,8.90710830112453,28.9989718100519,30.7047503841186,9.77630528617046,17.4595675633148
"gene-AM1_RS28510",44.8746176417958,40.0819873550604,78.7805400839743,50.9698856376368,27.6995316441496,44.6188948840266
"gene-AM1_RS28525",322.176742043662,332.235139631945,707.091595968432,760.863714518458,345.42945344469,397.690150053281
"gene-AM1_RS28530",42.5733551986268,41.8634090152853,51.231516864425,43.6007455454483,30.9583000728731,27.1593273207119
"gene-AM1_RS28540",48.3265113065494,33.8470115442732,47.8483034865856,35.6175104455775,24.4407632154262,21.3394714662736
"gene-AM1_RS37865",37.9708303122888,39.191276524948,61.8644731947774,64.479975806649,24.4407632154262,17.4595675633148
"gene-AM1_RS28550",193.306045226197,269.885381524073,438.367790528618,833.94102043266,146.644579292557,438.429141034348
"gene-AM1_RS28555",49.4771425281339,42.7541198453978,65.2476865726168,27.6342753457067,45.6227580021288,50.4387507384649
"gene-AM1_RS28560",94.3517601699297,73.9289988993336,106.329563303524,90.2719661293085,101.021821290428,65.9583663503002
"gene-AM1_RS28565",2044.67168075567,1909.6840197611,1949.21422183232,2064.58741582813,3097.45939150167,2572.37628766171
"gene-AM1_RS28570",182.950364231937,167.453636061141,230.541825889913,262.218568280372,158.050268793089,190.115291244983
"gene-AM1_RS28575",67.887242073486,96.196769652145,105.846247106689,54.654455683731,87.9867475755341,73.7181741562179
"gene-AM1_RS28580",56.3809298576409,67.6940230885465,83.6137020523163,66.3222608296961,101.021821290428,62.0784624473414
"gene-AM1_RS28585",857.220260080459,1063.50873115427,1361.98504267877,1463.38840330709,1639.16051964791,1565.54122484389
"gene-AM1_RS28590",80.5441855109156,82.8361072004582,146.928123837596,118.520336482698,70.063521217555,89.2377897680532
"gene-AM1_RS28595",616.738334769297,576.289907082757,738.990464959489,1032.90780292175,558.878785526078,708.082462289988
"gene-AM1_RS28600",159.937739800247,281.464622315535,258.090849109462,513.383426422462,158.050268793089,389.930342247363
"gene-AM1_RS28605",54.0796674144719,89.0710830112453,60.4145246042748,168.876127112652,47.2521422164906,73.7181741562179
"gene-AM1_RS28610",1389.96251567409,542.442895538484,1101.47761258514,1136.07576421239,1792.32263579792,1006.83506281782
"gene-AM1_RS28615",132.322590482218,167.453636061141,142.094961869254,129.57404662098,153.162116150004,161.016011972792
"gene-AM1_RS28620",52.9290361928874,30.2841682238234,49.2982520770882,50.3557906299544,35.8464527159584,42.6789429325472
"gene-AM1_RS28625",140.37700903331,61.4590472777593,45.9150386992488,48.5135056069073,29.3289158585114,42.6789429325472
"gene-AM1_RS28630",2985.8880200118,2601.76633475848,2198.12206320193,3033.62933795091,3884.4519670384,4033.16010712571
"gene-AM1_RS28635",82.8454479540846,73.0382880692212,52.6814654549276,42.986650537766,50.510910645214,21.3394714662736
"gene-AM1_RS28640",35.6695678691198,29.393457393711,26.0990746290467,14.7382801843769,26.0701474297879,29.0992792721913
"gene-AM1_RS28645",25.3138868748592,23.1584815829238,10.1496401335182,16.580565207424,11.4056895005322,9.69975975739709
"gene-AM1_RS28650",348.641260140106,13.3606624516868,31.4155527942229,15.3523751920593,35.8464527159584,19.3995195147942
"gene-AM1_RS28655",1177.09573968095,27.6120357334861,86.0302830364873,59.56721574519,107.539358147875,40.7389909810678
"gene-AM1_RS28660",3037.6664249831,20.4863490925864,134.845218916741,46.0571255761778,166.197189864898,32.9791831751501
"gene-AM1_RS28665",3705.03253350212,23.1584815829238,188.976632962172,73.0773059142022,249.295784797347,31.0392312236707
"gene-AM1_RS28670",46.0252488633803,29.393457393711,62.3477893916116,49.1276006145897,58.6578317170228,54.3186546414237
"gene-AM1_RS28675",26.4645180964437,10.6885299613494,25.1324422353783,32.5470354071657,24.4407632154262,11.6397117088765
"gene-AM1_RS28680",10.3556809942606,6.23497581078717,14.9828021018601,20.2651352535182,19.5526105723409,15.5196156118353
"gene-AM1_RS28685",23.0126244316902,8.01639747101208,28.0323394163835,31.3188453918009,29.3289158585114,44.6188948840266
"gene-AM1_RS28690",25.3138868748592,21.3770599226989,29.4822880068861,46.0571255761778,30.9583000728731,29.0992792721913
"gene-AM1_RS28700",23.0126244316902,15.1420841119117,30.9322365973887,34.3893204302128,35.8464527159584,36.8590870781089
"gene-AM1_RS28705",23.0126244316902,15.1420841119117,48.814935880254,44.2148405531307,30.9583000728731,46.558846835506
"gene-AM1_RS28710",16.1088371021831,14.2513732817993,19.3326478733679,21.493325268883,37.4758369303201,32.9791831751501
"gene-AM1_RS28715",44.8746176417958,36.5191440346106,35.2820823688965,35.6175104455775,39.1052211446818,31.0392312236707
"gene-AM1_RS28720",13.8075746590141,6.23497581078717,13.5328535113576,27.0201803380243,35.8464527159584,36.8590870781089
"gene-AM1_RS28725",12.6569434374296,11.5792407914619,22.7158612512073,18.4228502304711,14.6644579292557,34.9191351266295
"gene-AM1_RS28735",59.8328235223944,62.3497581078717,43.4984577150778,54.654455683731,30.9583000728731,48.4987987869854
"gene-AM1_RS28740",56.3809298576409,40.9726981851729,27.0657070227151,33.7752254225304,17.9232263579792,38.7990390295884
"gene-AM1_RS28745",128.870696817465,78.3825530498959,106.329563303524,93.3424411677204,109.168742362237,71.7782222047385
"gene-AM1_RS28750",386.612090452395,467.623185809038,292.889615281524,469.168585869331,373.128985088839,508.267411287608
"gene-AM1_RS43375",8.05441855109156,12.4699516215743,13.0495373145234,19.0369452381535,3.25876842872349,13.5796636603559
"gene-AM1_RS43380",40.2720927554578,55.2240714669721,43.4984577150778,56.4967407067781,21.1819947867027,65.9583663503002
"gene-AM1_RS28765",33.3683054259507,79.2732638800084,22.7158612512073,63.8658807989666,16.2938421436174,77.5980780591767
"gene-AM1_RS28770",54.0796674144719,94.4153479919201,51.231516864425,175.631172197158,30.9583000728731,153.256204166874
"gene-AM1_RS28775",67.887242073486,47.20767399596,38.6652957467359,41.7584605224012,30.9583000728731,48.4987987869854
"gene-AM1_RS28780",43.7239864202113,90.8525046714702,75.8806429029691,95.7988211984499,34.2170685015966,137.736588555039
"gene-AM1_RS28785",654.709165081585,691.191604167264,1133.37648157619,2076.86931598178,770.698733393105,640.184143988208
"gene-AM1_RS28790",386.612090452395,548.677871349271,672.29282979637,961.058687022911,467.63326952182,395.750198101801
"gene-AM1_RS28795",621.340859655635,619.934737758268,761.223010013862,1134.84757419702,436.674969448947,541.246594462758
"gene-AM1_RS28800",829.605110762431,839.049601965931,758.806429029691,1274.24714094092,676.194448960124,684.803038872235
"gene-AM1_RS28805",289.959067839296,242.273345790587,365.870361003488,579.091592244476,221.596253153197,217.274618565695
"gene-AM1_RS28810",968.831488574156,986.016888934486,1080.69501612127,1564.71407957468,980.88929704577,905.957561340888
"gene-AM1_RS28815",127.72006559588,152.31155194923,159.494344955285,190.983547389217,94.5042844329811,96.9975975739709
"gene-AM1_RS28820",142.678271476479,172.797901041816,199.12627309569,134.486806682439,203.673026795218,182.355483439065
"gene-AM1_RS28830",135.774484146972,274.338935674636,137.745116097747,207.564112596641,122.203816077131,240.554041983448
"gene-AM1_RS28835",51.7784049713029,113.120275424282,83.1303858554821,163.349272043511,53.7696790739375,124.156924894683
"gene-AM1_RS28840",18.4100995453521,18.7049274323615,30.9322365973887,29.4765603687538,22.8113790010644,17.4595675633148
"gene-AM1_RS42435",13.8075746590141,23.1584815829238,22.7158612512073,25.1778953149772,24.4407632154262,44.6188948840266
"gene-AM1_RS28855",33.3683054259507,31.1748790539359,26.0990746290467,23.3356102919301,24.4407632154262,23.279423417753
"gene-AM1_RS37895",33.3683054259507,24.0491924130362,40.5985605340727,31.3188453918009,24.4407632154262,19.3995195147942
"gene-AM1_RS28900",40.2720927554578,44.5355415056227,79.7471724776427,158.436511982052,76.5810580750019,139.676540506518
"gene-AM1_RS28920",74.791029402993,82.8361072004582,49.2982520770882,54.0403606760486,76.5810580750019,52.3787026899443
"gene-AM1_RS28925",149.582058805986,228.021972508788,120.345733011715,112.379386405874,167.82657407926,106.697357331368
"gene-AM1_RS28930",164.540264686585,223.568418358226,121.795681602218,152.295561905228,140.12704243511,71.7782222047385
"gene-AM1_RS28935",17.2594683237676,18.7049274323615,14.0161697081918,22.1074202765654,11.4056895005322,25.2193753692324
"gene-AM1_RS28940",12.6569434374296,16.0327949420242,45.9150386992488,68.1645458527432,19.5526105723409,9.69975975739709
"gene-AM1_RS28945",105.858072385775,67.6940230885465,129.528740751565,146.768706836087,96.1336686473429,75.6581261076973
"gene-AM1_RS28950",28.7657805396127,27.6120357334861,29.9656042037203,41.7584605224012,22.8113790010644,9.69975975739709
"gene-AM1_RS28960",12.6569434374296,6.23497581078717,14.0161697081918,15.9664701997416,9.77630528617046,7.75980780591767
"gene-AM1_RS28970",21.8619932101057,11.5792407914619,42.5318253214094,43.6007455454483,16.2938421436174,13.5796636603559
"gene-AM1_RS28995",34.5189366475353,70.3661555788838,43.0151415182436,53.4262656683663,24.4407632154262,73.7181741562179
"gene-AM1_RS29000",101.255547499437,131.825202856643,62.8311055884458,95.7988211984499,84.7279791468107,122.216972943203
"gene-AM1_RS29005",43.7239864202113,39.191276524948,28.5156556132177,28.2483703533891,30.9583000728731,34.9191351266295
"gene-AM1_RS29010",12.6569434374296,14.2513732817993,18.3660154796995,19.0369452381535,13.0350737148939,17.4595675633148
"gene-AM1_RS29015",63.284717187148,125.590227045856,55.5813626359328,70.6209258834727,43.9933737877671,44.6188948840266
"gene-AM1_RS29020",25.3138868748592,88.1803721811329,18.8493316765337,34.3893204302128,17.9232263579792,40.7389909810678
"gene-AM1_RS29030",24.1632556532747,49.8798064862974,39.6319281404043,46.6712205838602,11.4056895005322,29.0992792721913
"gene-AM1_RS29040",2.30126244316902,9.79781913123699,30.4489204005545,36.2316054532599,14.6644579292557,36.8590870781089
"gene-AM1_RS29045",48.3265113065494,37.409854864723,49.2982520770882,73.0773059142022,24.4407632154262,25.2193753692324
"gene-AM1_RS29050",16.1088371021831,26.7213249033736,7.24974295251297,12.2819001536474,13.0350737148939,1.93995195147942
"gene-AM1_RS29060",21.8619932101057,57.005493127197,35.7653985657307,112.379386405874,26.0701474297879,118.337069040245
"gene-AM1_RS29065",12.6569434374296,29.393457393711,25.6157584322125,41.1443655147189,22.8113790010644,40.7389909810678
"gene-AM1_RS29070",16.1088371021831,14.2513732817993,14.9828021018601,20.8792302612006,6.51753685744697,3.87990390295884
"gene-AM1_RS29075",102.406178721021,82.8361072004582,90.3801288079951,62.0235957759195,70.063521217555,29.0992792721913
"gene-AM1_RS29080",44.8746176417958,22.2677707528113,40.5985605340727,24.5638003072948,21.1819947867027,23.279423417753
"gene-AM1_RS29085",555.754880025318,295.715995597335,612.361621388929,782.971134795023,656.641838387783,277.413129061557
"gene-AM1_RS29090",191.004782783028,134.49733534698,138.228432294581,93.9565361754028,104.280589719152,56.2586065929031
"gene-AM1_RS29095",28.7657805396127,21.3770599226989,13.5328535113576,13.5100901690122,13.0350737148939,13.5796636603559
"gene-AM1_RS29100",25.3138868748592,26.7213249033736,13.5328535113576,47.2853155915426,1.62938421436174,21.3394714662736
"gene-AM1_RS42445",12.6569434374296,79.2732638800084,43.4984577150778,307.661598848868,21.1819947867027,157.136108069833
"gene-AM1_RS29110",32.2176742043662,34.7377223743857,31.8988689910571,33.161130414848,32.5876842872349,48.4987987869854
"gene-AM1_RS29115",29.9164117611972,21.3770599226989,27.5490232195493,27.0201803380243,34.2170685015966,32.9791831751501
"gene-AM1_RS29120",113.912490936866,92.6339263316952,82.6470696586479,87.815586098579,193.896721509047,145.496396360956
"gene-AM1_RS29125",16.1088371021831,13.3606624516868,31.8988689910571,33.161130414848,9.77630528617046,19.3995195147942
"gene-AM1_RS29130",92.0504977267607,65.9126014283216,112.129357665534,116.67805145965,115.686279219684,153.256204166874
"gene-AM1_RS29135",27.6151493180282,30.2841682238234,19.8159640702021,16.580565207424,14.6644579292557,9.69975975739709
"gene-AM1_RS29140",17.2594683237676,11.5792407914619,12.5662211176892,14.1241851766945,6.51753685744697,5.81985585443825
"gene-AM1_RS29145",19.5607307669366,25.8306140732611,34.3154499752281,130.802236636345,21.1819947867027,128.036828797642
"gene-AM1_RS29150",14.9582058805986,32.0655898840483,12.5662211176892,28.2483703533891,8.14692107180872,27.1593273207119
"gene-AM1_RS29160",46.0252488633803,19.595638262474,26.5823908258809,31.9329403994833,26.0701474297879,19.3995195147942
"gene-AM1_RS29165",10.3556809942606,17.8142166022491,14.4994859050259,18.4228502304711,13.0350737148939,11.6397117088765
"gene-AM1_RS29170",41.4227239770423,37.409854864723,55.5813626359328,58.3390257298252,27.6995316441496,40.7389909810678
"gene-AM1_RS29175",86.2973416188381,99.7596129725948,92.7967097921661,133.872711674757,105.909973933513,166.83586782723
"gene-AM1_RS29180",39.1214615338733,56.1147822970846,42.5318253214094,84.7451110601672,14.6644579292557,79.5380300106561
"gene-AM1_RS29190",19.5607307669366,11.5792407914619,25.1324422353783,22.1074202765654,13.0350737148939,23.279423417753
"gene-AM1_RS29195",27.6151493180282,26.7213249033736,35.7653985657307,30.7047503841186,32.5876842872349,29.0992792721913
"gene-AM1_RS29200",51.7784049713029,51.6612281465223,24.1658098417099,105.624341321368,30.9583000728731,96.9975975739709
"gene-AM1_RS29205",240.481925311162,152.31155194923,118.895784421213,138.171376728533,283.512853298943,207.574858808298
"gene-AM1_RS29210",33.3683054259507,40.9726981851729,28.9989718100519,35.6175104455775,19.5526105723409,50.4387507384649
"gene-AM1_RS29215",96.6530226130987,103.322456293045,105.846247106689,154.137846928275,83.0985949324489,64.0184143988208
"gene-AM1_RS29220",165.690895908169,126.480937875968,161.427609742622,184.842597312394,143.385810863833,219.214570517174
"gene-AM1_RS29225",12.6569434374296,14.2513732817993,32.3821851878913,10.4396151306003,9.77630528617046,5.81985585443825
"gene-AM1_RS29230",43.7239864202113,29.393457393711,50.2648844707566,35.0034154378951,32.5876842872349,34.9191351266295
"gene-AM1_RS29235",155.335214913909,141.62302198788,122.762313995886,147.382801843769,166.197189864898,174.595675633148
"gene-AM1_RS29240",55.2302986360564,168.344346891254,30.9322365973887,124.047191551839,14.6644579292557,25.2193753692324
"gene-AM1_RS29245",103.556809942606,212.879888396876,11.5995887240208,27.0201803380243,19.5526105723409,29.0992792721913
"gene-AM1_RS29255",25.3138868748592,39.191276524948,35.2820823688965,29.4765603687538,13.0350737148939,17.4595675633148
"gene-AM1_RS29260",33.3683054259507,40.9726981851729,38.6652957467359,33.7752254225304,16.2938421436174,21.3394714662736
"gene-AM1_RS29315",17.2594683237676,14.2513732817993,26.5823908258809,22.1074202765654,22.8113790010644,9.69975975739709
"gene-AM1_RS29320",214.017407214719,96.196769652145,175.443779450814,195.282212442994,330.764995515434,219.214570517174
"gene-AM1_RS29325",179.498470567183,93.5246371618076,153.694550593275,237.654767973078,265.589626940964,192.055243196462
"gene-AM1_RS29335",188.703520339859,286.80888729621,91.3467612016635,112.379386405874,78.2104422893637,112.517213185806
"gene-AM1_RS29340",121.966909487958,97.9781913123699,132.42863793257,125.889476574886,92.8749002186194,108.637309282847
"gene-AM1_RS29345",46.0252488633803,57.005493127197,47.3649872897514,50.3557906299544,19.5526105723409,17.4595675633148
"gene-AM1_RS29350",232.427506760071,155.874395269679,78.7805400839743,64.479975806649,81.4692107180872,112.517213185806
"gene-AM1_RS29355",43.7239864202113,23.1584815829238,38.6652957467359,46.6712205838602,24.4407632154262,31.0392312236707
"gene-AM1_RS29400",20.7113619885212,12.4699516215743,16.4327506923627,17.8087552227888,9.77630528617046,13.5796636603559
"gene-AM1_RS29405",48.3265113065494,36.5191440346106,42.0485091245752,70.6209258834727,43.9933737877671,42.6789429325472
"gene-AM1_RS29410",13.8075746590141,3.56284332044981,15.4661182986943,17.1946602151064,6.51753685744697,3.87990390295884
"gene-AM1_RS29425",31.0670429827817,19.595638262474,43.981773911912,46.6712205838602,17.9232263579792,19.3995195147942
"gene-AM1_RS29435",14.9582058805986,18.7049274323615,7.24974295251297,6.14095007682371,8.14692107180872,3.87990390295884
"gene-AM1_RS29440",1724.79620115518,952.169877390213,863.202727545878,894.122331185532,1283.95476091705,1092.19294868291
"gene-AM1_RS29445",11.5063122158451,5.34426498067472,7.24974295251297,6.75504508450608,8.14692107180872,5.81985585443825
"gene-AM1_RS29450",11.5063122158451,8.90710830112453,4.34984577150778,8.59733010755319,4.88815264308523,7.75980780591767
"gene-AM1_RS29455",36.8201990907043,32.9563007141608,22.2325450543731,22.1074202765654,27.6995316441496,19.3995195147942
"gene-AM1_RS29460",34.5189366475353,33.8470115442732,24.6491260385441,20.2651352535182,21.1819947867027,9.69975975739709
"gene-AM1_RS29465",46.0252488633803,47.20767399596,48.814935880254,33.7752254225304,32.5876842872349,17.4595675633148
"gene-AM1_RS29470",18.4100995453521,32.0655898840483,40.1152443372385,20.8792302612006,27.6995316441496,15.5196156118353
"gene-AM1_RS29475",26.4645180964437,30.2841682238234,46.398354896083,47.8994105992249,14.6644579292557,29.0992792721913
"gene-AM1_RS29510",16.1088371021831,13.3606624516868,23.1991774480415,17.8087552227888,19.5526105723409,11.6397117088765
"gene-AM1_RS44070",26.4645180964437,13.3606624516868,23.1991774480415,30.7047503841186,3.25876842872349,3.87990390295884
"gene-AM1_RS29520",31.0670429827817,47.20767399596,70.564164737793,62.6376907836018,61.9166001457463,67.8983183017796
"gene-AM1_RS37905",40.2720927554578,48.9890956561849,40.5985605340727,49.1276006145897,32.5876842872349,89.2377897680532
"gene-AM1_RS29530",35.6695678691198,49.8798064862974,55.5813626359328,50.9698856376368,21.1819947867027,34.9191351266295
"gene-AM1_RS29535",11.5063122158451,8.90710830112453,14.9828021018601,26.406085330342,4.88815264308523,3.87990390295884
"gene-AM1_RS29540",13.8075746590141,37.409854864723,43.0151415182436,50.3557906299544,35.8464527159584,31.0392312236707
"gene-AM1_RS29545",18.4100995453521,13.3606624516868,31.8988689910571,31.3188453918009,17.9232263579792,7.75980780591767
"gene-AM1_RS29550",49.4771425281339,52.5519389766348,62.8311055884458,54.654455683731,32.5876842872349,50.4387507384649
"gene-AM1_RS29555",20.7113619885212,20.4863490925864,28.5156556132177,35.0034154378951,34.2170685015966,25.2193753692324
"gene-AM1_RS29560",191.004782783028,161.218660250354,156.111131577446,164.577462058875,86.3573633611724,135.796636603559
"gene-AM1_RS29565",9.20504977267607,18.7049274323615,13.0495373145234,9.82552012291794,9.77630528617046,1.93995195147942
"gene-AM1_RS29570",19.5607307669366,32.0655898840483,6.76642675567878,4.91276006145897,4.88815264308523,1.93995195147942
"gene-AM1_RS29575",215.168038436303,373.207837817118,15.9494344955285,18.4228502304711,14.6644579292557,7.75980780591767
"gene-AM1_RS29580",751.362187694684,853.30097524773,19.3326478733679,17.8087552227888,16.2938421436174,11.6397117088765
"gene-AM1_RS29585",846.864579086198,1124.07706760192,15.4661182986943,19.6510402458359,13.0350737148939,3.87990390295884
"gene-AM1_RS29590",3782.12482534828,3710.70131824848,61.3811569979432,63.2517857912842,53.7696790739375,44.6188948840266
"gene-AM1_RS40130",24.1632556532747,25.8306140732611,24.1658098417099,20.2651352535182,13.0350737148939,9.69975975739709
"gene-AM1_RS29620",66.7366108519015,51.6612281465223,62.8311055884458,52.1980756530015,30.9583000728731,42.6789429325472
"gene-AM1_RS29625",57.5315610792254,61.4590472777593,30.9322365973887,28.8624653610714,34.2170685015966,15.5196156118353
"gene-AM1_RS29635",1.15063122158451,9.79781913123699,11.5995887240208,6.75504508450608,0,0
"gene-AM1_RS29640",17.2594683237676,16.0327949420242,9.66632393668397,6.75504508450608,8.14692107180872,1.93995195147942
"gene-AM1_RS29645",312.971692270986,261.868984053061,55.5813626359328,60.7954057605547,39.1052211446818,29.0992792721913
"gene-AM1_RS29650",34.5189366475353,23.1584815829238,16.4327506923627,21.493325268883,26.0701474297879,23.279423417753
"gene-AM1_RS43425",9.20504977267607,8.90710830112453,15.4661182986943,8.59733010755319,1.62938421436174,9.69975975739709
"gene-AM1_RS29665",131.171959260634,129.153070366306,41.5651929277411,28.8624653610714,16.2938421436174,19.3995195147942
"gene-AM1_RS29700",254.289499970176,239.60121330025,221.358818150063,171.946602151064,286.771621727667,232.79423417753
"gene-AM1_RS29710",163.389633465,139.841600327655,144.028226656591,85.9733010755319,146.644579292557,124.156924894683
"gene-AM1_RS29730",29.9164117611972,29.393457393711,33.3488175815597,38.073890476307,11.4056895005322,9.69975975739709
"gene-AM1_RS29735",44.8746176417958,40.0819873550604,17.3993830860311,23.3356102919301,9.77630528617046,13.5796636603559
"gene-AM1_RS29740",75.9416606245776,95.3060588220325,50.2648844707566,60.1813107528724,32.5876842872349,15.5196156118353
"gene-AM1_RS29745",417.679133435177,513.940148974886,381.819795499017,249.936668126725,286.771621727667,323.971975897063
"gene-AM1_RS29750",65.585979630317,47.20767399596,40.5985605340727,36.2316054532599,19.5526105723409,13.5796636603559
"gene-AM1_RS29755",141.527640254895,136.278757007205,109.229460484529,116.063956451968,70.063521217555,58.1985585443825
"gene-AM1_RS29760",184.100995453521,201.300647605414,108.746144287695,89.0437761139438,81.4692107180872,52.3787026899443
"gene-AM1_RS29765",321.026110822078,325.109452991045,225.225347724736,246.252098080631,242.7782479399,137.736588555039
"gene-AM1_RS29770",37.9708303122888,46.3169631658476,47.8483034865856,36.8457004609423,34.2170685015966,23.279423417753
"gene-AM1_RS29775",82.8454479540846,69.4754447487714,38.1819795499017,35.0034154378951,32.5876842872349,31.0392312236707
"gene-AM1_RS29780",434.938601758944,419.524800982966,299.172725840369,298.450173733632,306.324232300008,195.935147099421
"gene-AM1_RS29785",309.519798606233,298.388128087672,194.293111127348,243.795718049901,239.519479511176,135.796636603559
"gene-AM1_RS29790",78.2429230677466,100.650323802707,57.0313112264354,59.56721574519,57.028447502661,42.6789429325472
"gene-AM1_RS29805",55.2302986360564,35.6284332044981,30.4489204005545,28.2483703533891,16.2938421436174,9.69975975739709
"gene-AM1_RS29815",49.4771425281339,28.5027465635985,27.0657070227151,15.9664701997416,13.0350737148939,11.6397117088765
"gene-AM1_RS29825",21.8619932101057,8.90710830112453,3.86652957467359,7.98323509987082,1.62938421436174,1.93995195147942
"gene-AM1_RS29830",47.1758800849648,41.8634090152853,40.1152443372385,39.3020804916717,32.5876842872349,11.6397117088765
"gene-AM1_RS29835",98.9542850562677,75.7104205595585,53.1647816517618,66.9363558373784,40.7346053590436,36.8590870781089
"gene-AM1_RS29840",12.6569434374296,9.79781913123699,7.24974295251297,5.52685506914134,8.14692107180872,0
"gene-AM1_RS29845",386.612090452395,446.246125886339,32.3821851878913,33.161130414848,4.88815264308523,11.6397117088765
"gene-AM1_RS29850",255.440131191761,321.546609670596,41.0818767309069,42.986650537766,40.7346053590436,27.1593273207119
"gene-AM1_RS29855",34.5189366475353,41.8634090152853,30.9322365973887,28.2483703533891,29.3289158585114,52.3787026899443
"gene-AM1_RS29860",80.5441855109156,77.4918422197835,89.4134964143267,85.3592060678496,156.420884578727,104.757405379889
"gene-AM1_RS29865",44.8746176417958,36.5191440346106,26.5823908258809,29.4765603687538,52.1402948595758,23.279423417753
"gene-AM1_RS29870",33.3683054259507,37.409854864723,16.4327506923627,19.6510402458359,9.77630528617046,15.5196156118353
"gene-AM1_RS29880",120.816278266373,104.213167123157,97.1465555636739,82.2887310294377,63.545984360108,104.757405379889
"gene-AM1_RS42490",24.1632556532747,19.595638262474,33.3488175815597,30.7047503841186,24.4407632154262,13.5796636603559
"gene-AM1_RS29905",4.60252488633803,8.90710830112453,13.5328535113576,9.21142511523557,1.62938421436174,3.87990390295884
"gene-AM1_RS29910",73.6403981814085,84.6175288606831,86.9969154301557,64.479975806649,60.2872159313845,62.0784624473414
"gene-AM1_RS29925",60.983454743979,41.8634090152853,64.7643703757826,85.9733010755319,52.1402948595758,79.5380300106561
"gene-AM1_RS29930",10.3556809942606,8.90710830112453,19.3326478733679,19.6510402458359,6.51753685744697,3.87990390295884
"gene-AM1_RS29935",20.7113619885212,10.6885299613494,13.5328535113576,15.3523751920593,4.88815264308523,5.81985585443825
"gene-AM1_RS42495",8.05441855109156,11.5792407914619,14.0161697081918,6.75504508450608,4.88815264308523,1.93995195147942
"gene-AM1_RS29945",28.7657805396127,24.9399032431487,26.5823908258809,26.406085330342,30.9583000728731,29.0992792721913
"gene-AM1_RS29950",5.75315610792254,12.4699516215743,19.8159640702021,22.1074202765654,6.51753685744697,5.81985585443825
"gene-AM1_RS29955",70.188504516655,68.5847339186589,68.147583753622,54.0403606760486,39.1052211446818,46.558846835506
"gene-AM1_RS29960",112.761859715282,99.7596129725948,159.011028758451,113.607576421239,99.3924370760663,87.2978378165738
"gene-AM1_RS37915",46.0252488633803,24.9399032431487,38.1819795499017,27.6342753457067,21.1819947867027,11.6397117088765
"gene-AM1_RS29975",67.887242073486,53.4426498067472,59.4478922106064,62.0235957759195,39.1052211446818,27.1593273207119
"gene-AM1_RS29980",59.8328235223944,40.9726981851729,67.1809513599536,84.7451110601672,30.9583000728731,34.9191351266295
"gene-AM1_RS29985",14.9582058805986,7.12568664089963,8.21637534618137,11.667805145965,4.88815264308523,5.81985585443825
"gene-AM1_RS29990",40.2720927554578,24.0491924130362,32.3821851878913,42.986650537766,30.9583000728731,29.0992792721913
"gene-AM1_RS29995",72.489766959824,59.6776256175344,113.579306256037,106.852531336733,81.4692107180872,81.4779819621356
"gene-AM1_RS42500",39.1214615338733,20.4863490925864,43.4984577150778,32.5470354071657,8.14692107180872,21.3394714662736
"gene-AM1_RS30010",112.761859715282,97.0874804822574,127.595475964228,156.594226959005,70.063521217555,81.4779819621356
"gene-AM1_RS30015",82.8454479540846,49.8798064862974,58.481259816938,65.7081658220137,37.4758369303201,34.9191351266295
"gene-AM1_RS43435",65.585979630317,65.0218905982091,54.6147302422644,35.0034154378951,21.1819947867027,23.279423417753
"gene-AM1_RS30030",117.36438460162,117.573829574844,161.427609742622,163.963367051193,110.798126576599,104.757405379889
"gene-AM1_RS30035",31.0670429827817,42.7541198453978,34.7987661720623,40.5302705070365,30.9583000728731,40.7389909810678
"gene-AM1_RS30040",55.2302986360564,40.9726981851729,45.9150386992488,46.6712205838602,22.8113790010644,15.5196156118353
"gene-AM1_RS30045",57.5315610792254,60.5683364476468,119.862416814881,111.151196390509,55.3990632882993,65.9583663503002
"gene-AM1_RS30050",19.5607307669366,15.1420841119117,22.2325450543731,12.2819001536474,4.88815264308523,0
"gene-AM1_RS30055",88.5986040620072,72.1475772391087,68.147583753622,113.607576421239,84.7279791468107,100.87750147693
"gene-AM1_RS30060",37.9708303122888,24.9399032431487,31.8988689910571,30.7047503841186,24.4407632154262,11.6397117088765
"gene-AM1_RS30065",11.5063122158451,11.5792407914619,9.66632393668397,13.5100901690122,9.77630528617046,3.87990390295884
"gene-AM1_RS30075",81.6948167325001,138.06017866743,120.345733011715,167.033842089605,70.063521217555,100.87750147693
"gene-AM1_RS37920",11.5063122158451,10.6885299613494,23.1991774480415,13.5100901690122,4.88815264308523,3.87990390295884
"gene-AM1_RS30090",21.8619932101057,12.4699516215743,19.8159640702021,16.580565207424,19.5526105723409,23.279423417753
"gene-AM1_RS30095",8.05441855109156,8.90710830112453,11.1162725271866,15.9664701997416,3.25876842872349,9.69975975739709
"gene-AM1_RS30100",10.3556809942606,13.3606624516868,7.73305914934717,19.6510402458359,6.51753685744697,15.5196156118353
"gene-AM1_RS30105",58.6821923008099,48.9890956561849,47.3649872897514,38.6879854839894,26.0701474297879,44.6188948840266
"gene-AM1_RS30110",18.4100995453521,17.8142166022491,34.3154499752281,43.6007455454483,19.5526105723409,36.8590870781089
"gene-AM1_RS44090",125.418803152711,112.229564594169,86.5135992333215,94.5706311830851,109.168742362237,73.7181741562179
"gene-AM1_RS30120",79.3935542893311,83.7268180305706,73.4640619187981,64.479975806649,66.8047527888315,77.5980780591767
"gene-AM1_RS30125",12.6569434374296,13.3606624516868,9.66632393668397,9.21142511523557,6.51753685744697,9.69975975739709
"gene-AM1_RS30130",33.3683054259507,40.9726981851729,46.8816710929172,65.0940708143313,35.8464527159584,64.0184143988208
"gene-AM1_RS30135",11.5063122158451,3.56284332044981,10.1496401335182,8.59733010755319,4.88815264308523,3.87990390295884
"gene-AM1_RS30140",43.7239864202113,34.7377223743857,57.5146274232696,77.9900659756611,86.3573633611724,73.7181741562179
"gene-AM1_RS30145",9.20504977267607,11.5792407914619,14.9828021018601,17.8087552227888,6.51753685744697,1.93995195147942
"gene-AM1_RS37925",11.5063122158451,13.3606624516868,20.2992802670363,12.8959951613298,9.77630528617046,13.5796636603559
"gene-AM1_RS30155",19.5607307669366,17.8142166022491,19.3326478733679,23.3356102919301,6.51753685744697,19.3995195147942
"gene-AM1_RS30195",25.3138868748592,14.2513732817993,15.4661182986943,19.6510402458359,8.14692107180872,19.3995195147942
"gene-AM1_RS30205",33.3683054259507,32.0655898840483,35.7653985657307,30.0906553764362,34.2170685015966,40.7389909810678
"gene-AM1_RS30215",16.1088371021831,26.7213249033736,20.2992802670363,31.3188453918009,16.2938421436174,11.6397117088765
"gene-AM1_RS30230",14.9582058805986,15.1420841119117,30.9322365973887,42.3725555300836,16.2938421436174,15.5196156118353
"gene-AM1_RS30235",32.2176742043662,18.7049274323615,27.0657070227151,25.1778953149772,19.5526105723409,27.1593273207119
"gene-AM1_RS30240",17.2594683237676,21.3770599226989,24.1658098417099,25.1778953149772,16.2938421436174,9.69975975739709
"gene-AM1_RS30250",9.20504977267607,7.12568664089963,19.8159640702021,21.493325268883,16.2938421436174,23.279423417753
"gene-AM1_RS30255",12.6569434374296,7.12568664089963,15.4661182986943,14.1241851766945,8.14692107180872,17.4595675633148
"gene-AM1_RS30265",8.05441855109156,43.6448306755102,17.3993830860311,25.7919903226596,17.9232263579792,9.69975975739709
"gene-AM1_RS30270",86.2973416188381,75.7104205595585,96.6632393668396,89.6578711216262,92.8749002186194,73.7181741562179
"gene-AM1_RS30275",33.3683054259507,36.5191440346106,88.4468640206583,76.7618759602964,50.510910645214,79.5380300106561
"gene-AM1_RS30280",23.0126244316902,41.8634090152853,14.9828021018601,56.4967407067781,9.77630528617046,106.697357331368
"gene-AM1_RS30285",9.20504977267607,27.6120357334861,18.3660154796995,31.3188453918009,1.62938421436174,27.1593273207119
"gene-AM1_RS30295",9.20504977267607,25.8306140732611,13.0495373145234,14.7382801843769,6.51753685744697,3.87990390295884
"gene-AM1_RS30300",23.0126244316902,19.595638262474,31.4155527942229,66.3222608296961,34.2170685015966,34.9191351266295
"gene-AM1_RS30305",9.20504977267607,8.01639747101208,14.0161697081918,11.667805145965,11.4056895005322,21.3394714662736
"gene-AM1_RS30310",18.4100995453521,7.12568664089963,14.9828021018601,18.4228502304711,0,21.3394714662736
"gene-AM1_RS30315",12.6569434374296,12.4699516215743,21.2659126607047,17.8087552227888,4.88815264308523,25.2193753692324
"gene-AM1_RS30320",6.90378732950705,9.79781913123699,23.1991774480415,19.0369452381535,9.77630528617046,9.69975975739709
"gene-AM1_RS43475",46.0252488633803,74.8197097294461,87.9635478238241,144.312326805357,66.8047527888315,184.295435390545
"gene-AM1_RS30335",174.895945680845,327.781585481383,333.004859618763,528.735801614521,267.219011155326,543.186546414237
"gene-AM1_RS30340",197.908570112535,174.579322702041,202.992802670363,211.862777650418,114.056895005322,104.757405379889
"gene-AM1_RS30345",11.5063122158451,8.01639747101208,36.7320309593991,36.8457004609423,29.3289158585114,23.279423417753
"gene-AM1_RS30350",28.7657805396127,18.7049274323615,33.8321337783939,45.4430305684955,21.1819947867027,15.5196156118353
"gene-AM1_RS37940",150.732690027571,132.715913686756,152.727918199607,152.295561905228,174.344110936707,118.337069040245
"gene-AM1_RS30390",27.6151493180282,15.1420841119117,51.231516864425,62.0235957759195,32.5876842872349,23.279423417753
"gene-AM1_RS30395",50.6277737497184,34.7377223743857,67.6642675567878,93.9565361754028,74.9516738606402,56.2586065929031
"gene-AM1_RS30405",10.3556809942606,8.90710830112453,19.8159640702021,29.4765603687538,9.77630528617046,5.81985585443825
"gene-AM1_RS30410",19.5607307669366,11.5792407914619,21.7492288575389,20.2651352535182,6.51753685744697,11.6397117088765
"gene-AM1_RS28850",37.9708303122888,29.393457393711,40.1152443372385,55.8826456990958,35.8464527159584,44.6188948840266
"gene-AM1_RS30440",20.7113619885212,13.3606624516868,16.4327506923627,20.2651352535182,19.5526105723409,17.4595675633148
"gene-AM1_RS30445",4.60252488633803,7.12568664089963,11.1162725271866,6.75504508450608,16.2938421436174,19.3995195147942
"gene-AM1_RS30500",9.20504977267607,14.2513732817993,18.8493316765337,14.1241851766945,19.5526105723409,21.3394714662736
"gene-AM1_RS30520",4.60252488633803,1.78142166022491,5.31647816517618,6.14095007682371,79.8398265037254,48.4987987869854
"gene-AM1_RS30605",48.3265113065494,37.409854864723,84.5803344459847,66.9363558373784,63.545984360108,42.6789429325472
"gene-AM1_RS30610",29.9164117611972,35.6284332044981,47.3649872897514,50.3557906299544,27.6995316441496,46.558846835506
"gene-AM1_RS30655",10.3556809942606,15.1420841119117,26.0990746290467,29.4765603687538,19.5526105723409,27.1593273207119
"gene-AM1_RS30690",2.30126244316902,4.45355415056227,4.34984577150778,7.98323509987082,26.0701474297879,29.0992792721913
"gene-AM1_RS30750",1.15063122158451,2.67213249033736,8.21637534618137,9.82552012291794,17.9232263579792,36.8590870781089
"gene-AM1_RS30840",9.20504977267607,12.4699516215743,16.9160668891969,23.3356102919301,40.7346053590436,52.3787026899443
"gene-AM1_RS30845",25.3138868748592,22.2677707528113,39.6319281404043,54.0403606760486,52.1402948595758,40.7389909810678
"gene-AM1_RS30850",12.6569434374296,9.79781913123699,27.5490232195493,27.6342753457067,22.8113790010644,17.4595675633148
"gene-AM1_RS30855",33.3683054259507,59.6776256175344,47.3649872897514,52.8121706606839,21.1819947867027,29.0992792721913
"gene-AM1_RS30860",20.7113619885212,22.2677707528113,42.0485091245752,55.2685506914134,11.4056895005322,23.279423417753
"gene-AM1_RS30865",11.5063122158451,9.79781913123699,11.5995887240208,10.4396151306003,1.62938421436174,11.6397117088765
"gene-AM1_RS30870",42.5733551986268,28.5027465635985,34.3154499752281,39.3020804916717,35.8464527159584,31.0392312236707
"gene-AM1_RS30875",16.1088371021831,17.8142166022491,25.6157584322125,31.9329403994833,9.77630528617046,9.69975975739709
"gene-AM1_RS30880",23.0126244316902,16.9235057721366,19.8159640702021,19.6510402458359,14.6644579292557,7.75980780591767
"gene-AM1_RS30885",27.6151493180282,11.5792407914619,34.3154499752281,27.6342753457067,21.1819947867027,13.5796636603559
"gene-AM1_RS30890",28.7657805396127,26.7213249033736,29.9656042037203,27.6342753457067,32.5876842872349,23.279423417753
"gene-AM1_RS30895",90.8998665051762,83.7268180305706,151.761285805938,93.9565361754028,74.9516738606402,67.8983183017796
"gene-AM1_RS30905",79.3935542893311,72.1475772391087,121.312365405384,101.939771275274,60.2872159313845,108.637309282847
"gene-AM1_RS30910",63.284717187148,44.5355415056227,152.244602002772,202.651352535182,78.2104422893637,133.85668465208
"gene-AM1_RS30915",6.90378732950705,5.34426498067472,26.5823908258809,31.9329403994833,27.6995316441496,23.279423417753
"gene-AM1_RS30920",28.7657805396127,21.3770599226989,92.7967097921661,102.553866282956,60.2872159313845,114.457165137286
"gene-AM1_RS30925",17.2594683237676,8.90710830112453,19.8159640702021,25.7919903226596,22.8113790010644,15.5196156118353
"gene-AM1_RS30930",3.45189366475353,8.90710830112453,13.0495373145234,19.0369452381535,8.14692107180872,0
"gene-AM1_RS30935",8.05441855109156,11.5792407914619,6.76642675567878,11.667805145965,6.51753685744697,7.75980780591767
"gene-AM1_RS30945",35.6695678691198,32.0655898840483,35.2820823688965,35.6175104455775,30.9583000728731,23.279423417753
"gene-AM1_RS30950",35.6695678691198,20.4863490925864,28.5156556132177,40.5302705070365,35.8464527159584,25.2193753692324
"gene-AM1_RS30955",29.9164117611972,42.7541198453978,42.0485091245752,47.2853155915426,45.6227580021288,67.8983183017796
"gene-AM1_RS30965",16.1088371021831,24.9399032431487,62.8311055884458,46.0571255761778,24.4407632154262,15.5196156118353
"gene-AM1_RS30970",8.05441855109156,14.2513732817993,19.8159640702021,21.493325268883,9.77630528617046,11.6397117088765
"gene-AM1_RS30975",23.0126244316902,16.0327949420242,44.9484063055804,36.2316054532599,35.8464527159584,19.3995195147942
"gene-AM1_RS30980",17.2594683237676,16.0327949420242,33.8321337783939,41.7584605224012,35.8464527159584,31.0392312236707
"gene-AM1_RS39125",205.962988663627,92.6339263316952,405.502289143892,417.584605224012,316.100537586178,360.831062975172
"gene-AM1_RS30990",19.5607307669366,20.4863490925864,24.6491260385441,39.9161754993541,13.0350737148939,23.279423417753
"gene-AM1_RS30995",212.866775993134,181.70500934294,70.564164737793,86.5873960832143,184.120416222877,87.2978378165738
"gene-AM1_RS31000",415.377870992008,317.983766350146,62.3477893916116,56.4967407067781,250.925169011708,91.1777417195326
"gene-AM1_RS31005",78.2429230677466,56.1147822970846,8.21637534618137,9.21142511523557,29.3289158585114,7.75980780591767
"gene-AM1_RS31010",64.4353484087325,48.9890956561849,10.1496401335182,6.14095007682371,40.7346053590436,5.81985585443825
"gene-AM1_RS44105",26.4645180964437,13.3606624516868,5.79979436201038,12.2819001536474,22.8113790010644,7.75980780591767
"gene-AM1_RS31020",18.4100995453521,10.6885299613494,19.3326478733679,27.6342753457067,14.6644579292557,17.4595675633148
"gene-AM1_RS31030",86.2973416188381,69.4754447487714,116.479203437042,97.0270112138146,140.12704243511,67.8983183017796
"gene-AM1_RS31035",35.6695678691198,31.1748790539359,43.4984577150778,33.161130414848,40.7346053590436,40.7389909810678
"gene-AM1_RS31045",17.2594683237676,17.8142166022491,28.5156556132177,36.8457004609423,14.6644579292557,23.279423417753
"gene-AM1_RS31050",10.3556809942606,17.8142166022491,20.7825964638705,30.0906553764362,11.4056895005322,13.5796636603559
"gene-AM1_RS31065",41.4227239770423,31.1748790539359,65.731002769451,59.56721574519,37.4758369303201,40.7389909810678
"gene-AM1_RS31070",26.4645180964437,24.0491924130362,18.3660154796995,22.7215152842477,30.9583000728731,17.4595675633148
"gene-AM1_RS31075",26.4645180964437,28.5027465635985,35.7653985657307,34.3893204302128,32.5876842872349,9.69975975739709
"gene-AM1_RS31090",11.5063122158451,5.34426498067472,21.2659126607047,18.4228502304711,14.6644579292557,17.4595675633148
"gene-AM1_RS31095",11.5063122158451,13.3606624516868,16.9160668891969,25.1778953149772,13.0350737148939,21.3394714662736
"gene-AM1_RS42555",192.155414004613,259.196851562724,201.542854079861,235.198387942348,281.883469084582,290.992792721913
"gene-AM1_RS43540",33.3683054259507,33.8470115442732,63.31442178528,69.3927358681079,52.1402948595758,50.4387507384649
"gene-AM1_RS31110",13.8075746590141,4.45355415056227,12.5662211176892,8.59733010755319,8.14692107180872,7.75980780591767
"gene-AM1_RS31115",18.4100995453521,10.6885299613494,25.6157584322125,31.3188453918009,21.1819947867027,27.1593273207119
"gene-AM1_RS31120",14.9582058805986,14.2513732817993,14.4994859050259,15.9664701997416,16.2938421436174,15.5196156118353
"gene-AM1_RS31125",79.3935542893311,197.737804284965,85.5469668396531,307.047503841186,83.0985949324489,380.230582489966
"gene-AM1_RS31130",205.962988663627,772.246289707497,380.369846908514,1016.32723771432,320.988690229263,1226.04963333499
"gene-AM1_RS31135",5.75315610792254,12.4699516215743,21.2659126607047,23.9497052996125,17.9232263579792,36.8590870781089
"gene-AM1_RS31140",25.3138868748592,14.2513732817993,29.9656042037203,36.2316054532599,27.6995316441496,17.4595675633148
"gene-AM1_RS31145",21.8619932101057,14.2513732817993,32.3821851878913,32.5470354071657,22.8113790010644,27.1593273207119
"gene-AM1_RS31150",39.1214615338733,42.7541198453978,84.0970182491505,66.3222608296961,52.1402948595758,65.9583663503002
"gene-AM1_RS31155",11.5063122158451,9.79781913123699,13.0495373145234,6.75504508450608,9.77630528617046,9.69975975739709
"gene-AM1_RS31160",13.8075746590141,22.2677707528113,29.9656042037203,27.6342753457067,24.4407632154262,23.279423417753
"gene-AM1_RS41560",19.5607307669366,16.0327949420242,19.3326478733679,18.4228502304711,13.0350737148939,1.93995195147942
"gene-AM1_RS31170",13.8075746590141,8.90710830112453,20.7825964638705,22.1074202765654,19.5526105723409,38.7990390295884
"gene-AM1_RS31175",26.4645180964437,21.3770599226989,46.8816710929172,33.161130414848,47.2521422164906,32.9791831751501
"gene-AM1_RS44685",12.6569434374296,8.90710830112453,17.3993830860311,11.0537101382827,3.25876842872349,19.3995195147942
"gene-AM1_RS31185",11.5063122158451,18.7049274323615,18.3660154796995,31.3188453918009,24.4407632154262,32.9791831751501
"gene-AM1_RS31190",11.5063122158451,13.3606624516868,23.6824936448757,20.2651352535182,37.4758369303201,11.6397117088765
"gene-AM1_RS31205",25.3138868748592,30.2841682238234,48.3316196834198,53.4262656683663,53.7696790739375,42.6789429325472
"gene-AM1_RS31210",35.6695678691198,52.5519389766348,61.8644731947774,86.5873960832143,70.063521217555,73.7181741562179
"gene-AM1_RS31215",47.1758800849648,62.3497581078717,93.2800259890003,125.275381567204,114.056895005322,114.457165137286
"gene-AM1_RS31275",17.2594683237676,8.90710830112453,22.2325450543731,20.2651352535182,45.6227580021288,21.3394714662736
"gene-AM1_RS39140",13.8075746590141,10.6885299613494,17.8826992828653,11.0537101382827,21.1819947867027,13.5796636603559
"gene-AM1_RS31280",12.6569434374296,9.79781913123699,24.6491260385441,23.9497052996125,14.6644579292557,13.5796636603559
"gene-AM1_RS31285",74.791029402993,57.005493127197,94.7299745795029,100.097486252226,81.4692107180872,85.3578858650944
"gene-AM1_RS31290",8.05441855109156,6.23497581078717,11.5995887240208,30.0906553764362,16.2938421436174,15.5196156118353
"gene-AM1_RS31305",9.20504977267607,16.9235057721366,17.3993830860311,19.6510402458359,16.2938421436174,15.5196156118353
"gene-AM1_RS31310",104.70744116419,101.54103463282,132.911954129405,123.433096544157,99.3924370760663,118.337069040245
"gene-AM1_RS37960",8.05441855109156,16.9235057721366,14.0161697081918,27.0201803380243,13.0350737148939,27.1593273207119
"gene-AM1_RS31320",33.3683054259507,13.3606624516868,11.5995887240208,12.8959951613298,13.0350737148939,11.6397117088765
"gene-AM1_RS31345",43.7239864202113,36.5191440346106,60.4145246042748,76.147780952614,37.4758369303201,34.9191351266295
"gene-AM1_RS31350",6.90378732950705,13.3606624516868,7.24974295251297,6.14095007682371,17.9232263579792,17.4595675633148
"gene-AM1_RS31355",20.7113619885212,27.6120357334861,16.9160668891969,9.21142511523557,9.77630528617046,5.81985585443825
"gene-AM1_RS41575",81.6948167325001,69.4754447487714,124.212262586389,147.996896851451,53.7696790739375,58.1985585443825
"gene-AM1_RS31370",29.9164117611972,33.8470115442732,39.1486119435701,44.8289355608131,37.4758369303201,42.6789429325472
"gene-AM1_RS31375",65.585979630317,162.109371080467,47.8483034865856,84.7451110601672,71.6929054319167,96.9975975739709
"gene-AM1_RS31380",86.2973416188381,240.491924130362,69.5975323441245,170.718412135699,96.1336686473429,316.212168091145
"gene-AM1_RS31385",47.1758800849648,31.1748790539359,48.3316196834198,47.8994105992249,24.4407632154262,32.9791831751501
"gene-AM1_RS31400",46.0252488633803,25.8306140732611,46.398354896083,39.9161754993541,45.6227580021288,52.3787026899443
"gene-AM1_RS31415",28.7657805396127,36.5191440346106,68.6308999504562,78.6041609833435,45.6227580021288,85.3578858650944
"gene-AM1_RS31420",5800.33198800751,5010.24841938255,14959.1196082153,22402.1858802529,6843.41370031932,7722.94871883956
"gene-AM1_RS31425",11.5063122158451,9.79781913123699,18.3660154796995,7.98323509987082,9.77630528617046,13.5796636603559
"gene-AM1_RS31440",39.1214615338733,56.1147822970846,119.379100618047,90.2719661293085,104.280589719152,151.316252215395
"gene-AM1_RS42565",1982.53759479011,1752.91891366131,5663.98251069997,5630.63712543966,3631.89741381233,3716.94793903456
"gene-AM1_RS31445",123.117540709542,148.74870862878,79.2638562808085,77.3759709679787,122.203816077131,95.0576456224915
"gene-AM1_RS43565",303.76664249831,423.978355133528,309.322365973887,347.577774348222,410.604822019159,351.131303217775
"gene-AM1_RS31455",128.870696817465,146.967286968555,136.778483704078,149.225086866816,206.931795223941,211.454762711257
"gene-AM1_RS37970",141.527640254895,191.502828474177,192.359846340011,180.543932258617,319.359306014902,246.373897837886
"gene-AM1_RS31465",202.511094998873,131.825202856643,166.744087907798,173.174792166429,291.659774370752,162.955963924271
"gene-AM1_RS31470",155.335214913909,138.950889497543,141.61164567242,106.852531336733,195.526105723409,205.634906856818
"gene-AM1_RS31475",116.213753380035,179.923587682716,151.277969609104,196.510402458359,135.238889792025,193.995195147942
"gene-AM1_RS31480",72.489766959824,57.005493127197,111.6460414687,78.6041609833435,115.686279219684,147.436348312436
"gene-AM1_RS31485",87.4479728404227,87.2896613510204,148.861388624933,241.953433026854,158.050268793089,211.454762711257
"gene-AM1_RS31495",10.3556809942606,16.0327949420242,43.0151415182436,42.986650537766,32.5876842872349,25.2193753692324
"gene-AM1_RS31500",28.7657805396127,31.1748790539359,252.291054747451,202.0372575275,172.714726722345,217.274618565695
"gene-AM1_RS43570",29.9164117611972,41.8634090152853,178.826992828653,125.275381567204,86.3573633611724,118.337069040245
"gene-AM1_RS31510",59.8328235223944,69.4754447487714,107.779511894026,135.714996697804,117.315663434046,143.556444409477
"gene-AM1_RS31515",6.90378732950705,2.67213249033736,19.3326478733679,24.5638003072948,8.14692107180872,29.0992792721913
"gene-AM1_RS31520",13.8075746590141,16.9235057721366,19.8159640702021,35.6175104455775,24.4407632154262,34.9191351266295
"gene-AM1_RS31525",127.72006559588,122.027383725406,138.711748491415,182.386217281664,174.344110936707,225.034426371612
"gene-AM1_RS31530",62.1340859655635,77.4918422197835,100.046452744679,105.010246313685,86.3573633611724,95.0576456224915
"gene-AM1_RS31535",13.8075746590141,24.0491924130362,27.0657070227151,37.4597954686246,29.3289158585114,25.2193753692324
"gene-AM1_RS31540",36.8201990907043,48.9890956561849,65.731002769451,93.9565361754028,50.510910645214,65.9583663503002
"gene-AM1_RS31550",8.05441855109156,15.1420841119117,19.8159640702021,32.5470354071657,14.6644579292557,23.279423417753
"gene-AM1_RS31570",8.05441855109156,8.90710830112453,9.18300773984977,25.7919903226596,8.14692107180872,25.2193753692324
"gene-AM1_RS43575",25.3138868748592,20.4863490925864,22.7158612512073,11.667805145965,32.5876842872349,15.5196156118353
"gene-AM1_RS31580",352.09315380486,397.257030230154,439.334422922286,416.356415208648,480.668343236714,446.188948840266
"gene-AM1_RS31585",19.5607307669366,119.355251235069,58.481259816938,121.590811521109,34.2170685015966,164.895915875751
"gene-AM1_RS31590",72.489766959824,119.355251235069,57.0313112264354,101.325676267591,55.3990632882993,116.397117088765
"gene-AM1_RS41585",65.585979630317,82.8361072004582,59.9312084074406,77.9900659756611,65.1753685744697,79.5380300106561
"gene-AM1_RS31600",59.8328235223944,64.1311797680966,61.3811569979432,84.1310160524848,50.510910645214,79.5380300106561
"gene-AM1_RS31605",89.7492352835917,123.808805385631,60.897840801109,100.711581259909,71.6929054319167,116.397117088765
"gene-AM1_RS31610",28.7657805396127,19.595638262474,38.6652957467359,19.6510402458359,43.9933737877671,13.5796636603559
"gene-AM1_RS31615",95.5023913915142,102.431745462932,119.379100618047,144.312326805357,101.021821290428,83.417933913615
"gene-AM1_RS31620",111.611228493697,130.934492026531,139.195064688249,116.063956451968,110.798126576599,85.3578858650944
"gene-AM1_RS31630",254.289499970176,245.836189111037,305.455836399213,252.393048157454,435.045585234585,306.512408333748
"gene-AM1_RS31635",35.6695678691198,79.2732638800084,70.0808485409588,81.6746360217553,68.4341370031932,58.1985585443825
"gene-AM1_RS31640",424.582920764684,464.060342488588,419.518458852084,586.460732336664,505.10910645214,673.163327163358
"gene-AM1_RS31645",37.9708303122888,40.9726981851729,70.0808485409588,48.5135056069073,47.2521422164906,54.3186546414237
"gene-AM1_RS31650",364.750097242289,283.24604397576,317.055425123234,339.594539248351,162.938421436174,149.376300263915
"gene-AM1_RS31660",86.2973416188381,81.9453963703457,140.161697081918,144.92642181304,102.65120550479,100.87750147693
"gene-AM1_RS31665",23.0126244316902,20.4863490925864,44.9484063055804,47.8994105992249,37.4758369303201,54.3186546414237
"gene-AM1_RS31670",62.1340859655635,61.4590472777593,131.945321735736,139.399566743898,91.2455160042576,139.676540506518
"gene-AM1_RS31675",48.3265113065494,77.4918422197835,157.077763971114,130.802236636345,86.3573633611724,271.593273207119
"gene-AM1_RS31680",24.1632556532747,16.0327949420242,41.0818767309069,24.5638003072948,30.9583000728731,3.87990390295884
"gene-AM1_RS31685",33.3683054259507,39.191276524948,75.8806429029691,83.5169210448025,45.6227580021288,25.2193753692324
"gene-AM1_RS37985",220.921194544226,198.628515115077,319.955322304239,251.778953149772,247.666400582985,226.974378323092
"gene-AM1_RS39155",35.6695678691198,74.8197097294461,109.712776681363,56.4967407067781,40.7346053590436,38.7990390295884
"gene-AM1_RS37990",556.905511246902,1023.42674379921,602.211981255411,579.705687252158,811.433338752148,824.479579378753
"gene-AM1_RS31700",1500.4231129462,3761.47183556489,1265.32180331193,3022.57562781263,1969.92551516335,5237.87026899443
"gene-AM1_RS31705",29.9164117611972,31.1748790539359,64.2810541789484,68.7786408604256,40.7346053590436,44.6188948840266
"gene-AM1_RS31710",52.9290361928874,48.0983848260725,83.6137020523163,105.624341321368,74.9516738606402,83.417933913615
"gene-AM1_RS31715",57.5315610792254,48.0983848260725,60.897840801109,76.147780952614,34.2170685015966,50.4387507384649
"gene-AM1_RS39160",14.9582058805986,13.3606624516868,11.5995887240208,20.2651352535182,14.6644579292557,3.87990390295884
"gene-AM1_RS31720",63.284717187148,17.8142166022491,45.4317225024146,63.8658807989666,14.6644579292557,34.9191351266295
"gene-AM1_RS31725",150.732690027571,64.1311797680966,98.1131879573422,101.325676267591,52.1402948595758,73.7181741562179
"gene-AM1_RS44110",27.6151493180282,69.4754447487714,17.3993830860311,33.161130414848,9.77630528617046,40.7389909810678
"gene-AM1_RS31735",369.352622128627,1155.25194665585,201.059537883026,938.951266746345,84.7279791468107,791.500396203603
"gene-AM1_RS31740",17.2594683237676,55.2240714669721,26.5823908258809,44.2148405531307,16.2938421436174,29.0992792721913
"gene-AM1_RS31745",9.20504977267607,5.34426498067472,29.9656042037203,35.6175104455775,14.6644579292557,19.3995195147942
"gene-AM1_RS31750",24.1632556532747,22.2677707528113,44.9484063055804,77.9900659756611,27.6995316441496,46.558846835506
"gene-AM1_RS42570",29.9164117611972,21.3770599226989,28.5156556132177,29.4765603687538,16.2938421436174,21.3394714662736
"gene-AM1_RS31755",131.171959260634,102.431745462932,108.26282809086,95.1847261907675,52.1402948595758,129.976780749121
"gene-AM1_RS31765",33.3683054259507,35.6284332044981,44.9484063055804,39.3020804916717,21.1819947867027,31.0392312236707
"gene-AM1_RS44565",59.8328235223944,80.1639747101208,106.812879500358,118.520336482698,71.6929054319167,77.5980780591767
"gene-AM1_RS31775",18.4100995453521,70.3661555788838,26.0990746290467,45.4430305684955,22.8113790010644,69.838270253259
"gene-AM1_RS31780",6.90378732950705,14.2513732817993,6.28311055884458,14.7382801843769,4.88815264308523,11.6397117088765
"gene-AM1_RS31790",23.0126244316902,15.1420841119117,25.1324422353783,40.5302705070365,24.4407632154262,38.7990390295884
"gene-AM1_RS31795",5.75315610792254,19.595638262474,12.082904920855,18.4228502304711,17.9232263579792,23.279423417753
"gene-AM1_RS31800",13.8075746590141,14.2513732817993,8.21637534618137,19.0369452381535,8.14692107180872,11.6397117088765
"gene-AM1_RS31805",60.983454743979,41.8634090152853,59.9312084074406,81.060541014073,35.8464527159584,44.6188948840266
"gene-AM1_RS31810",14.9582058805986,26.7213249033736,28.9989718100519,78.6041609833435,19.5526105723409,56.2586065929031
"gene-AM1_RS31815",19.5607307669366,24.9399032431487,21.2659126607047,55.2685506914134,26.0701474297879,38.7990390295884
"gene-AM1_RS43580",67.887242073486,96.196769652145,66.6976351631194,91.5001561446733,92.8749002186194,116.397117088765
"gene-AM1_RS31825",20.7113619885212,37.409854864723,22.7158612512073,32.5470354071657,24.4407632154262,19.3995195147942
"gene-AM1_RS31830",39.1214615338733,57.8962039573095,59.4478922106064,83.5169210448025,37.4758369303201,89.2377897680532
"gene-AM1_RS31835",17.2594683237676,8.90710830112453,15.9494344955285,14.1241851766945,22.8113790010644,21.3394714662736
"gene-AM1_RS31840",0,16.9235057721366,0.966632393668397,37.4597954686246,17.9232263579792,331.73178370298
"gene-AM1_RS31850",4.60252488633803,2.67213249033736,25.6157584322125,63.8658807989666,154.791500364366,263.833465401201
"gene-AM1_RS31895",2.30126244316902,5.34426498067472,13.5328535113576,24.5638003072948,175.973495151068,168.775819778709
"gene-AM1_RS31955",2.30126244316902,1.78142166022491,4.83316196834198,10.4396151306003,58.6578317170228,77.5980780591767
"gene-AM1_RS31960",14.9582058805986,13.3606624516868,27.0657070227151,33.161130414848,27.6995316441496,36.8590870781089
"gene-AM1_RS31970",4.60252488633803,8.90710830112453,10.1496401335182,22.1074202765654,131.980121363301,192.055243196462
"gene-AM1_RS31975",2.30126244316902,2.67213249033736,9.18300773984977,14.1241851766945,53.7696790739375,159.076060021312
"gene-AM1_RS32000",1.15063122158451,0.890710830112453,4.83316196834198,4.91276006145897,43.9933737877671,48.4987987869854
"gene-AM1_RS32040",13.8075746590141,6.23497581078717,15.9494344955285,13.5100901690122,169.455958293621,100.87750147693
"gene-AM1_RS32045",31.0670429827817,42.7541198453978,29.9656042037203,36.2316054532599,26.0701474297879,65.9583663503002
"gene-AM1_RS32055",3.45189366475353,4.45355415056227,7.73305914934717,14.7382801843769,110.798126576599,108.637309282847
"gene-AM1_RS32065",1.15063122158451,1.78142166022491,5.31647816517618,3.68457004609423,40.7346053590436,23.279423417753
"gene-AM1_RS32070",16.1088371021831,20.4863490925864,17.8826992828653,15.3523751920593,50.510910645214,50.4387507384649
"gene-AM1_RS42585",66.7366108519015,40.0819873550604,54.6147302422644,54.0403606760486,37.4758369303201,56.2586065929031
"gene-AM1_RS32080",55.2302986360564,41.8634090152853,55.0980464390986,58.9531207375076,52.1402948595758,25.2193753692324
"gene-AM1_RS32085",19.5607307669366,20.4863490925864,43.981773911912,40.5302705070365,19.5526105723409,21.3394714662736
"gene-AM1_RS32100",35.6695678691198,48.9890956561849,57.9979436201038,51.5839806453192,29.3289158585114,38.7990390295884
"gene-AM1_RS32105",41.4227239770423,50.7705173164098,42.5318253214094,61.4095007682371,42.3639895734053,32.9791831751501
"gene-AM1_RS32120",63.284717187148,81.0546855402333,79.2638562808085,82.2887310294377,66.8047527888315,110.577261234327
"gene-AM1_RS32125",179.498470567183,115.792407914619,248.907841369612,255.463523195866,128.721352934578,143.556444409477
"gene-AM1_RS32130",181.799733010352,227.131261678676,195.74305971785,201.423162519818,161.309037221813,180.415531487586
"gene-AM1_RS32135",215.168038436303,257.415429902499,180.76025761599,151.067371889863,172.714726722345,201.755002953859
"gene-AM1_RS32140",72.489766959824,79.2732638800084,117.929152027544,106.852531336733,92.8749002186194,126.096876846162
"gene-AM1_RS32145",37.9708303122888,41.8634090152853,67.6642675567878,76.7618759602964,66.8047527888315,36.8590870781089
"gene-AM1_RS32150",12.6569434374296,17.8142166022491,70.564164737793,86.5873960832143,32.5876842872349,15.5196156118353
"gene-AM1_RS32155",197.908570112535,204.863490925864,331.071594831426,310.117978879597,231.372558439368,151.316252215395
"gene-AM1_RS32160",43.7239864202113,41.8634090152853,36.2487147625649,41.7584605224012,43.9933737877671,19.3995195147942
"gene-AM1_RS32170",253.138868748592,302.841682238234,351.370875098462,434.165170431436,255.813321654794,368.590870781089
"gene-AM1_RS42595",57.5315610792254,58.7869147874219,76.8472752966375,57.7249307221429,39.1052211446818,58.1985585443825
"gene-AM1_RS32180",123.117540709542,95.3060588220325,197.193008308353,227.215152842477,197.155489937771,159.076060021312
"gene-AM1_RS44125",165.690895908169,107.776010443607,199.12627309569,214.93325268883,84.7279791468107,91.1777417195326
"gene-AM1_RS32195",34.5189366475353,19.595638262474,66.6976351631194,126.503571582568,26.0701474297879,29.0992792721913
"gene-AM1_RS32205",36.8201990907043,34.7377223743857,61.3811569979432,85.3592060678496,35.8464527159584,25.2193753692324
"gene-AM1_RS32210",6.90378732950705,12.4699516215743,35.2820823688965,69.3927358681079,9.77630528617046,7.75980780591767
"gene-AM1_RS32215",48.3265113065494,33.8470115442732,119.379100618047,202.0372575275,53.7696790739375,46.558846835506
"gene-AM1_RS32225",9.20504977267607,8.01639747101208,75.8806429029691,117.292146467333,13.0350737148939,25.2193753692324
"gene-AM1_RS32230",12.6569434374296,8.01639747101208,47.3649872897514,73.6914009218845,8.14692107180872,17.4595675633148
"gene-AM1_RS32235",34.5189366475353,39.191276524948,48.3316196834198,83.5169210448025,40.7346053590436,48.4987987869854
"gene-AM1_RS32240",653.558533860001,390.131343589255,365.387044806654,1317.23379147869,410.604822019159,1433.62449214329
"gene-AM1_RS32245",50.6277737497184,79.2732638800084,72.9807457219639,116.67805145965,29.3289158585114,89.2377897680532
"gene-AM1_RS32250",29.9164117611972,31.1748790539359,44.9484063055804,49.1276006145897,30.9583000728731,29.0992792721913
"gene-AM1_RS32255",24.1632556532747,39.191276524948,35.2820823688965,57.7249307221429,26.0701474297879,31.0392312236707
"gene-AM1_RS32260",49.4771425281339,69.4754447487714,43.0151415182436,74.3054959295669,50.510910645214,58.1985585443825
"gene-AM1_RS32265",56.3809298576409,68.5847339186589,62.3477893916116,57.7249307221429,55.3990632882993,50.4387507384649
"gene-AM1_RS32270",10.3556809942606,23.1584815829238,29.9656042037203,31.9329403994833,26.0701474297879,9.69975975739709
"gene-AM1_RS32275",10.3556809942606,13.3606624516868,33.8321337783939,47.8994105992249,26.0701474297879,219.214570517174
"gene-AM1_RS32280",3.45189366475353,0.890710830112453,9.18300773984977,6.75504508450608,1.62938421436174,19.3995195147942
"gene-AM1_RS32290",28.7657805396127,28.5027465635985,63.7977379821142,48.5135056069073,40.7346053590436,29.0992792721913
"gene-AM1_RS32295",81.6948167325001,90.8525046714702,107.779511894026,121.590811521109,133.609505577663,137.736588555039
"gene-AM1_RS32300",24.1632556532747,20.4863490925864,27.0657070227151,55.8826456990958,40.7346053590436,50.4387507384649
"gene-AM1_RS32305",64.4353484087325,44.5355415056227,101.979717532016,177.473457220205,115.686279219684,104.757405379889
"gene-AM1_RS32310",21.8619932101057,17.8142166022491,36.2487147625649,37.4597954686246,30.9583000728731,31.0392312236707
"gene-AM1_RS32320",33.3683054259507,17.8142166022491,36.7320309593991,51.5839806453192,40.7346053590436,38.7990390295884
"gene-AM1_RS32325",81.6948167325001,51.6612281465223,87.4802316269899,82.9028260371201,86.3573633611724,87.2978378165738
"gene-AM1_RS32330",900.94424650067,459.606788338026,997.564630265785,1294.51227619444,940.154691686726,537.366690559799
"gene-AM1_RS32335",310.670429827817,198.628515115077,235.374987858255,195.282212442994,174.344110936707,143.556444409477
"gene-AM1_RS32340",57.5315610792254,36.5191440346106,29.4822880068861,34.3893204302128,30.9583000728731,38.7990390295884
"gene-AM1_RS32345",148.431427584402,86.398950520908,59.4478922106064,49.1276006145897,50.510910645214,64.0184143988208
"gene-AM1_RS32355",57.5315610792254,56.1147822970846,45.9150386992488,50.3557906299544,35.8464527159584,48.4987987869854
"gene-AM1_RS39225",11.5063122158451,15.1420841119117,24.1658098417099,13.5100901690122,19.5526105723409,29.0992792721913
"gene-AM1_RS32360",720.295144711902,849.738131927281,1037.67987460302,846.83701559399,599.613390885122,807.020011815438
"gene-AM1_RS32375",32.2176742043662,35.6284332044981,42.0485091245752,30.0906553764362,34.2170685015966,38.7990390295884
"gene-AM1_RS41620",66.7366108519015,81.9453963703457,60.897840801109,58.3390257298252,35.8464527159584,60.138510495862
"gene-AM1_RS44130",20.7113619885212,15.1420841119117,15.4661182986943,17.8087552227888,4.88815264308523,23.279423417753
"gene-AM1_RS32385",95.5023913915142,105.10387795327,162.877558333125,197.738592473723,162.938421436174,230.854282226051
"gene-AM1_RS32390",46.0252488633803,68.5847339186589,52.1981492580934,46.6712205838602,55.3990632882993,64.0184143988208
"gene-AM1_RS32395",10.3556809942606,11.5792407914619,25.6157584322125,29.4765603687538,14.6644579292557,19.3995195147942
"gene-AM1_RS32410",18.4100995453521,23.1584815829238,28.0323394163835,31.9329403994833,45.6227580021288,25.2193753692324
"gene-AM1_RS32415",46.0252488633803,51.6612281465223,65.2476865726168,91.5001561446733,68.4341370031932,60.138510495862
"gene-AM1_RS44325",29.9164117611972,44.5355415056227,103.912982319353,110.537101382827,58.6578317170228,100.87750147693
"gene-AM1_RS32430",105.858072385775,151.420841119117,162.877558333125,249.322573119043,159.679653007451,318.152120042625
"gene-AM1_RS32435",120.816278266373,186.158563493503,73.4640619187981,283.711893549255,57.028447502661,376.350678587007
"gene-AM1_RS32440",143.828902698064,215.552020887214,63.31442178528,287.39646359535,65.1753685744697,292.932744673392
"gene-AM1_RS32450",461.403119855388,1299.54710113407,161.427609742622,1935.62746421483,208.561179438303,3039.90470796825
"gene-AM1_RS32455",1759.31513780271,3533.4498630561,277.906813179664,13660.5434458943,694.117675318103,16375.1344224378
"gene-AM1_RS38290",566.110561019578,1043.9130928918,1763.13748605116,2978.97488226718,1846.09231487186,3784.84625733634
"gene-AM1_RS32465",1712.13925771775,3618.06739191679,6223.17935043714,11336.8079368243,9197.87389007204,18167.6500256047
"gene-AM1_RS32470",3163.08522813581,6216.27088335481,14383.4900177857,28813.9518554645,22658.2168849144,40556.6354976287
"gene-AM1_RS32475",3207.95984577761,7866.75805155319,12249.6490087628,25533.4563244253,20618.2278485335,50215.6562640447
"gene-AM1_RS32480",509.729631161937,8791.31589320991,1138.20964354454,23378.5969424679,2087.24117859739,35739.7348021053
"gene-AM1_RS32485",447.595545196374,6248.33647323886,718.207868495619,16495.8200963638,1378.45904535004,26718.958227726
"gene-AM1_RS32490",42.5733551986268,142.513732817993,74.9140105093007,135.100901690122,123.833200291493,308.452360285227
"gene-AM1_RS32495",2106.80576672124,4796.47782015556,5146.35086389054,14495.7126563424,9543.30334351673,24165.9814595791
"gene-AM1_RS32500",119.665647044789,466.732474978926,170.127301285638,856.048440709225,169.455958293621,973.855879642668
"gene-AM1_RS32505",131.171959260634,1019.86390047876,152.244602002772,1348.55263687049,169.455958293621,2871.12888818954
"gene-AM1_RS32510",590.273816672853,3675.9635958741,579.979436201038,10478.3031160843,1103.0931131229,17222.8934252343
"gene-AM1_RS32515",141.527640254895,182.595720173053,206.859332245037,180.543932258617,167.82657407926,296.812648576351
"gene-AM1_RS32525",116.213753380035,232.47552665935,90.3801288079951,236.426577957713,87.9867475755341,246.373897837886
"gene-AM1_RS32540",172.594683237676,247.617610771262,110.196092878197,178.087552227888,441.563122092032,680.923134969276
"gene-AM1_RS32545",96.6530226130987,392.803476079592,108.26282809086,443.990690554354,270.477779584049,900.13770548645
"gene-AM1_RS32550",105.858072385775,355.393621214869,109.712776681363,496.802861215038,262.330858512241,921.477176952724
"gene-AM1_RS32555",103.556809942606,336.688693782507,120.82904920855,439.077930492895,218.337484724474,593.625297152702
"gene-AM1_RS40345",103.556809942606,228.912683338901,78.2972238871401,149.225086866816,89.6161317898959,188.175339293504
"gene-AM1_RS32575",42.5733551986268,16.9235057721366,19.3326478733679,31.9329403994833,24.4407632154262,27.1593273207119
"gene-AM1_RS32580",40.2720927554578,65.0218905982091,67.1809513599536,77.9900659756611,35.8464527159584,139.676540506518
"gene-AM1_RS32585",6.90378732950705,9.79781913123699,18.3660154796995,19.0369452381535,9.77630528617046,3.87990390295884
"gene-AM1_RS32590",19.5607307669366,14.2513732817993,21.7492288575389,20.2651352535182,8.14692107180872,7.75980780591767
"gene-AM1_RS32595",9.20504977267607,13.3606624516868,17.8826992828653,11.0537101382827,8.14692107180872,13.5796636603559
"gene-AM1_RS32600",11.5063122158451,8.90710830112453,19.3326478733679,17.8087552227888,14.6644579292557,19.3995195147942
"gene-AM1_RS32605",29.9164117611972,36.5191440346106,38.1819795499017,47.2853155915426,26.0701474297879,27.1593273207119
"gene-AM1_RS32610",178.347839345599,162.109371080467,176.893728041317,176.24526720484,125.462584505854,180.415531487586
"gene-AM1_RS32615",9.20504977267607,18.7049274323615,6.76642675567878,11.667805145965,4.88815264308523,9.69975975739709
"gene-AM1_RS32620",5.75315610792254,15.1420841119117,15.9494344955285,22.7215152842477,16.2938421436174,23.279423417753
"gene-AM1_RS32625",20.7113619885212,23.1584815829238,25.6157584322125,34.3893204302128,6.51753685744697,40.7389909810678
"gene-AM1_RS32630",19.5607307669366,20.4863490925864,50.7482006675908,65.0940708143313,29.3289158585114,64.0184143988208
"gene-AM1_RS43640",6.90378732950705,12.4699516215743,12.082904920855,23.3356102919301,4.88815264308523,9.69975975739709
"gene-AM1_RS32640",27.6151493180282,350.940067064307,64.2810541789484,853.592060678496,53.7696790739375,2322.12248592086
"gene-AM1_RS32645",8.05441855109156,48.0983848260725,14.4994859050259,175.017077189476,14.6644579292557,242.493993934927
"gene-AM1_RS32650",1.15063122158451,17.8142166022491,7.73305914934717,45.4430305684955,1.62938421436174,56.2586065929031
"gene-AM1_RS32665",16.1088371021831,10.6885299613494,10.6329563303524,15.3523751920593,9.77630528617046,5.81985585443825
"gene-AM1_RS32670",20.7113619885212,12.4699516215743,25.6157584322125,20.2651352535182,35.8464527159584,21.3394714662736
"gene-AM1_RS44135",16.1088371021831,15.1420841119117,24.1658098417099,27.6342753457067,14.6644579292557,15.5196156118353
"gene-AM1_RS43645",13.8075746590141,14.2513732817993,14.0161697081918,11.667805145965,11.4056895005322,15.5196156118353
"gene-AM1_RS32680",19.5607307669366,18.7049274323615,27.0657070227151,19.6510402458359,13.0350737148939,25.2193753692324
"gene-AM1_RS32690",10.3556809942606,3.56284332044981,15.4661182986943,17.8087552227888,17.9232263579792,21.3394714662736
"gene-AM1_RS32695",40.2720927554578,8.01639747101208,44.9484063055804,15.3523751920593,21.1819947867027,3.87990390295884
"gene-AM1_RS40355",17.2594683237676,19.595638262474,23.1991774480415,25.1778953149772,27.6995316441496,31.0392312236707
"gene-AM1_RS32710",12.6569434374296,16.9235057721366,26.5823908258809,27.0201803380243,16.2938421436174,21.3394714662736
"gene-AM1_RS32715",14.9582058805986,100.650323802707,53.648097848596,213.705062673465,37.4758369303201,335.611687605939
"gene-AM1_RS32720",24.1632556532747,119.355251235069,40.1152443372385,112.993481413556,45.6227580021288,302.632504430789
"gene-AM1_RS32725",16.1088371021831,18.7049274323615,48.814935880254,49.7416956222721,17.9232263579792,44.6188948840266
"gene-AM1_RS32730",51.7784049713029,80.1639747101208,82.1637534618137,110.537101382827,78.2104422893637,143.556444409477
"gene-AM1_RS32735",116.213753380035,122.918094555519,92.3133935953319,105.624341321368,117.315663434046,153.256204166874
"gene-AM1_RS32745",196.757938890951,202.191358435527,189.459949159006,233.970197926983,136.868274006386,184.295435390545
"gene-AM1_RS32755",142.678271476479,236.929080809913,184.626787190664,413.285940170236,219.966868938835,362.771014926651
"gene-AM1_RS38015",8.05441855109156,14.2513732817993,15.4661182986943,11.0537101382827,11.4056895005322,21.3394714662736
"gene-AM1_RS32765",72.489766959824,87.2896613510204,102.946349925684,118.520336482698,140.12704243511,147.436348312436
"gene-AM1_RS32785",97.8036538346832,175.470033532153,80.2304886744769,159.664701997416,128.721352934578,339.491591508898
"gene-AM1_RS32800",501.675212610846,8744.99893004407,1136.75969495403,23402.5466477675,2279.50851589208,36129.6651443527
"gene-AM1_RS32805",981.488432011586,15993.6036654992,2079.22627878072,37352.9429372879,3353.27271315647,56107.2903406877
"gene-AM1_RS32825",19.5607307669366,71.2568664089963,49.2982520770882,115.449861444286,50.510910645214,190.115291244983
"gene-AM1_RS32835",781.278599455881,2860.9631863212,2818.21674374021,9820.60736285648,4334.16201020224,13773.6588555039
"gene-AM1_RS32840",103.556809942606,959.295564031112,159.494344955285,1421.62994278469,234.631326868091,2966.18653381203
"gene-AM1_RS32845",655.85979630317,3953.86537486918,600.278716468074,11205.3916051802,1088.42865519364,18350.0055090438
"gene-AM1_RS32875",3504.82270094641,6156.59325773728,15020.0174490164,22135.0545519111,18374.5657853574,35957.009420671
"gene-AM1_RS32880",3416.22409688441,5995.37459748692,15873.0705364287,29052.2207184453,24602.072252648,38473.1271017398
"gene-AM1_RS32885",2071.13619885212,3965.44461566064,7179.17878777518,12384.4540199304,10537.2277142774,19337.4410523468
"gene-AM1_RS42620",828.454479540846,1079.54152609629,2451.37975034305,3080.30055853477,2509.25169011708,3810.06563270558
"gene-AM1_RS32895",530.440993150458,785.606952159184,487.666042605706,986.85067734557,853.797328325554,1183.37069040245
"gene-AM1_RS32910",216.318669657888,50.7705173164098,260.024113896799,119.748526498062,265.589626940964,77.5980780591767
"gene-AM1_RS32940",89.7492352835917,132.715913686756,81.6804372649795,264.674948311102,70.063521217555,168.775819778709
"gene-AM1_RS38030",39.1214615338733,48.0983848260725,43.4984577150778,54.0403606760486,66.8047527888315,60.138510495862
"gene-AM1_RS32960",13.8075746590141,8.90710830112453,22.7158612512073,39.3020804916717,26.0701474297879,27.1593273207119
"gene-AM1_RS32965",39.1214615338733,50.7705173164098,62.3477893916116,68.1645458527432,63.545984360108,85.3578858650944
"gene-AM1_RS32970",25.3138868748592,30.2841682238234,71.0474809346271,70.6209258834727,34.2170685015966,85.3578858650944
"gene-AM1_RS32975",16.1088371021831,20.4863490925864,25.6157584322125,33.7752254225304,24.4407632154262,19.3995195147942
"gene-AM1_RS42625",25.3138868748592,16.9235057721366,20.2992802670363,22.1074202765654,13.0350737148939,21.3394714662736
"gene-AM1_RS40400",19.5607307669366,24.0491924130362,28.5156556132177,32.5470354071657,29.3289158585114,29.0992792721913
"gene-AM1_RS32995",42.5733551986268,24.9399032431487,6.76642675567878,12.2819001536474,8.14692107180872,15.5196156118353
"gene-AM1_RS33000",37.9708303122888,50.7705173164098,36.7320309593991,55.8826456990958,21.1819947867027,44.6188948840266
"gene-AM1_RS33005",80.5441855109156,112.229564594169,78.7805400839743,82.2887310294377,76.5810580750019,85.3578858650944
"gene-AM1_RS44330",16.1088371021831,34.7377223743857,28.0323394163835,22.1074202765654,16.2938421436174,27.1593273207119
"gene-AM1_RS33020",72.489766959824,125.590227045856,98.5965041541764,167.647937097287,101.021821290428,186.235387342024
"gene-AM1_RS33025",89.7492352835917,383.896367778467,148.378072428099,661.994418281596,229.743174225006,969.975975739709
"gene-AM1_RS33030",11.5063122158451,62.3497581078717,26.5823908258809,135.714996697804,22.8113790010644,110.577261234327
"gene-AM1_RS38035",67.887242073486,252.071164921824,46.8816710929172,224.758772811748,35.8464527159584,277.413129061557
"gene-AM1_RS33040",134.623852925387,214.661310057101,131.945321735736,370.29928963247,164.567805650536,779.860684494726
"gene-AM1_RS33045",12.6569434374296,27.6120357334861,26.5823908258809,32.5470354071657,14.6644579292557,15.5196156118353
"gene-AM1_RS33050",11.5063122158451,49.8798064862974,24.1658098417099,277.570943472432,11.4056895005322,209.514810759777
"gene-AM1_RS44140",8.05441855109156,17.8142166022491,8.21637534618137,28.2483703533891,13.0350737148939,27.1593273207119
"gene-AM1_RS38045",93.2011289483452,125.590227045856,102.46303372885,128.345856605616,133.609505577663,114.457165137286
"gene-AM1_RS33070",103.556809942606,129.153070366306,112.129357665534,178.087552227888,182.491032008515,250.253801740845
"gene-AM1_RS33075",55.2302986360564,52.5519389766348,57.0313112264354,64.479975806649,29.3289158585114,50.4387507384649
"gene-AM1_RS33080",47.1758800849648,77.4918422197835,81.1971210681453,106.852531336733,74.9516738606402,129.976780749121
"gene-AM1_RS33085",52.9290361928874,48.0983848260725,48.814935880254,35.0034154378951,43.9933737877671,38.7990390295884
"gene-AM1_RS43685",11.5063122158451,13.3606624516868,20.7825964638705,22.7215152842477,16.2938421436174,17.4595675633148
"gene-AM1_RS33100",177.197208124014,414.180536002291,241.174782220265,501.101526268815,290.03039015639,275.473177110077
"gene-AM1_RS33105",31.0670429827817,53.4426498067472,76.8472752966375,74.3054959295669,76.5810580750019,114.457165137286
"gene-AM1_RS33110",33.3683054259507,47.20767399596,50.2648844707566,38.073890476307,53.7696790739375,50.4387507384649
"gene-AM1_RS33115",25.3138868748592,73.0382880692212,26.5823908258809,41.7584605224012,21.1819947867027,40.7389909810678
"gene-AM1_RS33120",12.6569434374296,24.0491924130362,19.8159640702021,16.580565207424,8.14692107180872,19.3995195147942
"gene-AM1_RS33130",32.2176742043662,100.650323802707,48.814935880254,111.151196390509,58.6578317170228,168.775819778709
"gene-AM1_RS33135",124.268171931127,201.300647605414,91.3467612016635,145.540516820722,127.091968720216,207.574858808298
"gene-AM1_RS33140",69.0378732950705,79.2732638800084,101.496401335182,138.785471736216,86.3573633611724,232.79423417753
"gene-AM1_RS33145",17.2594683237676,24.9399032431487,24.1658098417099,85.9733010755319,29.3289158585114,69.838270253259
"gene-AM1_RS33150",26.4645180964437,19.595638262474,37.2153471562333,42.3725555300836,34.2170685015966,19.3995195147942
"gene-AM1_RS33155",14.9582058805986,25.8306140732611,25.6157584322125,54.654455683731,27.6995316441496,29.0992792721913
"gene-AM1_RS38055",79.3935542893311,65.9126014283216,76.3639590998033,87.2014910908967,73.3222896462784,56.2586065929031
"gene-AM1_RS33165",39.1214615338733,39.191276524948,74.9140105093007,85.3592060678496,63.545984360108,81.4779819621356
"gene-AM1_RS33170",65.585979630317,62.3497581078717,80.7138048713111,106.23843632905,89.6161317898959,93.1176936710121
"gene-AM1_RS33175",16.1088371021831,22.2677707528113,35.7653985657307,52.8121706606839,13.0350737148939,44.6188948840266
"gene-AM1_RS33205",6.90378732950705,8.90710830112453,13.0495373145234,19.6510402458359,8.14692107180872,19.3995195147942
"gene-AM1_RS33210",24.1632556532747,30.2841682238234,65.731002769451,62.6376907836018,26.0701474297879,36.8590870781089
"gene-AM1_RS43700",2.30126244316902,8.90710830112453,7.73305914934717,13.5100901690122,4.88815264308523,5.81985585443825
"gene-AM1_RS33235",14.9582058805986,7.12568664089963,13.0495373145234,14.7382801843769,4.88815264308523,7.75980780591767
"gene-AM1_RS33250",28.7657805396127,16.0327949420242,33.3488175815597,25.1778953149772,8.14692107180872,15.5196156118353
"gene-AM1_RS33255",81.6948167325001,84.6175288606831,82.6470696586479,89.6578711216262,89.6161317898959,83.417933913615
"gene-AM1_RS33260",124.268171931127,95.3060588220325,96.6632393668396,90.8860611369909,97.7630528617046,129.976780749121
"gene-AM1_RS33265",24.1632556532747,26.7213249033736,20.2992802670363,20.8792302612006,16.2938421436174,13.5796636603559
"gene-AM1_RS33270",13.8075746590141,25.8306140732611,29.4822880068861,38.6879854839894,13.0350737148939,38.7990390295884
"gene-AM1_RS33280",13.8075746590141,11.5792407914619,72.9807457219639,85.3592060678496,14.6644579292557,27.1593273207119
"gene-AM1_RS33285",41.4227239770423,47.20767399596,93.7633421858345,89.6578711216262,26.0701474297879,48.4987987869854
"gene-AM1_RS33290",71.3391357382395,65.0218905982091,117.929152027544,78.6041609833435,61.9166001457463,108.637309282847
"gene-AM1_RS33295",257.74139363493,326.89087465127,248.424525172778,250.550763134407,219.966868938835,244.433945886407
"gene-AM1_RS33300",78.2429230677466,122.027383725406,72.9807457219639,70.0068308757903,30.9583000728731,79.5380300106561
"gene-AM1_RS33305",8.05441855109156,16.9235057721366,33.8321337783939,30.7047503841186,11.4056895005322,11.6397117088765
"gene-AM1_RS33310",171.444052016092,105.994588783382,440.301055315955,415.742320200965,316.100537586178,211.454762711257
"gene-AM1_RS33315",94.3517601699297,89.9617938413578,342.187867358612,412.671845162553,182.491032008515,320.092071994104
"gene-AM1_RS33320",78.2429230677466,67.6940230885465,148.861388624933,133.258616667075,101.021821290428,126.096876846162
"gene-AM1_RS33325",34.5189366475353,43.6448306755102,78.7805400839743,86.5873960832143,24.4407632154262,42.6789429325472
"gene-AM1_RS33330",112.761859715282,114.010986254394,172.543882269809,194.668117435312,167.82657407926,267.71336930416
"gene-AM1_RS33335",31.0670429827817,30.2841682238234,41.5651929277411,46.6712205838602,27.6995316441496,31.0392312236707
"gene-AM1_RS33340",14.9582058805986,16.0327949420242,34.7987661720623,35.6175104455775,22.8113790010644,21.3394714662736
"gene-AM1_RS33345",75.9416606245776,51.6612281465223,72.9807457219639,36.2316054532599,63.545984360108,93.1176936710121
"gene-AM1_RS33350",17.2594683237676,20.4863490925864,56.5479950296012,46.0571255761778,70.063521217555,60.138510495862
"gene-AM1_RS33355",21.8619932101057,15.1420841119117,21.2659126607047,19.6510402458359,21.1819947867027,19.3995195147942
"gene-AM1_RS33360",292.260330282465,362.519307855769,144.028226656591,183.614407297029,332.394379729796,95.0576456224915
"gene-AM1_RS33365",631.696540649895,562.929244631071,2723.97008535754,3976.87926975103,2009.03073630803,2176.62608955991
"gene-AM1_RS33370",131.171959260634,192.39353930429,113.579306256037,190.983547389217,136.868274006386,192.055243196462
"gene-AM1_RS33375",71.3391357382395,85.5082396907955,116.962519633876,96.4129162061323,97.7630528617046,102.817453428409
"gene-AM1_RS33380",9.20504977267607,29.393457393711,25.1324422353783,51.5839806453192,8.14692107180872,21.3394714662736
"gene-AM1_RS39310",13.8075746590141,7.12568664089963,12.082904920855,11.0537101382827,1.62938421436174,15.5196156118353
"gene-AM1_RS33385",16.1088371021831,20.4863490925864,27.0657070227151,37.4597954686246,11.4056895005322,48.4987987869854
"gene-AM1_RS33390",34.5189366475353,38.3005656948355,45.4317225024146,77.3759709679787,22.8113790010644,31.0392312236707
"gene-AM1_RS38065",184.100995453521,394.584897739817,289.023085706851,577.249307221429,229.743174225006,731.361885707741
"gene-AM1_RS33405",388.913352895564,694.754447487714,589.162443940888,1023.69637780651,477.409574807991,1154.27141113025
"gene-AM1_RS33410",222.07182576581,220.896285867888,243.591363204436,257.919903226596,189.008568865962,186.235387342024
"gene-AM1_RS33415",21.8619932101057,17.8142166022491,49.2982520770882,68.1645458527432,26.0701474297879,32.9791831751501
"gene-AM1_RS33420",253.138868748592,157.655816929904,127.112159767394,135.100901690122,127.091968720216,93.1176936710121
"gene-AM1_RS33425",13.8075746590141,16.9235057721366,14.4994859050259,15.9664701997416,14.6644579292557,5.81985585443825
"gene-AM1_RS43705",16.1088371021831,7.12568664089963,27.0657070227151,47.8994105992249,14.6644579292557,7.75980780591767
"gene-AM1_RS33440",12.6569434374296,6.23497581078717,40.5985605340727,62.6376907836018,11.4056895005322,13.5796636603559
"gene-AM1_RS33445",354.394416248029,332.235139631945,493.949153164551,570.494262136923,619.166001457462,463.648516403581
"gene-AM1_RS33450",97.8036538346832,88.1803721811329,304.489204005545,458.114875731049,215.07871629575,234.73418612901
"gene-AM1_RS33455",169.142789572923,104.213167123157,325.271800469415,443.376595546672,332.394379729796,246.373897837886
"gene-AM1_RS33460",11.5063122158451,0.890710830112453,14.4994859050259,20.8792302612006,13.0350737148939,7.75980780591767
"gene-AM1_RS33465",27.6151493180282,15.1420841119117,82.6470696586479,127.117666590251,21.1819947867027,40.7389909810678
"gene-AM1_RS32075",138.075746590141,100.650323802707,112.612673862368,96.4129162061323,115.686279219684,176.535627584627
"gene-AM1_RS33470",52.9290361928874,189.721406813953,30.9322365973887,136.943186713169,22.8113790010644,48.4987987869854
"gene-AM1_RS43710",13.8075746590141,26.7213249033736,11.1162725271866,7.98323509987082,1.62938421436174,9.69975975739709
"gene-AM1_RS33480",56.3809298576409,44.5355415056227,63.7977379821142,55.8826456990958,65.1753685744697,48.4987987869854
"gene-AM1_RS33490",316.42358593574,290.37173061666,194.776427324182,255.463523195866,500.220953809055,320.092071994104
"gene-AM1_RS33495",46.0252488633803,31.1748790539359,31.8988689910571,28.8624653610714,27.6995316441496,38.7990390295884
"gene-AM1_RS33500",14.9582058805986,20.4863490925864,19.3326478733679,19.0369452381535,8.14692107180872,11.6397117088765
"gene-AM1_RS33505",10.3556809942606,16.9235057721366,11.1162725271866,47.2853155915426,4.88815264308523,29.0992792721913
"gene-AM1_RS33510",26.4645180964437,31.1748790539359,19.3326478733679,33.161130414848,9.77630528617046,17.4595675633148
"gene-AM1_RS33515",1.15063122158451,5.34426498067472,10.1496401335182,15.3523751920593,1.62938421436174,25.2193753692324
"gene-AM1_RS44600",8.05441855109156,14.2513732817993,9.66632393668397,13.5100901690122,8.14692107180872,13.5796636603559
"gene-AM1_RS33520",6.90378732950705,8.90710830112453,9.66632393668397,20.8792302612006,3.25876842872349,3.87990390295884
"gene-AM1_RS33525",18.4100995453521,38.3005656948355,52.1981492580934,82.9028260371201,16.2938421436174,46.558846835506
"gene-AM1_RS33535",17.2594683237676,16.9235057721366,15.9494344955285,17.8087552227888,9.77630528617046,11.6397117088765
"gene-AM1_RS43715",9.20504977267607,13.3606624516868,10.1496401335182,11.0537101382827,1.62938421436174,3.87990390295884
"gene-AM1_RS33545",35.6695678691198,25.8306140732611,43.981773911912,45.4430305684955,40.7346053590436,46.558846835506
"gene-AM1_RS33550",20.7113619885212,33.8470115442732,23.1991774480415,27.6342753457067,14.6644579292557,25.2193753692324
"gene-AM1_RS33560",81.6948167325001,149.639419458892,60.897840801109,65.0940708143313,39.1052211446818,81.4779819621356
"gene-AM1_RS33565",63.284717187148,127.371648706081,83.6137020523163,315.030738941056,57.028447502661,347.251399314816
"gene-AM1_RS33610",21.8619932101057,43.6448306755102,38.6652957467359,80.4464460063906,27.6995316441496,34.9191351266295
"gene-AM1_RS33615",13.8075746590141,10.6885299613494,14.0161697081918,43.6007455454483,11.4056895005322,11.6397117088765
"gene-AM1_RS33620",9.20504977267607,16.9235057721366,14.0161697081918,28.2483703533891,4.88815264308523,7.75980780591767
"gene-AM1_RS33625",6.90378732950705,13.3606624516868,13.5328535113576,15.9664701997416,8.14692107180872,3.87990390295884
"gene-AM1_RS33630",23.0126244316902,23.1584815829238,33.3488175815597,63.2517857912842,32.5876842872349,31.0392312236707
"gene-AM1_RS33635",11.5063122158451,16.9235057721366,13.0495373145234,14.7382801843769,4.88815264308523,1.93995195147942
"gene-AM1_RS38080",120.816278266373,136.278757007205,97.1465555636739,88.4296811062614,107.539358147875,93.1176936710121
"gene-AM1_RS33645",113.912490936866,85.5082396907955,100.046452744679,74.9195909372493,57.028447502661,56.2586065929031
"gene-AM1_RS33650",50.6277737497184,64.1311797680966,115.029254846539,139.399566743898,79.8398265037254,100.87750147693
"gene-AM1_RS44335",62.1340859655635,57.8962039573095,43.4984577150778,35.0034154378951,26.0701474297879,17.4595675633148
"gene-AM1_RS33660",25.3138868748592,27.6120357334861,54.1314140454302,78.6041609833435,17.9232263579792,27.1593273207119
"gene-AM1_RS33665",79.3935542893311,53.4426498067472,67.6642675567878,71.8491158988374,79.8398265037254,50.4387507384649
"gene-AM1_RS33670",51.7784049713029,48.0983848260725,39.1486119435701,44.2148405531307,22.8113790010644,27.1593273207119
"gene-AM1_RS44605",29.9164117611972,32.9563007141608,28.0323394163835,33.7752254225304,55.3990632882993,54.3186546414237
"gene-AM1_RS33690",19.5607307669366,17.8142166022491,21.2659126607047,29.4765603687538,29.3289158585114,25.2193753692324
"gene-AM1_RS33695",16.1088371021831,15.1420841119117,28.9989718100519,31.3188453918009,21.1819947867027,9.69975975739709
"gene-AM1_RS33700",224.373088208979,282.355333145648,276.940180785996,361.087864517234,219.966868938835,244.433945886407
"gene-AM1_RS33710",8.05441855109156,8.90710830112453,17.3993830860311,30.7047503841186,3.25876842872349,11.6397117088765
"gene-AM1_RS33720",9.20504977267607,8.90710830112453,12.5662211176892,31.9329403994833,9.77630528617046,17.4595675633148
"gene-AM1_RS33725",12.6569434374296,16.0327949420242,13.0495373145234,9.21142511523557,8.14692107180872,19.3995195147942
"gene-AM1_RS41725",52.9290361928874,65.9126014283216,60.4145246042748,36.2316054532599,135.238889792025,129.976780749121
"gene-AM1_RS33730",56.3809298576409,56.1147822970846,51.231516864425,66.3222608296961,26.0701474297879,42.6789429325472
"gene-AM1_RS43720",37.9708303122888,35.6284332044981,70.564164737793,138.171376728533,61.9166001457463,34.9191351266295
"gene-AM1_RS33755",70.188504516655,73.9289988993336,57.0313112264354,60.7954057605547,63.545984360108,31.0392312236707
"gene-AM1_RS33760",16.1088371021831,18.7049274323615,23.6824936448757,17.1946602151064,6.51753685744697,11.6397117088765
"gene-AM1_RS33765",11.5063122158451,21.3770599226989,18.3660154796995,22.1074202765654,6.51753685744697,11.6397117088765
"gene-AM1_RS43725",33.3683054259507,50.7705173164098,55.0980464390986,82.9028260371201,27.6995316441496,46.558846835506
"gene-AM1_RS33775",44.8746176417958,58.7869147874219,25.1324422353783,45.4430305684955,32.5876842872349,44.6188948840266
"gene-AM1_RS42670",19.5607307669366,26.7213249033736,13.5328535113576,12.8959951613298,8.14692107180872,9.69975975739709
"gene-AM1_RS33785",37.9708303122888,48.0983848260725,57.9979436201038,72.4632109065198,34.2170685015966,81.4779819621356
"gene-AM1_RS33790",5.75315610792254,13.3606624516868,7.73305914934717,20.8792302612006,11.4056895005322,11.6397117088765
"gene-AM1_RS33795",17.2594683237676,8.90710830112453,16.9160668891969,17.1946602151064,9.77630528617046,5.81985585443825
"gene-AM1_RS33800",21.8619932101057,30.2841682238234,30.9322365973887,40.5302705070365,19.5526105723409,40.7389909810678
"gene-AM1_RS33805",44.8746176417958,122.027383725406,64.7643703757826,190.983547389217,55.3990632882993,203.694954905339
"gene-AM1_RS33810",13.8075746590141,47.20767399596,20.2992802670363,50.9698856376368,8.14692107180872,141.616492457998
"gene-AM1_RS33815",188.703520339859,276.120357334861,95.6966069731713,175.631172197158,198.784874152133,89.2377897680532
"gene-AM1_RS33825",8.05441855109156,15.1420841119117,18.3660154796995,55.2685506914134,11.4056895005322,13.5796636603559
"gene-AM1_RS33830",13.8075746590141,15.1420841119117,15.9494344955285,23.3356102919301,3.25876842872349,21.3394714662736
"gene-AM1_RS33835",10.3556809942606,16.0327949420242,18.8493316765337,12.8959951613298,16.2938421436174,23.279423417753
"gene-AM1_RS33840",8.05441855109156,9.79781913123699,16.4327506923627,22.7215152842477,8.14692107180872,7.75980780591767
"gene-AM1_RS44610",10.3556809942606,9.79781913123699,13.0495373145234,9.82552012291794,8.14692107180872,3.87990390295884
"gene-AM1_RS33855",21.8619932101057,24.0491924130362,26.5823908258809,17.8087552227888,30.9583000728731,17.4595675633148
"gene-AM1_RS33860",55.2302986360564,46.3169631658476,80.7138048713111,46.6712205838602,39.1052211446818,32.9791831751501
"gene-AM1_RS33865",44.8746176417958,19.595638262474,52.6814654549276,54.654455683731,37.4758369303201,19.3995195147942
"gene-AM1_RS33870",18.4100995453521,10.6885299613494,36.7320309593991,36.2316054532599,35.8464527159584,25.2193753692324
"gene-AM1_RS33885",19.5607307669366,15.1420841119117,23.1991774480415,22.1074202765654,8.14692107180872,9.69975975739709
"gene-AM1_RS42675",13.8075746590141,4.45355415056227,7.24974295251297,10.4396151306003,6.51753685744697,1.93995195147942
"gene-AM1_RS33890",13.8075746590141,6.23497581078717,13.5328535113576,9.82552012291794,6.51753685744697,3.87990390295884
"gene-AM1_RS33900",19.5607307669366,12.4699516215743,36.7320309593991,22.7215152842477,6.51753685744697,9.69975975739709
"gene-AM1_RS33915",10.3556809942606,12.4699516215743,16.4327506923627,11.667805145965,13.0350737148939,3.87990390295884
"gene-AM1_RS33920",24.1632556532747,24.9399032431487,24.1658098417099,30.7047503841186,24.4407632154262,13.5796636603559
"gene-AM1_RS33930",32.2176742043662,14.2513732817993,21.7492288575389,47.2853155915426,37.4758369303201,15.5196156118353
"gene-AM1_RS33935",28.7657805396127,30.2841682238234,36.7320309593991,60.1813107528724,21.1819947867027,32.9791831751501
"gene-AM1_RS33940",97.8036538346832,67.6940230885465,68.6308999504562,50.3557906299544,94.5042844329811,145.496396360956
"gene-AM1_RS33945",256.590762413345,191.502828474177,237.308252645591,297.83607872595,301.436079656923,256.073657595283
"gene-AM1_RS33950",72.489766959824,66.803312258434,79.7471724776427,79.2182559910259,107.539358147875,100.87750147693
"gene-AM1_RS33960",36.8201990907043,52.5519389766348,63.7977379821142,51.5839806453192,50.510910645214,64.0184143988208
"gene-AM1_RS33965",40.2720927554578,46.3169631658476,71.0474809346271,54.654455683731,81.4692107180872,73.7181741562179
"gene-AM1_RS33970",104.70744116419,123.808805385631,159.011028758451,137.557281720851,127.091968720216,205.634906856818
"gene-AM1_RS33975",3.45189366475353,3.56284332044981,6.28311055884458,16.580565207424,6.51753685744697,19.3995195147942
"gene-AM1_RS33985",25.3138868748592,55.2240714669721,62.3477893916116,60.1813107528724,74.9516738606402,182.355483439065
"gene-AM1_RS33990",51.7784049713029,100.650323802707,98.5965041541764,86.5873960832143,105.909973933513,172.655723681668
"gene-AM1_RS33995",25.3138868748592,32.9563007141608,42.0485091245752,56.4967407067781,32.5876842872349,65.9583663503002
"gene-AM1_RS34000",10.3556809942606,16.0327949420242,19.8159640702021,19.6510402458359,14.6644579292557,27.1593273207119
"gene-AM1_RS34005",17.2594683237676,21.3770599226989,24.1658098417099,38.073890476307,9.77630528617046,11.6397117088765
"gene-AM1_RS42685",3.45189366475353,11.5792407914619,10.1496401335182,11.667805145965,6.51753685744697,9.69975975739709
"gene-AM1_RS34010",10.3556809942606,40.9726981851729,67.1809513599536,56.4967407067781,37.4758369303201,110.577261234327
"gene-AM1_RS34015",14.9582058805986,16.9235057721366,28.9989718100519,31.3188453918009,30.9583000728731,31.0392312236707
"gene-AM1_RS34020",4.60252488633803,44.5355415056227,30.9322365973887,23.3356102919301,29.3289158585114,69.838270253259
"gene-AM1_RS34025",27.6151493180282,67.6940230885465,100.046452744679,72.4632109065198,73.3222896462784,114.457165137286
"gene-AM1_RS34030",24.1632556532747,48.0983848260725,68.6308999504562,74.9195909372493,87.9867475755341,102.817453428409
"gene-AM1_RS34035",19.5607307669366,75.7104205595585,26.0990746290467,42.986650537766,21.1819947867027,29.0992792721913
"gene-AM1_RS34040",16.1088371021831,25.8306140732611,18.3660154796995,21.493325268883,32.5876842872349,29.0992792721913
"gene-AM1_RS34045",14.9582058805986,22.2677707528113,39.1486119435701,37.4597954686246,35.8464527159584,25.2193753692324
"gene-AM1_RS34050",56.3809298576409,204.863490925864,256.157584322125,243.181623042219,550.731864454269,719.722173998864
"gene-AM1_RS34055",10.3556809942606,37.409854864723,43.4984577150778,44.2148405531307,58.6578317170228,65.9583663503002
"gene-AM1_RS34070",16.1088371021831,32.9563007141608,27.5490232195493,37.4597954686246,45.6227580021288,25.2193753692324
"gene-AM1_RS34080",24.1632556532747,28.5027465635985,39.6319281404043,39.9161754993541,48.8815264308523,79.5380300106561
"gene-AM1_RS34090",18.4100995453521,42.7541198453978,31.8988689910571,25.7919903226596,39.1052211446818,29.0992792721913
"gene-AM1_RS34095",36.8201990907043,61.4590472777593,41.0818767309069,30.0906553764362,48.8815264308523,31.0392312236707
"gene-AM1_RS34100",33.3683054259507,43.6448306755102,46.398354896083,39.9161754993541,55.3990632882993,58.1985585443825
"gene-AM1_RS34105",14.9582058805986,15.1420841119117,35.7653985657307,25.7919903226596,16.2938421436174,44.6188948840266
"gene-AM1_RS34115",11.5063122158451,28.5027465635985,27.0657070227151,35.6175104455775,45.6227580021288,38.7990390295884
"gene-AM1_RS34120",102.406178721021,205.754201755977,108.746144287695,190.983547389217,87.9867475755341,236.674138080489
"gene-AM1_RS34125",40.2720927554578,47.20767399596,28.5156556132177,36.2316054532599,32.5876842872349,38.7990390295884
"gene-AM1_RS34130",35.6695678691198,27.6120357334861,40.5985605340727,32.5470354071657,27.6995316441496,29.0992792721913
"gene-AM1_RS34135",6.90378732950705,9.79781913123699,13.5328535113576,25.7919903226596,11.4056895005322,7.75980780591767
"gene-AM1_RS34140",72.489766959824,178.142166022491,151.761285805938,137.557281720851,187.3791846516,259.953561498242
"gene-AM1_RS34145",8.05441855109156,8.90710830112453,19.3326478733679,15.3523751920593,24.4407632154262,29.0992792721913
"gene-AM1_RS34150",17.2594683237676,44.5355415056227,57.0313112264354,37.4597954686246,76.5810580750019,60.138510495862
"gene-AM1_RS40455",134.623852925387,49.8798064862974,120.82904920855,153.523751920593,110.798126576599,149.376300263915
"gene-AM1_RS34165",6.90378732950705,10.6885299613494,23.6824936448757,16.580565207424,17.9232263579792,9.69975975739709
"gene-AM1_RS34170",9.20504977267607,24.9399032431487,44.4650901087462,41.7584605224012,39.1052211446818,79.5380300106561
"gene-AM1_RS34175",13.8075746590141,42.7541198453978,68.147583753622,49.7416956222721,97.7630528617046,188.175339293504
"gene-AM1_RS34180",8.05441855109156,24.0491924130362,47.3649872897514,23.9497052996125,40.7346053590436,81.4779819621356
"gene-AM1_RS34185",16.1088371021831,32.0655898840483,52.1981492580934,44.2148405531307,99.3924370760663,87.2978378165738
"gene-AM1_RS34190",33.3683054259507,43.6448306755102,111.6460414687,96.4129162061323,89.6161317898959,244.433945886407
"gene-AM1_RS34195",17.2594683237676,10.6885299613494,28.9989718100519,22.1074202765654,43.9933737877671,36.8590870781089
"gene-AM1_RS34200",33.3683054259507,52.5519389766348,51.231516864425,46.0571255761778,50.510910645214,54.3186546414237
"gene-AM1_RS34210",24.1632556532747,34.7377223743857,53.648097848596,54.0403606760486,30.9583000728731,31.0392312236707
"gene-AM1_RS34220",6.90378732950705,15.1420841119117,16.9160668891969,14.1241851766945,14.6644579292557,34.9191351266295
"gene-AM1_RS34225",35.6695678691198,62.3497581078717,57.5146274232696,58.9531207375076,83.0985949324489,77.5980780591767
"gene-AM1_RS34230",6.90378732950705,15.1420841119117,12.082904920855,7.36914009218845,13.0350737148939,11.6397117088765
"gene-AM1_RS34235",16.1088371021831,59.6776256175344,29.9656042037203,47.8994105992249,60.2872159313845,73.7181741562179
"gene-AM1_RS34240",5.75315610792254,8.90710830112453,14.9828021018601,16.580565207424,4.88815264308523,13.5796636603559
"gene-AM1_RS34245",11.5063122158451,4.45355415056227,10.6329563303524,7.36914009218845,8.14692107180872,5.81985585443825
"gene-AM1_RS34250",10.3556809942606,18.7049274323615,17.3993830860311,27.0201803380243,9.77630528617046,27.1593273207119
"gene-AM1_RS34255",100.104916277852,250.289743261599,176.893728041317,369.071099617105,175.973495151068,483.048035918375
"gene-AM1_RS34260",56.3809298576409,110.448142933944,110.196092878197,104.396151306003,177.60287936543,271.593273207119
"gene-AM1_RS34265",6.90378732950705,8.90710830112453,21.2659126607047,20.8792302612006,17.9232263579792,15.5196156118353
"gene-AM1_RS34275",20.7113619885212,40.0819873550604,27.5490232195493,33.161130414848,52.1402948595758,58.1985585443825
"gene-AM1_RS34280",12.6569434374296,31.1748790539359,27.5490232195493,19.0369452381535,11.4056895005322,32.9791831751501
"gene-AM1_RS34290",20.7113619885212,24.0491924130362,36.2487147625649,36.8457004609423,19.5526105723409,38.7990390295884
"gene-AM1_RS34295",11.5063122158451,15.1420841119117,15.4661182986943,12.2819001536474,3.25876842872349,19.3995195147942
"gene-AM1_RS34305",21.8619932101057,19.595638262474,29.4822880068861,30.0906553764362,14.6644579292557,21.3394714662736
"gene-AM1_RS34315",12.6569434374296,24.9399032431487,36.2487147625649,58.9531207375076,16.2938421436174,25.2193753692324
"gene-AM1_RS40475",19.5607307669366,13.3606624516868,21.2659126607047,23.9497052996125,17.9232263579792,15.5196156118353
"gene-AM1_RS41745",3.45189366475353,8.90710830112453,5.79979436201038,10.4396151306003,8.14692107180872,3.87990390295884
"gene-AM1_RS41750",9.20504977267607,15.1420841119117,12.082904920855,19.0369452381535,8.14692107180872,1.93995195147942
"gene-AM1_RS34380",8.05441855109156,20.4863490925864,22.7158612512073,17.8087552227888,9.77630528617046,17.4595675633148
"gene-AM1_RS34385",18.4100995453521,18.7049274323615,28.0323394163835,25.1778953149772,16.2938421436174,27.1593273207119
"gene-AM1_RS34390",63.284717187148,137.169467837318,222.325450543731,236.426577957713,332.394379729796,411.269813713637
"gene-AM1_RS34395",32.2176742043662,32.0655898840483,29.9656042037203,31.9329403994833,29.3289158585114,23.279423417753
"gene-AM1_RS40485",21.8619932101057,19.595638262474,26.0990746290467,25.7919903226596,13.0350737148939,9.69975975739709
"gene-AM1_RS34415",42.5733551986268,32.9563007141608,19.8159640702021,20.8792302612006,17.9232263579792,17.4595675633148
"gene-AM1_RS34420",17.2594683237676,12.4699516215743,15.4661182986943,12.8959951613298,6.51753685744697,11.6397117088765
"gene-AM1_RS34425",52.9290361928874,37.409854864723,34.7987661720623,35.6175104455775,26.0701474297879,34.9191351266295
"gene-AM1_RS34430",57.5315610792254,55.2240714669721,58.9645760137722,57.1108357144605,43.9933737877671,32.9791831751501
"gene-AM1_RS34435",57.5315610792254,68.5847339186589,58.9645760137722,92.728346160038,71.6929054319167,143.556444409477
"gene-AM1_RS34440",27.6151493180282,31.1748790539359,21.2659126607047,29.4765603687538,11.4056895005322,13.5796636603559
"gene-AM1_RS34445",63.284717187148,51.6612281465223,51.231516864425,42.3725555300836,50.510910645214,34.9191351266295
"gene-AM1_RS34450",35.6695678691198,48.9890956561849,34.3154499752281,38.6879854839894,21.1819947867027,38.7990390295884
"gene-AM1_RS44615",33.3683054259507,32.9563007141608,17.8826992828653,14.7382801843769,29.3289158585114,5.81985585443825
"gene-AM1_RS34460",37.9708303122888,26.7213249033736,49.2982520770882,44.8289355608131,27.6995316441496,50.4387507384649
"gene-AM1_RS34465",11.5063122158451,12.4699516215743,15.9494344955285,9.21142511523557,8.14692107180872,13.5796636603559
"gene-AM1_RS34470",4.60252488633803,10.6885299613494,17.3993830860311,15.3523751920593,17.9232263579792,13.5796636603559
"gene-AM1_RS34475",9.20504977267607,13.3606624516868,8.21637534618137,10.4396151306003,6.51753685744697,9.69975975739709
"gene-AM1_RS34480",43.7239864202113,120.245962065181,151.761285805938,134.486806682439,187.3791846516,184.295435390545
"gene-AM1_RS34485",24.1632556532747,24.0491924130362,23.1991774480415,30.7047503841186,9.77630528617046,15.5196156118353
"gene-AM1_RS34500",37.9708303122888,30.2841682238234,63.7977379821142,65.7081658220137,34.2170685015966,56.2586065929031
"gene-AM1_RS34505",126.569434374296,115.792407914619,118.895784421213,92.1142511523556,99.3924370760663,149.376300263915
"gene-AM1_RS34510",44.8746176417958,34.7377223743857,31.4155527942229,34.3893204302128,21.1819947867027,36.8590870781089
"gene-AM1_RS41755",37.9708303122888,20.4863490925864,40.1152443372385,48.5135056069073,32.5876842872349,38.7990390295884
"gene-AM1_RS34520",14.9582058805986,16.0327949420242,31.4155527942229,40.5302705070365,32.5876842872349,32.9791831751501
"gene-AM1_RS34530",18.4100995453521,13.3606624516868,16.4327506923627,8.59733010755319,4.88815264308523,5.81985585443825
"gene-AM1_RS34535",42.5733551986268,46.3169631658476,29.4822880068861,16.580565207424,22.8113790010644,25.2193753692324
"gene-AM1_RS34540",33.3683054259507,48.0983848260725,59.9312084074406,58.9531207375076,40.7346053590436,36.8590870781089
"gene-AM1_RS34545",17.2594683237676,18.7049274323615,31.4155527942229,25.7919903226596,22.8113790010644,21.3394714662736
"gene-AM1_RS34550",245.0844501975,152.31155194923,249.874473763281,227.82924785016,252.55455322607,285.172936867474
"gene-AM1_RS34555",144.979533919648,92.6339263316952,63.7977379821142,73.6914009218845,65.1753685744697,48.4987987869854
"gene-AM1_RS43740",66.7366108519015,91.7432155015827,20.7825964638705,21.493325268883,19.5526105723409,21.3394714662736
"gene-AM1_RS34565",33.3683054259507,75.7104205595585,8.21637534618137,19.6510402458359,9.77630528617046,34.9191351266295
"gene-AM1_RS38090",16.1088371021831,54.3333606368597,34.3154499752281,59.56721574519,14.6644579292557,40.7389909810678
"gene-AM1_RS34580",11.5063122158451,24.9399032431487,16.9160668891969,20.2651352535182,6.51753685744697,9.69975975739709
"gene-AM1_RS34585",63.284717187148,143.404443648105,70.564164737793,152.295561905228,91.2455160042576,192.055243196462
"gene-AM1_RS34590",35.6695678691198,49.8798064862974,64.7643703757826,66.3222608296961,39.1052211446818,58.1985585443825
"gene-AM1_RS34595",4.60252488633803,24.0491924130362,5.31647816517618,15.9664701997416,1.62938421436174,15.5196156118353
"gene-AM1_RS34600",23.0126244316902,32.0655898840483,31.8988689910571,26.406085330342,17.9232263579792,27.1593273207119
"gene-AM1_RS34605",21.8619932101057,45.4262523357351,18.8493316765337,33.7752254225304,13.0350737148939,23.279423417753
"gene-AM1_RS34610",11.5063122158451,65.9126014283216,9.18300773984977,70.6209258834727,14.6644579292557,58.1985585443825
"gene-AM1_RS34615",31.0670429827817,149.639419458892,13.5328535113576,63.2517857912842,19.5526105723409,133.85668465208
"gene-AM1_RS34620",6.90378732950705,8.90710830112453,15.9494344955285,19.0369452381535,9.77630528617046,15.5196156118353
"gene-AM1_RS34625",10.3556809942606,58.7869147874219,24.1658098417099,171.332507143382,30.9583000728731,547.066450317196
"gene-AM1_RS34630",16.1088371021831,116.683118744731,43.0151415182436,279.413228495479,66.8047527888315,936.996792564559
"gene-AM1_RS34635",16.1088371021831,94.4153479919201,26.5823908258809,237.040672965395,63.545984360108,589.745393249743
"gene-AM1_RS34640",21.8619932101057,117.573829574844,36.2487147625649,246.866193088313,47.2521422164906,733.30183765922
"gene-AM1_RS34645",23.0126244316902,85.5082396907955,22.2325450543731,91.5001561446733,45.6227580021288,356.951159072213
"gene-AM1_RS34650",82.8454479540846,171.016479381591,52.6814654549276,162.735177035828,48.8815264308523,556.766210074593
"gene-AM1_RS34660",132.322590482218,350.049356234194,72.9807457219639,411.443655147189,122.203816077131,535.426738608319
"gene-AM1_RS34665",17.2594683237676,32.0655898840483,12.082904920855,31.3188453918009,16.2938421436174,25.2193753692324
"gene-AM1_RS34670",18.4100995453521,27.6120357334861,19.8159640702021,40.5302705070365,14.6644579292557,46.558846835506
"gene-AM1_RS39365",23.0126244316902,16.0327949420242,23.6824936448757,36.8457004609423,16.2938421436174,19.3995195147942
"gene-AM1_RS34710",5.75315610792254,22.2677707528113,19.3326478733679,39.3020804916717,4.88815264308523,96.9975975739709
"gene-AM1_RS34715",17.2594683237676,43.6448306755102,31.8988689910571,38.6879854839894,21.1819947867027,21.3394714662736
"gene-AM1_RS34720",48.3265113065494,30.2841682238234,75.3973267061349,62.0235957759195,52.1402948595758,52.3787026899443
"gene-AM1_RS34730",49.4771425281339,65.9126014283216,119.862416814881,225.986962827113,118.945047648407,242.493993934927
"gene-AM1_RS34735",11.5063122158451,8.90710830112453,93.2800259890003,115.449861444286,11.4056895005322,13.5796636603559
"gene-AM1_RS34745",14.9582058805986,20.4863490925864,26.0990746290467,39.9161754993541,35.8464527159584,32.9791831751501
"gene-AM1_RS34750",4.60252488633803,8.90710830112453,13.0495373145234,17.1946602151064,8.14692107180872,7.75980780591767
"gene-AM1_RS34770",74.791029402993,60.5683364476468,49.7815682739224,53.4262656683663,42.3639895734053,19.3995195147942
"gene-AM1_RS34780",34.5189366475353,53.4426498067472,32.8655013847255,91.5001561446733,37.4758369303201,56.2586065929031
"gene-AM1_RS38100",47.1758800849648,70.3661555788838,44.9484063055804,62.6376907836018,32.5876842872349,36.8590870781089
"gene-AM1_RS34790",18.4100995453521,16.9235057721366,8.69969154301557,19.6510402458359,8.14692107180872,15.5196156118353
"gene-AM1_RS34815",6.90378732950705,8.90710830112453,23.1991774480415,39.9161754993541,8.14692107180872,13.5796636603559
"gene-AM1_RS34820",29.9164117611972,43.6448306755102,16.4327506923627,28.8624653610714,14.6644579292557,48.4987987869854
"gene-AM1_RS34855",17.2594683237676,14.2513732817993,29.4822880068861,41.1443655147189,26.0701474297879,42.6789429325472
"gene-AM1_RS34870",17.2594683237676,13.3606624516868,12.082904920855,9.82552012291794,17.9232263579792,13.5796636603559
"gene-AM1_RS34880",12.6569434374296,17.8142166022491,20.7825964638705,26.406085330342,16.2938421436174,27.1593273207119
"gene-AM1_RS34885",25.3138868748592,32.0655898840483,20.2992802670363,28.8624653610714,14.6644579292557,25.2193753692324
"gene-AM1_RS34890",49.4771425281339,44.5355415056227,56.5479950296012,82.2887310294377,58.6578317170228,52.3787026899443
"gene-AM1_RS34895",29.9164117611972,24.9399032431487,59.9312084074406,82.2887310294377,50.510910645214,52.3787026899443
"gene-AM1_RS34900",52.9290361928874,79.2732638800084,99.0798203510106,112.379386405874,61.9166001457463,96.9975975739709
"gene-AM1_RS34905",40.2720927554578,24.0491924130362,28.0323394163835,27.0201803380243,24.4407632154262,27.1593273207119
"gene-AM1_RS38105",24.1632556532747,17.8142166022491,33.3488175815597,25.1778953149772,37.4758369303201,46.558846835506
"gene-AM1_RS34915",5.75315610792254,7.12568664089963,14.4994859050259,20.2651352535182,14.6644579292557,21.3394714662736
"gene-AM1_RS34920",41.4227239770423,40.9726981851729,33.8321337783939,32.5470354071657,19.5526105723409,19.3995195147942
"gene-AM1_RS34925",384.310828009226,200.409936775302,120.345733011715,152.90965691291,115.686279219684,124.156924894683
"gene-AM1_RS34930",843.412685421445,329.563007141608,275.490232195493,460.571255761778,353.576374516498,597.505201055661
"gene-AM1_RS34935",75.9416606245776,68.5847339186589,108.26282809086,163.963367051193,78.2104422893637,102.817453428409
"gene-AM1_RS38110",36.8201990907043,19.595638262474,27.5490232195493,33.7752254225304,3.25876842872349,11.6397117088765
"gene-AM1_RS34945",31.0670429827817,16.0327949420242,27.0657070227151,40.5302705070365,24.4407632154262,29.0992792721913
"gene-AM1_RS34950",9.20504977267607,6.23497581078717,18.3660154796995,19.0369452381535,11.4056895005322,19.3995195147942
"gene-AM1_RS34960",19.5607307669366,16.0327949420242,23.1991774480415,20.8792302612006,19.5526105723409,21.3394714662736
"gene-AM1_RS34965",2.30126244316902,10.6885299613494,14.0161697081918,24.5638003072948,9.77630528617046,13.5796636603559
"gene-AM1_RS34970",140.37700903331,196.847093454852,169.643985088804,171.332507143382,99.3924370760663,131.9167327006
"gene-AM1_RS34975",79.3935542893311,201.300647605414,129.045424554731,455.044400692637,153.162116150004,510.207363239087
"gene-AM1_RS34980",13.8075746590141,17.8142166022491,27.5490232195493,23.9497052996125,11.4056895005322,31.0392312236707
"gene-AM1_RS34985",11.5063122158451,24.9399032431487,17.8826992828653,27.0201803380243,9.77630528617046,44.6188948840266
"gene-AM1_RS34990",25.3138868748592,32.9563007141608,23.6824936448757,15.9664701997416,17.9232263579792,19.3995195147942
"gene-AM1_RS34995",13.8075746590141,29.393457393711,33.8321337783939,35.0034154378951,17.9232263579792,11.6397117088765
"gene-AM1_RS35000",35.6695678691198,41.8634090152853,54.6147302422644,76.147780952614,78.2104422893637,85.3578858650944
"gene-AM1_RS35015",43.7239864202113,20.4863490925864,28.9989718100519,15.3523751920593,48.8815264308523,46.558846835506
"gene-AM1_RS35025",16.1088371021831,16.9235057721366,22.2325450543731,20.8792302612006,13.0350737148939,19.3995195147942
"gene-AM1_RS35030",82.8454479540846,89.0710830112453,116.479203437042,233.356102919301,118.945047648407,250.253801740845
"gene-AM1_RS35035",16.1088371021831,14.2513732817993,18.3660154796995,11.667805145965,6.51753685744697,9.69975975739709
"gene-AM1_RS35040",47.1758800849648,30.2841682238234,69.5975323441245,60.7954057605547,39.1052211446818,54.3186546414237
"gene-AM1_RS35050",27.6151493180282,17.8142166022491,23.1991774480415,20.2651352535182,17.9232263579792,13.5796636603559
"gene-AM1_RS39385",21.8619932101057,15.1420841119117,18.3660154796995,11.0537101382827,9.77630528617046,9.69975975739709
"gene-AM1_RS35065",18.4100995453521,25.8306140732611,29.9656042037203,36.2316054532599,26.0701474297879,36.8590870781089
"gene-AM1_RS35070",14.9582058805986,4.45355415056227,14.9828021018601,9.82552012291794,17.9232263579792,9.69975975739709
"gene-AM1_RS35075",10.3556809942606,5.34426498067472,12.5662211176892,10.4396151306003,16.2938421436174,19.3995195147942
"gene-AM1_RS35080",16.1088371021831,8.01639747101208,9.18300773984977,12.8959951613298,13.0350737148939,5.81985585443825
"gene-AM1_RS35140",23.0126244316902,19.595638262474,23.1991774480415,17.8087552227888,29.3289158585114,25.2193753692324
"gene-AM1_RS35145",4.60252488633803,9.79781913123699,13.5328535113576,17.8087552227888,8.14692107180872,7.75980780591767
"gene-AM1_RS35150",11.5063122158451,6.23497581078717,22.2325450543731,30.0906553764362,14.6644579292557,13.5796636603559
"gene-AM1_RS35160",13.8075746590141,10.6885299613494,32.3821851878913,32.5470354071657,13.0350737148939,11.6397117088765
"gene-AM1_RS35180",31.0670429827817,27.6120357334861,39.6319281404043,49.1276006145897,42.3639895734053,56.2586065929031
"gene-AM1_RS35185",25.3138868748592,11.5792407914619,28.5156556132177,33.7752254225304,86.3573633611724,42.6789429325472
"gene-AM1_RS35190",20.7113619885212,18.7049274323615,47.3649872897514,37.4597954686246,30.9583000728731,75.6581261076973
"gene-AM1_RS41785",11.5063122158451,6.23497581078717,20.7825964638705,25.7919903226596,13.0350737148939,19.3995195147942
"gene-AM1_RS35210",25.3138868748592,6.23497581078717,13.5328535113576,9.82552012291794,9.77630528617046,1.93995195147942
"gene-AM1_RS35215",62.1340859655635,9.79781913123699,36.2487147625649,9.82552012291794,14.6644579292557,3.87990390295884
"gene-AM1_RS35220",8.05441855109156,8.90710830112453,13.0495373145234,16.580565207424,8.14692107180872,3.87990390295884
"gene-AM1_RS35225",24.1632556532747,16.0327949420242,23.6824936448757,26.406085330342,27.6995316441496,21.3394714662736
"gene-AM1_RS35235",9.20504977267607,9.79781913123699,21.2659126607047,18.4228502304711,14.6644579292557,11.6397117088765
"gene-AM1_RS35245",17.2594683237676,8.01639747101208,20.7825964638705,22.7215152842477,22.8113790010644,15.5196156118353
"gene-AM1_RS35255",11.5063122158451,8.90710830112453,21.7492288575389,41.7584605224012,16.2938421436174,38.7990390295884
"gene-AM1_RS35260",10.3556809942606,7.12568664089963,11.5995887240208,7.98323509987082,9.77630528617046,34.9191351266295
"gene-AM1_RS35275",11.5063122158451,5.34426498067472,16.9160668891969,20.8792302612006,17.9232263579792,7.75980780591767
"gene-AM1_RS35285",57.5315610792254,40.0819873550604,96.6632393668396,114.835766436603,66.8047527888315,31.0392312236707
"gene-AM1_RS38115",75.9416606245776,62.3497581078717,60.4145246042748,47.8994105992249,55.3990632882993,73.7181741562179
"gene-AM1_RS35295",31.0670429827817,16.9235057721366,54.6147302422644,74.9195909372493,53.7696790739375,52.3787026899443
"gene-AM1_RS35310",16.1088371021831,16.0327949420242,28.5156556132177,23.3356102919301,21.1819947867027,34.9191351266295
"gene-AM1_RS35315",13.8075746590141,16.9235057721366,36.7320309593991,49.1276006145897,16.2938421436174,9.69975975739709
"gene-AM1_RS35320",54.0796674144719,42.7541198453978,71.5307971314613,67.5504508450608,58.6578317170228,46.558846835506
"gene-AM1_RS35325",14.9582058805986,11.5792407914619,14.4994859050259,22.7215152842477,13.0350737148939,21.3394714662736
"gene-AM1_RS35330",111.611228493697,93.5246371618076,107.296195697192,117.906241475015,156.420884578727,126.096876846162
"gene-AM1_RS35335",21.8619932101057,17.8142166022491,19.3326478733679,18.4228502304711,17.9232263579792,23.279423417753
"gene-AM1_RS35340",39.1214615338733,23.1584815829238,14.4994859050259,16.580565207424,16.2938421436174,11.6397117088765
"gene-AM1_RS35345",20.7113619885212,16.0327949420242,28.5156556132177,48.5135056069073,21.1819947867027,27.1593273207119
"gene-AM1_RS35360",12.6569434374296,9.79781913123699,15.4661182986943,34.3893204302128,9.77630528617046,15.5196156118353
"gene-AM1_RS35365",39.1214615338733,36.5191440346106,61.8644731947774,64.479975806649,37.4758369303201,21.3394714662736
"gene-AM1_RS35395",16.1088371021831,9.79781913123699,23.6824936448757,22.1074202765654,16.2938421436174,21.3394714662736
"gene-AM1_RS35400",12.6569434374296,12.4699516215743,14.4994859050259,19.6510402458359,22.8113790010644,23.279423417753
"gene-AM1_RS35405",18.4100995453521,24.0491924130362,38.6652957467359,62.0235957759195,21.1819947867027,46.558846835506
"gene-AM1_RS35410",20.7113619885212,21.3770599226989,26.5823908258809,32.5470354071657,21.1819947867027,13.5796636603559
"gene-AM1_RS35415",8.05441855109156,17.8142166022491,23.6824936448757,23.9497052996125,16.2938421436174,13.5796636603559
"gene-AM1_RS35425",8.05441855109156,11.5792407914619,27.5490232195493,54.654455683731,11.4056895005322,21.3394714662736
"gene-AM1_RS34570",43.7239864202113,125.590227045856,57.9979436201038,225.37286781943,45.6227580021288,230.854282226051
"gene-AM1_RS35435",23.0126244316902,15.1420841119117,40.1152443372385,76.147780952614,34.2170685015966,83.417933913615
"gene-AM1_RS35445",109.309966050528,111.338853764057,125.662211176892,97.0270112138146,58.6578317170228,89.2377897680532
"gene-AM1_RS42735",26.4645180964437,18.7049274323615,33.8321337783939,44.8289355608131,19.5526105723409,19.3995195147942
"gene-AM1_RS35455",28.7657805396127,16.0327949420242,54.6147302422644,66.3222608296961,29.3289158585114,48.4987987869854
"gene-AM1_RS35460",18.4100995453521,26.7213249033736,17.3993830860311,19.6510402458359,13.0350737148939,21.3394714662736
"gene-AM1_RS35465",20.7113619885212,7.12568664089963,8.69969154301557,9.82552012291794,3.25876842872349,1.93995195147942
"gene-AM1_RS38125",44.8746176417958,15.1420841119117,34.7987661720623,31.3188453918009,29.3289158585114,9.69975975739709
"gene-AM1_RS35480",12.6569434374296,21.3770599226989,10.6329563303524,12.2819001536474,9.77630528617046,17.4595675633148
"gene-AM1_RS35485",67.887242073486,86.398950520908,45.4317225024146,81.060541014073,164.567805650536,128.036828797642
"gene-AM1_RS42740",16.1088371021831,28.5027465635985,17.3993830860311,23.9497052996125,6.51753685744697,9.69975975739709
"gene-AM1_RS35520",23.0126244316902,12.4699516215743,16.4327506923627,17.1946602151064,11.4056895005322,19.3995195147942
"gene-AM1_RS35525",8.05441855109156,9.79781913123699,19.3326478733679,19.0369452381535,8.14692107180872,13.5796636603559
"gene-AM1_RS35535",21.8619932101057,19.595638262474,36.2487147625649,25.7919903226596,24.4407632154262,34.9191351266295
"gene-AM1_RS35550",24.1632556532747,12.4699516215743,30.9322365973887,28.2483703533891,14.6644579292557,15.5196156118353
"gene-AM1_RS35560",23.0126244316902,27.6120357334861,29.9656042037203,51.5839806453192,71.6929054319167,36.8590870781089
"gene-AM1_RS35565",126.569434374296,152.31155194923,72.4974295251297,109.308911367462,92.8749002186194,178.475579536106
"gene-AM1_RS35570",101.255547499437,93.5246371618076,57.0313112264354,120.976716513427,86.3573633611724,75.6581261076973
"gene-AM1_RS35575",124.268171931127,150.530130289005,164.810823120462,188.527167358488,195.526105723409,172.655723681668
"gene-AM1_RS35580",44.8746176417958,30.2841682238234,56.064678832767,52.8121706606839,63.545984360108,34.9191351266295
"gene-AM1_RS35585",182.950364231937,79.2732638800084,90.8634450048293,116.063956451968,140.12704243511,83.417933913615
"gene-AM1_RS35590",10.3556809942606,15.1420841119117,14.9828021018601,19.0369452381535,11.4056895005322,19.3995195147942
"gene-AM1_RS35595",234.72876920324,146.076576138442,69.5975323441245,68.1645458527432,250.925169011708,209.514810759777
"gene-AM1_RS35600",624.792753320388,310.858079709246,188.976632962172,163.963367051193,664.788759459591,242.493993934927
"gene-AM1_RS35605",383.160196787641,181.70500934294,96.6632393668396,107.466626344415,461.115732664373,116.397117088765
"gene-AM1_RS35610",59.8328235223944,34.7377223743857,30.4489204005545,24.5638003072948,52.1402948595758,25.2193753692324
"gene-AM1_RS35615",40.2720927554578,30.2841682238234,12.082904920855,12.2819001536474,34.2170685015966,11.6397117088765
"gene-AM1_RS35620",222.07182576581,142.513732817993,95.2132907763371,77.3759709679787,293.289158585114,110.577261234327
"gene-AM1_RS35625",150.732690027571,99.7596129725948,57.0313112264354,73.0773059142022,140.12704243511,48.4987987869854
"gene-AM1_RS35630",25.3138868748592,28.5027465635985,17.8826992828653,35.0034154378951,27.6995316441496,40.7389909810678
"gene-AM1_RS39415",54.0796674144719,29.393457393711,180.76025761599,225.986962827113,141.756426649472,110.577261234327
"gene-AM1_RS35635",192.155414004613,151.420841119117,393.419384223037,267.745423349514,252.55455322607,333.67173565446
"gene-AM1_RS35655",119.665647044789,98.8689021424823,119.379100618047,83.5169210448025,63.545984360108,85.3578858650944
"gene-AM1_RS42760",19.5607307669366,16.9235057721366,31.4155527942229,37.4597954686246,27.6995316441496,17.4595675633148
"gene-AM1_RS35665",19.5607307669366,8.01639747101208,47.8483034865856,60.7954057605547,27.6995316441496,87.2978378165738
"gene-AM1_RS40540",6.90378732950705,14.2513732817993,14.9828021018601,20.2651352535182,8.14692107180872,27.1593273207119
"gene-AM1_RS35695",478.662588179156,298.388128087672,136.778483704078,116.67805145965,298.177311228199,195.935147099421
"gene-AM1_RS35700",151.883321249155,136.278757007205,67.6642675567878,68.7786408604256,71.6929054319167,46.558846835506
"gene-AM1_RS35710",25.3138868748592,30.2841682238234,38.6652957467359,41.1443655147189,39.1052211446818,23.279423417753
"gene-AM1_RS35715",36.8201990907043,7.12568664089963,18.3660154796995,22.7215152842477,13.0350737148939,9.69975975739709
"gene-AM1_RS35720",18.4100995453521,17.8142166022491,14.9828021018601,15.9664701997416,9.77630528617046,7.75980780591767
"gene-AM1_RS35730",39.1214615338733,31.1748790539359,46.8816710929172,60.7954057605547,55.3990632882993,31.0392312236707
"gene-AM1_RS35740",25.3138868748592,22.2677707528113,28.5156556132177,19.0369452381535,4.88815264308523,7.75980780591767
"gene-AM1_RS35745",19.5607307669366,26.7213249033736,22.2325450543731,23.3356102919301,17.9232263579792,9.69975975739709
"gene-AM1_RS35750",110.460597272113,142.513732817993,94.2466583826687,100.097486252226,118.945047648407,116.397117088765
"gene-AM1_RS35755",6.90378732950705,10.6885299613494,9.66632393668397,17.8087552227888,6.51753685744697,7.75980780591767
"gene-AM1_RS35760",78.2429230677466,146.967286968555,53.1647816517618,84.7451110601672,68.4341370031932,62.0784624473414
"gene-AM1_RS35765",10.3556809942606,15.1420841119117,20.7825964638705,17.8087552227888,6.51753685744697,7.75980780591767
"gene-AM1_RS35780",9.20504977267607,8.90710830112453,41.5651929277411,47.8994105992249,42.3639895734053,34.9191351266295
"gene-AM1_RS35785",18.4100995453521,9.79781913123699,27.0657070227151,22.1074202765654,6.51753685744697,17.4595675633148
"gene-AM1_RS35790",100.104916277852,70.3661555788838,84.5803344459847,63.8658807989666,84.7279791468107,81.4779819621356
"gene-AM1_RS35795",17.2594683237676,16.0327949420242,17.3993830860311,22.1074202765654,13.0350737148939,11.6397117088765
"gene-AM1_RS35800",34.5189366475353,39.191276524948,39.1486119435701,48.5135056069073,48.8815264308523,23.279423417753
"gene-AM1_RS35810",19.5607307669366,16.0327949420242,28.0323394163835,25.1778953149772,13.0350737148939,9.69975975739709
"gene-AM1_RS35815",23.0126244316902,6.23497581078717,32.3821851878913,35.0034154378951,14.6644579292557,15.5196156118353
"gene-AM1_RS35820",170.293420794507,83.7268180305706,115.029254846539,111.151196390509,55.3990632882993,52.3787026899443
"gene-AM1_RS35825",182.950364231937,159.437238590129,123.728946389555,178.087552227888,304.694848085646,172.655723681668
"gene-AM1_RS35830",20.7113619885212,37.409854864723,14.4994859050259,14.7382801843769,17.9232263579792,31.0392312236707
"gene-AM1_RS35835",17.2594683237676,27.6120357334861,30.4489204005545,33.161130414848,13.0350737148939,21.3394714662736
"gene-AM1_RS35840",12.6569434374296,27.6120357334861,13.5328535113576,49.7416956222721,8.14692107180872,48.4987987869854
"gene-AM1_RS35845",34.5189366475353,36.5191440346106,31.4155527942229,60.7954057605547,13.0350737148939,77.5980780591767
"gene-AM1_RS35850",18.4100995453521,22.2677707528113,41.5651929277411,57.1108357144605,26.0701474297879,64.0184143988208
"gene-AM1_RS35855",2.30126244316902,8.90710830112453,12.082904920855,9.82552012291794,3.25876842872349,5.81985585443825
"gene-AM1_RS35860",17.2594683237676,25.8306140732611,31.4155527942229,33.7752254225304,21.1819947867027,27.1593273207119
"gene-AM1_RS35870",10.3556809942606,9.79781913123699,14.9828021018601,17.1946602151064,11.4056895005322,3.87990390295884
"gene-AM1_RS35875",23.0126244316902,16.0327949420242,32.3821851878913,46.6712205838602,17.9232263579792,19.3995195147942
"gene-AM1_RS41820",1.15063122158451,16.9235057721366,12.5662211176892,26.406085330342,0,17.4595675633148
"gene-AM1_RS35880",51.7784049713029,75.7104205595585,62.8311055884458,113.607576421239,39.1052211446818,44.6188948840266
"gene-AM1_RS35885",9.20504977267607,14.2513732817993,32.8655013847255,39.3020804916717,13.0350737148939,5.81985585443825
"gene-AM1_RS35890",43.7239864202113,32.9563007141608,53.1647816517618,63.8658807989666,42.3639895734053,31.0392312236707
"gene-AM1_RS35895",10.3556809942606,9.79781913123699,16.4327506923627,20.2651352535182,11.4056895005322,13.5796636603559
"gene-AM1_RS35900",18.4100995453521,24.9399032431487,37.6986633530675,44.2148405531307,24.4407632154262,19.3995195147942
"gene-AM1_RS35905",88.5986040620072,114.901697084506,140.161697081918,166.419747081923,146.644579292557,172.655723681668
"gene-AM1_RS35915",34.5189366475353,157.655816929904,15.4661182986943,38.073890476307,16.2938421436174,106.697357331368
"gene-AM1_RS35920",6.90378732950705,41.8634090152853,22.2325450543731,93.9565361754028,3.25876842872349,112.517213185806
"gene-AM1_RS35945",12.6569434374296,21.3770599226989,39.1486119435701,65.7081658220137,16.2938421436174,7.75980780591767
"gene-AM1_RS35960",9.20504977267607,10.6885299613494,13.5328535113576,17.1946602151064,4.88815264308523,5.81985585443825
"gene-AM1_RS35970",11.5063122158451,8.90710830112453,39.1486119435701,60.1813107528724,11.4056895005322,5.81985585443825
"gene-AM1_RS43770",173.745314459261,177.251455192378,72.4974295251297,63.2517857912842,66.8047527888315,65.9583663503002
"gene-AM1_RS35990",14.9582058805986,11.5792407914619,37.6986633530675,39.9161754993541,9.77630528617046,11.6397117088765
"gene-AM1_RS36000",4.60252488633803,8.90710830112453,10.6329563303524,11.0537101382827,0,7.75980780591767
"gene-AM1_RS36005",4.60252488633803,15.1420841119117,43.4984577150778,56.4967407067781,24.4407632154262,11.6397117088765
"gene-AM1_RS36030",2.30126244316902,12.4699516215743,7.24974295251297,7.36914009218845,3.25876842872349,1.93995195147942
"gene-AM1_RS44150",16.1088371021831,14.2513732817993,28.0323394163835,33.161130414848,13.0350737148939,0
"gene-AM1_RS36040",17.2594683237676,27.6120357334861,28.5156556132177,38.6879854839894,22.8113790010644,15.5196156118353
"gene-AM1_RS36045",28.7657805396127,48.9890956561849,84.5803344459847,140.013661751581,32.5876842872349,40.7389909810678
"gene-AM1_RS36060",26.4645180964437,61.4590472777593,38.1819795499017,65.7081658220137,27.6995316441496,89.2377897680532
"gene-AM1_RS36065",9.20504977267607,27.6120357334861,12.082904920855,30.0906553764362,11.4056895005322,29.0992792721913
"gene-AM1_RS36070",37.9708303122888,86.398950520908,65.731002769451,186.070787327758,35.8464527159584,98.9375495254503
"gene-AM1_RS36075",11.5063122158451,32.9563007141608,22.7158612512073,28.8624653610714,11.4056895005322,44.6188948840266
"gene-AM1_RS36085",2.30126244316902,16.9235057721366,5.79979436201038,11.667805145965,1.62938421436174,7.75980780591767
"gene-AM1_RS36090",8.05441855109156,33.8470115442732,16.9160668891969,28.8624653610714,11.4056895005322,27.1593273207119
"gene-AM1_RS36095",13.8075746590141,20.4863490925864,20.2992802670363,22.1074202765654,9.77630528617046,23.279423417753
"gene-AM1_RS36100",32.2176742043662,29.393457393711,16.4327506923627,11.667805145965,9.77630528617046,13.5796636603559
"gene-AM1_RS36105",107.008703607359,179.032876852603,125.178894980057,112.379386405874,71.6929054319167,131.9167327006
"gene-AM1_RS36110",102.406178721021,138.950889497543,82.1637534618137,97.641106221497,79.8398265037254,108.637309282847
"gene-AM1_RS36115",66.7366108519015,59.6776256175344,67.6642675567878,93.3424411677204,92.8749002186194,114.457165137286
"gene-AM1_RS36120",25.3138868748592,24.9399032431487,22.7158612512073,30.7047503841186,27.6995316441496,27.1593273207119
"gene-AM1_RS36125",16.1088371021831,12.4699516215743,14.9828021018601,12.8959951613298,17.9232263579792,23.279423417753
"gene-AM1_RS39445",16.1088371021831,16.0327949420242,13.5328535113576,19.6510402458359,11.4056895005322,9.69975975739709
"gene-AM1_RS36135",14.9582058805986,39.191276524948,33.3488175815597,72.4632109065198,14.6644579292557,161.016011972792
"gene-AM1_RS36145",104.70744116419,89.9617938413578,73.4640619187981,101.939771275274,120.574431862769,65.9583663503002
"gene-AM1_RS36150",8.05441855109156,16.0327949420242,7.24974295251297,8.59733010755319,6.51753685744697,5.81985585443825
"gene-AM1_RS36155",12.6569434374296,16.9235057721366,14.4994859050259,16.580565207424,4.88815264308523,23.279423417753
"gene-AM1_RS41840",65.585979630317,50.7705173164098,57.0313112264354,93.9565361754028,45.6227580021288,81.4779819621356
"gene-AM1_RS36165",39.1214615338733,25.8306140732611,34.7987661720623,35.6175104455775,26.0701474297879,32.9791831751501
"gene-AM1_RS36170",13.8075746590141,3.56284332044981,13.0495373145234,16.580565207424,4.88815264308523,7.75980780591767
"gene-AM1_RS36175",11.5063122158451,11.5792407914619,23.1991774480415,13.5100901690122,21.1819947867027,15.5196156118353
"gene-AM1_RS41845",19.5607307669366,12.4699516215743,15.9494344955285,28.2483703533891,21.1819947867027,15.5196156118353
"gene-AM1_RS36185",18.4100995453521,23.1584815829238,21.2659126607047,27.0201803380243,14.6644579292557,5.81985585443825
"gene-AM1_RS36195",16.1088371021831,17.8142166022491,34.3154499752281,65.0940708143313,24.4407632154262,62.0784624473414
"gene-AM1_RS42765",26.4645180964437,17.8142166022491,38.6652957467359,38.6879854839894,21.1819947867027,29.0992792721913
"gene-AM1_RS36205",123.117540709542,101.54103463282,103.429666122518,90.2719661293085,53.7696790739375,96.9975975739709
"gene-AM1_RS36220",37.9708303122888,48.9890956561849,29.9656042037203,44.2148405531307,34.2170685015966,38.7990390295884
"gene-AM1_RS36225",322.176742043662,427.541198453978,908.151133851459,1483.03944355293,648.494917315974,1218.28982552907
"gene-AM1_RS36230",51.7784049713029,86.398950520908,80.7138048713111,136.329091705486,42.3639895734053,116.397117088765
"gene-AM1_RS36235",1.15063122158451,0.890710830112453,2.89989718100519,7.98323509987082,48.8815264308523,21.3394714662736
"gene-AM1_RS40585",3.45189366475353,2.67213249033736,7.73305914934717,7.36914009218845,55.3990632882993,36.8590870781089
"gene-AM1_RS43785",1.15063122158451,4.45355415056227,4.83316196834198,4.2986650537766,30.9583000728731,32.9791831751501
"gene-AM1_RS36295",10.3556809942606,29.393457393711,14.4994859050259,30.7047503841186,9.77630528617046,38.7990390295884
"gene-AM1_RS44155",5.75315610792254,26.7213249033736,6.28311055884458,33.7752254225304,0,36.8590870781089
"gene-AM1_RS36300",14.9582058805986,13.3606624516868,14.4994859050259,15.9664701997416,3.25876842872349,1.93995195147942
"gene-AM1_RS36305",71.3391357382395,74.8197097294461,60.4145246042748,49.7416956222721,65.1753685744697,102.817453428409
"gene-AM1_RS36310",47.1758800849648,43.6448306755102,39.1486119435701,52.8121706606839,84.7279791468107,54.3186546414237
"gene-AM1_RS43790",97.8036538346832,81.9453963703457,211.209178016545,206.335922581277,145.015195078195,207.574858808298
"gene-AM1_RS36320",56.3809298576409,59.6776256175344,96.6632393668396,99.4833912445441,65.1753685744697,95.0576456224915
"gene-AM1_RS40605",13.8075746590141,23.1584815829238,34.3154499752281,27.6342753457067,42.3639895734053,5.81985585443825
"gene-AM1_RS41860",14.9582058805986,19.595638262474,13.5328535113576,8.59733010755319,4.88815264308523,5.81985585443825
"gene-AM1_RS36335",24.1632556532747,16.0327949420242,33.8321337783939,28.8624653610714,14.6644579292557,3.87990390295884
"gene-AM1_RS36345",48.3265113065494,40.9726981851729,32.3821851878913,14.1241851766945,17.9232263579792,13.5796636603559
"gene-AM1_RS36350",19.5607307669366,12.4699516215743,17.8826992828653,25.7919903226596,4.88815264308523,3.87990390295884
"gene-AM1_RS36355",6.90378732950705,8.90710830112453,26.0990746290467,23.3356102919301,11.4056895005322,7.75980780591767
"gene-AM1_RS36360",28.7657805396127,40.0819873550604,56.064678832767,64.479975806649,34.2170685015966,34.9191351266295
"gene-AM1_RS36365",212.866775993134,154.983684439567,107.296195697192,113.607576421239,104.280589719152,168.775819778709
"gene-AM1_RS36370",80.5441855109156,268.103959863848,63.31442178528,277.570943472432,61.9166001457463,376.350678587007
"gene-AM1_RS36375",27.6151493180282,37.409854864723,37.6986633530675,33.7752254225304,30.9583000728731,50.4387507384649
"gene-AM1_RS36380",82.8454479540846,80.1639747101208,94.2466583826687,123.433096544157,74.9516738606402,193.995195147942
"gene-AM1_RS36385",39.1214615338733,47.20767399596,57.9979436201038,70.0068308757903,43.9933737877671,71.7782222047385
"gene-AM1_RS36390",9.20504977267607,41.8634090152853,37.2153471562333,56.4967407067781,17.9232263579792,29.0992792721913
"gene-AM1_RS36395",143.828902698064,171.016479381591,271.140386423985,563.125122044734,247.666400582985,347.251399314816
"gene-AM1_RS36400",80.5441855109156,90.8525046714702,122.278997799052,187.298977343123,79.8398265037254,159.076060021312
"gene-AM1_RS36405",18.4100995453521,26.7213249033736,31.8988689910571,39.3020804916717,11.4056895005322,13.5796636603559
"gene-AM1_RS36425",6.90378732950705,7.12568664089963,47.8483034865856,73.0773059142022,17.9232263579792,7.75980780591767
"gene-AM1_RS36435",9.20504977267607,9.79781913123699,24.1658098417099,29.4765603687538,6.51753685744697,13.5796636603559
"gene-AM1_RS36445",69.0378732950705,65.9126014283216,113.579306256037,74.9195909372493,161.309037221813,126.096876846162
"gene-AM1_RS36450",26.4645180964437,33.8470115442732,52.6814654549276,48.5135056069073,50.510910645214,48.4987987869854
"gene-AM1_RS36455",31.0670429827817,19.595638262474,44.4650901087462,46.6712205838602,42.3639895734053,50.4387507384649
"gene-AM1_RS36460",19.5607307669366,21.3770599226989,16.4327506923627,26.406085330342,16.2938421436174,5.81985585443825
"gene-AM1_RS36465",21.8619932101057,12.4699516215743,28.0323394163835,20.8792302612006,11.4056895005322,13.5796636603559
"gene-AM1_RS36475",16.1088371021831,8.90710830112453,11.1162725271866,13.5100901690122,11.4056895005322,5.81985585443825
"gene-AM1_RS36480",25.3138868748592,16.0327949420242,30.4489204005545,21.493325268883,22.8113790010644,3.87990390295884
"gene-AM1_RS36485",37.9708303122888,43.6448306755102,69.1142161472903,82.2887310294377,30.9583000728731,25.2193753692324
"gene-AM1_RS36495",9.20504977267607,5.34426498067472,14.4994859050259,14.1241851766945,17.9232263579792,13.5796636603559
"gene-AM1_RS36505",8.05441855109156,8.01639747101208,12.5662211176892,19.6510402458359,8.14692107180872,21.3394714662736
"gene-AM1_RS36510",50.6277737497184,15.1420841119117,57.9979436201038,88.4296811062614,45.6227580021288,38.7990390295884
"gene-AM1_RS36515",14.9582058805986,12.4699516215743,26.5823908258809,51.5839806453192,21.1819947867027,25.2193753692324
"gene-AM1_RS36525",31.0670429827817,33.8470115442732,47.3649872897514,35.6175104455775,32.5876842872349,40.7389909810678
"gene-AM1_RS36530",20.7113619885212,11.5792407914619,28.9989718100519,35.6175104455775,29.3289158585114,32.9791831751501
"gene-AM1_RS36535",11.5063122158451,8.90710830112453,19.3326478733679,16.580565207424,8.14692107180872,15.5196156118353
"gene-AM1_RS36540",9.20504977267607,57.005493127197,36.2487147625649,68.1645458527432,14.6644579292557,32.9791831751501
"gene-AM1_RS36545",26.4645180964437,113.120275424282,27.5490232195493,108.69481635978,14.6644579292557,122.216972943203
"gene-AM1_RS40630",18.4100995453521,61.4590472777593,24.6491260385441,84.1310160524848,14.6644579292557,89.2377897680532
"gene-AM1_RS41875",25.3138868748592,100.650323802707,48.3316196834198,170.104317128017,35.8464527159584,104.757405379889
"gene-AM1_RS36550",63.284717187148,40.0819873550604,186.560051978001,84.7451110601672,96.1336686473429,36.8590870781089
"gene-AM1_RS36555",177.197208124014,236.0383699798,385.203008876856,153.523751920593,193.896721509047,192.055243196462
"gene-AM1_RS36560",26.4645180964437,85.5082396907955,52.1981492580934,48.5135056069073,26.0701474297879,40.7389909810678
"gene-AM1_RS36565",80.5441855109156,99.7596129725948,138.228432294581,179.929837250935,83.0985949324489,114.457165137286
"gene-AM1_RS43805",54.0796674144719,37.409854864723,95.2132907763371,100.097486252226,74.9516738606402,65.9583663503002
"gene-AM1_RS36610",32.2176742043662,40.9726981851729,82.1637534618137,67.5504508450608,52.1402948595758,38.7990390295884
"gene-AM1_RS36615",17.2594683237676,16.0327949420242,29.9656042037203,26.406085330342,19.5526105723409,9.69975975739709
"gene-AM1_RS36620",9.20504977267607,11.5792407914619,15.9494344955285,12.2819001536474,13.0350737148939,5.81985585443825
"gene-AM1_RS36625",23.0126244316902,16.9235057721366,17.8826992828653,33.7752254225304,9.77630528617046,27.1593273207119
"gene-AM1_RS36630",12.6569434374296,30.2841682238234,38.6652957467359,92.1142511523556,13.0350737148939,110.577261234327
"gene-AM1_RS36635",6.90378732950705,20.4863490925864,28.0323394163835,52.8121706606839,16.2938421436174,42.6789429325472
"gene-AM1_RS36645",12.6569434374296,5.34426498067472,17.8826992828653,16.580565207424,14.6644579292557,23.279423417753
"gene-AM1_RS36660",13.8075746590141,15.1420841119117,41.0818767309069,36.2316054532599,24.4407632154262,25.2193753692324
"gene-AM1_RS36665",46.0252488633803,41.8634090152853,43.981773911912,100.097486252226,66.8047527888315,190.115291244983
"gene-AM1_RS40640",93.2011289483452,109.557432103832,64.7643703757826,53.4262656683663,55.3990632882993,34.9191351266295
"gene-AM1_RS36680",126.569434374296,122.918094555519,177.860360434985,218.617822734924,247.666400582985,155.196156118353
"gene-AM1_RS36685",157.636477357078,167.453636061141,197.193008308353,208.792302612006,260.701474297879,320.092071994104
"gene-AM1_RS39465",49.4771425281339,58.7869147874219,42.0485091245752,30.7047503841186,21.1819947867027,38.7990390295884
"gene-AM1_RS36690",35.6695678691198,40.0819873550604,23.6824936448757,17.1946602151064,8.14692107180872,25.2193753692324
"gene-AM1_RS36695",32.2176742043662,41.8634090152853,12.5662211176892,15.3523751920593,19.5526105723409,7.75980780591767
"gene-AM1_RS36700",234.72876920324,91.7432155015827,240.208149826597,327.312639094704,73.3222896462784,87.2978378165738
"gene-AM1_RS36710",18.4100995453521,23.1584815829238,12.082904920855,11.667805145965,8.14692107180872,7.75980780591767
"gene-AM1_RS36715",26.4645180964437,33.8470115442732,40.1152443372385,47.2853155915426,21.1819947867027,27.1593273207119
"gene-AM1_RS36720",86.2973416188381,70.3661555788838,120.345733011715,169.490222120334,97.7630528617046,110.577261234327
"gene-AM1_RS44340",39.1214615338733,36.5191440346106,63.7977379821142,63.2517857912842,29.3289158585114,31.0392312236707
"gene-AM1_RS36785",11.5063122158451,7.12568664089963,10.1496401335182,12.2819001536474,8.14692107180872,5.81985585443825
"gene-AM1_RS39470",32.2176742043662,37.409854864723,36.2487147625649,32.5470354071657,24.4407632154262,34.9191351266295
"gene-AM1_RS36790",20.7113619885212,67.6940230885465,51.231516864425,50.9698856376368,22.8113790010644,19.3995195147942
"gene-AM1_RS36795",20.7113619885212,17.8142166022491,17.8826992828653,22.7215152842477,11.4056895005322,3.87990390295884
"gene-AM1_RS36800",17.2594683237676,10.6885299613494,32.8655013847255,44.2148405531307,26.0701474297879,15.5196156118353
"gene-AM1_RS36805",14.9582058805986,13.3606624516868,23.1991774480415,22.1074202765654,29.3289158585114,15.5196156118353
"gene-AM1_RS36810",19.5607307669366,15.1420841119117,28.9989718100519,26.406085330342,17.9232263579792,7.75980780591767
"gene-AM1_RS38155",70.188504516655,52.5519389766348,58.9645760137722,54.654455683731,55.3990632882993,29.0992792721913
"gene-AM1_RS36825",56.3809298576409,68.5847339186589,103.912982319353,114.835766436603,71.6929054319167,65.9583663503002
"gene-AM1_RS36840",112.761859715282,122.027383725406,137.261799900912,200.809067512135,141.756426649472,145.496396360956
"gene-AM1_RS36845",14.9582058805986,14.2513732817993,11.5995887240208,22.7215152842477,11.4056895005322,17.4595675633148
"gene-AM1_RS40655",92.0504977267607,205.754201755977,82.6470696586479,171.332507143382,73.3222896462784,213.394714662736
"gene-AM1_RS36855",153.03395247074,361.628597025656,106.329563303524,254.235333180502,127.091968720216,232.79423417753
"gene-AM1_RS38160",120.816278266373,401.710584380716,173.993830860311,359.245579494187,158.050268793089,422.909525422513
"gene-AM1_RS36885",17.2594683237676,26.7213249033736,65.2476865726168,88.4296811062614,27.6995316441496,21.3394714662736
"gene-AM1_RS38165",35.6695678691198,30.2841682238234,44.4650901087462,41.1443655147189,50.510910645214,31.0392312236707
"gene-AM1_RS36940",23.0126244316902,11.5792407914619,29.9656042037203,32.5470354071657,11.4056895005322,40.7389909810678
"gene-AM1_RS36945",33.3683054259507,32.0655898840483,29.9656042037203,32.5470354071657,14.6644579292557,15.5196156118353
"gene-AM1_RS36950",299.164117611972,285.918176466098,513.281801037919,526.893516591474,410.604822019159,440.369092985828
"gene-AM1_RS36955",51.7784049713029,33.8470115442732,95.2132907763371,125.889476574886,57.028447502661,106.697357331368
"gene-AM1_RS36960",31.0670429827817,8.90710830112453,18.3660154796995,22.7215152842477,22.8113790010644,23.279423417753
"gene-AM1_RS36965",16.1088371021831,16.9235057721366,21.2659126607047,22.7215152842477,17.9232263579792,15.5196156118353
"gene-AM1_RS36985",12.6569434374296,5.34426498067472,17.8826992828653,28.2483703533891,26.0701474297879,25.2193753692324
"gene-AM1_RS36995",9.20504977267607,11.5792407914619,18.3660154796995,16.580565207424,13.0350737148939,9.69975975739709
"gene-AM1_RS41900",24.1632556532747,27.6120357334861,23.6824936448757,12.2819001536474,8.14692107180872,3.87990390295884
"gene-AM1_RS37005",14.9582058805986,7.12568664089963,15.4661182986943,11.667805145965,6.51753685744697,19.3995195147942
"gene-AM1_RS37010",21.8619932101057,22.2677707528113,41.0818767309069,43.6007455454483,47.2521422164906,46.558846835506
"gene-AM1_RS37015",36.8201990907043,22.2677707528113,52.6814654549276,28.2483703533891,47.2521422164906,27.1593273207119
"gene-AM1_RS43840",42.5733551986268,30.2841682238234,67.6642675567878,117.906241475015,68.4341370031932,48.4987987869854
"gene-AM1_RS37055",12.6569434374296,13.3606624516868,6.28311055884458,12.2819001536474,16.2938421436174,13.5796636603559
"gene-AM1_RS37075",33.3683054259507,16.9235057721366,19.3326478733679,17.8087552227888,4.88815264308523,7.75980780591767
"gene-AM1_RS37080",28.7657805396127,16.0327949420242,36.7320309593991,34.3893204302128,30.9583000728731,34.9191351266295
"gene-AM1_RS37085",40.2720927554578,54.3333606368597,14.4994859050259,17.8087552227888,19.5526105723409,5.81985585443825
"gene-AM1_RS37090",13.8075746590141,11.5792407914619,23.1991774480415,23.3356102919301,9.77630528617046,19.3995195147942
"gene-AM1_RS37095",31.0670429827817,32.9563007141608,43.0151415182436,39.3020804916717,13.0350737148939,17.4595675633148
"gene-AM1_RS37100",27.6151493180282,24.9399032431487,39.6319281404043,45.4430305684955,40.7346053590436,29.0992792721913
"gene-AM1_RS37105",20.7113619885212,11.5792407914619,29.9656042037203,26.406085330342,16.2938421436174,7.75980780591767
"gene-AM1_RS37110",5.75315610792254,8.90710830112453,6.76642675567878,11.667805145965,4.88815264308523,0
"gene-AM1_RS37115",11.5063122158451,14.2513732817993,28.0323394163835,38.6879854839894,8.14692107180872,17.4595675633148
"gene-AM1_RS37120",46.0252488633803,48.9890956561849,62.3477893916116,60.7954057605547,40.7346053590436,38.7990390295884
"gene-AM1_RS37125",95.5023913915142,131.825202856643,80.2304886744769,97.641106221497,73.3222896462784,93.1176936710121
"gene-AM1_RS40680",220.921194544226,241.382634960475,337.838021587105,281.869608526208,254.183937440432,232.79423417753
"gene-AM1_RS37135",14.9582058805986,17.8142166022491,22.7158612512073,15.3523751920593,27.6995316441496,38.7990390295884
"gene-AM1_RS37140",36.8201990907043,24.0491924130362,18.8493316765337,14.1241851766945,19.5526105723409,3.87990390295884
"gene-AM1_RS37145",1177.09573968095,525.519389766347,201.542854079861,193.439927419947,307.95361651437,164.895915875751
"gene-AM1_RS38180",88.5986040620072,50.7705173164098,54.1314140454302,39.9161754993541,71.6929054319167,44.6188948840266
"gene-AM1_RS37155",44.8746176417958,40.9726981851729,39.1486119435701,30.0906553764362,53.7696790739375,25.2193753692324
"gene-AM1_RS38185",49.4771425281339,46.3169631658476,46.398354896083,71.235020891155,29.3289158585114,46.558846835506
"gene-AM1_RS37170",8.05441855109156,13.3606624516868,20.2992802670363,25.7919903226596,3.25876842872349,15.5196156118353
"gene-AM1_RS37185",28.7657805396127,26.7213249033736,27.5490232195493,20.2651352535182,27.6995316441496,23.279423417753
"gene-AM1_RS37190",27.6151493180282,17.8142166022491,16.9160668891969,17.1946602151064,4.88815264308523,15.5196156118353
"gene-AM1_RS38190",125.418803152711,94.4153479919201,110.679409075031,103.782056298321,135.238889792025,73.7181741562179
"gene-AM1_RS37205",312.971692270986,171.907190211703,329.138330044089,348.805964363587,462.745116878735,333.67173565446
"gene-AM1_RS37210",16.1088371021831,24.0491924130362,13.0495373145234,20.2651352535182,17.9232263579792,44.6188948840266
"gene-AM1_RS38195",228.975613095317,194.174960964515,168.194036498301,144.312326805357,197.155489937771,157.136108069833
"gene-AM1_RS38200",303.76664249831,260.978273222949,224.258715331068,170.718412135699,286.771621727667,221.154522468654
"gene-AM1_RS37235",46.0252488633803,49.8798064862974,33.3488175815597,22.1074202765654,24.4407632154262,21.3394714662736
"gene-AM1_RS37240",48.3265113065494,27.6120357334861,35.7653985657307,49.7416956222721,37.4758369303201,32.9791831751501
"gene-AM1_RS37245",34.5189366475353,80.1639747101208,64.7643703757826,138.785471736216,53.7696790739375,116.397117088765
"gene-AM1_RS37250",41.4227239770423,35.6284332044981,43.981773911912,54.654455683731,27.6995316441496,48.4987987869854
"gene-AM1_RS37260",6.90378732950705,9.79781913123699,16.9160668891969,35.0034154378951,4.88815264308523,5.81985585443825
"gene-AM1_RS37270",19.5607307669366,19.595638262474,60.897840801109,85.3592060678496,17.9232263579792,19.3995195147942
"gene-AM1_RS37280",6.90378732950705,12.4699516215743,34.3154499752281,40.5302705070365,16.2938421436174,9.69975975739709
"gene-AM1_RS42780",12.6569434374296,8.90710830112453,25.6157584322125,20.8792302612006,9.77630528617046,5.81985585443825
"gene-AM1_RS37295",14.9582058805986,13.3606624516868,30.9322365973887,42.3725555300836,22.8113790010644,13.5796636603559
"gene-AM1_RS37300",14.9582058805986,32.9563007141608,20.7825964638705,28.2483703533891,13.0350737148939,32.9791831751501
"gene-AM1_RS37305",20.7113619885212,65.9126014283216,27.5490232195493,50.9698856376368,32.5876842872349,106.697357331368
"gene-AM1_RS37310",3.45189366475353,22.2677707528113,14.0161697081918,35.0034154378951,9.77630528617046,108.637309282847
"gene-AM1_RS37315",23.0126244316902,14.2513732817993,60.897840801109,71.235020891155,16.2938421436174,31.0392312236707
"gene-AM1_RS41930",40.2720927554578,33.8470115442732,45.9150386992488,46.0571255761778,40.7346053590436,34.9191351266295
"gene-AM1_RS37330",10.3556809942606,9.79781913123699,12.5662211176892,22.1074202765654,3.25876842872349,3.87990390295884
"gene-AM1_RS37335",20.7113619885212,80.1639747101208,44.9484063055804,118.520336482698,37.4758369303201,170.715771730189
"gene-AM1_RS37340",12.6569434374296,14.2513732817993,14.9828021018601,15.9664701997416,1.62938421436174,1.93995195147942
"gene-AM1_RS37355",19.5607307669366,12.4699516215743,51.7148330612592,69.3927358681079,26.0701474297879,32.9791831751501
"gene-AM1_RS37360",24.1632556532747,23.1584815829238,15.4661182986943,25.7919903226596,9.77630528617046,19.3995195147942
"gene-AM1_RS39515",28.7657805396127,16.0327949420242,111.6460414687,29.4765603687538,55.3990632882993,27.1593273207119
"gene-AM1_RS37365",9.20504977267607,1.78142166022491,47.8483034865856,9.21142511523557,24.4407632154262,3.87990390295884
"gene-AM1_RS37370",75.9416606245776,30.2841682238234,67.6642675567878,62.0235957759195,86.3573633611724,38.7990390295884
"gene-AM1_RS37380",19.5607307669366,8.01639747101208,19.8159640702021,19.6510402458359,14.6644579292557,7.75980780591767
"gene-AM1_RS39520",23.0126244316902,43.6448306755102,28.9989718100519,75.5336859449316,26.0701474297879,58.1985585443825
